ISO-10303-21;
HEADER;
/* Generated by software containing ST-Developer
 * from STEP Tools, Inc. (www.steptools.com) 
 */
/* OPTION: using custom renumber hook */

FILE_DESCRIPTION(
/* description */ ('STEP AP214'),
/* implementation_level */ '2;1');

FILE_NAME(
/* name */ 'ZF5S-10-03-T-WT',
/* time_stamp */ '2025-03-26T05:06:32+01:00',
/* author */ ('License CC BY-ND 4.0'),
/* organization */ ('CADENAS'),
/* preprocessor_version */ 'ST-DEVELOPER v19.3',
/* originating_system */ 'PARTsolutions',
/* authorisation */ '  ');

FILE_SCHEMA (('AUTOMOTIVE_DESIGN {1 0 10303 214 3 1 1}'));
ENDSEC;

DATA;
#10=PROPERTY_DEFINITION_REPRESENTATION(#14,#12);
#11=PROPERTY_DEFINITION_REPRESENTATION(#15,#13);
#12=REPRESENTATION('',(#16),#13262);
#13=REPRESENTATION('',(#17),#13262);
#14=PROPERTY_DEFINITION('pmi validation property','',#13271);
#15=PROPERTY_DEFINITION('pmi validation property','',#13271);
#16=VALUE_REPRESENTATION_ITEM('number of annotations',COUNT_MEASURE(0.));
#17=VALUE_REPRESENTATION_ITEM('number of views',COUNT_MEASURE(0.));
#18=CONTEXT_DEPENDENT_SHAPE_REPRESENTATION(#22,#13273);
#19=CONTEXT_DEPENDENT_SHAPE_REPRESENTATION(#23,#13275);
#20=NEXT_ASSEMBLY_USAGE_OCCURRENCE('NAUO1','ZF5S-10-03-WT_socket',
'ZF5S-10-03-WT_socket',#13276,#13277,'');
#21=NEXT_ASSEMBLY_USAGE_OCCURRENCE('NAUO2','C-297-10-03_pins',
'C-297-10-03_pins',#13276,#13278,'');
#22=(
REPRESENTATION_RELATIONSHIP(' ',' ',#8865,#8864)
REPRESENTATION_RELATIONSHIP_WITH_TRANSFORMATION(#24)
SHAPE_REPRESENTATION_RELATIONSHIP()
);
#23=(
REPRESENTATION_RELATIONSHIP(' ',' ',#8866,#8864)
REPRESENTATION_RELATIONSHIP_WITH_TRANSFORMATION(#25)
SHAPE_REPRESENTATION_RELATIONSHIP()
);
#24=ITEM_DEFINED_TRANSFORMATION(' ',' ',#8867,#9067);
#25=ITEM_DEFINED_TRANSFORMATION(' ',' ',#8867,#9276);
#26=SHAPE_REPRESENTATION_RELATIONSHIP('','',#8865,#28);
#27=SHAPE_REPRESENTATION_RELATIONSHIP('','',#8866,#29);
#28=ADVANCED_BREP_SHAPE_REPRESENTATION('',(#8859),#13263);
#29=ADVANCED_BREP_SHAPE_REPRESENTATION('',(#8860),#13264);
#30=CYLINDRICAL_SURFACE('',#8933,0.499999999999999);
#31=CYLINDRICAL_SURFACE('',#8935,0.499999999999998);
#32=CYLINDRICAL_SURFACE('',#9096,0.100000000000003);
#33=CYLINDRICAL_SURFACE('',#9099,0.100000000000003);
#34=CYLINDRICAL_SURFACE('',#9102,0.100000000000003);
#35=CYLINDRICAL_SURFACE('',#9105,0.100000000000003);
#36=CYLINDRICAL_SURFACE('',#9108,0.100000000000003);
#37=CYLINDRICAL_SURFACE('',#9116,0.200000000000004);
#38=CYLINDRICAL_SURFACE('',#9119,0.200000000000004);
#39=CYLINDRICAL_SURFACE('',#9122,0.200000000000004);
#40=CYLINDRICAL_SURFACE('',#9125,0.200000000000004);
#41=CYLINDRICAL_SURFACE('',#9128,0.200000000000004);
#42=CYLINDRICAL_SURFACE('',#9137,0.200000000000002);
#43=CYLINDRICAL_SURFACE('',#9140,0.200000000000002);
#44=CYLINDRICAL_SURFACE('',#9143,0.200000000000002);
#45=CYLINDRICAL_SURFACE('',#9146,0.200000000000002);
#46=CYLINDRICAL_SURFACE('',#9149,0.200000000000002);
#47=CYLINDRICAL_SURFACE('',#9157,0.0999999999999998);
#48=CYLINDRICAL_SURFACE('',#9160,0.0999999999999998);
#49=CYLINDRICAL_SURFACE('',#9163,0.0999999999999998);
#50=CYLINDRICAL_SURFACE('',#9166,0.0999999999999998);
#51=CYLINDRICAL_SURFACE('',#9169,0.0999999999999998);
#52=CIRCLE('',#8927,0.499999999999998);
#53=CIRCLE('',#8929,0.499999999999999);
#54=CIRCLE('',#8934,0.499999999999999);
#55=CIRCLE('',#8936,0.499999999999998);
#56=CIRCLE('',#9097,0.100000000000003);
#57=CIRCLE('',#9098,0.100000000000003);
#58=CIRCLE('',#9100,0.100000000000003);
#59=CIRCLE('',#9101,0.100000000000003);
#60=CIRCLE('',#9103,0.100000000000003);
#61=CIRCLE('',#9104,0.100000000000003);
#62=CIRCLE('',#9106,0.100000000000003);
#63=CIRCLE('',#9107,0.100000000000003);
#64=CIRCLE('',#9109,0.100000000000003);
#65=CIRCLE('',#9110,0.100000000000003);
#66=CIRCLE('',#9117,0.200000000000004);
#67=CIRCLE('',#9118,0.200000000000004);
#68=CIRCLE('',#9120,0.200000000000004);
#69=CIRCLE('',#9121,0.200000000000004);
#70=CIRCLE('',#9123,0.200000000000004);
#71=CIRCLE('',#9124,0.200000000000004);
#72=CIRCLE('',#9126,0.200000000000004);
#73=CIRCLE('',#9127,0.200000000000004);
#74=CIRCLE('',#9129,0.200000000000004);
#75=CIRCLE('',#9130,0.200000000000004);
#76=CIRCLE('',#9138,0.200000000000002);
#77=CIRCLE('',#9139,0.200000000000002);
#78=CIRCLE('',#9141,0.200000000000002);
#79=CIRCLE('',#9142,0.200000000000002);
#80=CIRCLE('',#9144,0.200000000000002);
#81=CIRCLE('',#9145,0.200000000000002);
#82=CIRCLE('',#9147,0.200000000000002);
#83=CIRCLE('',#9148,0.200000000000002);
#84=CIRCLE('',#9150,0.200000000000002);
#85=CIRCLE('',#9151,0.200000000000002);
#86=CIRCLE('',#9158,0.0999999999999998);
#87=CIRCLE('',#9159,0.0999999999999998);
#88=CIRCLE('',#9161,0.0999999999999998);
#89=CIRCLE('',#9162,0.0999999999999998);
#90=CIRCLE('',#9164,0.0999999999999998);
#91=CIRCLE('',#9165,0.0999999999999998);
#92=CIRCLE('',#9167,0.0999999999999998);
#93=CIRCLE('',#9168,0.0999999999999998);
#94=CIRCLE('',#9170,0.0999999999999998);
#95=CIRCLE('',#9171,0.0999999999999998);
#96=ORIENTED_EDGE('',*,*,#2230,.T.);
#97=ORIENTED_EDGE('',*,*,#2231,.T.);
#98=ORIENTED_EDGE('',*,*,#2232,.F.);
#99=ORIENTED_EDGE('',*,*,#2233,.F.);
#100=ORIENTED_EDGE('',*,*,#2234,.F.);
#101=ORIENTED_EDGE('',*,*,#2235,.T.);
#102=ORIENTED_EDGE('',*,*,#2236,.T.);
#103=ORIENTED_EDGE('',*,*,#2237,.T.);
#104=ORIENTED_EDGE('',*,*,#2238,.F.);
#105=ORIENTED_EDGE('',*,*,#2239,.T.);
#106=ORIENTED_EDGE('',*,*,#2240,.T.);
#107=ORIENTED_EDGE('',*,*,#2241,.T.);
#108=ORIENTED_EDGE('',*,*,#2242,.F.);
#109=ORIENTED_EDGE('',*,*,#2243,.T.);
#110=ORIENTED_EDGE('',*,*,#2244,.T.);
#111=ORIENTED_EDGE('',*,*,#2245,.T.);
#112=ORIENTED_EDGE('',*,*,#2246,.F.);
#113=ORIENTED_EDGE('',*,*,#2247,.T.);
#114=ORIENTED_EDGE('',*,*,#2248,.T.);
#115=ORIENTED_EDGE('',*,*,#2249,.T.);
#116=ORIENTED_EDGE('',*,*,#2250,.F.);
#117=ORIENTED_EDGE('',*,*,#2251,.T.);
#118=ORIENTED_EDGE('',*,*,#2252,.T.);
#119=ORIENTED_EDGE('',*,*,#2253,.T.);
#120=ORIENTED_EDGE('',*,*,#2254,.F.);
#121=ORIENTED_EDGE('',*,*,#2255,.T.);
#122=ORIENTED_EDGE('',*,*,#2256,.T.);
#123=ORIENTED_EDGE('',*,*,#2257,.T.);
#124=ORIENTED_EDGE('',*,*,#2258,.F.);
#125=ORIENTED_EDGE('',*,*,#2259,.T.);
#126=ORIENTED_EDGE('',*,*,#2260,.T.);
#127=ORIENTED_EDGE('',*,*,#2261,.T.);
#128=ORIENTED_EDGE('',*,*,#2262,.F.);
#129=ORIENTED_EDGE('',*,*,#2263,.T.);
#130=ORIENTED_EDGE('',*,*,#2264,.T.);
#131=ORIENTED_EDGE('',*,*,#2265,.T.);
#132=ORIENTED_EDGE('',*,*,#2266,.F.);
#133=ORIENTED_EDGE('',*,*,#2267,.T.);
#134=ORIENTED_EDGE('',*,*,#2268,.T.);
#135=ORIENTED_EDGE('',*,*,#2269,.T.);
#136=ORIENTED_EDGE('',*,*,#2270,.F.);
#137=ORIENTED_EDGE('',*,*,#2271,.F.);
#138=ORIENTED_EDGE('',*,*,#2272,.F.);
#139=ORIENTED_EDGE('',*,*,#2273,.F.);
#140=ORIENTED_EDGE('',*,*,#2274,.F.);
#141=ORIENTED_EDGE('',*,*,#2275,.F.);
#142=ORIENTED_EDGE('',*,*,#2276,.F.);
#143=ORIENTED_EDGE('',*,*,#2277,.F.);
#144=ORIENTED_EDGE('',*,*,#2278,.F.);
#145=ORIENTED_EDGE('',*,*,#2279,.F.);
#146=ORIENTED_EDGE('',*,*,#2280,.F.);
#147=ORIENTED_EDGE('',*,*,#2281,.F.);
#148=ORIENTED_EDGE('',*,*,#2282,.F.);
#149=ORIENTED_EDGE('',*,*,#2283,.F.);
#150=ORIENTED_EDGE('',*,*,#2284,.F.);
#151=ORIENTED_EDGE('',*,*,#2285,.F.);
#152=ORIENTED_EDGE('',*,*,#2286,.F.);
#153=ORIENTED_EDGE('',*,*,#2287,.F.);
#154=ORIENTED_EDGE('',*,*,#2288,.F.);
#155=ORIENTED_EDGE('',*,*,#2289,.F.);
#156=ORIENTED_EDGE('',*,*,#2290,.F.);
#157=ORIENTED_EDGE('',*,*,#2291,.F.);
#158=ORIENTED_EDGE('',*,*,#2292,.F.);
#159=ORIENTED_EDGE('',*,*,#2293,.F.);
#160=ORIENTED_EDGE('',*,*,#2294,.F.);
#161=ORIENTED_EDGE('',*,*,#2295,.F.);
#162=ORIENTED_EDGE('',*,*,#2296,.F.);
#163=ORIENTED_EDGE('',*,*,#2297,.F.);
#164=ORIENTED_EDGE('',*,*,#2298,.F.);
#165=ORIENTED_EDGE('',*,*,#2299,.F.);
#166=ORIENTED_EDGE('',*,*,#2300,.F.);
#167=ORIENTED_EDGE('',*,*,#2301,.F.);
#168=ORIENTED_EDGE('',*,*,#2302,.F.);
#169=ORIENTED_EDGE('',*,*,#2303,.F.);
#170=ORIENTED_EDGE('',*,*,#2304,.F.);
#171=ORIENTED_EDGE('',*,*,#2305,.F.);
#172=ORIENTED_EDGE('',*,*,#2306,.F.);
#173=ORIENTED_EDGE('',*,*,#2307,.F.);
#174=ORIENTED_EDGE('',*,*,#2308,.F.);
#175=ORIENTED_EDGE('',*,*,#2309,.F.);
#176=ORIENTED_EDGE('',*,*,#2310,.F.);
#177=ORIENTED_EDGE('',*,*,#2311,.F.);
#178=ORIENTED_EDGE('',*,*,#2312,.F.);
#179=ORIENTED_EDGE('',*,*,#2313,.F.);
#180=ORIENTED_EDGE('',*,*,#2314,.F.);
#181=ORIENTED_EDGE('',*,*,#2315,.F.);
#182=ORIENTED_EDGE('',*,*,#2316,.F.);
#183=ORIENTED_EDGE('',*,*,#2317,.F.);
#184=ORIENTED_EDGE('',*,*,#2318,.F.);
#185=ORIENTED_EDGE('',*,*,#2319,.F.);
#186=ORIENTED_EDGE('',*,*,#2320,.F.);
#187=ORIENTED_EDGE('',*,*,#2321,.T.);
#188=ORIENTED_EDGE('',*,*,#2322,.T.);
#189=ORIENTED_EDGE('',*,*,#2271,.T.);
#190=ORIENTED_EDGE('',*,*,#2323,.F.);
#191=ORIENTED_EDGE('',*,*,#2277,.T.);
#192=ORIENTED_EDGE('',*,*,#2324,.F.);
#193=ORIENTED_EDGE('',*,*,#2325,.T.);
#194=ORIENTED_EDGE('',*,*,#2326,.F.);
#195=ORIENTED_EDGE('',*,*,#2281,.T.);
#196=ORIENTED_EDGE('',*,*,#2327,.F.);
#197=ORIENTED_EDGE('',*,*,#2328,.T.);
#198=ORIENTED_EDGE('',*,*,#2329,.F.);
#199=ORIENTED_EDGE('',*,*,#2285,.T.);
#200=ORIENTED_EDGE('',*,*,#2330,.F.);
#201=ORIENTED_EDGE('',*,*,#2331,.T.);
#202=ORIENTED_EDGE('',*,*,#2332,.F.);
#203=ORIENTED_EDGE('',*,*,#2289,.T.);
#204=ORIENTED_EDGE('',*,*,#2333,.F.);
#205=ORIENTED_EDGE('',*,*,#2334,.T.);
#206=ORIENTED_EDGE('',*,*,#2335,.F.);
#207=ORIENTED_EDGE('',*,*,#2293,.T.);
#208=ORIENTED_EDGE('',*,*,#2336,.F.);
#209=ORIENTED_EDGE('',*,*,#2337,.T.);
#210=ORIENTED_EDGE('',*,*,#2338,.F.);
#211=ORIENTED_EDGE('',*,*,#2297,.T.);
#212=ORIENTED_EDGE('',*,*,#2339,.F.);
#213=ORIENTED_EDGE('',*,*,#2340,.T.);
#214=ORIENTED_EDGE('',*,*,#2341,.F.);
#215=ORIENTED_EDGE('',*,*,#2301,.T.);
#216=ORIENTED_EDGE('',*,*,#2342,.F.);
#217=ORIENTED_EDGE('',*,*,#2343,.T.);
#218=ORIENTED_EDGE('',*,*,#2344,.F.);
#219=ORIENTED_EDGE('',*,*,#2305,.T.);
#220=ORIENTED_EDGE('',*,*,#2345,.F.);
#221=ORIENTED_EDGE('',*,*,#2346,.T.);
#222=ORIENTED_EDGE('',*,*,#2347,.F.);
#223=ORIENTED_EDGE('',*,*,#2309,.T.);
#224=ORIENTED_EDGE('',*,*,#2348,.F.);
#225=ORIENTED_EDGE('',*,*,#2349,.T.);
#226=ORIENTED_EDGE('',*,*,#2350,.F.);
#227=ORIENTED_EDGE('',*,*,#2313,.T.);
#228=ORIENTED_EDGE('',*,*,#2351,.F.);
#229=ORIENTED_EDGE('',*,*,#2352,.T.);
#230=ORIENTED_EDGE('',*,*,#2353,.F.);
#231=ORIENTED_EDGE('',*,*,#2354,.T.);
#232=ORIENTED_EDGE('',*,*,#2355,.T.);
#233=ORIENTED_EDGE('',*,*,#2325,.F.);
#234=ORIENTED_EDGE('',*,*,#2356,.F.);
#235=ORIENTED_EDGE('',*,*,#2357,.T.);
#236=ORIENTED_EDGE('',*,*,#2358,.T.);
#237=ORIENTED_EDGE('',*,*,#2328,.F.);
#238=ORIENTED_EDGE('',*,*,#2359,.F.);
#239=ORIENTED_EDGE('',*,*,#2360,.T.);
#240=ORIENTED_EDGE('',*,*,#2361,.T.);
#241=ORIENTED_EDGE('',*,*,#2331,.F.);
#242=ORIENTED_EDGE('',*,*,#2362,.F.);
#243=ORIENTED_EDGE('',*,*,#2363,.T.);
#244=ORIENTED_EDGE('',*,*,#2364,.T.);
#245=ORIENTED_EDGE('',*,*,#2334,.F.);
#246=ORIENTED_EDGE('',*,*,#2365,.F.);
#247=ORIENTED_EDGE('',*,*,#2366,.T.);
#248=ORIENTED_EDGE('',*,*,#2367,.T.);
#249=ORIENTED_EDGE('',*,*,#2337,.F.);
#250=ORIENTED_EDGE('',*,*,#2368,.F.);
#251=ORIENTED_EDGE('',*,*,#2369,.T.);
#252=ORIENTED_EDGE('',*,*,#2370,.T.);
#253=ORIENTED_EDGE('',*,*,#2340,.F.);
#254=ORIENTED_EDGE('',*,*,#2371,.F.);
#255=ORIENTED_EDGE('',*,*,#2372,.T.);
#256=ORIENTED_EDGE('',*,*,#2373,.T.);
#257=ORIENTED_EDGE('',*,*,#2343,.F.);
#258=ORIENTED_EDGE('',*,*,#2374,.F.);
#259=ORIENTED_EDGE('',*,*,#2375,.T.);
#260=ORIENTED_EDGE('',*,*,#2376,.T.);
#261=ORIENTED_EDGE('',*,*,#2346,.F.);
#262=ORIENTED_EDGE('',*,*,#2377,.F.);
#263=ORIENTED_EDGE('',*,*,#2378,.T.);
#264=ORIENTED_EDGE('',*,*,#2379,.T.);
#265=ORIENTED_EDGE('',*,*,#2349,.F.);
#266=ORIENTED_EDGE('',*,*,#2380,.F.);
#267=ORIENTED_EDGE('',*,*,#2381,.T.);
#268=ORIENTED_EDGE('',*,*,#2382,.T.);
#269=ORIENTED_EDGE('',*,*,#2352,.F.);
#270=ORIENTED_EDGE('',*,*,#2383,.F.);
#271=ORIENTED_EDGE('',*,*,#2384,.T.);
#272=ORIENTED_EDGE('',*,*,#2385,.T.);
#273=ORIENTED_EDGE('',*,*,#2321,.F.);
#274=ORIENTED_EDGE('',*,*,#2386,.F.);
#275=ORIENTED_EDGE('',*,*,#2387,.F.);
#276=ORIENTED_EDGE('',*,*,#2388,.T.);
#277=ORIENTED_EDGE('',*,*,#2389,.T.);
#278=ORIENTED_EDGE('',*,*,#2390,.F.);
#279=ORIENTED_EDGE('',*,*,#2391,.F.);
#280=ORIENTED_EDGE('',*,*,#2392,.T.);
#281=ORIENTED_EDGE('',*,*,#2393,.T.);
#282=ORIENTED_EDGE('',*,*,#2394,.F.);
#283=ORIENTED_EDGE('',*,*,#2395,.F.);
#284=ORIENTED_EDGE('',*,*,#2396,.T.);
#285=ORIENTED_EDGE('',*,*,#2397,.T.);
#286=ORIENTED_EDGE('',*,*,#2398,.F.);
#287=ORIENTED_EDGE('',*,*,#2399,.F.);
#288=ORIENTED_EDGE('',*,*,#2400,.T.);
#289=ORIENTED_EDGE('',*,*,#2401,.T.);
#290=ORIENTED_EDGE('',*,*,#2402,.F.);
#291=ORIENTED_EDGE('',*,*,#2403,.F.);
#292=ORIENTED_EDGE('',*,*,#2404,.T.);
#293=ORIENTED_EDGE('',*,*,#2405,.T.);
#294=ORIENTED_EDGE('',*,*,#2406,.F.);
#295=ORIENTED_EDGE('',*,*,#2407,.F.);
#296=ORIENTED_EDGE('',*,*,#2408,.T.);
#297=ORIENTED_EDGE('',*,*,#2409,.T.);
#298=ORIENTED_EDGE('',*,*,#2410,.F.);
#299=ORIENTED_EDGE('',*,*,#2411,.F.);
#300=ORIENTED_EDGE('',*,*,#2412,.T.);
#301=ORIENTED_EDGE('',*,*,#2413,.T.);
#302=ORIENTED_EDGE('',*,*,#2414,.F.);
#303=ORIENTED_EDGE('',*,*,#2415,.F.);
#304=ORIENTED_EDGE('',*,*,#2416,.T.);
#305=ORIENTED_EDGE('',*,*,#2417,.T.);
#306=ORIENTED_EDGE('',*,*,#2418,.F.);
#307=ORIENTED_EDGE('',*,*,#2419,.F.);
#308=ORIENTED_EDGE('',*,*,#2420,.T.);
#309=ORIENTED_EDGE('',*,*,#2421,.T.);
#310=ORIENTED_EDGE('',*,*,#2422,.F.);
#311=ORIENTED_EDGE('',*,*,#2423,.F.);
#312=ORIENTED_EDGE('',*,*,#2424,.T.);
#313=ORIENTED_EDGE('',*,*,#2425,.T.);
#314=ORIENTED_EDGE('',*,*,#2426,.F.);
#315=ORIENTED_EDGE('',*,*,#2276,.T.);
#316=ORIENTED_EDGE('',*,*,#2427,.F.);
#317=ORIENTED_EDGE('',*,*,#2428,.F.);
#318=ORIENTED_EDGE('',*,*,#2429,.F.);
#319=ORIENTED_EDGE('',*,*,#2430,.F.);
#320=ORIENTED_EDGE('',*,*,#2431,.F.);
#321=ORIENTED_EDGE('',*,*,#2279,.T.);
#322=ORIENTED_EDGE('',*,*,#2432,.F.);
#323=ORIENTED_EDGE('',*,*,#2433,.F.);
#324=ORIENTED_EDGE('',*,*,#2434,.F.);
#325=ORIENTED_EDGE('',*,*,#2283,.T.);
#326=ORIENTED_EDGE('',*,*,#2435,.F.);
#327=ORIENTED_EDGE('',*,*,#2436,.F.);
#328=ORIENTED_EDGE('',*,*,#2437,.F.);
#329=ORIENTED_EDGE('',*,*,#2287,.T.);
#330=ORIENTED_EDGE('',*,*,#2438,.F.);
#331=ORIENTED_EDGE('',*,*,#2439,.F.);
#332=ORIENTED_EDGE('',*,*,#2440,.F.);
#333=ORIENTED_EDGE('',*,*,#2291,.T.);
#334=ORIENTED_EDGE('',*,*,#2441,.F.);
#335=ORIENTED_EDGE('',*,*,#2442,.F.);
#336=ORIENTED_EDGE('',*,*,#2443,.F.);
#337=ORIENTED_EDGE('',*,*,#2295,.T.);
#338=ORIENTED_EDGE('',*,*,#2444,.F.);
#339=ORIENTED_EDGE('',*,*,#2445,.F.);
#340=ORIENTED_EDGE('',*,*,#2446,.F.);
#341=ORIENTED_EDGE('',*,*,#2299,.T.);
#342=ORIENTED_EDGE('',*,*,#2447,.F.);
#343=ORIENTED_EDGE('',*,*,#2448,.F.);
#344=ORIENTED_EDGE('',*,*,#2449,.F.);
#345=ORIENTED_EDGE('',*,*,#2303,.T.);
#346=ORIENTED_EDGE('',*,*,#2450,.F.);
#347=ORIENTED_EDGE('',*,*,#2451,.F.);
#348=ORIENTED_EDGE('',*,*,#2452,.F.);
#349=ORIENTED_EDGE('',*,*,#2307,.T.);
#350=ORIENTED_EDGE('',*,*,#2453,.F.);
#351=ORIENTED_EDGE('',*,*,#2454,.F.);
#352=ORIENTED_EDGE('',*,*,#2455,.F.);
#353=ORIENTED_EDGE('',*,*,#2311,.T.);
#354=ORIENTED_EDGE('',*,*,#2456,.F.);
#355=ORIENTED_EDGE('',*,*,#2457,.F.);
#356=ORIENTED_EDGE('',*,*,#2458,.T.);
#357=ORIENTED_EDGE('',*,*,#2315,.T.);
#358=ORIENTED_EDGE('',*,*,#2459,.F.);
#359=ORIENTED_EDGE('',*,*,#2460,.T.);
#360=ORIENTED_EDGE('',*,*,#2428,.T.);
#361=ORIENTED_EDGE('',*,*,#2461,.T.);
#362=ORIENTED_EDGE('',*,*,#2462,.T.);
#363=ORIENTED_EDGE('',*,*,#2463,.T.);
#364=ORIENTED_EDGE('',*,*,#2457,.T.);
#365=ORIENTED_EDGE('',*,*,#2464,.T.);
#366=ORIENTED_EDGE('',*,*,#2465,.F.);
#367=ORIENTED_EDGE('',*,*,#2466,.T.);
#368=ORIENTED_EDGE('',*,*,#2454,.T.);
#369=ORIENTED_EDGE('',*,*,#2467,.T.);
#370=ORIENTED_EDGE('',*,*,#2468,.F.);
#371=ORIENTED_EDGE('',*,*,#2469,.T.);
#372=ORIENTED_EDGE('',*,*,#2451,.T.);
#373=ORIENTED_EDGE('',*,*,#2470,.T.);
#374=ORIENTED_EDGE('',*,*,#2471,.F.);
#375=ORIENTED_EDGE('',*,*,#2472,.T.);
#376=ORIENTED_EDGE('',*,*,#2448,.T.);
#377=ORIENTED_EDGE('',*,*,#2473,.T.);
#378=ORIENTED_EDGE('',*,*,#2474,.F.);
#379=ORIENTED_EDGE('',*,*,#2475,.T.);
#380=ORIENTED_EDGE('',*,*,#2445,.T.);
#381=ORIENTED_EDGE('',*,*,#2476,.T.);
#382=ORIENTED_EDGE('',*,*,#2477,.F.);
#383=ORIENTED_EDGE('',*,*,#2478,.T.);
#384=ORIENTED_EDGE('',*,*,#2442,.T.);
#385=ORIENTED_EDGE('',*,*,#2479,.T.);
#386=ORIENTED_EDGE('',*,*,#2480,.F.);
#387=ORIENTED_EDGE('',*,*,#2481,.T.);
#388=ORIENTED_EDGE('',*,*,#2439,.T.);
#389=ORIENTED_EDGE('',*,*,#2482,.T.);
#390=ORIENTED_EDGE('',*,*,#2483,.F.);
#391=ORIENTED_EDGE('',*,*,#2484,.T.);
#392=ORIENTED_EDGE('',*,*,#2436,.T.);
#393=ORIENTED_EDGE('',*,*,#2485,.T.);
#394=ORIENTED_EDGE('',*,*,#2486,.F.);
#395=ORIENTED_EDGE('',*,*,#2487,.T.);
#396=ORIENTED_EDGE('',*,*,#2433,.T.);
#397=ORIENTED_EDGE('',*,*,#2488,.T.);
#398=ORIENTED_EDGE('',*,*,#2489,.F.);
#399=ORIENTED_EDGE('',*,*,#2490,.T.);
#400=ORIENTED_EDGE('',*,*,#2430,.T.);
#401=ORIENTED_EDGE('',*,*,#2491,.T.);
#402=ORIENTED_EDGE('',*,*,#2492,.F.);
#403=ORIENTED_EDGE('',*,*,#2317,.T.);
#404=ORIENTED_EDGE('',*,*,#2493,.T.);
#405=ORIENTED_EDGE('',*,*,#2494,.T.);
#406=ORIENTED_EDGE('',*,*,#2495,.F.);
#407=ORIENTED_EDGE('',*,*,#2496,.T.);
#408=ORIENTED_EDGE('',*,*,#2497,.F.);
#409=ORIENTED_EDGE('',*,*,#2274,.T.);
#410=ORIENTED_EDGE('',*,*,#2498,.F.);
#411=ORIENTED_EDGE('',*,*,#2499,.T.);
#412=ORIENTED_EDGE('',*,*,#2500,.T.);
#413=ORIENTED_EDGE('',*,*,#2501,.T.);
#414=ORIENTED_EDGE('',*,*,#2502,.F.);
#415=ORIENTED_EDGE('',*,*,#2503,.F.);
#416=ORIENTED_EDGE('',*,*,#2504,.T.);
#417=ORIENTED_EDGE('',*,*,#2505,.T.);
#418=ORIENTED_EDGE('',*,*,#2506,.T.);
#419=ORIENTED_EDGE('',*,*,#2507,.T.);
#420=ORIENTED_EDGE('',*,*,#2508,.T.);
#421=ORIENTED_EDGE('',*,*,#2494,.F.);
#422=ORIENTED_EDGE('',*,*,#2509,.F.);
#423=ORIENTED_EDGE('',*,*,#2510,.F.);
#424=ORIENTED_EDGE('',*,*,#2511,.F.);
#425=ORIENTED_EDGE('',*,*,#2512,.F.);
#426=ORIENTED_EDGE('',*,*,#2501,.F.);
#427=ORIENTED_EDGE('',*,*,#2513,.T.);
#428=ORIENTED_EDGE('',*,*,#2505,.F.);
#429=ORIENTED_EDGE('',*,*,#2514,.F.);
#430=ORIENTED_EDGE('',*,*,#2515,.F.);
#431=ORIENTED_EDGE('',*,*,#2516,.F.);
#432=ORIENTED_EDGE('',*,*,#2517,.F.);
#433=ORIENTED_EDGE('',*,*,#2496,.F.);
#434=ORIENTED_EDGE('',*,*,#2518,.T.);
#435=ORIENTED_EDGE('',*,*,#2519,.T.);
#436=ORIENTED_EDGE('',*,*,#2520,.T.);
#437=ORIENTED_EDGE('',*,*,#2462,.F.);
#438=ORIENTED_EDGE('',*,*,#2521,.F.);
#439=ORIENTED_EDGE('',*,*,#2522,.F.);
#440=ORIENTED_EDGE('',*,*,#2523,.F.);
#441=ORIENTED_EDGE('',*,*,#2524,.F.);
#442=ORIENTED_EDGE('',*,*,#2525,.T.);
#443=ORIENTED_EDGE('',*,*,#2510,.T.);
#444=ORIENTED_EDGE('',*,*,#2515,.T.);
#445=ORIENTED_EDGE('',*,*,#2526,.F.);
#446=ORIENTED_EDGE('',*,*,#2527,.F.);
#447=ORIENTED_EDGE('',*,*,#2528,.T.);
#448=ORIENTED_EDGE('',*,*,#2514,.T.);
#449=ORIENTED_EDGE('',*,*,#2504,.F.);
#450=ORIENTED_EDGE('',*,*,#2529,.F.);
#451=ORIENTED_EDGE('',*,*,#2526,.T.);
#452=ORIENTED_EDGE('',*,*,#2512,.T.);
#453=ORIENTED_EDGE('',*,*,#2530,.F.);
#454=ORIENTED_EDGE('',*,*,#2531,.F.);
#455=ORIENTED_EDGE('',*,*,#2502,.T.);
#456=ORIENTED_EDGE('',*,*,#2511,.T.);
#457=ORIENTED_EDGE('',*,*,#2525,.F.);
#458=ORIENTED_EDGE('',*,*,#2532,.F.);
#459=ORIENTED_EDGE('',*,*,#2530,.T.);
#460=ORIENTED_EDGE('',*,*,#2533,.F.);
#461=ORIENTED_EDGE('',*,*,#2534,.T.);
#462=ORIENTED_EDGE('',*,*,#2516,.T.);
#463=ORIENTED_EDGE('',*,*,#2528,.F.);
#464=ORIENTED_EDGE('',*,*,#2527,.T.);
#465=ORIENTED_EDGE('',*,*,#2529,.T.);
#466=ORIENTED_EDGE('',*,*,#2503,.T.);
#467=ORIENTED_EDGE('',*,*,#2531,.T.);
#468=ORIENTED_EDGE('',*,*,#2532,.T.);
#469=ORIENTED_EDGE('',*,*,#2524,.T.);
#470=ORIENTED_EDGE('',*,*,#2535,.T.);
#471=ORIENTED_EDGE('',*,*,#2522,.T.);
#472=ORIENTED_EDGE('',*,*,#2536,.T.);
#473=ORIENTED_EDGE('',*,*,#2533,.T.);
#474=ORIENTED_EDGE('',*,*,#2537,.F.);
#475=ORIENTED_EDGE('',*,*,#2517,.T.);
#476=ORIENTED_EDGE('',*,*,#2538,.T.);
#477=ORIENTED_EDGE('',*,*,#2539,.T.);
#478=ORIENTED_EDGE('',*,*,#2540,.T.);
#479=ORIENTED_EDGE('',*,*,#2541,.F.);
#480=ORIENTED_EDGE('',*,*,#2542,.F.);
#481=ORIENTED_EDGE('',*,*,#2543,.T.);
#482=ORIENTED_EDGE('',*,*,#2544,.T.);
#483=ORIENTED_EDGE('',*,*,#2538,.F.);
#484=ORIENTED_EDGE('',*,*,#2534,.F.);
#485=ORIENTED_EDGE('',*,*,#2545,.F.);
#486=ORIENTED_EDGE('',*,*,#2546,.F.);
#487=ORIENTED_EDGE('',*,*,#2541,.T.);
#488=ORIENTED_EDGE('',*,*,#2536,.F.);
#489=ORIENTED_EDGE('',*,*,#2547,.F.);
#490=ORIENTED_EDGE('',*,*,#2548,.F.);
#491=ORIENTED_EDGE('',*,*,#2545,.T.);
#492=ORIENTED_EDGE('',*,*,#2521,.T.);
#493=ORIENTED_EDGE('',*,*,#2461,.F.);
#494=ORIENTED_EDGE('',*,*,#2427,.T.);
#495=ORIENTED_EDGE('',*,*,#2275,.T.);
#496=ORIENTED_EDGE('',*,*,#2497,.T.);
#497=ORIENTED_EDGE('',*,*,#2537,.T.);
#498=ORIENTED_EDGE('',*,*,#2549,.T.);
#499=ORIENTED_EDGE('',*,*,#2543,.F.);
#500=ORIENTED_EDGE('',*,*,#2550,.F.);
#501=ORIENTED_EDGE('',*,*,#2547,.T.);
#502=ORIENTED_EDGE('',*,*,#2542,.T.);
#503=ORIENTED_EDGE('',*,*,#2546,.T.);
#504=ORIENTED_EDGE('',*,*,#2548,.T.);
#505=ORIENTED_EDGE('',*,*,#2550,.T.);
#506=ORIENTED_EDGE('',*,*,#2540,.F.);
#507=ORIENTED_EDGE('',*,*,#2549,.F.);
#508=ORIENTED_EDGE('',*,*,#2539,.F.);
#509=ORIENTED_EDGE('',*,*,#2544,.F.);
#510=ORIENTED_EDGE('',*,*,#2551,.F.);
#511=ORIENTED_EDGE('',*,*,#2509,.T.);
#512=ORIENTED_EDGE('',*,*,#2552,.T.);
#513=ORIENTED_EDGE('',*,*,#2553,.T.);
#514=ORIENTED_EDGE('',*,*,#2554,.T.);
#515=ORIENTED_EDGE('',*,*,#2555,.F.);
#516=ORIENTED_EDGE('',*,*,#2556,.F.);
#517=ORIENTED_EDGE('',*,*,#2557,.T.);
#518=ORIENTED_EDGE('',*,*,#2458,.F.);
#519=ORIENTED_EDGE('',*,*,#2463,.F.);
#520=ORIENTED_EDGE('',*,*,#2520,.F.);
#521=ORIENTED_EDGE('',*,*,#2558,.F.);
#522=ORIENTED_EDGE('',*,*,#2559,.F.);
#523=ORIENTED_EDGE('',*,*,#2555,.T.);
#524=ORIENTED_EDGE('',*,*,#2560,.T.);
#525=ORIENTED_EDGE('',*,*,#2552,.F.);
#526=ORIENTED_EDGE('',*,*,#2493,.F.);
#527=ORIENTED_EDGE('',*,*,#2316,.T.);
#528=ORIENTED_EDGE('',*,*,#2535,.F.);
#529=ORIENTED_EDGE('',*,*,#2561,.F.);
#530=ORIENTED_EDGE('',*,*,#2562,.F.);
#531=ORIENTED_EDGE('',*,*,#2558,.T.);
#532=ORIENTED_EDGE('',*,*,#2563,.T.);
#533=ORIENTED_EDGE('',*,*,#2557,.F.);
#534=ORIENTED_EDGE('',*,*,#2564,.F.);
#535=ORIENTED_EDGE('',*,*,#2561,.T.);
#536=ORIENTED_EDGE('',*,*,#2523,.T.);
#537=ORIENTED_EDGE('',*,*,#2551,.T.);
#538=ORIENTED_EDGE('',*,*,#2556,.T.);
#539=ORIENTED_EDGE('',*,*,#2559,.T.);
#540=ORIENTED_EDGE('',*,*,#2562,.T.);
#541=ORIENTED_EDGE('',*,*,#2564,.T.);
#542=ORIENTED_EDGE('',*,*,#2554,.F.);
#543=ORIENTED_EDGE('',*,*,#2563,.F.);
#544=ORIENTED_EDGE('',*,*,#2553,.F.);
#545=ORIENTED_EDGE('',*,*,#2560,.F.);
#546=ORIENTED_EDGE('',*,*,#2492,.T.);
#547=ORIENTED_EDGE('',*,*,#2508,.F.);
#548=ORIENTED_EDGE('',*,*,#2565,.F.);
#549=ORIENTED_EDGE('',*,*,#2566,.T.);
#550=ORIENTED_EDGE('',*,*,#2567,.T.);
#551=ORIENTED_EDGE('',*,*,#2318,.T.);
#552=ORIENTED_EDGE('',*,*,#2568,.F.);
#553=ORIENTED_EDGE('',*,*,#2319,.T.);
#554=ORIENTED_EDGE('',*,*,#2567,.F.);
#555=ORIENTED_EDGE('',*,*,#2569,.T.);
#556=ORIENTED_EDGE('',*,*,#2570,.T.);
#557=ORIENTED_EDGE('',*,*,#2272,.T.);
#558=ORIENTED_EDGE('',*,*,#2571,.T.);
#559=ORIENTED_EDGE('',*,*,#2572,.F.);
#560=ORIENTED_EDGE('',*,*,#2495,.T.);
#561=ORIENTED_EDGE('',*,*,#2273,.T.);
#562=ORIENTED_EDGE('',*,*,#2570,.F.);
#563=ORIENTED_EDGE('',*,*,#2573,.T.);
#564=ORIENTED_EDGE('',*,*,#2574,.T.);
#565=ORIENTED_EDGE('',*,*,#2518,.F.);
#566=ORIENTED_EDGE('',*,*,#2519,.F.);
#567=ORIENTED_EDGE('',*,*,#2574,.F.);
#568=ORIENTED_EDGE('',*,*,#2575,.T.);
#569=ORIENTED_EDGE('',*,*,#2576,.T.);
#570=ORIENTED_EDGE('',*,*,#2513,.F.);
#571=ORIENTED_EDGE('',*,*,#2576,.F.);
#572=ORIENTED_EDGE('',*,*,#2577,.T.);
#573=ORIENTED_EDGE('',*,*,#2498,.T.);
#574=ORIENTED_EDGE('',*,*,#2506,.F.);
#575=ORIENTED_EDGE('',*,*,#2500,.F.);
#576=ORIENTED_EDGE('',*,*,#2578,.T.);
#577=ORIENTED_EDGE('',*,*,#2579,.T.);
#578=ORIENTED_EDGE('',*,*,#2507,.F.);
#579=ORIENTED_EDGE('',*,*,#2579,.F.);
#580=ORIENTED_EDGE('',*,*,#2580,.T.);
#581=ORIENTED_EDGE('',*,*,#2565,.T.);
#582=ORIENTED_EDGE('',*,*,#2575,.F.);
#583=ORIENTED_EDGE('',*,*,#2573,.F.);
#584=ORIENTED_EDGE('',*,*,#2569,.F.);
#585=ORIENTED_EDGE('',*,*,#2566,.F.);
#586=ORIENTED_EDGE('',*,*,#2580,.F.);
#587=ORIENTED_EDGE('',*,*,#2578,.F.);
#588=ORIENTED_EDGE('',*,*,#2499,.F.);
#589=ORIENTED_EDGE('',*,*,#2577,.F.);
#590=ORIENTED_EDGE('',*,*,#2581,.F.);
#591=ORIENTED_EDGE('',*,*,#2582,.T.);
#592=ORIENTED_EDGE('',*,*,#2583,.T.);
#593=ORIENTED_EDGE('',*,*,#2584,.T.);
#594=ORIENTED_EDGE('',*,*,#2585,.F.);
#595=ORIENTED_EDGE('',*,*,#2586,.T.);
#596=ORIENTED_EDGE('',*,*,#2266,.T.);
#597=ORIENTED_EDGE('',*,*,#2587,.T.);
#598=ORIENTED_EDGE('',*,*,#2384,.F.);
#599=ORIENTED_EDGE('',*,*,#2588,.F.);
#600=ORIENTED_EDGE('',*,*,#2232,.T.);
#601=ORIENTED_EDGE('',*,*,#2589,.T.);
#602=ORIENTED_EDGE('',*,*,#2590,.F.);
#603=ORIENTED_EDGE('',*,*,#2591,.T.);
#604=ORIENTED_EDGE('',*,*,#2234,.T.);
#605=ORIENTED_EDGE('',*,*,#2592,.T.);
#606=ORIENTED_EDGE('',*,*,#2593,.F.);
#607=ORIENTED_EDGE('',*,*,#2594,.T.);
#608=ORIENTED_EDGE('',*,*,#2238,.T.);
#609=ORIENTED_EDGE('',*,*,#2595,.T.);
#610=ORIENTED_EDGE('',*,*,#2596,.F.);
#611=ORIENTED_EDGE('',*,*,#2597,.T.);
#612=ORIENTED_EDGE('',*,*,#2242,.T.);
#613=ORIENTED_EDGE('',*,*,#2598,.T.);
#614=ORIENTED_EDGE('',*,*,#2599,.F.);
#615=ORIENTED_EDGE('',*,*,#2600,.T.);
#616=ORIENTED_EDGE('',*,*,#2246,.T.);
#617=ORIENTED_EDGE('',*,*,#2601,.T.);
#618=ORIENTED_EDGE('',*,*,#2602,.F.);
#619=ORIENTED_EDGE('',*,*,#2603,.T.);
#620=ORIENTED_EDGE('',*,*,#2250,.T.);
#621=ORIENTED_EDGE('',*,*,#2604,.T.);
#622=ORIENTED_EDGE('',*,*,#2605,.F.);
#623=ORIENTED_EDGE('',*,*,#2606,.T.);
#624=ORIENTED_EDGE('',*,*,#2254,.T.);
#625=ORIENTED_EDGE('',*,*,#2607,.T.);
#626=ORIENTED_EDGE('',*,*,#2608,.F.);
#627=ORIENTED_EDGE('',*,*,#2609,.T.);
#628=ORIENTED_EDGE('',*,*,#2258,.T.);
#629=ORIENTED_EDGE('',*,*,#2610,.T.);
#630=ORIENTED_EDGE('',*,*,#2611,.F.);
#631=ORIENTED_EDGE('',*,*,#2612,.T.);
#632=ORIENTED_EDGE('',*,*,#2262,.T.);
#633=ORIENTED_EDGE('',*,*,#2613,.T.);
#634=ORIENTED_EDGE('',*,*,#2614,.F.);
#635=ORIENTED_EDGE('',*,*,#2615,.T.);
#636=ORIENTED_EDGE('',*,*,#2581,.T.);
#637=ORIENTED_EDGE('',*,*,#2616,.T.);
#638=ORIENTED_EDGE('',*,*,#2617,.T.);
#639=ORIENTED_EDGE('',*,*,#2618,.T.);
#640=ORIENTED_EDGE('',*,*,#2230,.F.);
#641=ORIENTED_EDGE('',*,*,#2619,.F.);
#642=ORIENTED_EDGE('',*,*,#2572,.T.);
#643=ORIENTED_EDGE('',*,*,#2620,.T.);
#644=ORIENTED_EDGE('',*,*,#2268,.F.);
#645=ORIENTED_EDGE('',*,*,#2621,.T.);
#646=ORIENTED_EDGE('',*,*,#2622,.T.);
#647=ORIENTED_EDGE('',*,*,#2623,.T.);
#648=ORIENTED_EDGE('',*,*,#2583,.F.);
#649=ORIENTED_EDGE('',*,*,#2624,.T.);
#650=ORIENTED_EDGE('',*,*,#2625,.T.);
#651=ORIENTED_EDGE('',*,*,#2626,.T.);
#652=ORIENTED_EDGE('',*,*,#2264,.F.);
#653=ORIENTED_EDGE('',*,*,#2627,.T.);
#654=ORIENTED_EDGE('',*,*,#2628,.T.);
#655=ORIENTED_EDGE('',*,*,#2629,.T.);
#656=ORIENTED_EDGE('',*,*,#2260,.F.);
#657=ORIENTED_EDGE('',*,*,#2630,.T.);
#658=ORIENTED_EDGE('',*,*,#2631,.T.);
#659=ORIENTED_EDGE('',*,*,#2632,.T.);
#660=ORIENTED_EDGE('',*,*,#2256,.F.);
#661=ORIENTED_EDGE('',*,*,#2633,.T.);
#662=ORIENTED_EDGE('',*,*,#2634,.T.);
#663=ORIENTED_EDGE('',*,*,#2635,.T.);
#664=ORIENTED_EDGE('',*,*,#2252,.F.);
#665=ORIENTED_EDGE('',*,*,#2636,.T.);
#666=ORIENTED_EDGE('',*,*,#2637,.T.);
#667=ORIENTED_EDGE('',*,*,#2638,.T.);
#668=ORIENTED_EDGE('',*,*,#2248,.F.);
#669=ORIENTED_EDGE('',*,*,#2639,.T.);
#670=ORIENTED_EDGE('',*,*,#2640,.T.);
#671=ORIENTED_EDGE('',*,*,#2641,.T.);
#672=ORIENTED_EDGE('',*,*,#2244,.F.);
#673=ORIENTED_EDGE('',*,*,#2642,.T.);
#674=ORIENTED_EDGE('',*,*,#2643,.T.);
#675=ORIENTED_EDGE('',*,*,#2644,.T.);
#676=ORIENTED_EDGE('',*,*,#2240,.F.);
#677=ORIENTED_EDGE('',*,*,#2645,.T.);
#678=ORIENTED_EDGE('',*,*,#2646,.T.);
#679=ORIENTED_EDGE('',*,*,#2647,.T.);
#680=ORIENTED_EDGE('',*,*,#2236,.F.);
#681=ORIENTED_EDGE('',*,*,#2648,.T.);
#682=ORIENTED_EDGE('',*,*,#2233,.T.);
#683=ORIENTED_EDGE('',*,*,#2588,.T.);
#684=ORIENTED_EDGE('',*,*,#2383,.T.);
#685=ORIENTED_EDGE('',*,*,#2351,.T.);
#686=ORIENTED_EDGE('',*,*,#2568,.T.);
#687=ORIENTED_EDGE('',*,*,#2619,.T.);
#688=ORIENTED_EDGE('',*,*,#2269,.F.);
#689=ORIENTED_EDGE('',*,*,#2620,.F.);
#690=ORIENTED_EDGE('',*,*,#2571,.F.);
#691=ORIENTED_EDGE('',*,*,#2322,.F.);
#692=ORIENTED_EDGE('',*,*,#2385,.F.);
#693=ORIENTED_EDGE('',*,*,#2587,.F.);
#694=ORIENTED_EDGE('',*,*,#2456,.T.);
#695=ORIENTED_EDGE('',*,*,#2314,.T.);
#696=ORIENTED_EDGE('',*,*,#2350,.T.);
#697=ORIENTED_EDGE('',*,*,#2382,.F.);
#698=ORIENTED_EDGE('',*,*,#2649,.F.);
#699=ORIENTED_EDGE('',*,*,#2650,.T.);
#700=ORIENTED_EDGE('',*,*,#2389,.F.);
#701=ORIENTED_EDGE('',*,*,#2651,.F.);
#702=ORIENTED_EDGE('',*,*,#2652,.T.);
#703=ORIENTED_EDGE('',*,*,#2464,.F.);
#704=ORIENTED_EDGE('',*,*,#2387,.T.);
#705=ORIENTED_EDGE('',*,*,#2653,.T.);
#706=ORIENTED_EDGE('',*,*,#2654,.T.);
#707=ORIENTED_EDGE('',*,*,#2380,.T.);
#708=ORIENTED_EDGE('',*,*,#2348,.T.);
#709=ORIENTED_EDGE('',*,*,#2312,.T.);
#710=ORIENTED_EDGE('',*,*,#2455,.T.);
#711=ORIENTED_EDGE('',*,*,#2466,.F.);
#712=ORIENTED_EDGE('',*,*,#2655,.F.);
#713=ORIENTED_EDGE('',*,*,#2656,.F.);
#714=ORIENTED_EDGE('',*,*,#2453,.T.);
#715=ORIENTED_EDGE('',*,*,#2310,.T.);
#716=ORIENTED_EDGE('',*,*,#2347,.T.);
#717=ORIENTED_EDGE('',*,*,#2379,.F.);
#718=ORIENTED_EDGE('',*,*,#2657,.F.);
#719=ORIENTED_EDGE('',*,*,#2658,.T.);
#720=ORIENTED_EDGE('',*,*,#2393,.F.);
#721=ORIENTED_EDGE('',*,*,#2659,.F.);
#722=ORIENTED_EDGE('',*,*,#2660,.T.);
#723=ORIENTED_EDGE('',*,*,#2467,.F.);
#724=ORIENTED_EDGE('',*,*,#2391,.T.);
#725=ORIENTED_EDGE('',*,*,#2661,.T.);
#726=ORIENTED_EDGE('',*,*,#2662,.T.);
#727=ORIENTED_EDGE('',*,*,#2377,.T.);
#728=ORIENTED_EDGE('',*,*,#2345,.T.);
#729=ORIENTED_EDGE('',*,*,#2308,.T.);
#730=ORIENTED_EDGE('',*,*,#2452,.T.);
#731=ORIENTED_EDGE('',*,*,#2469,.F.);
#732=ORIENTED_EDGE('',*,*,#2663,.F.);
#733=ORIENTED_EDGE('',*,*,#2664,.F.);
#734=ORIENTED_EDGE('',*,*,#2450,.T.);
#735=ORIENTED_EDGE('',*,*,#2306,.T.);
#736=ORIENTED_EDGE('',*,*,#2344,.T.);
#737=ORIENTED_EDGE('',*,*,#2376,.F.);
#738=ORIENTED_EDGE('',*,*,#2665,.F.);
#739=ORIENTED_EDGE('',*,*,#2666,.T.);
#740=ORIENTED_EDGE('',*,*,#2397,.F.);
#741=ORIENTED_EDGE('',*,*,#2667,.F.);
#742=ORIENTED_EDGE('',*,*,#2668,.T.);
#743=ORIENTED_EDGE('',*,*,#2470,.F.);
#744=ORIENTED_EDGE('',*,*,#2395,.T.);
#745=ORIENTED_EDGE('',*,*,#2669,.T.);
#746=ORIENTED_EDGE('',*,*,#2670,.T.);
#747=ORIENTED_EDGE('',*,*,#2374,.T.);
#748=ORIENTED_EDGE('',*,*,#2342,.T.);
#749=ORIENTED_EDGE('',*,*,#2304,.T.);
#750=ORIENTED_EDGE('',*,*,#2449,.T.);
#751=ORIENTED_EDGE('',*,*,#2472,.F.);
#752=ORIENTED_EDGE('',*,*,#2671,.F.);
#753=ORIENTED_EDGE('',*,*,#2672,.F.);
#754=ORIENTED_EDGE('',*,*,#2447,.T.);
#755=ORIENTED_EDGE('',*,*,#2302,.T.);
#756=ORIENTED_EDGE('',*,*,#2341,.T.);
#757=ORIENTED_EDGE('',*,*,#2373,.F.);
#758=ORIENTED_EDGE('',*,*,#2673,.F.);
#759=ORIENTED_EDGE('',*,*,#2674,.T.);
#760=ORIENTED_EDGE('',*,*,#2401,.F.);
#761=ORIENTED_EDGE('',*,*,#2675,.F.);
#762=ORIENTED_EDGE('',*,*,#2676,.T.);
#763=ORIENTED_EDGE('',*,*,#2473,.F.);
#764=ORIENTED_EDGE('',*,*,#2399,.T.);
#765=ORIENTED_EDGE('',*,*,#2677,.T.);
#766=ORIENTED_EDGE('',*,*,#2678,.T.);
#767=ORIENTED_EDGE('',*,*,#2371,.T.);
#768=ORIENTED_EDGE('',*,*,#2339,.T.);
#769=ORIENTED_EDGE('',*,*,#2300,.T.);
#770=ORIENTED_EDGE('',*,*,#2446,.T.);
#771=ORIENTED_EDGE('',*,*,#2475,.F.);
#772=ORIENTED_EDGE('',*,*,#2679,.F.);
#773=ORIENTED_EDGE('',*,*,#2680,.F.);
#774=ORIENTED_EDGE('',*,*,#2444,.T.);
#775=ORIENTED_EDGE('',*,*,#2298,.T.);
#776=ORIENTED_EDGE('',*,*,#2338,.T.);
#777=ORIENTED_EDGE('',*,*,#2370,.F.);
#778=ORIENTED_EDGE('',*,*,#2681,.F.);
#779=ORIENTED_EDGE('',*,*,#2682,.T.);
#780=ORIENTED_EDGE('',*,*,#2405,.F.);
#781=ORIENTED_EDGE('',*,*,#2683,.F.);
#782=ORIENTED_EDGE('',*,*,#2684,.T.);
#783=ORIENTED_EDGE('',*,*,#2476,.F.);
#784=ORIENTED_EDGE('',*,*,#2403,.T.);
#785=ORIENTED_EDGE('',*,*,#2685,.T.);
#786=ORIENTED_EDGE('',*,*,#2686,.T.);
#787=ORIENTED_EDGE('',*,*,#2368,.T.);
#788=ORIENTED_EDGE('',*,*,#2336,.T.);
#789=ORIENTED_EDGE('',*,*,#2296,.T.);
#790=ORIENTED_EDGE('',*,*,#2443,.T.);
#791=ORIENTED_EDGE('',*,*,#2478,.F.);
#792=ORIENTED_EDGE('',*,*,#2687,.F.);
#793=ORIENTED_EDGE('',*,*,#2688,.F.);
#794=ORIENTED_EDGE('',*,*,#2441,.T.);
#795=ORIENTED_EDGE('',*,*,#2294,.T.);
#796=ORIENTED_EDGE('',*,*,#2335,.T.);
#797=ORIENTED_EDGE('',*,*,#2367,.F.);
#798=ORIENTED_EDGE('',*,*,#2689,.F.);
#799=ORIENTED_EDGE('',*,*,#2690,.T.);
#800=ORIENTED_EDGE('',*,*,#2409,.F.);
#801=ORIENTED_EDGE('',*,*,#2691,.F.);
#802=ORIENTED_EDGE('',*,*,#2692,.T.);
#803=ORIENTED_EDGE('',*,*,#2479,.F.);
#804=ORIENTED_EDGE('',*,*,#2407,.T.);
#805=ORIENTED_EDGE('',*,*,#2693,.T.);
#806=ORIENTED_EDGE('',*,*,#2694,.T.);
#807=ORIENTED_EDGE('',*,*,#2365,.T.);
#808=ORIENTED_EDGE('',*,*,#2333,.T.);
#809=ORIENTED_EDGE('',*,*,#2292,.T.);
#810=ORIENTED_EDGE('',*,*,#2440,.T.);
#811=ORIENTED_EDGE('',*,*,#2481,.F.);
#812=ORIENTED_EDGE('',*,*,#2695,.F.);
#813=ORIENTED_EDGE('',*,*,#2696,.F.);
#814=ORIENTED_EDGE('',*,*,#2438,.T.);
#815=ORIENTED_EDGE('',*,*,#2290,.T.);
#816=ORIENTED_EDGE('',*,*,#2332,.T.);
#817=ORIENTED_EDGE('',*,*,#2364,.F.);
#818=ORIENTED_EDGE('',*,*,#2697,.F.);
#819=ORIENTED_EDGE('',*,*,#2698,.T.);
#820=ORIENTED_EDGE('',*,*,#2413,.F.);
#821=ORIENTED_EDGE('',*,*,#2699,.F.);
#822=ORIENTED_EDGE('',*,*,#2700,.T.);
#823=ORIENTED_EDGE('',*,*,#2482,.F.);
#824=ORIENTED_EDGE('',*,*,#2411,.T.);
#825=ORIENTED_EDGE('',*,*,#2701,.T.);
#826=ORIENTED_EDGE('',*,*,#2702,.T.);
#827=ORIENTED_EDGE('',*,*,#2362,.T.);
#828=ORIENTED_EDGE('',*,*,#2330,.T.);
#829=ORIENTED_EDGE('',*,*,#2288,.T.);
#830=ORIENTED_EDGE('',*,*,#2437,.T.);
#831=ORIENTED_EDGE('',*,*,#2484,.F.);
#832=ORIENTED_EDGE('',*,*,#2703,.F.);
#833=ORIENTED_EDGE('',*,*,#2704,.F.);
#834=ORIENTED_EDGE('',*,*,#2435,.T.);
#835=ORIENTED_EDGE('',*,*,#2286,.T.);
#836=ORIENTED_EDGE('',*,*,#2329,.T.);
#837=ORIENTED_EDGE('',*,*,#2361,.F.);
#838=ORIENTED_EDGE('',*,*,#2705,.F.);
#839=ORIENTED_EDGE('',*,*,#2706,.T.);
#840=ORIENTED_EDGE('',*,*,#2417,.F.);
#841=ORIENTED_EDGE('',*,*,#2707,.F.);
#842=ORIENTED_EDGE('',*,*,#2708,.T.);
#843=ORIENTED_EDGE('',*,*,#2485,.F.);
#844=ORIENTED_EDGE('',*,*,#2415,.T.);
#845=ORIENTED_EDGE('',*,*,#2709,.T.);
#846=ORIENTED_EDGE('',*,*,#2710,.T.);
#847=ORIENTED_EDGE('',*,*,#2359,.T.);
#848=ORIENTED_EDGE('',*,*,#2327,.T.);
#849=ORIENTED_EDGE('',*,*,#2284,.T.);
#850=ORIENTED_EDGE('',*,*,#2434,.T.);
#851=ORIENTED_EDGE('',*,*,#2487,.F.);
#852=ORIENTED_EDGE('',*,*,#2711,.F.);
#853=ORIENTED_EDGE('',*,*,#2712,.F.);
#854=ORIENTED_EDGE('',*,*,#2432,.T.);
#855=ORIENTED_EDGE('',*,*,#2282,.T.);
#856=ORIENTED_EDGE('',*,*,#2326,.T.);
#857=ORIENTED_EDGE('',*,*,#2358,.F.);
#858=ORIENTED_EDGE('',*,*,#2713,.F.);
#859=ORIENTED_EDGE('',*,*,#2714,.T.);
#860=ORIENTED_EDGE('',*,*,#2421,.F.);
#861=ORIENTED_EDGE('',*,*,#2715,.F.);
#862=ORIENTED_EDGE('',*,*,#2716,.T.);
#863=ORIENTED_EDGE('',*,*,#2488,.F.);
#864=ORIENTED_EDGE('',*,*,#2419,.T.);
#865=ORIENTED_EDGE('',*,*,#2717,.T.);
#866=ORIENTED_EDGE('',*,*,#2718,.T.);
#867=ORIENTED_EDGE('',*,*,#2356,.T.);
#868=ORIENTED_EDGE('',*,*,#2324,.T.);
#869=ORIENTED_EDGE('',*,*,#2280,.T.);
#870=ORIENTED_EDGE('',*,*,#2431,.T.);
#871=ORIENTED_EDGE('',*,*,#2490,.F.);
#872=ORIENTED_EDGE('',*,*,#2719,.F.);
#873=ORIENTED_EDGE('',*,*,#2720,.F.);
#874=ORIENTED_EDGE('',*,*,#2423,.T.);
#875=ORIENTED_EDGE('',*,*,#2721,.T.);
#876=ORIENTED_EDGE('',*,*,#2722,.T.);
#877=ORIENTED_EDGE('',*,*,#2353,.T.);
#878=ORIENTED_EDGE('',*,*,#2320,.T.);
#879=ORIENTED_EDGE('',*,*,#2270,.T.);
#880=ORIENTED_EDGE('',*,*,#2426,.T.);
#881=ORIENTED_EDGE('',*,*,#2460,.F.);
#882=ORIENTED_EDGE('',*,*,#2723,.F.);
#883=ORIENTED_EDGE('',*,*,#2724,.F.);
#884=ORIENTED_EDGE('',*,*,#2429,.T.);
#885=ORIENTED_EDGE('',*,*,#2278,.T.);
#886=ORIENTED_EDGE('',*,*,#2323,.T.);
#887=ORIENTED_EDGE('',*,*,#2355,.F.);
#888=ORIENTED_EDGE('',*,*,#2725,.F.);
#889=ORIENTED_EDGE('',*,*,#2726,.T.);
#890=ORIENTED_EDGE('',*,*,#2425,.F.);
#891=ORIENTED_EDGE('',*,*,#2727,.F.);
#892=ORIENTED_EDGE('',*,*,#2728,.T.);
#893=ORIENTED_EDGE('',*,*,#2491,.F.);
#894=ORIENTED_EDGE('',*,*,#2724,.T.);
#895=ORIENTED_EDGE('',*,*,#2729,.T.);
#896=ORIENTED_EDGE('',*,*,#2727,.T.);
#897=ORIENTED_EDGE('',*,*,#2424,.F.);
#898=ORIENTED_EDGE('',*,*,#2459,.T.);
#899=ORIENTED_EDGE('',*,*,#2728,.F.);
#900=ORIENTED_EDGE('',*,*,#2729,.F.);
#901=ORIENTED_EDGE('',*,*,#2723,.T.);
#902=ORIENTED_EDGE('',*,*,#2720,.T.);
#903=ORIENTED_EDGE('',*,*,#2730,.T.);
#904=ORIENTED_EDGE('',*,*,#2715,.T.);
#905=ORIENTED_EDGE('',*,*,#2420,.F.);
#906=ORIENTED_EDGE('',*,*,#2489,.T.);
#907=ORIENTED_EDGE('',*,*,#2716,.F.);
#908=ORIENTED_EDGE('',*,*,#2730,.F.);
#909=ORIENTED_EDGE('',*,*,#2719,.T.);
#910=ORIENTED_EDGE('',*,*,#2712,.T.);
#911=ORIENTED_EDGE('',*,*,#2731,.T.);
#912=ORIENTED_EDGE('',*,*,#2707,.T.);
#913=ORIENTED_EDGE('',*,*,#2416,.F.);
#914=ORIENTED_EDGE('',*,*,#2486,.T.);
#915=ORIENTED_EDGE('',*,*,#2708,.F.);
#916=ORIENTED_EDGE('',*,*,#2731,.F.);
#917=ORIENTED_EDGE('',*,*,#2711,.T.);
#918=ORIENTED_EDGE('',*,*,#2704,.T.);
#919=ORIENTED_EDGE('',*,*,#2732,.T.);
#920=ORIENTED_EDGE('',*,*,#2699,.T.);
#921=ORIENTED_EDGE('',*,*,#2412,.F.);
#922=ORIENTED_EDGE('',*,*,#2483,.T.);
#923=ORIENTED_EDGE('',*,*,#2700,.F.);
#924=ORIENTED_EDGE('',*,*,#2732,.F.);
#925=ORIENTED_EDGE('',*,*,#2703,.T.);
#926=ORIENTED_EDGE('',*,*,#2696,.T.);
#927=ORIENTED_EDGE('',*,*,#2733,.T.);
#928=ORIENTED_EDGE('',*,*,#2691,.T.);
#929=ORIENTED_EDGE('',*,*,#2408,.F.);
#930=ORIENTED_EDGE('',*,*,#2480,.T.);
#931=ORIENTED_EDGE('',*,*,#2692,.F.);
#932=ORIENTED_EDGE('',*,*,#2733,.F.);
#933=ORIENTED_EDGE('',*,*,#2695,.T.);
#934=ORIENTED_EDGE('',*,*,#2688,.T.);
#935=ORIENTED_EDGE('',*,*,#2734,.T.);
#936=ORIENTED_EDGE('',*,*,#2683,.T.);
#937=ORIENTED_EDGE('',*,*,#2404,.F.);
#938=ORIENTED_EDGE('',*,*,#2477,.T.);
#939=ORIENTED_EDGE('',*,*,#2684,.F.);
#940=ORIENTED_EDGE('',*,*,#2734,.F.);
#941=ORIENTED_EDGE('',*,*,#2687,.T.);
#942=ORIENTED_EDGE('',*,*,#2680,.T.);
#943=ORIENTED_EDGE('',*,*,#2735,.T.);
#944=ORIENTED_EDGE('',*,*,#2675,.T.);
#945=ORIENTED_EDGE('',*,*,#2400,.F.);
#946=ORIENTED_EDGE('',*,*,#2474,.T.);
#947=ORIENTED_EDGE('',*,*,#2676,.F.);
#948=ORIENTED_EDGE('',*,*,#2735,.F.);
#949=ORIENTED_EDGE('',*,*,#2679,.T.);
#950=ORIENTED_EDGE('',*,*,#2672,.T.);
#951=ORIENTED_EDGE('',*,*,#2736,.T.);
#952=ORIENTED_EDGE('',*,*,#2667,.T.);
#953=ORIENTED_EDGE('',*,*,#2396,.F.);
#954=ORIENTED_EDGE('',*,*,#2471,.T.);
#955=ORIENTED_EDGE('',*,*,#2668,.F.);
#956=ORIENTED_EDGE('',*,*,#2736,.F.);
#957=ORIENTED_EDGE('',*,*,#2671,.T.);
#958=ORIENTED_EDGE('',*,*,#2664,.T.);
#959=ORIENTED_EDGE('',*,*,#2737,.T.);
#960=ORIENTED_EDGE('',*,*,#2659,.T.);
#961=ORIENTED_EDGE('',*,*,#2392,.F.);
#962=ORIENTED_EDGE('',*,*,#2468,.T.);
#963=ORIENTED_EDGE('',*,*,#2660,.F.);
#964=ORIENTED_EDGE('',*,*,#2737,.F.);
#965=ORIENTED_EDGE('',*,*,#2663,.T.);
#966=ORIENTED_EDGE('',*,*,#2656,.T.);
#967=ORIENTED_EDGE('',*,*,#2738,.T.);
#968=ORIENTED_EDGE('',*,*,#2651,.T.);
#969=ORIENTED_EDGE('',*,*,#2388,.F.);
#970=ORIENTED_EDGE('',*,*,#2465,.T.);
#971=ORIENTED_EDGE('',*,*,#2652,.F.);
#972=ORIENTED_EDGE('',*,*,#2738,.F.);
#973=ORIENTED_EDGE('',*,*,#2655,.T.);
#974=ORIENTED_EDGE('',*,*,#2381,.F.);
#975=ORIENTED_EDGE('',*,*,#2654,.F.);
#976=ORIENTED_EDGE('',*,*,#2739,.T.);
#977=ORIENTED_EDGE('',*,*,#2649,.T.);
#978=ORIENTED_EDGE('',*,*,#2386,.T.);
#979=ORIENTED_EDGE('',*,*,#2650,.F.);
#980=ORIENTED_EDGE('',*,*,#2739,.F.);
#981=ORIENTED_EDGE('',*,*,#2653,.F.);
#982=ORIENTED_EDGE('',*,*,#2378,.F.);
#983=ORIENTED_EDGE('',*,*,#2662,.F.);
#984=ORIENTED_EDGE('',*,*,#2740,.T.);
#985=ORIENTED_EDGE('',*,*,#2657,.T.);
#986=ORIENTED_EDGE('',*,*,#2390,.T.);
#987=ORIENTED_EDGE('',*,*,#2658,.F.);
#988=ORIENTED_EDGE('',*,*,#2740,.F.);
#989=ORIENTED_EDGE('',*,*,#2661,.F.);
#990=ORIENTED_EDGE('',*,*,#2375,.F.);
#991=ORIENTED_EDGE('',*,*,#2670,.F.);
#992=ORIENTED_EDGE('',*,*,#2741,.T.);
#993=ORIENTED_EDGE('',*,*,#2665,.T.);
#994=ORIENTED_EDGE('',*,*,#2394,.T.);
#995=ORIENTED_EDGE('',*,*,#2666,.F.);
#996=ORIENTED_EDGE('',*,*,#2741,.F.);
#997=ORIENTED_EDGE('',*,*,#2669,.F.);
#998=ORIENTED_EDGE('',*,*,#2372,.F.);
#999=ORIENTED_EDGE('',*,*,#2678,.F.);
#1000=ORIENTED_EDGE('',*,*,#2742,.T.);
#1001=ORIENTED_EDGE('',*,*,#2673,.T.);
#1002=ORIENTED_EDGE('',*,*,#2398,.T.);
#1003=ORIENTED_EDGE('',*,*,#2674,.F.);
#1004=ORIENTED_EDGE('',*,*,#2742,.F.);
#1005=ORIENTED_EDGE('',*,*,#2677,.F.);
#1006=ORIENTED_EDGE('',*,*,#2369,.F.);
#1007=ORIENTED_EDGE('',*,*,#2686,.F.);
#1008=ORIENTED_EDGE('',*,*,#2743,.T.);
#1009=ORIENTED_EDGE('',*,*,#2681,.T.);
#1010=ORIENTED_EDGE('',*,*,#2402,.T.);
#1011=ORIENTED_EDGE('',*,*,#2682,.F.);
#1012=ORIENTED_EDGE('',*,*,#2743,.F.);
#1013=ORIENTED_EDGE('',*,*,#2685,.F.);
#1014=ORIENTED_EDGE('',*,*,#2366,.F.);
#1015=ORIENTED_EDGE('',*,*,#2694,.F.);
#1016=ORIENTED_EDGE('',*,*,#2744,.T.);
#1017=ORIENTED_EDGE('',*,*,#2689,.T.);
#1018=ORIENTED_EDGE('',*,*,#2406,.T.);
#1019=ORIENTED_EDGE('',*,*,#2690,.F.);
#1020=ORIENTED_EDGE('',*,*,#2744,.F.);
#1021=ORIENTED_EDGE('',*,*,#2693,.F.);
#1022=ORIENTED_EDGE('',*,*,#2363,.F.);
#1023=ORIENTED_EDGE('',*,*,#2702,.F.);
#1024=ORIENTED_EDGE('',*,*,#2745,.T.);
#1025=ORIENTED_EDGE('',*,*,#2697,.T.);
#1026=ORIENTED_EDGE('',*,*,#2410,.T.);
#1027=ORIENTED_EDGE('',*,*,#2698,.F.);
#1028=ORIENTED_EDGE('',*,*,#2745,.F.);
#1029=ORIENTED_EDGE('',*,*,#2701,.F.);
#1030=ORIENTED_EDGE('',*,*,#2360,.F.);
#1031=ORIENTED_EDGE('',*,*,#2710,.F.);
#1032=ORIENTED_EDGE('',*,*,#2746,.T.);
#1033=ORIENTED_EDGE('',*,*,#2705,.T.);
#1034=ORIENTED_EDGE('',*,*,#2414,.T.);
#1035=ORIENTED_EDGE('',*,*,#2706,.F.);
#1036=ORIENTED_EDGE('',*,*,#2746,.F.);
#1037=ORIENTED_EDGE('',*,*,#2709,.F.);
#1038=ORIENTED_EDGE('',*,*,#2357,.F.);
#1039=ORIENTED_EDGE('',*,*,#2718,.F.);
#1040=ORIENTED_EDGE('',*,*,#2747,.T.);
#1041=ORIENTED_EDGE('',*,*,#2713,.T.);
#1042=ORIENTED_EDGE('',*,*,#2418,.T.);
#1043=ORIENTED_EDGE('',*,*,#2714,.F.);
#1044=ORIENTED_EDGE('',*,*,#2747,.F.);
#1045=ORIENTED_EDGE('',*,*,#2717,.F.);
#1046=ORIENTED_EDGE('',*,*,#2354,.F.);
#1047=ORIENTED_EDGE('',*,*,#2722,.F.);
#1048=ORIENTED_EDGE('',*,*,#2748,.T.);
#1049=ORIENTED_EDGE('',*,*,#2725,.T.);
#1050=ORIENTED_EDGE('',*,*,#2422,.T.);
#1051=ORIENTED_EDGE('',*,*,#2726,.F.);
#1052=ORIENTED_EDGE('',*,*,#2748,.F.);
#1053=ORIENTED_EDGE('',*,*,#2721,.F.);
#1054=ORIENTED_EDGE('',*,*,#2749,.F.);
#1055=ORIENTED_EDGE('',*,*,#2750,.F.);
#1056=ORIENTED_EDGE('',*,*,#2751,.T.);
#1057=ORIENTED_EDGE('',*,*,#2622,.F.);
#1058=ORIENTED_EDGE('',*,*,#2584,.F.);
#1059=ORIENTED_EDGE('',*,*,#2623,.F.);
#1060=ORIENTED_EDGE('',*,*,#2751,.F.);
#1061=ORIENTED_EDGE('',*,*,#2752,.F.);
#1062=ORIENTED_EDGE('',*,*,#2616,.F.);
#1063=ORIENTED_EDGE('',*,*,#2753,.F.);
#1064=ORIENTED_EDGE('',*,*,#2749,.T.);
#1065=ORIENTED_EDGE('',*,*,#2621,.F.);
#1066=ORIENTED_EDGE('',*,*,#2267,.F.);
#1067=ORIENTED_EDGE('',*,*,#2586,.F.);
#1068=ORIENTED_EDGE('',*,*,#2585,.T.);
#1069=ORIENTED_EDGE('',*,*,#2752,.T.);
#1070=ORIENTED_EDGE('',*,*,#2750,.T.);
#1071=ORIENTED_EDGE('',*,*,#2753,.T.);
#1072=ORIENTED_EDGE('',*,*,#2754,.F.);
#1073=ORIENTED_EDGE('',*,*,#2755,.T.);
#1074=ORIENTED_EDGE('',*,*,#2624,.F.);
#1075=ORIENTED_EDGE('',*,*,#2582,.F.);
#1076=ORIENTED_EDGE('',*,*,#2615,.F.);
#1077=ORIENTED_EDGE('',*,*,#2755,.F.);
#1078=ORIENTED_EDGE('',*,*,#2756,.F.);
#1079=ORIENTED_EDGE('',*,*,#2757,.T.);
#1080=ORIENTED_EDGE('',*,*,#2625,.F.);
#1081=ORIENTED_EDGE('',*,*,#2265,.F.);
#1082=ORIENTED_EDGE('',*,*,#2626,.F.);
#1083=ORIENTED_EDGE('',*,*,#2757,.F.);
#1084=ORIENTED_EDGE('',*,*,#2758,.F.);
#1085=ORIENTED_EDGE('',*,*,#2613,.F.);
#1086=ORIENTED_EDGE('',*,*,#2614,.T.);
#1087=ORIENTED_EDGE('',*,*,#2758,.T.);
#1088=ORIENTED_EDGE('',*,*,#2756,.T.);
#1089=ORIENTED_EDGE('',*,*,#2754,.T.);
#1090=ORIENTED_EDGE('',*,*,#2759,.F.);
#1091=ORIENTED_EDGE('',*,*,#2760,.T.);
#1092=ORIENTED_EDGE('',*,*,#2627,.F.);
#1093=ORIENTED_EDGE('',*,*,#2263,.F.);
#1094=ORIENTED_EDGE('',*,*,#2612,.F.);
#1095=ORIENTED_EDGE('',*,*,#2760,.F.);
#1096=ORIENTED_EDGE('',*,*,#2761,.F.);
#1097=ORIENTED_EDGE('',*,*,#2762,.T.);
#1098=ORIENTED_EDGE('',*,*,#2628,.F.);
#1099=ORIENTED_EDGE('',*,*,#2261,.F.);
#1100=ORIENTED_EDGE('',*,*,#2629,.F.);
#1101=ORIENTED_EDGE('',*,*,#2762,.F.);
#1102=ORIENTED_EDGE('',*,*,#2763,.F.);
#1103=ORIENTED_EDGE('',*,*,#2610,.F.);
#1104=ORIENTED_EDGE('',*,*,#2611,.T.);
#1105=ORIENTED_EDGE('',*,*,#2763,.T.);
#1106=ORIENTED_EDGE('',*,*,#2761,.T.);
#1107=ORIENTED_EDGE('',*,*,#2759,.T.);
#1108=ORIENTED_EDGE('',*,*,#2764,.F.);
#1109=ORIENTED_EDGE('',*,*,#2765,.T.);
#1110=ORIENTED_EDGE('',*,*,#2630,.F.);
#1111=ORIENTED_EDGE('',*,*,#2259,.F.);
#1112=ORIENTED_EDGE('',*,*,#2609,.F.);
#1113=ORIENTED_EDGE('',*,*,#2765,.F.);
#1114=ORIENTED_EDGE('',*,*,#2766,.F.);
#1115=ORIENTED_EDGE('',*,*,#2767,.T.);
#1116=ORIENTED_EDGE('',*,*,#2631,.F.);
#1117=ORIENTED_EDGE('',*,*,#2257,.F.);
#1118=ORIENTED_EDGE('',*,*,#2632,.F.);
#1119=ORIENTED_EDGE('',*,*,#2767,.F.);
#1120=ORIENTED_EDGE('',*,*,#2768,.F.);
#1121=ORIENTED_EDGE('',*,*,#2607,.F.);
#1122=ORIENTED_EDGE('',*,*,#2608,.T.);
#1123=ORIENTED_EDGE('',*,*,#2768,.T.);
#1124=ORIENTED_EDGE('',*,*,#2766,.T.);
#1125=ORIENTED_EDGE('',*,*,#2764,.T.);
#1126=ORIENTED_EDGE('',*,*,#2769,.F.);
#1127=ORIENTED_EDGE('',*,*,#2770,.T.);
#1128=ORIENTED_EDGE('',*,*,#2633,.F.);
#1129=ORIENTED_EDGE('',*,*,#2255,.F.);
#1130=ORIENTED_EDGE('',*,*,#2606,.F.);
#1131=ORIENTED_EDGE('',*,*,#2770,.F.);
#1132=ORIENTED_EDGE('',*,*,#2771,.F.);
#1133=ORIENTED_EDGE('',*,*,#2772,.T.);
#1134=ORIENTED_EDGE('',*,*,#2634,.F.);
#1135=ORIENTED_EDGE('',*,*,#2253,.F.);
#1136=ORIENTED_EDGE('',*,*,#2635,.F.);
#1137=ORIENTED_EDGE('',*,*,#2772,.F.);
#1138=ORIENTED_EDGE('',*,*,#2773,.F.);
#1139=ORIENTED_EDGE('',*,*,#2604,.F.);
#1140=ORIENTED_EDGE('',*,*,#2605,.T.);
#1141=ORIENTED_EDGE('',*,*,#2773,.T.);
#1142=ORIENTED_EDGE('',*,*,#2771,.T.);
#1143=ORIENTED_EDGE('',*,*,#2769,.T.);
#1144=ORIENTED_EDGE('',*,*,#2774,.F.);
#1145=ORIENTED_EDGE('',*,*,#2775,.T.);
#1146=ORIENTED_EDGE('',*,*,#2636,.F.);
#1147=ORIENTED_EDGE('',*,*,#2251,.F.);
#1148=ORIENTED_EDGE('',*,*,#2603,.F.);
#1149=ORIENTED_EDGE('',*,*,#2775,.F.);
#1150=ORIENTED_EDGE('',*,*,#2776,.F.);
#1151=ORIENTED_EDGE('',*,*,#2777,.T.);
#1152=ORIENTED_EDGE('',*,*,#2637,.F.);
#1153=ORIENTED_EDGE('',*,*,#2249,.F.);
#1154=ORIENTED_EDGE('',*,*,#2638,.F.);
#1155=ORIENTED_EDGE('',*,*,#2777,.F.);
#1156=ORIENTED_EDGE('',*,*,#2778,.F.);
#1157=ORIENTED_EDGE('',*,*,#2601,.F.);
#1158=ORIENTED_EDGE('',*,*,#2602,.T.);
#1159=ORIENTED_EDGE('',*,*,#2778,.T.);
#1160=ORIENTED_EDGE('',*,*,#2776,.T.);
#1161=ORIENTED_EDGE('',*,*,#2774,.T.);
#1162=ORIENTED_EDGE('',*,*,#2779,.F.);
#1163=ORIENTED_EDGE('',*,*,#2780,.T.);
#1164=ORIENTED_EDGE('',*,*,#2639,.F.);
#1165=ORIENTED_EDGE('',*,*,#2247,.F.);
#1166=ORIENTED_EDGE('',*,*,#2600,.F.);
#1167=ORIENTED_EDGE('',*,*,#2780,.F.);
#1168=ORIENTED_EDGE('',*,*,#2781,.F.);
#1169=ORIENTED_EDGE('',*,*,#2782,.T.);
#1170=ORIENTED_EDGE('',*,*,#2640,.F.);
#1171=ORIENTED_EDGE('',*,*,#2245,.F.);
#1172=ORIENTED_EDGE('',*,*,#2641,.F.);
#1173=ORIENTED_EDGE('',*,*,#2782,.F.);
#1174=ORIENTED_EDGE('',*,*,#2783,.F.);
#1175=ORIENTED_EDGE('',*,*,#2598,.F.);
#1176=ORIENTED_EDGE('',*,*,#2599,.T.);
#1177=ORIENTED_EDGE('',*,*,#2783,.T.);
#1178=ORIENTED_EDGE('',*,*,#2781,.T.);
#1179=ORIENTED_EDGE('',*,*,#2779,.T.);
#1180=ORIENTED_EDGE('',*,*,#2784,.F.);
#1181=ORIENTED_EDGE('',*,*,#2785,.T.);
#1182=ORIENTED_EDGE('',*,*,#2642,.F.);
#1183=ORIENTED_EDGE('',*,*,#2243,.F.);
#1184=ORIENTED_EDGE('',*,*,#2597,.F.);
#1185=ORIENTED_EDGE('',*,*,#2785,.F.);
#1186=ORIENTED_EDGE('',*,*,#2786,.F.);
#1187=ORIENTED_EDGE('',*,*,#2787,.T.);
#1188=ORIENTED_EDGE('',*,*,#2643,.F.);
#1189=ORIENTED_EDGE('',*,*,#2241,.F.);
#1190=ORIENTED_EDGE('',*,*,#2644,.F.);
#1191=ORIENTED_EDGE('',*,*,#2787,.F.);
#1192=ORIENTED_EDGE('',*,*,#2788,.F.);
#1193=ORIENTED_EDGE('',*,*,#2595,.F.);
#1194=ORIENTED_EDGE('',*,*,#2596,.T.);
#1195=ORIENTED_EDGE('',*,*,#2788,.T.);
#1196=ORIENTED_EDGE('',*,*,#2786,.T.);
#1197=ORIENTED_EDGE('',*,*,#2784,.T.);
#1198=ORIENTED_EDGE('',*,*,#2789,.F.);
#1199=ORIENTED_EDGE('',*,*,#2790,.T.);
#1200=ORIENTED_EDGE('',*,*,#2645,.F.);
#1201=ORIENTED_EDGE('',*,*,#2239,.F.);
#1202=ORIENTED_EDGE('',*,*,#2594,.F.);
#1203=ORIENTED_EDGE('',*,*,#2790,.F.);
#1204=ORIENTED_EDGE('',*,*,#2791,.F.);
#1205=ORIENTED_EDGE('',*,*,#2792,.T.);
#1206=ORIENTED_EDGE('',*,*,#2646,.F.);
#1207=ORIENTED_EDGE('',*,*,#2237,.F.);
#1208=ORIENTED_EDGE('',*,*,#2647,.F.);
#1209=ORIENTED_EDGE('',*,*,#2792,.F.);
#1210=ORIENTED_EDGE('',*,*,#2793,.F.);
#1211=ORIENTED_EDGE('',*,*,#2592,.F.);
#1212=ORIENTED_EDGE('',*,*,#2593,.T.);
#1213=ORIENTED_EDGE('',*,*,#2793,.T.);
#1214=ORIENTED_EDGE('',*,*,#2791,.T.);
#1215=ORIENTED_EDGE('',*,*,#2789,.T.);
#1216=ORIENTED_EDGE('',*,*,#2590,.T.);
#1217=ORIENTED_EDGE('',*,*,#2794,.T.);
#1218=ORIENTED_EDGE('',*,*,#2795,.T.);
#1219=ORIENTED_EDGE('',*,*,#2796,.T.);
#1220=ORIENTED_EDGE('',*,*,#2231,.F.);
#1221=ORIENTED_EDGE('',*,*,#2618,.F.);
#1222=ORIENTED_EDGE('',*,*,#2797,.F.);
#1223=ORIENTED_EDGE('',*,*,#2794,.F.);
#1224=ORIENTED_EDGE('',*,*,#2589,.F.);
#1225=ORIENTED_EDGE('',*,*,#2798,.F.);
#1226=ORIENTED_EDGE('',*,*,#2795,.F.);
#1227=ORIENTED_EDGE('',*,*,#2797,.T.);
#1228=ORIENTED_EDGE('',*,*,#2617,.F.);
#1229=ORIENTED_EDGE('',*,*,#2796,.F.);
#1230=ORIENTED_EDGE('',*,*,#2798,.T.);
#1231=ORIENTED_EDGE('',*,*,#2648,.F.);
#1232=ORIENTED_EDGE('',*,*,#2235,.F.);
#1233=ORIENTED_EDGE('',*,*,#2591,.F.);
#1234=ORIENTED_EDGE('',*,*,#2799,.T.);
#1235=ORIENTED_EDGE('',*,*,#2800,.T.);
#1236=ORIENTED_EDGE('',*,*,#2801,.T.);
#1237=ORIENTED_EDGE('',*,*,#2802,.T.);
#1238=ORIENTED_EDGE('',*,*,#2803,.T.);
#1239=ORIENTED_EDGE('',*,*,#2804,.T.);
#1240=ORIENTED_EDGE('',*,*,#2805,.F.);
#1241=ORIENTED_EDGE('',*,*,#2806,.F.);
#1242=ORIENTED_EDGE('',*,*,#2807,.F.);
#1243=ORIENTED_EDGE('',*,*,#2808,.F.);
#1244=ORIENTED_EDGE('',*,*,#2809,.F.);
#1245=ORIENTED_EDGE('',*,*,#2810,.F.);
#1246=ORIENTED_EDGE('',*,*,#2811,.F.);
#1247=ORIENTED_EDGE('',*,*,#2812,.F.);
#1248=ORIENTED_EDGE('',*,*,#2813,.F.);
#1249=ORIENTED_EDGE('',*,*,#2814,.T.);
#1250=ORIENTED_EDGE('',*,*,#2815,.F.);
#1251=ORIENTED_EDGE('',*,*,#2816,.F.);
#1252=ORIENTED_EDGE('',*,*,#2817,.F.);
#1253=ORIENTED_EDGE('',*,*,#2818,.T.);
#1254=ORIENTED_EDGE('',*,*,#2819,.F.);
#1255=ORIENTED_EDGE('',*,*,#2820,.F.);
#1256=ORIENTED_EDGE('',*,*,#2821,.F.);
#1257=ORIENTED_EDGE('',*,*,#2822,.T.);
#1258=ORIENTED_EDGE('',*,*,#2823,.F.);
#1259=ORIENTED_EDGE('',*,*,#2824,.F.);
#1260=ORIENTED_EDGE('',*,*,#2825,.F.);
#1261=ORIENTED_EDGE('',*,*,#2826,.T.);
#1262=ORIENTED_EDGE('',*,*,#2827,.F.);
#1263=ORIENTED_EDGE('',*,*,#2828,.F.);
#1264=ORIENTED_EDGE('',*,*,#2829,.F.);
#1265=ORIENTED_EDGE('',*,*,#2830,.T.);
#1266=ORIENTED_EDGE('',*,*,#2831,.F.);
#1267=ORIENTED_EDGE('',*,*,#2832,.F.);
#1268=ORIENTED_EDGE('',*,*,#2833,.T.);
#1269=ORIENTED_EDGE('',*,*,#2834,.F.);
#1270=ORIENTED_EDGE('',*,*,#2835,.F.);
#1271=ORIENTED_EDGE('',*,*,#2836,.F.);
#1272=ORIENTED_EDGE('',*,*,#2837,.T.);
#1273=ORIENTED_EDGE('',*,*,#2838,.F.);
#1274=ORIENTED_EDGE('',*,*,#2839,.F.);
#1275=ORIENTED_EDGE('',*,*,#2840,.F.);
#1276=ORIENTED_EDGE('',*,*,#2841,.T.);
#1277=ORIENTED_EDGE('',*,*,#2842,.F.);
#1278=ORIENTED_EDGE('',*,*,#2843,.F.);
#1279=ORIENTED_EDGE('',*,*,#2844,.F.);
#1280=ORIENTED_EDGE('',*,*,#2845,.T.);
#1281=ORIENTED_EDGE('',*,*,#2846,.F.);
#1282=ORIENTED_EDGE('',*,*,#2847,.F.);
#1283=ORIENTED_EDGE('',*,*,#2848,.F.);
#1284=ORIENTED_EDGE('',*,*,#2849,.T.);
#1285=ORIENTED_EDGE('',*,*,#2850,.F.);
#1286=ORIENTED_EDGE('',*,*,#2851,.F.);
#1287=ORIENTED_EDGE('',*,*,#2805,.T.);
#1288=ORIENTED_EDGE('',*,*,#2852,.F.);
#1289=ORIENTED_EDGE('',*,*,#2800,.F.);
#1290=ORIENTED_EDGE('',*,*,#2853,.F.);
#1291=ORIENTED_EDGE('',*,*,#2854,.F.);
#1292=ORIENTED_EDGE('',*,*,#2855,.T.);
#1293=ORIENTED_EDGE('',*,*,#2856,.F.);
#1294=ORIENTED_EDGE('',*,*,#2857,.F.);
#1295=ORIENTED_EDGE('',*,*,#2858,.F.);
#1296=ORIENTED_EDGE('',*,*,#2859,.T.);
#1297=ORIENTED_EDGE('',*,*,#2860,.F.);
#1298=ORIENTED_EDGE('',*,*,#2861,.F.);
#1299=ORIENTED_EDGE('',*,*,#2862,.F.);
#1300=ORIENTED_EDGE('',*,*,#2863,.T.);
#1301=ORIENTED_EDGE('',*,*,#2864,.F.);
#1302=ORIENTED_EDGE('',*,*,#2865,.F.);
#1303=ORIENTED_EDGE('',*,*,#2866,.F.);
#1304=ORIENTED_EDGE('',*,*,#2867,.T.);
#1305=ORIENTED_EDGE('',*,*,#2868,.F.);
#1306=ORIENTED_EDGE('',*,*,#2869,.F.);
#1307=ORIENTED_EDGE('',*,*,#2870,.F.);
#1308=ORIENTED_EDGE('',*,*,#2871,.T.);
#1309=ORIENTED_EDGE('',*,*,#2872,.F.);
#1310=ORIENTED_EDGE('',*,*,#2873,.F.);
#1311=ORIENTED_EDGE('',*,*,#2874,.F.);
#1312=ORIENTED_EDGE('',*,*,#2875,.F.);
#1313=ORIENTED_EDGE('',*,*,#2812,.T.);
#1314=ORIENTED_EDGE('',*,*,#2876,.F.);
#1315=ORIENTED_EDGE('',*,*,#2877,.F.);
#1316=ORIENTED_EDGE('',*,*,#2878,.F.);
#1317=ORIENTED_EDGE('',*,*,#2816,.T.);
#1318=ORIENTED_EDGE('',*,*,#2879,.F.);
#1319=ORIENTED_EDGE('',*,*,#2880,.F.);
#1320=ORIENTED_EDGE('',*,*,#2881,.F.);
#1321=ORIENTED_EDGE('',*,*,#2820,.T.);
#1322=ORIENTED_EDGE('',*,*,#2882,.F.);
#1323=ORIENTED_EDGE('',*,*,#2883,.F.);
#1324=ORIENTED_EDGE('',*,*,#2884,.F.);
#1325=ORIENTED_EDGE('',*,*,#2824,.T.);
#1326=ORIENTED_EDGE('',*,*,#2885,.F.);
#1327=ORIENTED_EDGE('',*,*,#2886,.F.);
#1328=ORIENTED_EDGE('',*,*,#2887,.F.);
#1329=ORIENTED_EDGE('',*,*,#2828,.T.);
#1330=ORIENTED_EDGE('',*,*,#2888,.F.);
#1331=ORIENTED_EDGE('',*,*,#2889,.F.);
#1332=ORIENTED_EDGE('',*,*,#2890,.F.);
#1333=ORIENTED_EDGE('',*,*,#2874,.T.);
#1334=ORIENTED_EDGE('',*,*,#2891,.F.);
#1335=ORIENTED_EDGE('',*,*,#2892,.F.);
#1336=ORIENTED_EDGE('',*,*,#2893,.F.);
#1337=ORIENTED_EDGE('',*,*,#2877,.T.);
#1338=ORIENTED_EDGE('',*,*,#2894,.F.);
#1339=ORIENTED_EDGE('',*,*,#2895,.F.);
#1340=ORIENTED_EDGE('',*,*,#2896,.F.);
#1341=ORIENTED_EDGE('',*,*,#2880,.T.);
#1342=ORIENTED_EDGE('',*,*,#2897,.F.);
#1343=ORIENTED_EDGE('',*,*,#2898,.F.);
#1344=ORIENTED_EDGE('',*,*,#2899,.F.);
#1345=ORIENTED_EDGE('',*,*,#2883,.T.);
#1346=ORIENTED_EDGE('',*,*,#2900,.F.);
#1347=ORIENTED_EDGE('',*,*,#2901,.F.);
#1348=ORIENTED_EDGE('',*,*,#2902,.F.);
#1349=ORIENTED_EDGE('',*,*,#2886,.T.);
#1350=ORIENTED_EDGE('',*,*,#2903,.F.);
#1351=ORIENTED_EDGE('',*,*,#2904,.F.);
#1352=ORIENTED_EDGE('',*,*,#2905,.F.);
#1353=ORIENTED_EDGE('',*,*,#2889,.T.);
#1354=ORIENTED_EDGE('',*,*,#2906,.F.);
#1355=ORIENTED_EDGE('',*,*,#2907,.F.);
#1356=ORIENTED_EDGE('',*,*,#2908,.F.);
#1357=ORIENTED_EDGE('',*,*,#2892,.T.);
#1358=ORIENTED_EDGE('',*,*,#2909,.F.);
#1359=ORIENTED_EDGE('',*,*,#2910,.F.);
#1360=ORIENTED_EDGE('',*,*,#2911,.F.);
#1361=ORIENTED_EDGE('',*,*,#2895,.T.);
#1362=ORIENTED_EDGE('',*,*,#2912,.F.);
#1363=ORIENTED_EDGE('',*,*,#2913,.F.);
#1364=ORIENTED_EDGE('',*,*,#2914,.F.);
#1365=ORIENTED_EDGE('',*,*,#2898,.T.);
#1366=ORIENTED_EDGE('',*,*,#2915,.F.);
#1367=ORIENTED_EDGE('',*,*,#2916,.F.);
#1368=ORIENTED_EDGE('',*,*,#2917,.F.);
#1369=ORIENTED_EDGE('',*,*,#2901,.T.);
#1370=ORIENTED_EDGE('',*,*,#2918,.F.);
#1371=ORIENTED_EDGE('',*,*,#2919,.F.);
#1372=ORIENTED_EDGE('',*,*,#2920,.F.);
#1373=ORIENTED_EDGE('',*,*,#2904,.T.);
#1374=ORIENTED_EDGE('',*,*,#2921,.F.);
#1375=ORIENTED_EDGE('',*,*,#2922,.F.);
#1376=ORIENTED_EDGE('',*,*,#2923,.F.);
#1377=ORIENTED_EDGE('',*,*,#2907,.T.);
#1378=ORIENTED_EDGE('',*,*,#2924,.F.);
#1379=ORIENTED_EDGE('',*,*,#2925,.F.);
#1380=ORIENTED_EDGE('',*,*,#2926,.F.);
#1381=ORIENTED_EDGE('',*,*,#2910,.T.);
#1382=ORIENTED_EDGE('',*,*,#2927,.F.);
#1383=ORIENTED_EDGE('',*,*,#2928,.F.);
#1384=ORIENTED_EDGE('',*,*,#2929,.F.);
#1385=ORIENTED_EDGE('',*,*,#2913,.T.);
#1386=ORIENTED_EDGE('',*,*,#2930,.F.);
#1387=ORIENTED_EDGE('',*,*,#2931,.F.);
#1388=ORIENTED_EDGE('',*,*,#2932,.F.);
#1389=ORIENTED_EDGE('',*,*,#2916,.T.);
#1390=ORIENTED_EDGE('',*,*,#2933,.F.);
#1391=ORIENTED_EDGE('',*,*,#2934,.F.);
#1392=ORIENTED_EDGE('',*,*,#2935,.F.);
#1393=ORIENTED_EDGE('',*,*,#2919,.T.);
#1394=ORIENTED_EDGE('',*,*,#2936,.F.);
#1395=ORIENTED_EDGE('',*,*,#2937,.F.);
#1396=ORIENTED_EDGE('',*,*,#2938,.F.);
#1397=ORIENTED_EDGE('',*,*,#2922,.T.);
#1398=ORIENTED_EDGE('',*,*,#2939,.F.);
#1399=ORIENTED_EDGE('',*,*,#2940,.F.);
#1400=ORIENTED_EDGE('',*,*,#2941,.F.);
#1401=ORIENTED_EDGE('',*,*,#2925,.T.);
#1402=ORIENTED_EDGE('',*,*,#2942,.F.);
#1403=ORIENTED_EDGE('',*,*,#2943,.F.);
#1404=ORIENTED_EDGE('',*,*,#2944,.F.);
#1405=ORIENTED_EDGE('',*,*,#2928,.T.);
#1406=ORIENTED_EDGE('',*,*,#2945,.F.);
#1407=ORIENTED_EDGE('',*,*,#2946,.F.);
#1408=ORIENTED_EDGE('',*,*,#2947,.F.);
#1409=ORIENTED_EDGE('',*,*,#2931,.T.);
#1410=ORIENTED_EDGE('',*,*,#2934,.T.);
#1411=ORIENTED_EDGE('',*,*,#2948,.T.);
#1412=ORIENTED_EDGE('',*,*,#2871,.F.);
#1413=ORIENTED_EDGE('',*,*,#2949,.T.);
#1414=ORIENTED_EDGE('',*,*,#2937,.T.);
#1415=ORIENTED_EDGE('',*,*,#2950,.T.);
#1416=ORIENTED_EDGE('',*,*,#2867,.F.);
#1417=ORIENTED_EDGE('',*,*,#2951,.T.);
#1418=ORIENTED_EDGE('',*,*,#2940,.T.);
#1419=ORIENTED_EDGE('',*,*,#2952,.T.);
#1420=ORIENTED_EDGE('',*,*,#2863,.F.);
#1421=ORIENTED_EDGE('',*,*,#2953,.T.);
#1422=ORIENTED_EDGE('',*,*,#2943,.T.);
#1423=ORIENTED_EDGE('',*,*,#2954,.T.);
#1424=ORIENTED_EDGE('',*,*,#2859,.F.);
#1425=ORIENTED_EDGE('',*,*,#2955,.T.);
#1426=ORIENTED_EDGE('',*,*,#2946,.T.);
#1427=ORIENTED_EDGE('',*,*,#2956,.T.);
#1428=ORIENTED_EDGE('',*,*,#2855,.F.);
#1429=ORIENTED_EDGE('',*,*,#2957,.T.);
#1430=ORIENTED_EDGE('',*,*,#2958,.T.);
#1431=ORIENTED_EDGE('',*,*,#2830,.F.);
#1432=ORIENTED_EDGE('',*,*,#2959,.T.);
#1433=ORIENTED_EDGE('',*,*,#2960,.F.);
#1434=ORIENTED_EDGE('',*,*,#2961,.T.);
#1435=ORIENTED_EDGE('',*,*,#2826,.F.);
#1436=ORIENTED_EDGE('',*,*,#2962,.T.);
#1437=ORIENTED_EDGE('',*,*,#2963,.F.);
#1438=ORIENTED_EDGE('',*,*,#2964,.T.);
#1439=ORIENTED_EDGE('',*,*,#2822,.F.);
#1440=ORIENTED_EDGE('',*,*,#2965,.T.);
#1441=ORIENTED_EDGE('',*,*,#2966,.F.);
#1442=ORIENTED_EDGE('',*,*,#2967,.T.);
#1443=ORIENTED_EDGE('',*,*,#2818,.F.);
#1444=ORIENTED_EDGE('',*,*,#2968,.T.);
#1445=ORIENTED_EDGE('',*,*,#2969,.F.);
#1446=ORIENTED_EDGE('',*,*,#2970,.T.);
#1447=ORIENTED_EDGE('',*,*,#2814,.F.);
#1448=ORIENTED_EDGE('',*,*,#2971,.T.);
#1449=ORIENTED_EDGE('',*,*,#2972,.F.);
#1450=ORIENTED_EDGE('',*,*,#2973,.F.);
#1451=ORIENTED_EDGE('',*,*,#2974,.F.);
#1452=ORIENTED_EDGE('',*,*,#2975,.F.);
#1453=ORIENTED_EDGE('',*,*,#2976,.F.);
#1454=ORIENTED_EDGE('',*,*,#2977,.F.);
#1455=ORIENTED_EDGE('',*,*,#2978,.F.);
#1456=ORIENTED_EDGE('',*,*,#2979,.F.);
#1457=ORIENTED_EDGE('',*,*,#2980,.F.);
#1458=ORIENTED_EDGE('',*,*,#2981,.F.);
#1459=ORIENTED_EDGE('',*,*,#2982,.F.);
#1460=ORIENTED_EDGE('',*,*,#2983,.F.);
#1461=ORIENTED_EDGE('',*,*,#2984,.F.);
#1462=ORIENTED_EDGE('',*,*,#2985,.F.);
#1463=ORIENTED_EDGE('',*,*,#2986,.F.);
#1464=ORIENTED_EDGE('',*,*,#2987,.F.);
#1465=ORIENTED_EDGE('',*,*,#2988,.F.);
#1466=ORIENTED_EDGE('',*,*,#2989,.F.);
#1467=ORIENTED_EDGE('',*,*,#2990,.F.);
#1468=ORIENTED_EDGE('',*,*,#2991,.F.);
#1469=ORIENTED_EDGE('',*,*,#2992,.F.);
#1470=ORIENTED_EDGE('',*,*,#2993,.F.);
#1471=ORIENTED_EDGE('',*,*,#2804,.F.);
#1472=ORIENTED_EDGE('',*,*,#2994,.F.);
#1473=ORIENTED_EDGE('',*,*,#2995,.F.);
#1474=ORIENTED_EDGE('',*,*,#2996,.T.);
#1475=ORIENTED_EDGE('',*,*,#2997,.F.);
#1476=ORIENTED_EDGE('',*,*,#2998,.F.);
#1477=ORIENTED_EDGE('',*,*,#2999,.F.);
#1478=ORIENTED_EDGE('',*,*,#3000,.T.);
#1479=ORIENTED_EDGE('',*,*,#3001,.F.);
#1480=ORIENTED_EDGE('',*,*,#3002,.F.);
#1481=ORIENTED_EDGE('',*,*,#3003,.F.);
#1482=ORIENTED_EDGE('',*,*,#3004,.T.);
#1483=ORIENTED_EDGE('',*,*,#3005,.F.);
#1484=ORIENTED_EDGE('',*,*,#3006,.F.);
#1485=ORIENTED_EDGE('',*,*,#3007,.F.);
#1486=ORIENTED_EDGE('',*,*,#3008,.T.);
#1487=ORIENTED_EDGE('',*,*,#3009,.F.);
#1488=ORIENTED_EDGE('',*,*,#3010,.F.);
#1489=ORIENTED_EDGE('',*,*,#3011,.F.);
#1490=ORIENTED_EDGE('',*,*,#3012,.T.);
#1491=ORIENTED_EDGE('',*,*,#3013,.F.);
#1492=ORIENTED_EDGE('',*,*,#3014,.F.);
#1493=ORIENTED_EDGE('',*,*,#3015,.F.);
#1494=ORIENTED_EDGE('',*,*,#3016,.T.);
#1495=ORIENTED_EDGE('',*,*,#3017,.F.);
#1496=ORIENTED_EDGE('',*,*,#3018,.F.);
#1497=ORIENTED_EDGE('',*,*,#3019,.F.);
#1498=ORIENTED_EDGE('',*,*,#3020,.T.);
#1499=ORIENTED_EDGE('',*,*,#3021,.F.);
#1500=ORIENTED_EDGE('',*,*,#3022,.F.);
#1501=ORIENTED_EDGE('',*,*,#3023,.F.);
#1502=ORIENTED_EDGE('',*,*,#3024,.T.);
#1503=ORIENTED_EDGE('',*,*,#3025,.F.);
#1504=ORIENTED_EDGE('',*,*,#3026,.F.);
#1505=ORIENTED_EDGE('',*,*,#3027,.F.);
#1506=ORIENTED_EDGE('',*,*,#3028,.T.);
#1507=ORIENTED_EDGE('',*,*,#3029,.F.);
#1508=ORIENTED_EDGE('',*,*,#3030,.F.);
#1509=ORIENTED_EDGE('',*,*,#3031,.F.);
#1510=ORIENTED_EDGE('',*,*,#3032,.T.);
#1511=ORIENTED_EDGE('',*,*,#3033,.F.);
#1512=ORIENTED_EDGE('',*,*,#3034,.F.);
#1513=ORIENTED_EDGE('',*,*,#2807,.T.);
#1514=ORIENTED_EDGE('',*,*,#2975,.T.);
#1515=ORIENTED_EDGE('',*,*,#3035,.T.);
#1516=ORIENTED_EDGE('',*,*,#3036,.F.);
#1517=ORIENTED_EDGE('',*,*,#3037,.T.);
#1518=ORIENTED_EDGE('',*,*,#2979,.T.);
#1519=ORIENTED_EDGE('',*,*,#3038,.T.);
#1520=ORIENTED_EDGE('',*,*,#3039,.F.);
#1521=ORIENTED_EDGE('',*,*,#3040,.T.);
#1522=ORIENTED_EDGE('',*,*,#2983,.T.);
#1523=ORIENTED_EDGE('',*,*,#3041,.T.);
#1524=ORIENTED_EDGE('',*,*,#3042,.F.);
#1525=ORIENTED_EDGE('',*,*,#3043,.T.);
#1526=ORIENTED_EDGE('',*,*,#2987,.T.);
#1527=ORIENTED_EDGE('',*,*,#3044,.T.);
#1528=ORIENTED_EDGE('',*,*,#3045,.F.);
#1529=ORIENTED_EDGE('',*,*,#3046,.T.);
#1530=ORIENTED_EDGE('',*,*,#2991,.T.);
#1531=ORIENTED_EDGE('',*,*,#3047,.T.);
#1532=ORIENTED_EDGE('',*,*,#3048,.F.);
#1533=ORIENTED_EDGE('',*,*,#3049,.T.);
#1534=ORIENTED_EDGE('',*,*,#3050,.F.);
#1535=ORIENTED_EDGE('',*,*,#3051,.F.);
#1536=ORIENTED_EDGE('',*,*,#3052,.F.);
#1537=ORIENTED_EDGE('',*,*,#3036,.T.);
#1538=ORIENTED_EDGE('',*,*,#3053,.F.);
#1539=ORIENTED_EDGE('',*,*,#3054,.F.);
#1540=ORIENTED_EDGE('',*,*,#3055,.F.);
#1541=ORIENTED_EDGE('',*,*,#3039,.T.);
#1542=ORIENTED_EDGE('',*,*,#3056,.F.);
#1543=ORIENTED_EDGE('',*,*,#3057,.F.);
#1544=ORIENTED_EDGE('',*,*,#3058,.F.);
#1545=ORIENTED_EDGE('',*,*,#3042,.T.);
#1546=ORIENTED_EDGE('',*,*,#3059,.F.);
#1547=ORIENTED_EDGE('',*,*,#3060,.F.);
#1548=ORIENTED_EDGE('',*,*,#3061,.F.);
#1549=ORIENTED_EDGE('',*,*,#3045,.T.);
#1550=ORIENTED_EDGE('',*,*,#3062,.F.);
#1551=ORIENTED_EDGE('',*,*,#3063,.F.);
#1552=ORIENTED_EDGE('',*,*,#3064,.F.);
#1553=ORIENTED_EDGE('',*,*,#3048,.T.);
#1554=ORIENTED_EDGE('',*,*,#3065,.F.);
#1555=ORIENTED_EDGE('',*,*,#3066,.F.);
#1556=ORIENTED_EDGE('',*,*,#3067,.F.);
#1557=ORIENTED_EDGE('',*,*,#3051,.T.);
#1558=ORIENTED_EDGE('',*,*,#3068,.F.);
#1559=ORIENTED_EDGE('',*,*,#3069,.F.);
#1560=ORIENTED_EDGE('',*,*,#3070,.F.);
#1561=ORIENTED_EDGE('',*,*,#3054,.T.);
#1562=ORIENTED_EDGE('',*,*,#3071,.F.);
#1563=ORIENTED_EDGE('',*,*,#3072,.F.);
#1564=ORIENTED_EDGE('',*,*,#3073,.F.);
#1565=ORIENTED_EDGE('',*,*,#3057,.T.);
#1566=ORIENTED_EDGE('',*,*,#3074,.F.);
#1567=ORIENTED_EDGE('',*,*,#3075,.F.);
#1568=ORIENTED_EDGE('',*,*,#3076,.F.);
#1569=ORIENTED_EDGE('',*,*,#3060,.T.);
#1570=ORIENTED_EDGE('',*,*,#3077,.F.);
#1571=ORIENTED_EDGE('',*,*,#3078,.F.);
#1572=ORIENTED_EDGE('',*,*,#3079,.F.);
#1573=ORIENTED_EDGE('',*,*,#3063,.T.);
#1574=ORIENTED_EDGE('',*,*,#3080,.F.);
#1575=ORIENTED_EDGE('',*,*,#3081,.F.);
#1576=ORIENTED_EDGE('',*,*,#3082,.F.);
#1577=ORIENTED_EDGE('',*,*,#3066,.T.);
#1578=ORIENTED_EDGE('',*,*,#3083,.F.);
#1579=ORIENTED_EDGE('',*,*,#3084,.F.);
#1580=ORIENTED_EDGE('',*,*,#3085,.F.);
#1581=ORIENTED_EDGE('',*,*,#3069,.T.);
#1582=ORIENTED_EDGE('',*,*,#3086,.F.);
#1583=ORIENTED_EDGE('',*,*,#3087,.F.);
#1584=ORIENTED_EDGE('',*,*,#3088,.F.);
#1585=ORIENTED_EDGE('',*,*,#3072,.T.);
#1586=ORIENTED_EDGE('',*,*,#3089,.F.);
#1587=ORIENTED_EDGE('',*,*,#3090,.F.);
#1588=ORIENTED_EDGE('',*,*,#3091,.F.);
#1589=ORIENTED_EDGE('',*,*,#3075,.T.);
#1590=ORIENTED_EDGE('',*,*,#3092,.F.);
#1591=ORIENTED_EDGE('',*,*,#3093,.F.);
#1592=ORIENTED_EDGE('',*,*,#3094,.F.);
#1593=ORIENTED_EDGE('',*,*,#3078,.T.);
#1594=ORIENTED_EDGE('',*,*,#3095,.F.);
#1595=ORIENTED_EDGE('',*,*,#3096,.F.);
#1596=ORIENTED_EDGE('',*,*,#3097,.F.);
#1597=ORIENTED_EDGE('',*,*,#3081,.T.);
#1598=ORIENTED_EDGE('',*,*,#3098,.F.);
#1599=ORIENTED_EDGE('',*,*,#3099,.F.);
#1600=ORIENTED_EDGE('',*,*,#3100,.F.);
#1601=ORIENTED_EDGE('',*,*,#3084,.T.);
#1602=ORIENTED_EDGE('',*,*,#3101,.F.);
#1603=ORIENTED_EDGE('',*,*,#3102,.F.);
#1604=ORIENTED_EDGE('',*,*,#3103,.F.);
#1605=ORIENTED_EDGE('',*,*,#3087,.T.);
#1606=ORIENTED_EDGE('',*,*,#3104,.F.);
#1607=ORIENTED_EDGE('',*,*,#3105,.F.);
#1608=ORIENTED_EDGE('',*,*,#3106,.F.);
#1609=ORIENTED_EDGE('',*,*,#3090,.T.);
#1610=ORIENTED_EDGE('',*,*,#3107,.F.);
#1611=ORIENTED_EDGE('',*,*,#3108,.F.);
#1612=ORIENTED_EDGE('',*,*,#3109,.F.);
#1613=ORIENTED_EDGE('',*,*,#3093,.T.);
#1614=ORIENTED_EDGE('',*,*,#3110,.F.);
#1615=ORIENTED_EDGE('',*,*,#2849,.F.);
#1616=ORIENTED_EDGE('',*,*,#3111,.F.);
#1617=ORIENTED_EDGE('',*,*,#3096,.T.);
#1618=ORIENTED_EDGE('',*,*,#3112,.F.);
#1619=ORIENTED_EDGE('',*,*,#2845,.F.);
#1620=ORIENTED_EDGE('',*,*,#3113,.F.);
#1621=ORIENTED_EDGE('',*,*,#3099,.T.);
#1622=ORIENTED_EDGE('',*,*,#3114,.F.);
#1623=ORIENTED_EDGE('',*,*,#2841,.F.);
#1624=ORIENTED_EDGE('',*,*,#3115,.F.);
#1625=ORIENTED_EDGE('',*,*,#3102,.T.);
#1626=ORIENTED_EDGE('',*,*,#3116,.F.);
#1627=ORIENTED_EDGE('',*,*,#2837,.F.);
#1628=ORIENTED_EDGE('',*,*,#3117,.F.);
#1629=ORIENTED_EDGE('',*,*,#3105,.T.);
#1630=ORIENTED_EDGE('',*,*,#3118,.F.);
#1631=ORIENTED_EDGE('',*,*,#2833,.F.);
#1632=ORIENTED_EDGE('',*,*,#3119,.F.);
#1633=ORIENTED_EDGE('',*,*,#3108,.T.);
#1634=ORIENTED_EDGE('',*,*,#3120,.F.);
#1635=ORIENTED_EDGE('',*,*,#3121,.T.);
#1636=ORIENTED_EDGE('',*,*,#3122,.F.);
#1637=ORIENTED_EDGE('',*,*,#3123,.F.);
#1638=ORIENTED_EDGE('',*,*,#3124,.F.);
#1639=ORIENTED_EDGE('',*,*,#3125,.T.);
#1640=ORIENTED_EDGE('',*,*,#3126,.F.);
#1641=ORIENTED_EDGE('',*,*,#3127,.F.);
#1642=ORIENTED_EDGE('',*,*,#3128,.F.);
#1643=ORIENTED_EDGE('',*,*,#3129,.T.);
#1644=ORIENTED_EDGE('',*,*,#3130,.F.);
#1645=ORIENTED_EDGE('',*,*,#3131,.F.);
#1646=ORIENTED_EDGE('',*,*,#3132,.F.);
#1647=ORIENTED_EDGE('',*,*,#3133,.T.);
#1648=ORIENTED_EDGE('',*,*,#3134,.F.);
#1649=ORIENTED_EDGE('',*,*,#3135,.F.);
#1650=ORIENTED_EDGE('',*,*,#3136,.F.);
#1651=ORIENTED_EDGE('',*,*,#3137,.T.);
#1652=ORIENTED_EDGE('',*,*,#3138,.F.);
#1653=ORIENTED_EDGE('',*,*,#3139,.F.);
#1654=ORIENTED_EDGE('',*,*,#3140,.F.);
#1655=ORIENTED_EDGE('',*,*,#3141,.T.);
#1656=ORIENTED_EDGE('',*,*,#3142,.F.);
#1657=ORIENTED_EDGE('',*,*,#3143,.F.);
#1658=ORIENTED_EDGE('',*,*,#3144,.F.);
#1659=ORIENTED_EDGE('',*,*,#3145,.T.);
#1660=ORIENTED_EDGE('',*,*,#3146,.F.);
#1661=ORIENTED_EDGE('',*,*,#3147,.F.);
#1662=ORIENTED_EDGE('',*,*,#3148,.F.);
#1663=ORIENTED_EDGE('',*,*,#3149,.T.);
#1664=ORIENTED_EDGE('',*,*,#3150,.F.);
#1665=ORIENTED_EDGE('',*,*,#3151,.F.);
#1666=ORIENTED_EDGE('',*,*,#3152,.F.);
#1667=ORIENTED_EDGE('',*,*,#3153,.T.);
#1668=ORIENTED_EDGE('',*,*,#3154,.F.);
#1669=ORIENTED_EDGE('',*,*,#3155,.F.);
#1670=ORIENTED_EDGE('',*,*,#3156,.F.);
#1671=ORIENTED_EDGE('',*,*,#3157,.T.);
#1672=ORIENTED_EDGE('',*,*,#3158,.F.);
#1673=ORIENTED_EDGE('',*,*,#3159,.F.);
#1674=ORIENTED_EDGE('',*,*,#3160,.F.);
#1675=ORIENTED_EDGE('',*,*,#3123,.T.);
#1676=ORIENTED_EDGE('',*,*,#3161,.F.);
#1677=ORIENTED_EDGE('',*,*,#2996,.F.);
#1678=ORIENTED_EDGE('',*,*,#3162,.F.);
#1679=ORIENTED_EDGE('',*,*,#3127,.T.);
#1680=ORIENTED_EDGE('',*,*,#3163,.F.);
#1681=ORIENTED_EDGE('',*,*,#3000,.F.);
#1682=ORIENTED_EDGE('',*,*,#3164,.F.);
#1683=ORIENTED_EDGE('',*,*,#3131,.T.);
#1684=ORIENTED_EDGE('',*,*,#3165,.F.);
#1685=ORIENTED_EDGE('',*,*,#3004,.F.);
#1686=ORIENTED_EDGE('',*,*,#3166,.F.);
#1687=ORIENTED_EDGE('',*,*,#3135,.T.);
#1688=ORIENTED_EDGE('',*,*,#3167,.F.);
#1689=ORIENTED_EDGE('',*,*,#3008,.F.);
#1690=ORIENTED_EDGE('',*,*,#3168,.F.);
#1691=ORIENTED_EDGE('',*,*,#3139,.T.);
#1692=ORIENTED_EDGE('',*,*,#3169,.F.);
#1693=ORIENTED_EDGE('',*,*,#3012,.F.);
#1694=ORIENTED_EDGE('',*,*,#3170,.F.);
#1695=ORIENTED_EDGE('',*,*,#3143,.T.);
#1696=ORIENTED_EDGE('',*,*,#3171,.F.);
#1697=ORIENTED_EDGE('',*,*,#3016,.F.);
#1698=ORIENTED_EDGE('',*,*,#3172,.F.);
#1699=ORIENTED_EDGE('',*,*,#3147,.T.);
#1700=ORIENTED_EDGE('',*,*,#3173,.F.);
#1701=ORIENTED_EDGE('',*,*,#3020,.F.);
#1702=ORIENTED_EDGE('',*,*,#3174,.F.);
#1703=ORIENTED_EDGE('',*,*,#3151,.T.);
#1704=ORIENTED_EDGE('',*,*,#3175,.F.);
#1705=ORIENTED_EDGE('',*,*,#3024,.F.);
#1706=ORIENTED_EDGE('',*,*,#3176,.F.);
#1707=ORIENTED_EDGE('',*,*,#3155,.T.);
#1708=ORIENTED_EDGE('',*,*,#3177,.F.);
#1709=ORIENTED_EDGE('',*,*,#3028,.F.);
#1710=ORIENTED_EDGE('',*,*,#3178,.F.);
#1711=ORIENTED_EDGE('',*,*,#3159,.T.);
#1712=ORIENTED_EDGE('',*,*,#3179,.F.);
#1713=ORIENTED_EDGE('',*,*,#3032,.F.);
#1714=ORIENTED_EDGE('',*,*,#3180,.F.);
#1715=ORIENTED_EDGE('',*,*,#2802,.F.);
#1716=ORIENTED_EDGE('',*,*,#3181,.T.);
#1717=ORIENTED_EDGE('',*,*,#2809,.T.);
#1718=ORIENTED_EDGE('',*,*,#3182,.F.);
#1719=ORIENTED_EDGE('',*,*,#3183,.F.);
#1720=ORIENTED_EDGE('',*,*,#3184,.F.);
#1721=ORIENTED_EDGE('',*,*,#3185,.F.);
#1722=ORIENTED_EDGE('',*,*,#3186,.F.);
#1723=ORIENTED_EDGE('',*,*,#3187,.F.);
#1724=ORIENTED_EDGE('',*,*,#3188,.F.);
#1725=ORIENTED_EDGE('',*,*,#3189,.F.);
#1726=ORIENTED_EDGE('',*,*,#3190,.F.);
#1727=ORIENTED_EDGE('',*,*,#3191,.F.);
#1728=ORIENTED_EDGE('',*,*,#3192,.F.);
#1729=ORIENTED_EDGE('',*,*,#3193,.F.);
#1730=ORIENTED_EDGE('',*,*,#3194,.F.);
#1731=ORIENTED_EDGE('',*,*,#3195,.F.);
#1732=ORIENTED_EDGE('',*,*,#3196,.F.);
#1733=ORIENTED_EDGE('',*,*,#3197,.F.);
#1734=ORIENTED_EDGE('',*,*,#3198,.F.);
#1735=ORIENTED_EDGE('',*,*,#3199,.F.);
#1736=ORIENTED_EDGE('',*,*,#3200,.F.);
#1737=ORIENTED_EDGE('',*,*,#3201,.F.);
#1738=ORIENTED_EDGE('',*,*,#3202,.F.);
#1739=ORIENTED_EDGE('',*,*,#3203,.F.);
#1740=ORIENTED_EDGE('',*,*,#3204,.F.);
#1741=ORIENTED_EDGE('',*,*,#3205,.F.);
#1742=ORIENTED_EDGE('',*,*,#3206,.F.);
#1743=ORIENTED_EDGE('',*,*,#3207,.F.);
#1744=ORIENTED_EDGE('',*,*,#3208,.F.);
#1745=ORIENTED_EDGE('',*,*,#3209,.F.);
#1746=ORIENTED_EDGE('',*,*,#3210,.F.);
#1747=ORIENTED_EDGE('',*,*,#3211,.F.);
#1748=ORIENTED_EDGE('',*,*,#3212,.F.);
#1749=ORIENTED_EDGE('',*,*,#3213,.F.);
#1750=ORIENTED_EDGE('',*,*,#3214,.F.);
#1751=ORIENTED_EDGE('',*,*,#3215,.F.);
#1752=ORIENTED_EDGE('',*,*,#3216,.F.);
#1753=ORIENTED_EDGE('',*,*,#3217,.F.);
#1754=ORIENTED_EDGE('',*,*,#3218,.F.);
#1755=ORIENTED_EDGE('',*,*,#3219,.F.);
#1756=ORIENTED_EDGE('',*,*,#3220,.F.);
#1757=ORIENTED_EDGE('',*,*,#3221,.F.);
#1758=ORIENTED_EDGE('',*,*,#3222,.F.);
#1759=ORIENTED_EDGE('',*,*,#3220,.T.);
#1760=ORIENTED_EDGE('',*,*,#3223,.F.);
#1761=ORIENTED_EDGE('',*,*,#3121,.F.);
#1762=ORIENTED_EDGE('',*,*,#3224,.F.);
#1763=ORIENTED_EDGE('',*,*,#3216,.T.);
#1764=ORIENTED_EDGE('',*,*,#3225,.F.);
#1765=ORIENTED_EDGE('',*,*,#3125,.F.);
#1766=ORIENTED_EDGE('',*,*,#3226,.F.);
#1767=ORIENTED_EDGE('',*,*,#3212,.T.);
#1768=ORIENTED_EDGE('',*,*,#3227,.F.);
#1769=ORIENTED_EDGE('',*,*,#3129,.F.);
#1770=ORIENTED_EDGE('',*,*,#3228,.F.);
#1771=ORIENTED_EDGE('',*,*,#3208,.T.);
#1772=ORIENTED_EDGE('',*,*,#3229,.F.);
#1773=ORIENTED_EDGE('',*,*,#3133,.F.);
#1774=ORIENTED_EDGE('',*,*,#3230,.F.);
#1775=ORIENTED_EDGE('',*,*,#3204,.T.);
#1776=ORIENTED_EDGE('',*,*,#3231,.F.);
#1777=ORIENTED_EDGE('',*,*,#3137,.F.);
#1778=ORIENTED_EDGE('',*,*,#3232,.F.);
#1779=ORIENTED_EDGE('',*,*,#3200,.T.);
#1780=ORIENTED_EDGE('',*,*,#3233,.F.);
#1781=ORIENTED_EDGE('',*,*,#3141,.F.);
#1782=ORIENTED_EDGE('',*,*,#3234,.F.);
#1783=ORIENTED_EDGE('',*,*,#3196,.T.);
#1784=ORIENTED_EDGE('',*,*,#3235,.F.);
#1785=ORIENTED_EDGE('',*,*,#3145,.F.);
#1786=ORIENTED_EDGE('',*,*,#3236,.F.);
#1787=ORIENTED_EDGE('',*,*,#3192,.T.);
#1788=ORIENTED_EDGE('',*,*,#3237,.F.);
#1789=ORIENTED_EDGE('',*,*,#3149,.F.);
#1790=ORIENTED_EDGE('',*,*,#3238,.F.);
#1791=ORIENTED_EDGE('',*,*,#3188,.T.);
#1792=ORIENTED_EDGE('',*,*,#3239,.F.);
#1793=ORIENTED_EDGE('',*,*,#3153,.F.);
#1794=ORIENTED_EDGE('',*,*,#3240,.F.);
#1795=ORIENTED_EDGE('',*,*,#3184,.T.);
#1796=ORIENTED_EDGE('',*,*,#3241,.F.);
#1797=ORIENTED_EDGE('',*,*,#3157,.F.);
#1798=ORIENTED_EDGE('',*,*,#2810,.T.);
#1799=ORIENTED_EDGE('',*,*,#3181,.F.);
#1800=ORIENTED_EDGE('',*,*,#2801,.F.);
#1801=ORIENTED_EDGE('',*,*,#2852,.T.);
#1802=ORIENTED_EDGE('',*,*,#3034,.T.);
#1803=ORIENTED_EDGE('',*,*,#3242,.F.);
#1804=ORIENTED_EDGE('',*,*,#3182,.T.);
#1805=ORIENTED_EDGE('',*,*,#2808,.T.);
#1806=ORIENTED_EDGE('',*,*,#3033,.T.);
#1807=ORIENTED_EDGE('',*,*,#3179,.T.);
#1808=ORIENTED_EDGE('',*,*,#3158,.T.);
#1809=ORIENTED_EDGE('',*,*,#3241,.T.);
#1810=ORIENTED_EDGE('',*,*,#3183,.T.);
#1811=ORIENTED_EDGE('',*,*,#3242,.T.);
#1812=ORIENTED_EDGE('',*,*,#2994,.T.);
#1813=ORIENTED_EDGE('',*,*,#2803,.F.);
#1814=ORIENTED_EDGE('',*,*,#3180,.T.);
#1815=ORIENTED_EDGE('',*,*,#3243,.T.);
#1816=ORIENTED_EDGE('',*,*,#2995,.T.);
#1817=ORIENTED_EDGE('',*,*,#3243,.F.);
#1818=ORIENTED_EDGE('',*,*,#3221,.T.);
#1819=ORIENTED_EDGE('',*,*,#3222,.T.);
#1820=ORIENTED_EDGE('',*,*,#3120,.T.);
#1821=ORIENTED_EDGE('',*,*,#3160,.T.);
#1822=ORIENTED_EDGE('',*,*,#3029,.T.);
#1823=ORIENTED_EDGE('',*,*,#3177,.T.);
#1824=ORIENTED_EDGE('',*,*,#3154,.T.);
#1825=ORIENTED_EDGE('',*,*,#3239,.T.);
#1826=ORIENTED_EDGE('',*,*,#3187,.T.);
#1827=ORIENTED_EDGE('',*,*,#3244,.T.);
#1828=ORIENTED_EDGE('',*,*,#3031,.T.);
#1829=ORIENTED_EDGE('',*,*,#3245,.F.);
#1830=ORIENTED_EDGE('',*,*,#3185,.T.);
#1831=ORIENTED_EDGE('',*,*,#3240,.T.);
#1832=ORIENTED_EDGE('',*,*,#3156,.T.);
#1833=ORIENTED_EDGE('',*,*,#3178,.T.);
#1834=ORIENTED_EDGE('',*,*,#3030,.T.);
#1835=ORIENTED_EDGE('',*,*,#3244,.F.);
#1836=ORIENTED_EDGE('',*,*,#3186,.T.);
#1837=ORIENTED_EDGE('',*,*,#3245,.T.);
#1838=ORIENTED_EDGE('',*,*,#3025,.T.);
#1839=ORIENTED_EDGE('',*,*,#3175,.T.);
#1840=ORIENTED_EDGE('',*,*,#3150,.T.);
#1841=ORIENTED_EDGE('',*,*,#3237,.T.);
#1842=ORIENTED_EDGE('',*,*,#3191,.T.);
#1843=ORIENTED_EDGE('',*,*,#3246,.T.);
#1844=ORIENTED_EDGE('',*,*,#3027,.T.);
#1845=ORIENTED_EDGE('',*,*,#3247,.F.);
#1846=ORIENTED_EDGE('',*,*,#3189,.T.);
#1847=ORIENTED_EDGE('',*,*,#3238,.T.);
#1848=ORIENTED_EDGE('',*,*,#3152,.T.);
#1849=ORIENTED_EDGE('',*,*,#3176,.T.);
#1850=ORIENTED_EDGE('',*,*,#3026,.T.);
#1851=ORIENTED_EDGE('',*,*,#3246,.F.);
#1852=ORIENTED_EDGE('',*,*,#3190,.T.);
#1853=ORIENTED_EDGE('',*,*,#3247,.T.);
#1854=ORIENTED_EDGE('',*,*,#3021,.T.);
#1855=ORIENTED_EDGE('',*,*,#3173,.T.);
#1856=ORIENTED_EDGE('',*,*,#3146,.T.);
#1857=ORIENTED_EDGE('',*,*,#3235,.T.);
#1858=ORIENTED_EDGE('',*,*,#3195,.T.);
#1859=ORIENTED_EDGE('',*,*,#3248,.T.);
#1860=ORIENTED_EDGE('',*,*,#3023,.T.);
#1861=ORIENTED_EDGE('',*,*,#3249,.F.);
#1862=ORIENTED_EDGE('',*,*,#3193,.T.);
#1863=ORIENTED_EDGE('',*,*,#3236,.T.);
#1864=ORIENTED_EDGE('',*,*,#3148,.T.);
#1865=ORIENTED_EDGE('',*,*,#3174,.T.);
#1866=ORIENTED_EDGE('',*,*,#3022,.T.);
#1867=ORIENTED_EDGE('',*,*,#3248,.F.);
#1868=ORIENTED_EDGE('',*,*,#3194,.T.);
#1869=ORIENTED_EDGE('',*,*,#3249,.T.);
#1870=ORIENTED_EDGE('',*,*,#3017,.T.);
#1871=ORIENTED_EDGE('',*,*,#3171,.T.);
#1872=ORIENTED_EDGE('',*,*,#3142,.T.);
#1873=ORIENTED_EDGE('',*,*,#3233,.T.);
#1874=ORIENTED_EDGE('',*,*,#3199,.T.);
#1875=ORIENTED_EDGE('',*,*,#3250,.T.);
#1876=ORIENTED_EDGE('',*,*,#3019,.T.);
#1877=ORIENTED_EDGE('',*,*,#3251,.F.);
#1878=ORIENTED_EDGE('',*,*,#3197,.T.);
#1879=ORIENTED_EDGE('',*,*,#3234,.T.);
#1880=ORIENTED_EDGE('',*,*,#3144,.T.);
#1881=ORIENTED_EDGE('',*,*,#3172,.T.);
#1882=ORIENTED_EDGE('',*,*,#3018,.T.);
#1883=ORIENTED_EDGE('',*,*,#3250,.F.);
#1884=ORIENTED_EDGE('',*,*,#3198,.T.);
#1885=ORIENTED_EDGE('',*,*,#3251,.T.);
#1886=ORIENTED_EDGE('',*,*,#3013,.T.);
#1887=ORIENTED_EDGE('',*,*,#3169,.T.);
#1888=ORIENTED_EDGE('',*,*,#3138,.T.);
#1889=ORIENTED_EDGE('',*,*,#3231,.T.);
#1890=ORIENTED_EDGE('',*,*,#3203,.T.);
#1891=ORIENTED_EDGE('',*,*,#3252,.T.);
#1892=ORIENTED_EDGE('',*,*,#3015,.T.);
#1893=ORIENTED_EDGE('',*,*,#3253,.F.);
#1894=ORIENTED_EDGE('',*,*,#3201,.T.);
#1895=ORIENTED_EDGE('',*,*,#3232,.T.);
#1896=ORIENTED_EDGE('',*,*,#3140,.T.);
#1897=ORIENTED_EDGE('',*,*,#3170,.T.);
#1898=ORIENTED_EDGE('',*,*,#3014,.T.);
#1899=ORIENTED_EDGE('',*,*,#3252,.F.);
#1900=ORIENTED_EDGE('',*,*,#3202,.T.);
#1901=ORIENTED_EDGE('',*,*,#3253,.T.);
#1902=ORIENTED_EDGE('',*,*,#3009,.T.);
#1903=ORIENTED_EDGE('',*,*,#3167,.T.);
#1904=ORIENTED_EDGE('',*,*,#3134,.T.);
#1905=ORIENTED_EDGE('',*,*,#3229,.T.);
#1906=ORIENTED_EDGE('',*,*,#3207,.T.);
#1907=ORIENTED_EDGE('',*,*,#3254,.T.);
#1908=ORIENTED_EDGE('',*,*,#3011,.T.);
#1909=ORIENTED_EDGE('',*,*,#3255,.F.);
#1910=ORIENTED_EDGE('',*,*,#3205,.T.);
#1911=ORIENTED_EDGE('',*,*,#3230,.T.);
#1912=ORIENTED_EDGE('',*,*,#3136,.T.);
#1913=ORIENTED_EDGE('',*,*,#3168,.T.);
#1914=ORIENTED_EDGE('',*,*,#3010,.T.);
#1915=ORIENTED_EDGE('',*,*,#3254,.F.);
#1916=ORIENTED_EDGE('',*,*,#3206,.T.);
#1917=ORIENTED_EDGE('',*,*,#3255,.T.);
#1918=ORIENTED_EDGE('',*,*,#3005,.T.);
#1919=ORIENTED_EDGE('',*,*,#3165,.T.);
#1920=ORIENTED_EDGE('',*,*,#3130,.T.);
#1921=ORIENTED_EDGE('',*,*,#3227,.T.);
#1922=ORIENTED_EDGE('',*,*,#3211,.T.);
#1923=ORIENTED_EDGE('',*,*,#3256,.T.);
#1924=ORIENTED_EDGE('',*,*,#3007,.T.);
#1925=ORIENTED_EDGE('',*,*,#3257,.F.);
#1926=ORIENTED_EDGE('',*,*,#3209,.T.);
#1927=ORIENTED_EDGE('',*,*,#3228,.T.);
#1928=ORIENTED_EDGE('',*,*,#3132,.T.);
#1929=ORIENTED_EDGE('',*,*,#3166,.T.);
#1930=ORIENTED_EDGE('',*,*,#3006,.T.);
#1931=ORIENTED_EDGE('',*,*,#3256,.F.);
#1932=ORIENTED_EDGE('',*,*,#3210,.T.);
#1933=ORIENTED_EDGE('',*,*,#3257,.T.);
#1934=ORIENTED_EDGE('',*,*,#3001,.T.);
#1935=ORIENTED_EDGE('',*,*,#3163,.T.);
#1936=ORIENTED_EDGE('',*,*,#3126,.T.);
#1937=ORIENTED_EDGE('',*,*,#3225,.T.);
#1938=ORIENTED_EDGE('',*,*,#3215,.T.);
#1939=ORIENTED_EDGE('',*,*,#3258,.T.);
#1940=ORIENTED_EDGE('',*,*,#3003,.T.);
#1941=ORIENTED_EDGE('',*,*,#3259,.F.);
#1942=ORIENTED_EDGE('',*,*,#3213,.T.);
#1943=ORIENTED_EDGE('',*,*,#3226,.T.);
#1944=ORIENTED_EDGE('',*,*,#3128,.T.);
#1945=ORIENTED_EDGE('',*,*,#3164,.T.);
#1946=ORIENTED_EDGE('',*,*,#3002,.T.);
#1947=ORIENTED_EDGE('',*,*,#3258,.F.);
#1948=ORIENTED_EDGE('',*,*,#3214,.T.);
#1949=ORIENTED_EDGE('',*,*,#3259,.T.);
#1950=ORIENTED_EDGE('',*,*,#2998,.T.);
#1951=ORIENTED_EDGE('',*,*,#3260,.F.);
#1952=ORIENTED_EDGE('',*,*,#3218,.T.);
#1953=ORIENTED_EDGE('',*,*,#3261,.T.);
#1954=ORIENTED_EDGE('',*,*,#2997,.T.);
#1955=ORIENTED_EDGE('',*,*,#3161,.T.);
#1956=ORIENTED_EDGE('',*,*,#3122,.T.);
#1957=ORIENTED_EDGE('',*,*,#3223,.T.);
#1958=ORIENTED_EDGE('',*,*,#3219,.T.);
#1959=ORIENTED_EDGE('',*,*,#3260,.T.);
#1960=ORIENTED_EDGE('',*,*,#2999,.T.);
#1961=ORIENTED_EDGE('',*,*,#3261,.F.);
#1962=ORIENTED_EDGE('',*,*,#3217,.T.);
#1963=ORIENTED_EDGE('',*,*,#3224,.T.);
#1964=ORIENTED_EDGE('',*,*,#3124,.T.);
#1965=ORIENTED_EDGE('',*,*,#3162,.T.);
#1966=ORIENTED_EDGE('',*,*,#2992,.T.);
#1967=ORIENTED_EDGE('',*,*,#3049,.F.);
#1968=ORIENTED_EDGE('',*,*,#3064,.T.);
#1969=ORIENTED_EDGE('',*,*,#3079,.T.);
#1970=ORIENTED_EDGE('',*,*,#3094,.T.);
#1971=ORIENTED_EDGE('',*,*,#3109,.T.);
#1972=ORIENTED_EDGE('',*,*,#3119,.T.);
#1973=ORIENTED_EDGE('',*,*,#2832,.T.);
#1974=ORIENTED_EDGE('',*,*,#3262,.T.);
#1975=ORIENTED_EDGE('',*,*,#3263,.T.);
#1976=ORIENTED_EDGE('',*,*,#2988,.T.);
#1977=ORIENTED_EDGE('',*,*,#3046,.F.);
#1978=ORIENTED_EDGE('',*,*,#3061,.T.);
#1979=ORIENTED_EDGE('',*,*,#3076,.T.);
#1980=ORIENTED_EDGE('',*,*,#3091,.T.);
#1981=ORIENTED_EDGE('',*,*,#3106,.T.);
#1982=ORIENTED_EDGE('',*,*,#3117,.T.);
#1983=ORIENTED_EDGE('',*,*,#2836,.T.);
#1984=ORIENTED_EDGE('',*,*,#3264,.T.);
#1985=ORIENTED_EDGE('',*,*,#3265,.T.);
#1986=ORIENTED_EDGE('',*,*,#2990,.T.);
#1987=ORIENTED_EDGE('',*,*,#3266,.F.);
#1988=ORIENTED_EDGE('',*,*,#3267,.T.);
#1989=ORIENTED_EDGE('',*,*,#2834,.T.);
#1990=ORIENTED_EDGE('',*,*,#3118,.T.);
#1991=ORIENTED_EDGE('',*,*,#3107,.T.);
#1992=ORIENTED_EDGE('',*,*,#3092,.T.);
#1993=ORIENTED_EDGE('',*,*,#3077,.T.);
#1994=ORIENTED_EDGE('',*,*,#3062,.T.);
#1995=ORIENTED_EDGE('',*,*,#3047,.F.);
#1996=ORIENTED_EDGE('',*,*,#2984,.T.);
#1997=ORIENTED_EDGE('',*,*,#3043,.F.);
#1998=ORIENTED_EDGE('',*,*,#3058,.T.);
#1999=ORIENTED_EDGE('',*,*,#3073,.T.);
#2000=ORIENTED_EDGE('',*,*,#3088,.T.);
#2001=ORIENTED_EDGE('',*,*,#3103,.T.);
#2002=ORIENTED_EDGE('',*,*,#3115,.T.);
#2003=ORIENTED_EDGE('',*,*,#2840,.T.);
#2004=ORIENTED_EDGE('',*,*,#3268,.T.);
#2005=ORIENTED_EDGE('',*,*,#3269,.T.);
#2006=ORIENTED_EDGE('',*,*,#2986,.T.);
#2007=ORIENTED_EDGE('',*,*,#3270,.F.);
#2008=ORIENTED_EDGE('',*,*,#3271,.T.);
#2009=ORIENTED_EDGE('',*,*,#2838,.T.);
#2010=ORIENTED_EDGE('',*,*,#3116,.T.);
#2011=ORIENTED_EDGE('',*,*,#3104,.T.);
#2012=ORIENTED_EDGE('',*,*,#3089,.T.);
#2013=ORIENTED_EDGE('',*,*,#3074,.T.);
#2014=ORIENTED_EDGE('',*,*,#3059,.T.);
#2015=ORIENTED_EDGE('',*,*,#3044,.F.);
#2016=ORIENTED_EDGE('',*,*,#2980,.T.);
#2017=ORIENTED_EDGE('',*,*,#3040,.F.);
#2018=ORIENTED_EDGE('',*,*,#3055,.T.);
#2019=ORIENTED_EDGE('',*,*,#3070,.T.);
#2020=ORIENTED_EDGE('',*,*,#3085,.T.);
#2021=ORIENTED_EDGE('',*,*,#3100,.T.);
#2022=ORIENTED_EDGE('',*,*,#3113,.T.);
#2023=ORIENTED_EDGE('',*,*,#2844,.T.);
#2024=ORIENTED_EDGE('',*,*,#3272,.T.);
#2025=ORIENTED_EDGE('',*,*,#3273,.T.);
#2026=ORIENTED_EDGE('',*,*,#2982,.T.);
#2027=ORIENTED_EDGE('',*,*,#3274,.F.);
#2028=ORIENTED_EDGE('',*,*,#3275,.T.);
#2029=ORIENTED_EDGE('',*,*,#2842,.T.);
#2030=ORIENTED_EDGE('',*,*,#3114,.T.);
#2031=ORIENTED_EDGE('',*,*,#3101,.T.);
#2032=ORIENTED_EDGE('',*,*,#3086,.T.);
#2033=ORIENTED_EDGE('',*,*,#3071,.T.);
#2034=ORIENTED_EDGE('',*,*,#3056,.T.);
#2035=ORIENTED_EDGE('',*,*,#3041,.F.);
#2036=ORIENTED_EDGE('',*,*,#2976,.T.);
#2037=ORIENTED_EDGE('',*,*,#3037,.F.);
#2038=ORIENTED_EDGE('',*,*,#3052,.T.);
#2039=ORIENTED_EDGE('',*,*,#3067,.T.);
#2040=ORIENTED_EDGE('',*,*,#3082,.T.);
#2041=ORIENTED_EDGE('',*,*,#3097,.T.);
#2042=ORIENTED_EDGE('',*,*,#3111,.T.);
#2043=ORIENTED_EDGE('',*,*,#2848,.T.);
#2044=ORIENTED_EDGE('',*,*,#3276,.T.);
#2045=ORIENTED_EDGE('',*,*,#3277,.T.);
#2046=ORIENTED_EDGE('',*,*,#2978,.T.);
#2047=ORIENTED_EDGE('',*,*,#3278,.F.);
#2048=ORIENTED_EDGE('',*,*,#3279,.T.);
#2049=ORIENTED_EDGE('',*,*,#2846,.T.);
#2050=ORIENTED_EDGE('',*,*,#3112,.T.);
#2051=ORIENTED_EDGE('',*,*,#3098,.T.);
#2052=ORIENTED_EDGE('',*,*,#3083,.T.);
#2053=ORIENTED_EDGE('',*,*,#3068,.T.);
#2054=ORIENTED_EDGE('',*,*,#3053,.T.);
#2055=ORIENTED_EDGE('',*,*,#3038,.F.);
#2056=ORIENTED_EDGE('',*,*,#2977,.T.);
#2057=ORIENTED_EDGE('',*,*,#3277,.F.);
#2058=ORIENTED_EDGE('',*,*,#3280,.F.);
#2059=ORIENTED_EDGE('',*,*,#3281,.T.);
#2060=ORIENTED_EDGE('',*,*,#2973,.T.);
#2061=ORIENTED_EDGE('',*,*,#2806,.T.);
#2062=ORIENTED_EDGE('',*,*,#2851,.T.);
#2063=ORIENTED_EDGE('',*,*,#3282,.T.);
#2064=ORIENTED_EDGE('',*,*,#2972,.T.);
#2065=ORIENTED_EDGE('',*,*,#3283,.F.);
#2066=ORIENTED_EDGE('',*,*,#2869,.T.);
#2067=ORIENTED_EDGE('',*,*,#3284,.T.);
#2068=ORIENTED_EDGE('',*,*,#2969,.T.);
#2069=ORIENTED_EDGE('',*,*,#3285,.F.);
#2070=ORIENTED_EDGE('',*,*,#2865,.T.);
#2071=ORIENTED_EDGE('',*,*,#3286,.T.);
#2072=ORIENTED_EDGE('',*,*,#2966,.T.);
#2073=ORIENTED_EDGE('',*,*,#3287,.F.);
#2074=ORIENTED_EDGE('',*,*,#2861,.T.);
#2075=ORIENTED_EDGE('',*,*,#3288,.T.);
#2076=ORIENTED_EDGE('',*,*,#2963,.T.);
#2077=ORIENTED_EDGE('',*,*,#3289,.F.);
#2078=ORIENTED_EDGE('',*,*,#2857,.T.);
#2079=ORIENTED_EDGE('',*,*,#3290,.T.);
#2080=ORIENTED_EDGE('',*,*,#2960,.T.);
#2081=ORIENTED_EDGE('',*,*,#3291,.F.);
#2082=ORIENTED_EDGE('',*,*,#2853,.T.);
#2083=ORIENTED_EDGE('',*,*,#2799,.F.);
#2084=ORIENTED_EDGE('',*,*,#2993,.T.);
#2085=ORIENTED_EDGE('',*,*,#3263,.F.);
#2086=ORIENTED_EDGE('',*,*,#3292,.F.);
#2087=ORIENTED_EDGE('',*,*,#3266,.T.);
#2088=ORIENTED_EDGE('',*,*,#2989,.T.);
#2089=ORIENTED_EDGE('',*,*,#3265,.F.);
#2090=ORIENTED_EDGE('',*,*,#3293,.F.);
#2091=ORIENTED_EDGE('',*,*,#3270,.T.);
#2092=ORIENTED_EDGE('',*,*,#2985,.T.);
#2093=ORIENTED_EDGE('',*,*,#3269,.F.);
#2094=ORIENTED_EDGE('',*,*,#3294,.F.);
#2095=ORIENTED_EDGE('',*,*,#3274,.T.);
#2096=ORIENTED_EDGE('',*,*,#2981,.T.);
#2097=ORIENTED_EDGE('',*,*,#3273,.F.);
#2098=ORIENTED_EDGE('',*,*,#3295,.F.);
#2099=ORIENTED_EDGE('',*,*,#3278,.T.);
#2100=ORIENTED_EDGE('',*,*,#2974,.T.);
#2101=ORIENTED_EDGE('',*,*,#3281,.F.);
#2102=ORIENTED_EDGE('',*,*,#3296,.T.);
#2103=ORIENTED_EDGE('',*,*,#2850,.T.);
#2104=ORIENTED_EDGE('',*,*,#3110,.T.);
#2105=ORIENTED_EDGE('',*,*,#3095,.T.);
#2106=ORIENTED_EDGE('',*,*,#3080,.T.);
#2107=ORIENTED_EDGE('',*,*,#3065,.T.);
#2108=ORIENTED_EDGE('',*,*,#3050,.T.);
#2109=ORIENTED_EDGE('',*,*,#3035,.F.);
#2110=ORIENTED_EDGE('',*,*,#2847,.T.);
#2111=ORIENTED_EDGE('',*,*,#3296,.F.);
#2112=ORIENTED_EDGE('',*,*,#3280,.T.);
#2113=ORIENTED_EDGE('',*,*,#3276,.F.);
#2114=ORIENTED_EDGE('',*,*,#2811,.T.);
#2115=ORIENTED_EDGE('',*,*,#2970,.F.);
#2116=ORIENTED_EDGE('',*,*,#3282,.F.);
#2117=ORIENTED_EDGE('',*,*,#2872,.T.);
#2118=ORIENTED_EDGE('',*,*,#2948,.F.);
#2119=ORIENTED_EDGE('',*,*,#2933,.T.);
#2120=ORIENTED_EDGE('',*,*,#2918,.T.);
#2121=ORIENTED_EDGE('',*,*,#2903,.T.);
#2122=ORIENTED_EDGE('',*,*,#2888,.T.);
#2123=ORIENTED_EDGE('',*,*,#2873,.T.);
#2124=ORIENTED_EDGE('',*,*,#2813,.T.);
#2125=ORIENTED_EDGE('',*,*,#2875,.T.);
#2126=ORIENTED_EDGE('',*,*,#2890,.T.);
#2127=ORIENTED_EDGE('',*,*,#2905,.T.);
#2128=ORIENTED_EDGE('',*,*,#2920,.T.);
#2129=ORIENTED_EDGE('',*,*,#2935,.T.);
#2130=ORIENTED_EDGE('',*,*,#2949,.F.);
#2131=ORIENTED_EDGE('',*,*,#2870,.T.);
#2132=ORIENTED_EDGE('',*,*,#3283,.T.);
#2133=ORIENTED_EDGE('',*,*,#2971,.F.);
#2134=ORIENTED_EDGE('',*,*,#2843,.T.);
#2135=ORIENTED_EDGE('',*,*,#3279,.F.);
#2136=ORIENTED_EDGE('',*,*,#3295,.T.);
#2137=ORIENTED_EDGE('',*,*,#3272,.F.);
#2138=ORIENTED_EDGE('',*,*,#2815,.T.);
#2139=ORIENTED_EDGE('',*,*,#2967,.F.);
#2140=ORIENTED_EDGE('',*,*,#3284,.F.);
#2141=ORIENTED_EDGE('',*,*,#2868,.T.);
#2142=ORIENTED_EDGE('',*,*,#2950,.F.);
#2143=ORIENTED_EDGE('',*,*,#2936,.T.);
#2144=ORIENTED_EDGE('',*,*,#2921,.T.);
#2145=ORIENTED_EDGE('',*,*,#2906,.T.);
#2146=ORIENTED_EDGE('',*,*,#2891,.T.);
#2147=ORIENTED_EDGE('',*,*,#2876,.T.);
#2148=ORIENTED_EDGE('',*,*,#2817,.T.);
#2149=ORIENTED_EDGE('',*,*,#2878,.T.);
#2150=ORIENTED_EDGE('',*,*,#2893,.T.);
#2151=ORIENTED_EDGE('',*,*,#2908,.T.);
#2152=ORIENTED_EDGE('',*,*,#2923,.T.);
#2153=ORIENTED_EDGE('',*,*,#2938,.T.);
#2154=ORIENTED_EDGE('',*,*,#2951,.F.);
#2155=ORIENTED_EDGE('',*,*,#2866,.T.);
#2156=ORIENTED_EDGE('',*,*,#3285,.T.);
#2157=ORIENTED_EDGE('',*,*,#2968,.F.);
#2158=ORIENTED_EDGE('',*,*,#2839,.T.);
#2159=ORIENTED_EDGE('',*,*,#3275,.F.);
#2160=ORIENTED_EDGE('',*,*,#3294,.T.);
#2161=ORIENTED_EDGE('',*,*,#3268,.F.);
#2162=ORIENTED_EDGE('',*,*,#2819,.T.);
#2163=ORIENTED_EDGE('',*,*,#2964,.F.);
#2164=ORIENTED_EDGE('',*,*,#3286,.F.);
#2165=ORIENTED_EDGE('',*,*,#2864,.T.);
#2166=ORIENTED_EDGE('',*,*,#2952,.F.);
#2167=ORIENTED_EDGE('',*,*,#2939,.T.);
#2168=ORIENTED_EDGE('',*,*,#2924,.T.);
#2169=ORIENTED_EDGE('',*,*,#2909,.T.);
#2170=ORIENTED_EDGE('',*,*,#2894,.T.);
#2171=ORIENTED_EDGE('',*,*,#2879,.T.);
#2172=ORIENTED_EDGE('',*,*,#2821,.T.);
#2173=ORIENTED_EDGE('',*,*,#2881,.T.);
#2174=ORIENTED_EDGE('',*,*,#2896,.T.);
#2175=ORIENTED_EDGE('',*,*,#2911,.T.);
#2176=ORIENTED_EDGE('',*,*,#2926,.T.);
#2177=ORIENTED_EDGE('',*,*,#2941,.T.);
#2178=ORIENTED_EDGE('',*,*,#2953,.F.);
#2179=ORIENTED_EDGE('',*,*,#2862,.T.);
#2180=ORIENTED_EDGE('',*,*,#3287,.T.);
#2181=ORIENTED_EDGE('',*,*,#2965,.F.);
#2182=ORIENTED_EDGE('',*,*,#2835,.T.);
#2183=ORIENTED_EDGE('',*,*,#3271,.F.);
#2184=ORIENTED_EDGE('',*,*,#3293,.T.);
#2185=ORIENTED_EDGE('',*,*,#3264,.F.);
#2186=ORIENTED_EDGE('',*,*,#2823,.T.);
#2187=ORIENTED_EDGE('',*,*,#2961,.F.);
#2188=ORIENTED_EDGE('',*,*,#3288,.F.);
#2189=ORIENTED_EDGE('',*,*,#2860,.T.);
#2190=ORIENTED_EDGE('',*,*,#2954,.F.);
#2191=ORIENTED_EDGE('',*,*,#2942,.T.);
#2192=ORIENTED_EDGE('',*,*,#2927,.T.);
#2193=ORIENTED_EDGE('',*,*,#2912,.T.);
#2194=ORIENTED_EDGE('',*,*,#2897,.T.);
#2195=ORIENTED_EDGE('',*,*,#2882,.T.);
#2196=ORIENTED_EDGE('',*,*,#2825,.T.);
#2197=ORIENTED_EDGE('',*,*,#2884,.T.);
#2198=ORIENTED_EDGE('',*,*,#2899,.T.);
#2199=ORIENTED_EDGE('',*,*,#2914,.T.);
#2200=ORIENTED_EDGE('',*,*,#2929,.T.);
#2201=ORIENTED_EDGE('',*,*,#2944,.T.);
#2202=ORIENTED_EDGE('',*,*,#2955,.F.);
#2203=ORIENTED_EDGE('',*,*,#2858,.T.);
#2204=ORIENTED_EDGE('',*,*,#3289,.T.);
#2205=ORIENTED_EDGE('',*,*,#2962,.F.);
#2206=ORIENTED_EDGE('',*,*,#2831,.T.);
#2207=ORIENTED_EDGE('',*,*,#3267,.F.);
#2208=ORIENTED_EDGE('',*,*,#3292,.T.);
#2209=ORIENTED_EDGE('',*,*,#3262,.F.);
#2210=ORIENTED_EDGE('',*,*,#2827,.T.);
#2211=ORIENTED_EDGE('',*,*,#2958,.F.);
#2212=ORIENTED_EDGE('',*,*,#3290,.F.);
#2213=ORIENTED_EDGE('',*,*,#2856,.T.);
#2214=ORIENTED_EDGE('',*,*,#2956,.F.);
#2215=ORIENTED_EDGE('',*,*,#2945,.T.);
#2216=ORIENTED_EDGE('',*,*,#2930,.T.);
#2217=ORIENTED_EDGE('',*,*,#2915,.T.);
#2218=ORIENTED_EDGE('',*,*,#2900,.T.);
#2219=ORIENTED_EDGE('',*,*,#2885,.T.);
#2220=ORIENTED_EDGE('',*,*,#2829,.T.);
#2221=ORIENTED_EDGE('',*,*,#2887,.T.);
#2222=ORIENTED_EDGE('',*,*,#2902,.T.);
#2223=ORIENTED_EDGE('',*,*,#2917,.T.);
#2224=ORIENTED_EDGE('',*,*,#2932,.T.);
#2225=ORIENTED_EDGE('',*,*,#2947,.T.);
#2226=ORIENTED_EDGE('',*,*,#2957,.F.);
#2227=ORIENTED_EDGE('',*,*,#2854,.T.);
#2228=ORIENTED_EDGE('',*,*,#3291,.T.);
#2229=ORIENTED_EDGE('',*,*,#2959,.F.);
#2230=EDGE_CURVE('',#3297,#3298,#4005,.T.);
#2231=EDGE_CURVE('',#3298,#3299,#4006,.T.);
#2232=EDGE_CURVE('',#3300,#3299,#4007,.T.);
#2233=EDGE_CURVE('',#3297,#3300,#4008,.T.);
#2234=EDGE_CURVE('',#3301,#3302,#4009,.T.);
#2235=EDGE_CURVE('',#3301,#3303,#4010,.T.);
#2236=EDGE_CURVE('',#3303,#3304,#4011,.T.);
#2237=EDGE_CURVE('',#3304,#3302,#4012,.T.);
#2238=EDGE_CURVE('',#3305,#3306,#4013,.T.);
#2239=EDGE_CURVE('',#3305,#3307,#4014,.T.);
#2240=EDGE_CURVE('',#3307,#3308,#4015,.T.);
#2241=EDGE_CURVE('',#3308,#3306,#4016,.T.);
#2242=EDGE_CURVE('',#3309,#3310,#4017,.T.);
#2243=EDGE_CURVE('',#3309,#3311,#4018,.T.);
#2244=EDGE_CURVE('',#3311,#3312,#4019,.T.);
#2245=EDGE_CURVE('',#3312,#3310,#4020,.T.);
#2246=EDGE_CURVE('',#3313,#3314,#4021,.T.);
#2247=EDGE_CURVE('',#3313,#3315,#4022,.T.);
#2248=EDGE_CURVE('',#3315,#3316,#4023,.T.);
#2249=EDGE_CURVE('',#3316,#3314,#4024,.T.);
#2250=EDGE_CURVE('',#3317,#3318,#4025,.T.);
#2251=EDGE_CURVE('',#3317,#3319,#4026,.T.);
#2252=EDGE_CURVE('',#3319,#3320,#4027,.T.);
#2253=EDGE_CURVE('',#3320,#3318,#4028,.T.);
#2254=EDGE_CURVE('',#3321,#3322,#4029,.T.);
#2255=EDGE_CURVE('',#3321,#3323,#4030,.T.);
#2256=EDGE_CURVE('',#3323,#3324,#4031,.T.);
#2257=EDGE_CURVE('',#3324,#3322,#4032,.T.);
#2258=EDGE_CURVE('',#3325,#3326,#4033,.T.);
#2259=EDGE_CURVE('',#3325,#3327,#4034,.T.);
#2260=EDGE_CURVE('',#3327,#3328,#4035,.T.);
#2261=EDGE_CURVE('',#3328,#3326,#4036,.T.);
#2262=EDGE_CURVE('',#3329,#3330,#4037,.T.);
#2263=EDGE_CURVE('',#3329,#3331,#4038,.T.);
#2264=EDGE_CURVE('',#3331,#3332,#4039,.T.);
#2265=EDGE_CURVE('',#3332,#3330,#4040,.T.);
#2266=EDGE_CURVE('',#3333,#3334,#4041,.T.);
#2267=EDGE_CURVE('',#3333,#3335,#4042,.T.);
#2268=EDGE_CURVE('',#3335,#3336,#4043,.T.);
#2269=EDGE_CURVE('',#3336,#3334,#4044,.T.);
#2270=EDGE_CURVE('',#3337,#3338,#4045,.T.);
#2271=EDGE_CURVE('',#3339,#3337,#4046,.T.);
#2272=EDGE_CURVE('',#3340,#3339,#4047,.T.);
#2273=EDGE_CURVE('',#3341,#3340,#4048,.T.);
#2274=EDGE_CURVE('',#3342,#3341,#4049,.T.);
#2275=EDGE_CURVE('',#3343,#3342,#4050,.T.);
#2276=EDGE_CURVE('',#3338,#3343,#4051,.T.);
#2277=EDGE_CURVE('',#3344,#3345,#4052,.T.);
#2278=EDGE_CURVE('',#3346,#3344,#4053,.T.);
#2279=EDGE_CURVE('',#3347,#3346,#4054,.T.);
#2280=EDGE_CURVE('',#3345,#3347,#4055,.T.);
#2281=EDGE_CURVE('',#3348,#3349,#4056,.T.);
#2282=EDGE_CURVE('',#3350,#3348,#4057,.T.);
#2283=EDGE_CURVE('',#3351,#3350,#4058,.T.);
#2284=EDGE_CURVE('',#3349,#3351,#4059,.T.);
#2285=EDGE_CURVE('',#3352,#3353,#4060,.T.);
#2286=EDGE_CURVE('',#3354,#3352,#4061,.T.);
#2287=EDGE_CURVE('',#3355,#3354,#4062,.T.);
#2288=EDGE_CURVE('',#3353,#3355,#4063,.T.);
#2289=EDGE_CURVE('',#3356,#3357,#4064,.T.);
#2290=EDGE_CURVE('',#3358,#3356,#4065,.T.);
#2291=EDGE_CURVE('',#3359,#3358,#4066,.T.);
#2292=EDGE_CURVE('',#3357,#3359,#4067,.T.);
#2293=EDGE_CURVE('',#3360,#3361,#4068,.T.);
#2294=EDGE_CURVE('',#3362,#3360,#4069,.T.);
#2295=EDGE_CURVE('',#3363,#3362,#4070,.T.);
#2296=EDGE_CURVE('',#3361,#3363,#4071,.T.);
#2297=EDGE_CURVE('',#3364,#3365,#4072,.T.);
#2298=EDGE_CURVE('',#3366,#3364,#4073,.T.);
#2299=EDGE_CURVE('',#3367,#3366,#4074,.T.);
#2300=EDGE_CURVE('',#3365,#3367,#4075,.T.);
#2301=EDGE_CURVE('',#3368,#3369,#4076,.T.);
#2302=EDGE_CURVE('',#3370,#3368,#4077,.T.);
#2303=EDGE_CURVE('',#3371,#3370,#4078,.T.);
#2304=EDGE_CURVE('',#3369,#3371,#4079,.T.);
#2305=EDGE_CURVE('',#3372,#3373,#4080,.T.);
#2306=EDGE_CURVE('',#3374,#3372,#4081,.T.);
#2307=EDGE_CURVE('',#3375,#3374,#4082,.T.);
#2308=EDGE_CURVE('',#3373,#3375,#4083,.T.);
#2309=EDGE_CURVE('',#3376,#3377,#4084,.T.);
#2310=EDGE_CURVE('',#3378,#3376,#4085,.T.);
#2311=EDGE_CURVE('',#3379,#3378,#4086,.T.);
#2312=EDGE_CURVE('',#3377,#3379,#4087,.T.);
#2313=EDGE_CURVE('',#3380,#3381,#4088,.T.);
#2314=EDGE_CURVE('',#3382,#3380,#4089,.T.);
#2315=EDGE_CURVE('',#3383,#3382,#4090,.T.);
#2316=EDGE_CURVE('',#3384,#3383,#4091,.T.);
#2317=EDGE_CURVE('',#3385,#3384,#4092,.T.);
#2318=EDGE_CURVE('',#3386,#3385,#4093,.T.);
#2319=EDGE_CURVE('',#3381,#3386,#4094,.T.);
#2320=EDGE_CURVE('',#3387,#3337,#4095,.T.);
#2321=EDGE_CURVE('',#3387,#3388,#4096,.T.);
#2322=EDGE_CURVE('',#3388,#3339,#4097,.T.);
#2323=EDGE_CURVE('',#3344,#3389,#4098,.T.);
#2324=EDGE_CURVE('',#3390,#3345,#4099,.T.);
#2325=EDGE_CURVE('',#3390,#3389,#4100,.T.);
#2326=EDGE_CURVE('',#3348,#3391,#4101,.T.);
#2327=EDGE_CURVE('',#3392,#3349,#4102,.T.);
#2328=EDGE_CURVE('',#3392,#3391,#4103,.T.);
#2329=EDGE_CURVE('',#3352,#3393,#4104,.T.);
#2330=EDGE_CURVE('',#3394,#3353,#4105,.T.);
#2331=EDGE_CURVE('',#3394,#3393,#4106,.T.);
#2332=EDGE_CURVE('',#3356,#3395,#4107,.T.);
#2333=EDGE_CURVE('',#3396,#3357,#4108,.T.);
#2334=EDGE_CURVE('',#3396,#3395,#4109,.T.);
#2335=EDGE_CURVE('',#3360,#3397,#4110,.T.);
#2336=EDGE_CURVE('',#3398,#3361,#4111,.T.);
#2337=EDGE_CURVE('',#3398,#3397,#4112,.T.);
#2338=EDGE_CURVE('',#3364,#3399,#4113,.T.);
#2339=EDGE_CURVE('',#3400,#3365,#4114,.T.);
#2340=EDGE_CURVE('',#3400,#3399,#4115,.T.);
#2341=EDGE_CURVE('',#3368,#3401,#4116,.T.);
#2342=EDGE_CURVE('',#3402,#3369,#4117,.T.);
#2343=EDGE_CURVE('',#3402,#3401,#4118,.T.);
#2344=EDGE_CURVE('',#3372,#3403,#4119,.T.);
#2345=EDGE_CURVE('',#3404,#3373,#4120,.T.);
#2346=EDGE_CURVE('',#3404,#3403,#4121,.T.);
#2347=EDGE_CURVE('',#3376,#3405,#4122,.T.);
#2348=EDGE_CURVE('',#3406,#3377,#4123,.T.);
#2349=EDGE_CURVE('',#3406,#3405,#4124,.T.);
#2350=EDGE_CURVE('',#3380,#3407,#4125,.T.);
#2351=EDGE_CURVE('',#3408,#3381,#4126,.T.);
#2352=EDGE_CURVE('',#3408,#3407,#4127,.T.);
#2353=EDGE_CURVE('',#3409,#3387,#4128,.T.);
#2354=EDGE_CURVE('',#3409,#3410,#4129,.T.);
#2355=EDGE_CURVE('',#3410,#3389,#4130,.T.);
#2356=EDGE_CURVE('',#3411,#3390,#4131,.T.);
#2357=EDGE_CURVE('',#3411,#3412,#4132,.T.);
#2358=EDGE_CURVE('',#3412,#3391,#4133,.T.);
#2359=EDGE_CURVE('',#3413,#3392,#4134,.T.);
#2360=EDGE_CURVE('',#3413,#3414,#4135,.T.);
#2361=EDGE_CURVE('',#3414,#3393,#4136,.T.);
#2362=EDGE_CURVE('',#3415,#3394,#4137,.T.);
#2363=EDGE_CURVE('',#3415,#3416,#4138,.T.);
#2364=EDGE_CURVE('',#3416,#3395,#4139,.T.);
#2365=EDGE_CURVE('',#3417,#3396,#4140,.T.);
#2366=EDGE_CURVE('',#3417,#3418,#4141,.T.);
#2367=EDGE_CURVE('',#3418,#3397,#4142,.T.);
#2368=EDGE_CURVE('',#3419,#3398,#4143,.T.);
#2369=EDGE_CURVE('',#3419,#3420,#4144,.T.);
#2370=EDGE_CURVE('',#3420,#3399,#4145,.T.);
#2371=EDGE_CURVE('',#3421,#3400,#4146,.T.);
#2372=EDGE_CURVE('',#3421,#3422,#4147,.T.);
#2373=EDGE_CURVE('',#3422,#3401,#4148,.T.);
#2374=EDGE_CURVE('',#3423,#3402,#4149,.T.);
#2375=EDGE_CURVE('',#3423,#3424,#4150,.T.);
#2376=EDGE_CURVE('',#3424,#3403,#4151,.T.);
#2377=EDGE_CURVE('',#3425,#3404,#4152,.T.);
#2378=EDGE_CURVE('',#3425,#3426,#4153,.T.);
#2379=EDGE_CURVE('',#3426,#3405,#4154,.T.);
#2380=EDGE_CURVE('',#3427,#3406,#4155,.T.);
#2381=EDGE_CURVE('',#3427,#3428,#4156,.T.);
#2382=EDGE_CURVE('',#3428,#3407,#4157,.T.);
#2383=EDGE_CURVE('',#3429,#3408,#4158,.T.);
#2384=EDGE_CURVE('',#3429,#3430,#4159,.T.);
#2385=EDGE_CURVE('',#3430,#3388,#4160,.T.);
#2386=EDGE_CURVE('',#3431,#3432,#4161,.T.);
#2387=EDGE_CURVE('',#3433,#3431,#4162,.T.);
#2388=EDGE_CURVE('',#3433,#3434,#4163,.T.);
#2389=EDGE_CURVE('',#3434,#3432,#4164,.T.);
#2390=EDGE_CURVE('',#3435,#3436,#4165,.T.);
#2391=EDGE_CURVE('',#3437,#3435,#4166,.T.);
#2392=EDGE_CURVE('',#3437,#3438,#4167,.T.);
#2393=EDGE_CURVE('',#3438,#3436,#4168,.T.);
#2394=EDGE_CURVE('',#3439,#3440,#4169,.T.);
#2395=EDGE_CURVE('',#3441,#3439,#4170,.T.);
#2396=EDGE_CURVE('',#3441,#3442,#4171,.T.);
#2397=EDGE_CURVE('',#3442,#3440,#4172,.T.);
#2398=EDGE_CURVE('',#3443,#3444,#4173,.T.);
#2399=EDGE_CURVE('',#3445,#3443,#4174,.T.);
#2400=EDGE_CURVE('',#3445,#3446,#4175,.T.);
#2401=EDGE_CURVE('',#3446,#3444,#4176,.T.);
#2402=EDGE_CURVE('',#3447,#3448,#4177,.T.);
#2403=EDGE_CURVE('',#3449,#3447,#4178,.T.);
#2404=EDGE_CURVE('',#3449,#3450,#4179,.T.);
#2405=EDGE_CURVE('',#3450,#3448,#4180,.T.);
#2406=EDGE_CURVE('',#3451,#3452,#4181,.T.);
#2407=EDGE_CURVE('',#3453,#3451,#4182,.T.);
#2408=EDGE_CURVE('',#3453,#3454,#4183,.T.);
#2409=EDGE_CURVE('',#3454,#3452,#4184,.T.);
#2410=EDGE_CURVE('',#3455,#3456,#4185,.T.);
#2411=EDGE_CURVE('',#3457,#3455,#4186,.T.);
#2412=EDGE_CURVE('',#3457,#3458,#4187,.T.);
#2413=EDGE_CURVE('',#3458,#3456,#4188,.T.);
#2414=EDGE_CURVE('',#3459,#3460,#4189,.T.);
#2415=EDGE_CURVE('',#3461,#3459,#4190,.T.);
#2416=EDGE_CURVE('',#3461,#3462,#4191,.T.);
#2417=EDGE_CURVE('',#3462,#3460,#4192,.T.);
#2418=EDGE_CURVE('',#3463,#3464,#4193,.T.);
#2419=EDGE_CURVE('',#3465,#3463,#4194,.T.);
#2420=EDGE_CURVE('',#3465,#3466,#4195,.T.);
#2421=EDGE_CURVE('',#3466,#3464,#4196,.T.);
#2422=EDGE_CURVE('',#3467,#3468,#4197,.T.);
#2423=EDGE_CURVE('',#3469,#3467,#4198,.T.);
#2424=EDGE_CURVE('',#3469,#3470,#4199,.T.);
#2425=EDGE_CURVE('',#3470,#3468,#4200,.T.);
#2426=EDGE_CURVE('',#3338,#3471,#4201,.T.);
#2427=EDGE_CURVE('',#3472,#3343,#4202,.T.);
#2428=EDGE_CURVE('',#3471,#3472,#4203,.T.);
#2429=EDGE_CURVE('',#3473,#3346,#4204,.T.);
#2430=EDGE_CURVE('',#3474,#3473,#4205,.T.);
#2431=EDGE_CURVE('',#3347,#3474,#4206,.T.);
#2432=EDGE_CURVE('',#3475,#3350,#4207,.T.);
#2433=EDGE_CURVE('',#3476,#3475,#4208,.T.);
#2434=EDGE_CURVE('',#3351,#3476,#4209,.T.);
#2435=EDGE_CURVE('',#3477,#3354,#4210,.T.);
#2436=EDGE_CURVE('',#3478,#3477,#4211,.T.);
#2437=EDGE_CURVE('',#3355,#3478,#4212,.T.);
#2438=EDGE_CURVE('',#3479,#3358,#4213,.T.);
#2439=EDGE_CURVE('',#3480,#3479,#4214,.T.);
#2440=EDGE_CURVE('',#3359,#3480,#4215,.T.);
#2441=EDGE_CURVE('',#3481,#3362,#4216,.T.);
#2442=EDGE_CURVE('',#3482,#3481,#4217,.T.);
#2443=EDGE_CURVE('',#3363,#3482,#4218,.T.);
#2444=EDGE_CURVE('',#3483,#3366,#4219,.T.);
#2445=EDGE_CURVE('',#3484,#3483,#4220,.T.);
#2446=EDGE_CURVE('',#3367,#3484,#4221,.T.);
#2447=EDGE_CURVE('',#3485,#3370,#4222,.T.);
#2448=EDGE_CURVE('',#3486,#3485,#4223,.T.);
#2449=EDGE_CURVE('',#3371,#3486,#4224,.T.);
#2450=EDGE_CURVE('',#3487,#3374,#4225,.T.);
#2451=EDGE_CURVE('',#3488,#3487,#4226,.T.);
#2452=EDGE_CURVE('',#3375,#3488,#4227,.T.);
#2453=EDGE_CURVE('',#3489,#3378,#4228,.T.);
#2454=EDGE_CURVE('',#3490,#3489,#4229,.T.);
#2455=EDGE_CURVE('',#3379,#3490,#4230,.T.);
#2456=EDGE_CURVE('',#3491,#3382,#4231,.T.);
#2457=EDGE_CURVE('',#3492,#3491,#4232,.T.);
#2458=EDGE_CURVE('',#3492,#3383,#4233,.T.);
#2459=EDGE_CURVE('',#3493,#3494,#4234,.T.);
#2460=EDGE_CURVE('',#3493,#3471,#4235,.T.);
#2461=EDGE_CURVE('',#3472,#3495,#4236,.T.);
#2462=EDGE_CURVE('',#3495,#3496,#4237,.T.);
#2463=EDGE_CURVE('',#3496,#3492,#4238,.T.);
#2464=EDGE_CURVE('',#3491,#3497,#4239,.T.);
#2465=EDGE_CURVE('',#3498,#3497,#4240,.T.);
#2466=EDGE_CURVE('',#3498,#3490,#4241,.T.);
#2467=EDGE_CURVE('',#3489,#3499,#4242,.T.);
#2468=EDGE_CURVE('',#3500,#3499,#4243,.T.);
#2469=EDGE_CURVE('',#3500,#3488,#4244,.T.);
#2470=EDGE_CURVE('',#3487,#3501,#4245,.T.);
#2471=EDGE_CURVE('',#3502,#3501,#4246,.T.);
#2472=EDGE_CURVE('',#3502,#3486,#4247,.T.);
#2473=EDGE_CURVE('',#3485,#3503,#4248,.T.);
#2474=EDGE_CURVE('',#3504,#3503,#4249,.T.);
#2475=EDGE_CURVE('',#3504,#3484,#4250,.T.);
#2476=EDGE_CURVE('',#3483,#3505,#4251,.T.);
#2477=EDGE_CURVE('',#3506,#3505,#4252,.T.);
#2478=EDGE_CURVE('',#3506,#3482,#4253,.T.);
#2479=EDGE_CURVE('',#3481,#3507,#4254,.T.);
#2480=EDGE_CURVE('',#3508,#3507,#4255,.T.);
#2481=EDGE_CURVE('',#3508,#3480,#4256,.T.);
#2482=EDGE_CURVE('',#3479,#3509,#4257,.T.);
#2483=EDGE_CURVE('',#3510,#3509,#4258,.T.);
#2484=EDGE_CURVE('',#3510,#3478,#4259,.T.);
#2485=EDGE_CURVE('',#3477,#3511,#4260,.T.);
#2486=EDGE_CURVE('',#3512,#3511,#4261,.T.);
#2487=EDGE_CURVE('',#3512,#3476,#4262,.T.);
#2488=EDGE_CURVE('',#3475,#3513,#4263,.T.);
#2489=EDGE_CURVE('',#3514,#3513,#4264,.T.);
#2490=EDGE_CURVE('',#3514,#3474,#4265,.T.);
#2491=EDGE_CURVE('',#3473,#3494,#4266,.T.);
#2492=EDGE_CURVE('',#3385,#3515,#4267,.T.);
#2493=EDGE_CURVE('',#3384,#3516,#4268,.T.);
#2494=EDGE_CURVE('',#3516,#3515,#4269,.T.);
#2495=EDGE_CURVE('',#3517,#3341,#4270,.T.);
#2496=EDGE_CURVE('',#3517,#3518,#4271,.T.);
#2497=EDGE_CURVE('',#3342,#3518,#4272,.T.);
#2498=EDGE_CURVE('',#3519,#3520,#4273,.T.);
#2499=EDGE_CURVE('',#3519,#3521,#4274,.T.);
#2500=EDGE_CURVE('',#3521,#3522,#4275,.T.);
#2501=EDGE_CURVE('',#3522,#3523,#4276,.T.);
#2502=EDGE_CURVE('',#3524,#3523,#4277,.T.);
#2503=EDGE_CURVE('',#3525,#3524,#4278,.T.);
#2504=EDGE_CURVE('',#3525,#3526,#4279,.T.);
#2505=EDGE_CURVE('',#3526,#3520,#4280,.T.);
#2506=EDGE_CURVE('',#3522,#3527,#4281,.T.);
#2507=EDGE_CURVE('',#3527,#3528,#4282,.T.);
#2508=EDGE_CURVE('',#3528,#3515,#4283,.T.);
#2509=EDGE_CURVE('',#3529,#3516,#4284,.T.);
#2510=EDGE_CURVE('',#3530,#3529,#4285,.T.);
#2511=EDGE_CURVE('',#3531,#3530,#4286,.T.);
#2512=EDGE_CURVE('',#3523,#3531,#52,.T.);
#2513=EDGE_CURVE('',#3532,#3520,#4287,.T.);
#2514=EDGE_CURVE('',#3533,#3526,#53,.T.);
#2515=EDGE_CURVE('',#3534,#3533,#4288,.T.);
#2516=EDGE_CURVE('',#3535,#3534,#4289,.T.);
#2517=EDGE_CURVE('',#3518,#3535,#4290,.T.);
#2518=EDGE_CURVE('',#3517,#3536,#4291,.T.);
#2519=EDGE_CURVE('',#3536,#3532,#4292,.T.);
#2520=EDGE_CURVE('',#3537,#3496,#4293,.T.);
#2521=EDGE_CURVE('',#3538,#3495,#4294,.T.);
#2522=EDGE_CURVE('',#3537,#3538,#4295,.T.);
#2523=EDGE_CURVE('',#3539,#3529,#4296,.T.);
#2524=EDGE_CURVE('',#3540,#3539,#4297,.T.);
#2525=EDGE_CURVE('',#3540,#3530,#4298,.T.);
#2526=EDGE_CURVE('',#3541,#3533,#4299,.T.);
#2527=EDGE_CURVE('',#3542,#3541,#4300,.T.);
#2528=EDGE_CURVE('',#3542,#3534,#4301,.T.);
#2529=EDGE_CURVE('',#3541,#3525,#54,.T.);
#2530=EDGE_CURVE('',#3543,#3531,#4302,.T.);
#2531=EDGE_CURVE('',#3524,#3543,#55,.T.);
#2532=EDGE_CURVE('',#3543,#3540,#4303,.T.);
#2533=EDGE_CURVE('',#3544,#3542,#4304,.T.);
#2534=EDGE_CURVE('',#3544,#3535,#4305,.T.);
#2535=EDGE_CURVE('',#3539,#3537,#4306,.T.);
#2536=EDGE_CURVE('',#3538,#3544,#4307,.T.);
#2537=EDGE_CURVE('',#3518,#3545,#4308,.T.);
#2538=EDGE_CURVE('',#3535,#3546,#4309,.T.);
#2539=EDGE_CURVE('',#3546,#3545,#4310,.T.);
#2540=EDGE_CURVE('',#3547,#3548,#4311,.T.);
#2541=EDGE_CURVE('',#3549,#3548,#4312,.T.);
#2542=EDGE_CURVE('',#3550,#3549,#4313,.T.);
#2543=EDGE_CURVE('',#3550,#3547,#4314,.T.);
#2544=EDGE_CURVE('',#3548,#3546,#4315,.T.);
#2545=EDGE_CURVE('',#3551,#3544,#4316,.T.);
#2546=EDGE_CURVE('',#3549,#3551,#4317,.T.);
#2547=EDGE_CURVE('',#3552,#3538,#4318,.T.);
#2548=EDGE_CURVE('',#3551,#3552,#4319,.T.);
#2549=EDGE_CURVE('',#3545,#3547,#4320,.T.);
#2550=EDGE_CURVE('',#3552,#3550,#4321,.T.);
#2551=EDGE_CURVE('',#3529,#3553,#4322,.T.);
#2552=EDGE_CURVE('',#3516,#3554,#4323,.T.);
#2553=EDGE_CURVE('',#3554,#3553,#4324,.T.);
#2554=EDGE_CURVE('',#3555,#3556,#4325,.T.);
#2555=EDGE_CURVE('',#3557,#3556,#4326,.T.);
#2556=EDGE_CURVE('',#3558,#3557,#4327,.T.);
#2557=EDGE_CURVE('',#3558,#3555,#4328,.T.);
#2558=EDGE_CURVE('',#3559,#3537,#4329,.T.);
#2559=EDGE_CURVE('',#3557,#3559,#4330,.T.);
#2560=EDGE_CURVE('',#3556,#3554,#4331,.T.);
#2561=EDGE_CURVE('',#3560,#3539,#4332,.T.);
#2562=EDGE_CURVE('',#3559,#3560,#4333,.T.);
#2563=EDGE_CURVE('',#3553,#3555,#4334,.T.);
#2564=EDGE_CURVE('',#3560,#3558,#4335,.T.);
#2565=EDGE_CURVE('',#3561,#3528,#4336,.T.);
#2566=EDGE_CURVE('',#3561,#3562,#4337,.T.);
#2567=EDGE_CURVE('',#3562,#3386,#4338,.T.);
#2568=EDGE_CURVE('',#3381,#3563,#4339,.T.);
#2569=EDGE_CURVE('',#3562,#3564,#4340,.T.);
#2570=EDGE_CURVE('',#3564,#3340,#4341,.T.);
#2571=EDGE_CURVE('',#3339,#3565,#4342,.T.);
#2572=EDGE_CURVE('',#3563,#3565,#4343,.T.);
#2573=EDGE_CURVE('',#3564,#3566,#4344,.T.);
#2574=EDGE_CURVE('',#3566,#3536,#4345,.T.);
#2575=EDGE_CURVE('',#3566,#3567,#4346,.T.);
#2576=EDGE_CURVE('',#3567,#3532,#4347,.T.);
#2577=EDGE_CURVE('',#3567,#3519,#4348,.T.);
#2578=EDGE_CURVE('',#3521,#3568,#4349,.T.);
#2579=EDGE_CURVE('',#3568,#3527,#4350,.T.);
#2580=EDGE_CURVE('',#3568,#3561,#4351,.T.);
#2581=EDGE_CURVE('',#3569,#3570,#4352,.T.);
#2582=EDGE_CURVE('',#3569,#3571,#4353,.T.);
#2583=EDGE_CURVE('',#3571,#3572,#4354,.T.);
#2584=EDGE_CURVE('',#3572,#3570,#4355,.T.);
#2585=EDGE_CURVE('',#3573,#3574,#4356,.T.);
#2586=EDGE_CURVE('',#3573,#3333,#4357,.T.);
#2587=EDGE_CURVE('',#3334,#3430,#4358,.T.);
#2588=EDGE_CURVE('',#3300,#3429,#4359,.T.);
#2589=EDGE_CURVE('',#3299,#3575,#4360,.T.);
#2590=EDGE_CURVE('',#3576,#3575,#4361,.T.);
#2591=EDGE_CURVE('',#3576,#3301,#4362,.T.);
#2592=EDGE_CURVE('',#3302,#3577,#4363,.T.);
#2593=EDGE_CURVE('',#3578,#3577,#4364,.T.);
#2594=EDGE_CURVE('',#3578,#3305,#4365,.T.);
#2595=EDGE_CURVE('',#3306,#3579,#4366,.T.);
#2596=EDGE_CURVE('',#3580,#3579,#4367,.T.);
#2597=EDGE_CURVE('',#3580,#3309,#4368,.T.);
#2598=EDGE_CURVE('',#3310,#3581,#4369,.T.);
#2599=EDGE_CURVE('',#3582,#3581,#4370,.T.);
#2600=EDGE_CURVE('',#3582,#3313,#4371,.T.);
#2601=EDGE_CURVE('',#3314,#3583,#4372,.T.);
#2602=EDGE_CURVE('',#3584,#3583,#4373,.T.);
#2603=EDGE_CURVE('',#3584,#3317,#4374,.T.);
#2604=EDGE_CURVE('',#3318,#3585,#4375,.T.);
#2605=EDGE_CURVE('',#3586,#3585,#4376,.T.);
#2606=EDGE_CURVE('',#3586,#3321,#4377,.T.);
#2607=EDGE_CURVE('',#3322,#3587,#4378,.T.);
#2608=EDGE_CURVE('',#3588,#3587,#4379,.T.);
#2609=EDGE_CURVE('',#3588,#3325,#4380,.T.);
#2610=EDGE_CURVE('',#3326,#3589,#4381,.T.);
#2611=EDGE_CURVE('',#3590,#3589,#4382,.T.);
#2612=EDGE_CURVE('',#3590,#3329,#4383,.T.);
#2613=EDGE_CURVE('',#3330,#3591,#4384,.T.);
#2614=EDGE_CURVE('',#3592,#3591,#4385,.T.);
#2615=EDGE_CURVE('',#3592,#3569,#4386,.T.);
#2616=EDGE_CURVE('',#3570,#3574,#4387,.T.);
#2617=EDGE_CURVE('',#3593,#3594,#4388,.T.);
#2618=EDGE_CURVE('',#3594,#3298,#4389,.T.);
#2619=EDGE_CURVE('',#3563,#3297,#4390,.T.);
#2620=EDGE_CURVE('',#3565,#3336,#4391,.T.);
#2621=EDGE_CURVE('',#3335,#3595,#4392,.T.);
#2622=EDGE_CURVE('',#3595,#3596,#4393,.T.);
#2623=EDGE_CURVE('',#3596,#3572,#4394,.T.);
#2624=EDGE_CURVE('',#3571,#3597,#4395,.T.);
#2625=EDGE_CURVE('',#3597,#3598,#4396,.T.);
#2626=EDGE_CURVE('',#3598,#3332,#4397,.T.);
#2627=EDGE_CURVE('',#3331,#3599,#4398,.T.);
#2628=EDGE_CURVE('',#3599,#3600,#4399,.T.);
#2629=EDGE_CURVE('',#3600,#3328,#4400,.T.);
#2630=EDGE_CURVE('',#3327,#3601,#4401,.T.);
#2631=EDGE_CURVE('',#3601,#3602,#4402,.T.);
#2632=EDGE_CURVE('',#3602,#3324,#4403,.T.);
#2633=EDGE_CURVE('',#3323,#3603,#4404,.T.);
#2634=EDGE_CURVE('',#3603,#3604,#4405,.T.);
#2635=EDGE_CURVE('',#3604,#3320,#4406,.T.);
#2636=EDGE_CURVE('',#3319,#3605,#4407,.T.);
#2637=EDGE_CURVE('',#3605,#3606,#4408,.T.);
#2638=EDGE_CURVE('',#3606,#3316,#4409,.T.);
#2639=EDGE_CURVE('',#3315,#3607,#4410,.T.);
#2640=EDGE_CURVE('',#3607,#3608,#4411,.T.);
#2641=EDGE_CURVE('',#3608,#3312,#4412,.T.);
#2642=EDGE_CURVE('',#3311,#3609,#4413,.T.);
#2643=EDGE_CURVE('',#3609,#3610,#4414,.T.);
#2644=EDGE_CURVE('',#3610,#3308,#4415,.T.);
#2645=EDGE_CURVE('',#3307,#3611,#4416,.T.);
#2646=EDGE_CURVE('',#3611,#3612,#4417,.T.);
#2647=EDGE_CURVE('',#3612,#3304,#4418,.T.);
#2648=EDGE_CURVE('',#3303,#3593,#4419,.T.);
#2649=EDGE_CURVE('',#3613,#3428,#4420,.T.);
#2650=EDGE_CURVE('',#3613,#3432,#4421,.T.);
#2651=EDGE_CURVE('',#3614,#3434,#4422,.T.);
#2652=EDGE_CURVE('',#3614,#3497,#4423,.T.);
#2653=EDGE_CURVE('',#3431,#3615,#4424,.T.);
#2654=EDGE_CURVE('',#3615,#3427,#4425,.T.);
#2655=EDGE_CURVE('',#3616,#3498,#4426,.T.);
#2656=EDGE_CURVE('',#3433,#3616,#4427,.T.);
#2657=EDGE_CURVE('',#3617,#3426,#4428,.T.);
#2658=EDGE_CURVE('',#3617,#3436,#4429,.T.);
#2659=EDGE_CURVE('',#3618,#3438,#4430,.T.);
#2660=EDGE_CURVE('',#3618,#3499,#4431,.T.);
#2661=EDGE_CURVE('',#3435,#3619,#4432,.T.);
#2662=EDGE_CURVE('',#3619,#3425,#4433,.T.);
#2663=EDGE_CURVE('',#3620,#3500,#4434,.T.);
#2664=EDGE_CURVE('',#3437,#3620,#4435,.T.);
#2665=EDGE_CURVE('',#3621,#3424,#4436,.T.);
#2666=EDGE_CURVE('',#3621,#3440,#4437,.T.);
#2667=EDGE_CURVE('',#3622,#3442,#4438,.T.);
#2668=EDGE_CURVE('',#3622,#3501,#4439,.T.);
#2669=EDGE_CURVE('',#3439,#3623,#4440,.T.);
#2670=EDGE_CURVE('',#3623,#3423,#4441,.T.);
#2671=EDGE_CURVE('',#3624,#3502,#4442,.T.);
#2672=EDGE_CURVE('',#3441,#3624,#4443,.T.);
#2673=EDGE_CURVE('',#3625,#3422,#4444,.T.);
#2674=EDGE_CURVE('',#3625,#3444,#4445,.T.);
#2675=EDGE_CURVE('',#3626,#3446,#4446,.T.);
#2676=EDGE_CURVE('',#3626,#3503,#4447,.T.);
#2677=EDGE_CURVE('',#3443,#3627,#4448,.T.);
#2678=EDGE_CURVE('',#3627,#3421,#4449,.T.);
#2679=EDGE_CURVE('',#3628,#3504,#4450,.T.);
#2680=EDGE_CURVE('',#3445,#3628,#4451,.T.);
#2681=EDGE_CURVE('',#3629,#3420,#4452,.T.);
#2682=EDGE_CURVE('',#3629,#3448,#4453,.T.);
#2683=EDGE_CURVE('',#3630,#3450,#4454,.T.);
#2684=EDGE_CURVE('',#3630,#3505,#4455,.T.);
#2685=EDGE_CURVE('',#3447,#3631,#4456,.T.);
#2686=EDGE_CURVE('',#3631,#3419,#4457,.T.);
#2687=EDGE_CURVE('',#3632,#3506,#4458,.T.);
#2688=EDGE_CURVE('',#3449,#3632,#4459,.T.);
#2689=EDGE_CURVE('',#3633,#3418,#4460,.T.);
#2690=EDGE_CURVE('',#3633,#3452,#4461,.T.);
#2691=EDGE_CURVE('',#3634,#3454,#4462,.T.);
#2692=EDGE_CURVE('',#3634,#3507,#4463,.T.);
#2693=EDGE_CURVE('',#3451,#3635,#4464,.T.);
#2694=EDGE_CURVE('',#3635,#3417,#4465,.T.);
#2695=EDGE_CURVE('',#3636,#3508,#4466,.T.);
#2696=EDGE_CURVE('',#3453,#3636,#4467,.T.);
#2697=EDGE_CURVE('',#3637,#3416,#4468,.T.);
#2698=EDGE_CURVE('',#3637,#3456,#4469,.T.);
#2699=EDGE_CURVE('',#3638,#3458,#4470,.T.);
#2700=EDGE_CURVE('',#3638,#3509,#4471,.T.);
#2701=EDGE_CURVE('',#3455,#3639,#4472,.T.);
#2702=EDGE_CURVE('',#3639,#3415,#4473,.T.);
#2703=EDGE_CURVE('',#3640,#3510,#4474,.T.);
#2704=EDGE_CURVE('',#3457,#3640,#4475,.T.);
#2705=EDGE_CURVE('',#3641,#3414,#4476,.T.);
#2706=EDGE_CURVE('',#3641,#3460,#4477,.T.);
#2707=EDGE_CURVE('',#3642,#3462,#4478,.T.);
#2708=EDGE_CURVE('',#3642,#3511,#4479,.T.);
#2709=EDGE_CURVE('',#3459,#3643,#4480,.T.);
#2710=EDGE_CURVE('',#3643,#3413,#4481,.T.);
#2711=EDGE_CURVE('',#3644,#3512,#4482,.T.);
#2712=EDGE_CURVE('',#3461,#3644,#4483,.T.);
#2713=EDGE_CURVE('',#3645,#3412,#4484,.T.);
#2714=EDGE_CURVE('',#3645,#3464,#4485,.T.);
#2715=EDGE_CURVE('',#3646,#3466,#4486,.T.);
#2716=EDGE_CURVE('',#3646,#3513,#4487,.T.);
#2717=EDGE_CURVE('',#3463,#3647,#4488,.T.);
#2718=EDGE_CURVE('',#3647,#3411,#4489,.T.);
#2719=EDGE_CURVE('',#3648,#3514,#4490,.T.);
#2720=EDGE_CURVE('',#3465,#3648,#4491,.T.);
#2721=EDGE_CURVE('',#3467,#3649,#4492,.T.);
#2722=EDGE_CURVE('',#3649,#3409,#4493,.T.);
#2723=EDGE_CURVE('',#3650,#3493,#4494,.T.);
#2724=EDGE_CURVE('',#3469,#3650,#4495,.T.);
#2725=EDGE_CURVE('',#3651,#3410,#4496,.T.);
#2726=EDGE_CURVE('',#3651,#3468,#4497,.T.);
#2727=EDGE_CURVE('',#3652,#3470,#4498,.T.);
#2728=EDGE_CURVE('',#3652,#3494,#4499,.T.);
#2729=EDGE_CURVE('',#3650,#3652,#4500,.T.);
#2730=EDGE_CURVE('',#3648,#3646,#4501,.T.);
#2731=EDGE_CURVE('',#3644,#3642,#4502,.T.);
#2732=EDGE_CURVE('',#3640,#3638,#4503,.T.);
#2733=EDGE_CURVE('',#3636,#3634,#4504,.T.);
#2734=EDGE_CURVE('',#3632,#3630,#4505,.T.);
#2735=EDGE_CURVE('',#3628,#3626,#4506,.T.);
#2736=EDGE_CURVE('',#3624,#3622,#4507,.T.);
#2737=EDGE_CURVE('',#3620,#3618,#4508,.T.);
#2738=EDGE_CURVE('',#3616,#3614,#4509,.T.);
#2739=EDGE_CURVE('',#3615,#3613,#4510,.T.);
#2740=EDGE_CURVE('',#3619,#3617,#4511,.T.);
#2741=EDGE_CURVE('',#3623,#3621,#4512,.T.);
#2742=EDGE_CURVE('',#3627,#3625,#4513,.T.);
#2743=EDGE_CURVE('',#3631,#3629,#4514,.T.);
#2744=EDGE_CURVE('',#3635,#3633,#4515,.T.);
#2745=EDGE_CURVE('',#3639,#3637,#4516,.T.);
#2746=EDGE_CURVE('',#3643,#3641,#4517,.T.);
#2747=EDGE_CURVE('',#3647,#3645,#4518,.T.);
#2748=EDGE_CURVE('',#3649,#3651,#4519,.T.);
#2749=EDGE_CURVE('',#3653,#3595,#4520,.T.);
#2750=EDGE_CURVE('',#3654,#3653,#4521,.T.);
#2751=EDGE_CURVE('',#3654,#3596,#4522,.T.);
#2752=EDGE_CURVE('',#3574,#3654,#4523,.T.);
#2753=EDGE_CURVE('',#3653,#3573,#4524,.T.);
#2754=EDGE_CURVE('',#3655,#3592,#4525,.T.);
#2755=EDGE_CURVE('',#3655,#3597,#4526,.T.);
#2756=EDGE_CURVE('',#3656,#3655,#4527,.T.);
#2757=EDGE_CURVE('',#3656,#3598,#4528,.T.);
#2758=EDGE_CURVE('',#3591,#3656,#4529,.T.);
#2759=EDGE_CURVE('',#3657,#3590,#4530,.T.);
#2760=EDGE_CURVE('',#3657,#3599,#4531,.T.);
#2761=EDGE_CURVE('',#3658,#3657,#4532,.T.);
#2762=EDGE_CURVE('',#3658,#3600,#4533,.T.);
#2763=EDGE_CURVE('',#3589,#3658,#4534,.T.);
#2764=EDGE_CURVE('',#3659,#3588,#4535,.T.);
#2765=EDGE_CURVE('',#3659,#3601,#4536,.T.);
#2766=EDGE_CURVE('',#3660,#3659,#4537,.T.);
#2767=EDGE_CURVE('',#3660,#3602,#4538,.T.);
#2768=EDGE_CURVE('',#3587,#3660,#4539,.T.);
#2769=EDGE_CURVE('',#3661,#3586,#4540,.T.);
#2770=EDGE_CURVE('',#3661,#3603,#4541,.T.);
#2771=EDGE_CURVE('',#3662,#3661,#4542,.T.);
#2772=EDGE_CURVE('',#3662,#3604,#4543,.T.);
#2773=EDGE_CURVE('',#3585,#3662,#4544,.T.);
#2774=EDGE_CURVE('',#3663,#3584,#4545,.T.);
#2775=EDGE_CURVE('',#3663,#3605,#4546,.T.);
#2776=EDGE_CURVE('',#3664,#3663,#4547,.T.);
#2777=EDGE_CURVE('',#3664,#3606,#4548,.T.);
#2778=EDGE_CURVE('',#3583,#3664,#4549,.T.);
#2779=EDGE_CURVE('',#3665,#3582,#4550,.T.);
#2780=EDGE_CURVE('',#3665,#3607,#4551,.T.);
#2781=EDGE_CURVE('',#3666,#3665,#4552,.T.);
#2782=EDGE_CURVE('',#3666,#3608,#4553,.T.);
#2783=EDGE_CURVE('',#3581,#3666,#4554,.T.);
#2784=EDGE_CURVE('',#3667,#3580,#4555,.T.);
#2785=EDGE_CURVE('',#3667,#3609,#4556,.T.);
#2786=EDGE_CURVE('',#3668,#3667,#4557,.T.);
#2787=EDGE_CURVE('',#3668,#3610,#4558,.T.);
#2788=EDGE_CURVE('',#3579,#3668,#4559,.T.);
#2789=EDGE_CURVE('',#3669,#3578,#4560,.T.);
#2790=EDGE_CURVE('',#3669,#3611,#4561,.T.);
#2791=EDGE_CURVE('',#3670,#3669,#4562,.T.);
#2792=EDGE_CURVE('',#3670,#3612,#4563,.T.);
#2793=EDGE_CURVE('',#3577,#3670,#4564,.T.);
#2794=EDGE_CURVE('',#3575,#3671,#4565,.T.);
#2795=EDGE_CURVE('',#3671,#3672,#4566,.T.);
#2796=EDGE_CURVE('',#3672,#3576,#4567,.T.);
#2797=EDGE_CURVE('',#3671,#3594,#4568,.T.);
#2798=EDGE_CURVE('',#3672,#3593,#4569,.T.);
#2799=EDGE_CURVE('',#3673,#3674,#4570,.T.);
#2800=EDGE_CURVE('',#3674,#3675,#4571,.T.);
#2801=EDGE_CURVE('',#3675,#3676,#4572,.T.);
#2802=EDGE_CURVE('',#3676,#3677,#4573,.T.);
#2803=EDGE_CURVE('',#3677,#3678,#4574,.T.);
#2804=EDGE_CURVE('',#3678,#3673,#4575,.T.);
#2805=EDGE_CURVE('',#3679,#3680,#4576,.T.);
#2806=EDGE_CURVE('',#3681,#3679,#4577,.T.);
#2807=EDGE_CURVE('',#3682,#3681,#4578,.T.);
#2808=EDGE_CURVE('',#3683,#3682,#4579,.T.);
#2809=EDGE_CURVE('',#3684,#3683,#4580,.T.);
#2810=EDGE_CURVE('',#3680,#3684,#4581,.T.);
#2811=EDGE_CURVE('',#3685,#3686,#4582,.T.);
#2812=EDGE_CURVE('',#3687,#3685,#4583,.T.);
#2813=EDGE_CURVE('',#3688,#3687,#4584,.T.);
#2814=EDGE_CURVE('',#3688,#3686,#4585,.T.);
#2815=EDGE_CURVE('',#3689,#3690,#4586,.T.);
#2816=EDGE_CURVE('',#3691,#3689,#4587,.T.);
#2817=EDGE_CURVE('',#3692,#3691,#4588,.T.);
#2818=EDGE_CURVE('',#3692,#3690,#4589,.T.);
#2819=EDGE_CURVE('',#3693,#3694,#4590,.T.);
#2820=EDGE_CURVE('',#3695,#3693,#4591,.T.);
#2821=EDGE_CURVE('',#3696,#3695,#4592,.T.);
#2822=EDGE_CURVE('',#3696,#3694,#4593,.T.);
#2823=EDGE_CURVE('',#3697,#3698,#4594,.T.);
#2824=EDGE_CURVE('',#3699,#3697,#4595,.T.);
#2825=EDGE_CURVE('',#3700,#3699,#4596,.T.);
#2826=EDGE_CURVE('',#3700,#3698,#4597,.T.);
#2827=EDGE_CURVE('',#3701,#3702,#4598,.T.);
#2828=EDGE_CURVE('',#3703,#3701,#4599,.T.);
#2829=EDGE_CURVE('',#3704,#3703,#4600,.T.);
#2830=EDGE_CURVE('',#3704,#3702,#4601,.T.);
#2831=EDGE_CURVE('',#3705,#3706,#4602,.T.);
#2832=EDGE_CURVE('',#3707,#3705,#4603,.T.);
#2833=EDGE_CURVE('',#3707,#3708,#4604,.T.);
#2834=EDGE_CURVE('',#3706,#3708,#4605,.T.);
#2835=EDGE_CURVE('',#3709,#3710,#4606,.T.);
#2836=EDGE_CURVE('',#3711,#3709,#4607,.T.);
#2837=EDGE_CURVE('',#3711,#3712,#4608,.T.);
#2838=EDGE_CURVE('',#3710,#3712,#4609,.T.);
#2839=EDGE_CURVE('',#3713,#3714,#4610,.T.);
#2840=EDGE_CURVE('',#3715,#3713,#4611,.T.);
#2841=EDGE_CURVE('',#3715,#3716,#4612,.T.);
#2842=EDGE_CURVE('',#3714,#3716,#4613,.T.);
#2843=EDGE_CURVE('',#3717,#3718,#4614,.T.);
#2844=EDGE_CURVE('',#3719,#3717,#4615,.T.);
#2845=EDGE_CURVE('',#3719,#3720,#4616,.T.);
#2846=EDGE_CURVE('',#3718,#3720,#4617,.T.);
#2847=EDGE_CURVE('',#3721,#3722,#4618,.T.);
#2848=EDGE_CURVE('',#3723,#3721,#4619,.T.);
#2849=EDGE_CURVE('',#3723,#3724,#4620,.T.);
#2850=EDGE_CURVE('',#3722,#3724,#4621,.T.);
#2851=EDGE_CURVE('',#3679,#3725,#4622,.T.);
#2852=EDGE_CURVE('',#3675,#3680,#4623,.T.);
#2853=EDGE_CURVE('',#3726,#3674,#4624,.T.);
#2854=EDGE_CURVE('',#3727,#3726,#4625,.T.);
#2855=EDGE_CURVE('',#3727,#3728,#4626,.T.);
#2856=EDGE_CURVE('',#3729,#3728,#4627,.T.);
#2857=EDGE_CURVE('',#3730,#3729,#4628,.T.);
#2858=EDGE_CURVE('',#3731,#3730,#4629,.T.);
#2859=EDGE_CURVE('',#3731,#3732,#4630,.T.);
#2860=EDGE_CURVE('',#3733,#3732,#4631,.T.);
#2861=EDGE_CURVE('',#3734,#3733,#4632,.T.);
#2862=EDGE_CURVE('',#3735,#3734,#4633,.T.);
#2863=EDGE_CURVE('',#3735,#3736,#4634,.T.);
#2864=EDGE_CURVE('',#3737,#3736,#4635,.T.);
#2865=EDGE_CURVE('',#3738,#3737,#4636,.T.);
#2866=EDGE_CURVE('',#3739,#3738,#4637,.T.);
#2867=EDGE_CURVE('',#3739,#3740,#4638,.T.);
#2868=EDGE_CURVE('',#3741,#3740,#4639,.T.);
#2869=EDGE_CURVE('',#3742,#3741,#4640,.T.);
#2870=EDGE_CURVE('',#3743,#3742,#4641,.T.);
#2871=EDGE_CURVE('',#3743,#3744,#4642,.T.);
#2872=EDGE_CURVE('',#3725,#3744,#4643,.T.);
#2873=EDGE_CURVE('',#3745,#3685,#4644,.T.);
#2874=EDGE_CURVE('',#3746,#3745,#4645,.T.);
#2875=EDGE_CURVE('',#3687,#3746,#4646,.T.);
#2876=EDGE_CURVE('',#3747,#3689,#4647,.T.);
#2877=EDGE_CURVE('',#3748,#3747,#4648,.T.);
#2878=EDGE_CURVE('',#3691,#3748,#4649,.T.);
#2879=EDGE_CURVE('',#3749,#3693,#4650,.T.);
#2880=EDGE_CURVE('',#3750,#3749,#4651,.T.);
#2881=EDGE_CURVE('',#3695,#3750,#4652,.T.);
#2882=EDGE_CURVE('',#3751,#3697,#4653,.T.);
#2883=EDGE_CURVE('',#3752,#3751,#4654,.T.);
#2884=EDGE_CURVE('',#3699,#3752,#4655,.T.);
#2885=EDGE_CURVE('',#3753,#3701,#4656,.T.);
#2886=EDGE_CURVE('',#3754,#3753,#4657,.T.);
#2887=EDGE_CURVE('',#3703,#3754,#4658,.T.);
#2888=EDGE_CURVE('',#3755,#3745,#4659,.T.);
#2889=EDGE_CURVE('',#3756,#3755,#4660,.T.);
#2890=EDGE_CURVE('',#3746,#3756,#4661,.T.);
#2891=EDGE_CURVE('',#3757,#3747,#4662,.T.);
#2892=EDGE_CURVE('',#3758,#3757,#4663,.T.);
#2893=EDGE_CURVE('',#3748,#3758,#4664,.T.);
#2894=EDGE_CURVE('',#3759,#3749,#4665,.T.);
#2895=EDGE_CURVE('',#3760,#3759,#4666,.T.);
#2896=EDGE_CURVE('',#3750,#3760,#4667,.T.);
#2897=EDGE_CURVE('',#3761,#3751,#4668,.T.);
#2898=EDGE_CURVE('',#3762,#3761,#4669,.T.);
#2899=EDGE_CURVE('',#3752,#3762,#4670,.T.);
#2900=EDGE_CURVE('',#3763,#3753,#4671,.T.);
#2901=EDGE_CURVE('',#3764,#3763,#4672,.T.);
#2902=EDGE_CURVE('',#3754,#3764,#4673,.T.);
#2903=EDGE_CURVE('',#3765,#3755,#4674,.T.);
#2904=EDGE_CURVE('',#3766,#3765,#4675,.T.);
#2905=EDGE_CURVE('',#3756,#3766,#4676,.T.);
#2906=EDGE_CURVE('',#3767,#3757,#4677,.T.);
#2907=EDGE_CURVE('',#3768,#3767,#4678,.T.);
#2908=EDGE_CURVE('',#3758,#3768,#4679,.T.);
#2909=EDGE_CURVE('',#3769,#3759,#4680,.T.);
#2910=EDGE_CURVE('',#3770,#3769,#4681,.T.);
#2911=EDGE_CURVE('',#3760,#3770,#4682,.T.);
#2912=EDGE_CURVE('',#3771,#3761,#4683,.T.);
#2913=EDGE_CURVE('',#3772,#3771,#4684,.T.);
#2914=EDGE_CURVE('',#3762,#3772,#4685,.T.);
#2915=EDGE_CURVE('',#3773,#3763,#4686,.T.);
#2916=EDGE_CURVE('',#3774,#3773,#4687,.T.);
#2917=EDGE_CURVE('',#3764,#3774,#4688,.T.);
#2918=EDGE_CURVE('',#3775,#3765,#56,.T.);
#2919=EDGE_CURVE('',#3776,#3775,#4689,.T.);
#2920=EDGE_CURVE('',#3766,#3776,#57,.T.);
#2921=EDGE_CURVE('',#3777,#3767,#58,.T.);
#2922=EDGE_CURVE('',#3778,#3777,#4690,.T.);
#2923=EDGE_CURVE('',#3768,#3778,#59,.T.);
#2924=EDGE_CURVE('',#3779,#3769,#60,.T.);
#2925=EDGE_CURVE('',#3780,#3779,#4691,.T.);
#2926=EDGE_CURVE('',#3770,#3780,#61,.T.);
#2927=EDGE_CURVE('',#3781,#3771,#62,.T.);
#2928=EDGE_CURVE('',#3782,#3781,#4692,.T.);
#2929=EDGE_CURVE('',#3772,#3782,#63,.T.);
#2930=EDGE_CURVE('',#3783,#3773,#64,.T.);
#2931=EDGE_CURVE('',#3784,#3783,#4693,.T.);
#2932=EDGE_CURVE('',#3774,#3784,#65,.T.);
#2933=EDGE_CURVE('',#3785,#3775,#4694,.T.);
#2934=EDGE_CURVE('',#3786,#3785,#4695,.T.);
#2935=EDGE_CURVE('',#3776,#3786,#4696,.T.);
#2936=EDGE_CURVE('',#3787,#3777,#4697,.T.);
#2937=EDGE_CURVE('',#3788,#3787,#4698,.T.);
#2938=EDGE_CURVE('',#3778,#3788,#4699,.T.);
#2939=EDGE_CURVE('',#3789,#3779,#4700,.T.);
#2940=EDGE_CURVE('',#3790,#3789,#4701,.T.);
#2941=EDGE_CURVE('',#3780,#3790,#4702,.T.);
#2942=EDGE_CURVE('',#3791,#3781,#4703,.T.);
#2943=EDGE_CURVE('',#3792,#3791,#4704,.T.);
#2944=EDGE_CURVE('',#3782,#3792,#4705,.T.);
#2945=EDGE_CURVE('',#3793,#3783,#4706,.T.);
#2946=EDGE_CURVE('',#3794,#3793,#4707,.T.);
#2947=EDGE_CURVE('',#3784,#3794,#4708,.T.);
#2948=EDGE_CURVE('',#3785,#3744,#66,.T.);
#2949=EDGE_CURVE('',#3743,#3786,#67,.T.);
#2950=EDGE_CURVE('',#3787,#3740,#68,.T.);
#2951=EDGE_CURVE('',#3739,#3788,#69,.T.);
#2952=EDGE_CURVE('',#3789,#3736,#70,.T.);
#2953=EDGE_CURVE('',#3735,#3790,#71,.T.);
#2954=EDGE_CURVE('',#3791,#3732,#72,.T.);
#2955=EDGE_CURVE('',#3731,#3792,#73,.T.);
#2956=EDGE_CURVE('',#3793,#3728,#74,.T.);
#2957=EDGE_CURVE('',#3727,#3794,#75,.T.);
#2958=EDGE_CURVE('',#3795,#3702,#4709,.T.);
#2959=EDGE_CURVE('',#3704,#3796,#4710,.T.);
#2960=EDGE_CURVE('',#3795,#3796,#4711,.T.);
#2961=EDGE_CURVE('',#3797,#3698,#4712,.T.);
#2962=EDGE_CURVE('',#3700,#3798,#4713,.T.);
#2963=EDGE_CURVE('',#3797,#3798,#4714,.T.);
#2964=EDGE_CURVE('',#3799,#3694,#4715,.T.);
#2965=EDGE_CURVE('',#3696,#3800,#4716,.T.);
#2966=EDGE_CURVE('',#3799,#3800,#4717,.T.);
#2967=EDGE_CURVE('',#3801,#3690,#4718,.T.);
#2968=EDGE_CURVE('',#3692,#3802,#4719,.T.);
#2969=EDGE_CURVE('',#3801,#3802,#4720,.T.);
#2970=EDGE_CURVE('',#3803,#3686,#4721,.T.);
#2971=EDGE_CURVE('',#3688,#3804,#4722,.T.);
#2972=EDGE_CURVE('',#3803,#3804,#4723,.T.);
#2973=EDGE_CURVE('',#3805,#3681,#4724,.T.);
#2974=EDGE_CURVE('',#3806,#3805,#4725,.T.);
#2975=EDGE_CURVE('',#3807,#3806,#4726,.T.);
#2976=EDGE_CURVE('',#3808,#3807,#4727,.T.);
#2977=EDGE_CURVE('',#3809,#3808,#4728,.T.);
#2978=EDGE_CURVE('',#3810,#3809,#4729,.T.);
#2979=EDGE_CURVE('',#3811,#3810,#4730,.T.);
#2980=EDGE_CURVE('',#3812,#3811,#4731,.T.);
#2981=EDGE_CURVE('',#3813,#3812,#4732,.T.);
#2982=EDGE_CURVE('',#3814,#3813,#4733,.T.);
#2983=EDGE_CURVE('',#3815,#3814,#4734,.T.);
#2984=EDGE_CURVE('',#3816,#3815,#4735,.T.);
#2985=EDGE_CURVE('',#3817,#3816,#4736,.T.);
#2986=EDGE_CURVE('',#3818,#3817,#4737,.T.);
#2987=EDGE_CURVE('',#3819,#3818,#4738,.T.);
#2988=EDGE_CURVE('',#3820,#3819,#4739,.T.);
#2989=EDGE_CURVE('',#3821,#3820,#4740,.T.);
#2990=EDGE_CURVE('',#3822,#3821,#4741,.T.);
#2991=EDGE_CURVE('',#3823,#3822,#4742,.T.);
#2992=EDGE_CURVE('',#3824,#3823,#4743,.T.);
#2993=EDGE_CURVE('',#3673,#3824,#4744,.T.);
#2994=EDGE_CURVE('',#3825,#3678,#4745,.T.);
#2995=EDGE_CURVE('',#3826,#3825,#4746,.T.);
#2996=EDGE_CURVE('',#3826,#3827,#4747,.T.);
#2997=EDGE_CURVE('',#3828,#3827,#4748,.T.);
#2998=EDGE_CURVE('',#3829,#3828,#4749,.T.);
#2999=EDGE_CURVE('',#3830,#3829,#4750,.T.);
#3000=EDGE_CURVE('',#3830,#3831,#4751,.T.);
#3001=EDGE_CURVE('',#3832,#3831,#4752,.T.);
#3002=EDGE_CURVE('',#3833,#3832,#4753,.T.);
#3003=EDGE_CURVE('',#3834,#3833,#4754,.T.);
#3004=EDGE_CURVE('',#3834,#3835,#4755,.T.);
#3005=EDGE_CURVE('',#3836,#3835,#4756,.T.);
#3006=EDGE_CURVE('',#3837,#3836,#4757,.T.);
#3007=EDGE_CURVE('',#3838,#3837,#4758,.T.);
#3008=EDGE_CURVE('',#3838,#3839,#4759,.T.);
#3009=EDGE_CURVE('',#3840,#3839,#4760,.T.);
#3010=EDGE_CURVE('',#3841,#3840,#4761,.T.);
#3011=EDGE_CURVE('',#3842,#3841,#4762,.T.);
#3012=EDGE_CURVE('',#3842,#3843,#4763,.T.);
#3013=EDGE_CURVE('',#3844,#3843,#4764,.T.);
#3014=EDGE_CURVE('',#3845,#3844,#4765,.T.);
#3015=EDGE_CURVE('',#3846,#3845,#4766,.T.);
#3016=EDGE_CURVE('',#3846,#3847,#4767,.T.);
#3017=EDGE_CURVE('',#3848,#3847,#4768,.T.);
#3018=EDGE_CURVE('',#3849,#3848,#4769,.T.);
#3019=EDGE_CURVE('',#3850,#3849,#4770,.T.);
#3020=EDGE_CURVE('',#3850,#3851,#4771,.T.);
#3021=EDGE_CURVE('',#3852,#3851,#4772,.T.);
#3022=EDGE_CURVE('',#3853,#3852,#4773,.T.);
#3023=EDGE_CURVE('',#3854,#3853,#4774,.T.);
#3024=EDGE_CURVE('',#3854,#3855,#4775,.T.);
#3025=EDGE_CURVE('',#3856,#3855,#4776,.T.);
#3026=EDGE_CURVE('',#3857,#3856,#4777,.T.);
#3027=EDGE_CURVE('',#3858,#3857,#4778,.T.);
#3028=EDGE_CURVE('',#3858,#3859,#4779,.T.);
#3029=EDGE_CURVE('',#3860,#3859,#4780,.T.);
#3030=EDGE_CURVE('',#3861,#3860,#4781,.T.);
#3031=EDGE_CURVE('',#3862,#3861,#4782,.T.);
#3032=EDGE_CURVE('',#3862,#3863,#4783,.T.);
#3033=EDGE_CURVE('',#3864,#3863,#4784,.T.);
#3034=EDGE_CURVE('',#3682,#3864,#4785,.T.);
#3035=EDGE_CURVE('',#3806,#3865,#76,.T.);
#3036=EDGE_CURVE('',#3866,#3865,#4786,.T.);
#3037=EDGE_CURVE('',#3866,#3807,#77,.T.);
#3038=EDGE_CURVE('',#3810,#3867,#78,.T.);
#3039=EDGE_CURVE('',#3868,#3867,#4787,.T.);
#3040=EDGE_CURVE('',#3868,#3811,#79,.T.);
#3041=EDGE_CURVE('',#3814,#3869,#80,.T.);
#3042=EDGE_CURVE('',#3870,#3869,#4788,.T.);
#3043=EDGE_CURVE('',#3870,#3815,#81,.T.);
#3044=EDGE_CURVE('',#3818,#3871,#82,.T.);
#3045=EDGE_CURVE('',#3872,#3871,#4789,.T.);
#3046=EDGE_CURVE('',#3872,#3819,#83,.T.);
#3047=EDGE_CURVE('',#3822,#3873,#84,.T.);
#3048=EDGE_CURVE('',#3874,#3873,#4790,.T.);
#3049=EDGE_CURVE('',#3874,#3823,#85,.T.);
#3050=EDGE_CURVE('',#3875,#3865,#4791,.T.);
#3051=EDGE_CURVE('',#3876,#3875,#4792,.T.);
#3052=EDGE_CURVE('',#3866,#3876,#4793,.T.);
#3053=EDGE_CURVE('',#3877,#3867,#4794,.T.);
#3054=EDGE_CURVE('',#3878,#3877,#4795,.T.);
#3055=EDGE_CURVE('',#3868,#3878,#4796,.T.);
#3056=EDGE_CURVE('',#3879,#3869,#4797,.T.);
#3057=EDGE_CURVE('',#3880,#3879,#4798,.T.);
#3058=EDGE_CURVE('',#3870,#3880,#4799,.T.);
#3059=EDGE_CURVE('',#3881,#3871,#4800,.T.);
#3060=EDGE_CURVE('',#3882,#3881,#4801,.T.);
#3061=EDGE_CURVE('',#3872,#3882,#4802,.T.);
#3062=EDGE_CURVE('',#3883,#3873,#4803,.T.);
#3063=EDGE_CURVE('',#3884,#3883,#4804,.T.);
#3064=EDGE_CURVE('',#3874,#3884,#4805,.T.);
#3065=EDGE_CURVE('',#3885,#3875,#86,.T.);
#3066=EDGE_CURVE('',#3886,#3885,#4806,.T.);
#3067=EDGE_CURVE('',#3876,#3886,#87,.T.);
#3068=EDGE_CURVE('',#3887,#3877,#88,.T.);
#3069=EDGE_CURVE('',#3888,#3887,#4807,.T.);
#3070=EDGE_CURVE('',#3878,#3888,#89,.T.);
#3071=EDGE_CURVE('',#3889,#3879,#90,.T.);
#3072=EDGE_CURVE('',#3890,#3889,#4808,.T.);
#3073=EDGE_CURVE('',#3880,#3890,#91,.T.);
#3074=EDGE_CURVE('',#3891,#3881,#92,.T.);
#3075=EDGE_CURVE('',#3892,#3891,#4809,.T.);
#3076=EDGE_CURVE('',#3882,#3892,#93,.T.);
#3077=EDGE_CURVE('',#3893,#3883,#94,.T.);
#3078=EDGE_CURVE('',#3894,#3893,#4810,.T.);
#3079=EDGE_CURVE('',#3884,#3894,#95,.T.);
#3080=EDGE_CURVE('',#3895,#3885,#4811,.T.);
#3081=EDGE_CURVE('',#3896,#3895,#4812,.T.);
#3082=EDGE_CURVE('',#3886,#3896,#4813,.T.);
#3083=EDGE_CURVE('',#3897,#3887,#4814,.T.);
#3084=EDGE_CURVE('',#3898,#3897,#4815,.T.);
#3085=EDGE_CURVE('',#3888,#3898,#4816,.T.);
#3086=EDGE_CURVE('',#3899,#3889,#4817,.T.);
#3087=EDGE_CURVE('',#3900,#3899,#4818,.T.);
#3088=EDGE_CURVE('',#3890,#3900,#4819,.T.);
#3089=EDGE_CURVE('',#3901,#3891,#4820,.T.);
#3090=EDGE_CURVE('',#3902,#3901,#4821,.T.);
#3091=EDGE_CURVE('',#3892,#3902,#4822,.T.);
#3092=EDGE_CURVE('',#3903,#3893,#4823,.T.);
#3093=EDGE_CURVE('',#3904,#3903,#4824,.T.);
#3094=EDGE_CURVE('',#3894,#3904,#4825,.T.);
#3095=EDGE_CURVE('',#3905,#3895,#4826,.T.);
#3096=EDGE_CURVE('',#3906,#3905,#4827,.T.);
#3097=EDGE_CURVE('',#3896,#3906,#4828,.T.);
#3098=EDGE_CURVE('',#3907,#3897,#4829,.T.);
#3099=EDGE_CURVE('',#3908,#3907,#4830,.T.);
#3100=EDGE_CURVE('',#3898,#3908,#4831,.T.);
#3101=EDGE_CURVE('',#3909,#3899,#4832,.T.);
#3102=EDGE_CURVE('',#3910,#3909,#4833,.T.);
#3103=EDGE_CURVE('',#3900,#3910,#4834,.T.);
#3104=EDGE_CURVE('',#3911,#3901,#4835,.T.);
#3105=EDGE_CURVE('',#3912,#3911,#4836,.T.);
#3106=EDGE_CURVE('',#3902,#3912,#4837,.T.);
#3107=EDGE_CURVE('',#3913,#3903,#4838,.T.);
#3108=EDGE_CURVE('',#3914,#3913,#4839,.T.);
#3109=EDGE_CURVE('',#3904,#3914,#4840,.T.);
#3110=EDGE_CURVE('',#3724,#3905,#4841,.T.);
#3111=EDGE_CURVE('',#3906,#3723,#4842,.T.);
#3112=EDGE_CURVE('',#3720,#3907,#4843,.T.);
#3113=EDGE_CURVE('',#3908,#3719,#4844,.T.);
#3114=EDGE_CURVE('',#3716,#3909,#4845,.T.);
#3115=EDGE_CURVE('',#3910,#3715,#4846,.T.);
#3116=EDGE_CURVE('',#3712,#3911,#4847,.T.);
#3117=EDGE_CURVE('',#3912,#3711,#4848,.T.);
#3118=EDGE_CURVE('',#3708,#3913,#4849,.T.);
#3119=EDGE_CURVE('',#3914,#3707,#4850,.T.);
#3120=EDGE_CURVE('',#3915,#3916,#4851,.T.);
#3121=EDGE_CURVE('',#3915,#3917,#4852,.T.);
#3122=EDGE_CURVE('',#3918,#3917,#4853,.T.);
#3123=EDGE_CURVE('',#3916,#3918,#4854,.T.);
#3124=EDGE_CURVE('',#3919,#3920,#4855,.T.);
#3125=EDGE_CURVE('',#3919,#3921,#4856,.T.);
#3126=EDGE_CURVE('',#3922,#3921,#4857,.T.);
#3127=EDGE_CURVE('',#3920,#3922,#4858,.T.);
#3128=EDGE_CURVE('',#3923,#3924,#4859,.T.);
#3129=EDGE_CURVE('',#3923,#3925,#4860,.T.);
#3130=EDGE_CURVE('',#3926,#3925,#4861,.T.);
#3131=EDGE_CURVE('',#3924,#3926,#4862,.T.);
#3132=EDGE_CURVE('',#3927,#3928,#4863,.T.);
#3133=EDGE_CURVE('',#3927,#3929,#4864,.T.);
#3134=EDGE_CURVE('',#3930,#3929,#4865,.T.);
#3135=EDGE_CURVE('',#3928,#3930,#4866,.T.);
#3136=EDGE_CURVE('',#3931,#3932,#4867,.T.);
#3137=EDGE_CURVE('',#3931,#3933,#4868,.T.);
#3138=EDGE_CURVE('',#3934,#3933,#4869,.T.);
#3139=EDGE_CURVE('',#3932,#3934,#4870,.T.);
#3140=EDGE_CURVE('',#3935,#3936,#4871,.T.);
#3141=EDGE_CURVE('',#3935,#3937,#4872,.T.);
#3142=EDGE_CURVE('',#3938,#3937,#4873,.T.);
#3143=EDGE_CURVE('',#3936,#3938,#4874,.T.);
#3144=EDGE_CURVE('',#3939,#3940,#4875,.T.);
#3145=EDGE_CURVE('',#3939,#3941,#4876,.T.);
#3146=EDGE_CURVE('',#3942,#3941,#4877,.T.);
#3147=EDGE_CURVE('',#3940,#3942,#4878,.T.);
#3148=EDGE_CURVE('',#3943,#3944,#4879,.T.);
#3149=EDGE_CURVE('',#3943,#3945,#4880,.T.);
#3150=EDGE_CURVE('',#3946,#3945,#4881,.T.);
#3151=EDGE_CURVE('',#3944,#3946,#4882,.T.);
#3152=EDGE_CURVE('',#3947,#3948,#4883,.T.);
#3153=EDGE_CURVE('',#3947,#3949,#4884,.T.);
#3154=EDGE_CURVE('',#3950,#3949,#4885,.T.);
#3155=EDGE_CURVE('',#3948,#3950,#4886,.T.);
#3156=EDGE_CURVE('',#3951,#3952,#4887,.T.);
#3157=EDGE_CURVE('',#3951,#3953,#4888,.T.);
#3158=EDGE_CURVE('',#3954,#3953,#4889,.T.);
#3159=EDGE_CURVE('',#3952,#3954,#4890,.T.);
#3160=EDGE_CURVE('',#3916,#3826,#4891,.T.);
#3161=EDGE_CURVE('',#3827,#3918,#4892,.T.);
#3162=EDGE_CURVE('',#3920,#3830,#4893,.T.);
#3163=EDGE_CURVE('',#3831,#3922,#4894,.T.);
#3164=EDGE_CURVE('',#3924,#3834,#4895,.T.);
#3165=EDGE_CURVE('',#3835,#3926,#4896,.T.);
#3166=EDGE_CURVE('',#3928,#3838,#4897,.T.);
#3167=EDGE_CURVE('',#3839,#3930,#4898,.T.);
#3168=EDGE_CURVE('',#3932,#3842,#4899,.T.);
#3169=EDGE_CURVE('',#3843,#3934,#4900,.T.);
#3170=EDGE_CURVE('',#3936,#3846,#4901,.T.);
#3171=EDGE_CURVE('',#3847,#3938,#4902,.T.);
#3172=EDGE_CURVE('',#3940,#3850,#4903,.T.);
#3173=EDGE_CURVE('',#3851,#3942,#4904,.T.);
#3174=EDGE_CURVE('',#3944,#3854,#4905,.T.);
#3175=EDGE_CURVE('',#3855,#3946,#4906,.T.);
#3176=EDGE_CURVE('',#3948,#3858,#4907,.T.);
#3177=EDGE_CURVE('',#3859,#3950,#4908,.T.);
#3178=EDGE_CURVE('',#3952,#3862,#4909,.T.);
#3179=EDGE_CURVE('',#3863,#3954,#4910,.T.);
#3180=EDGE_CURVE('',#3677,#3955,#4911,.T.);
#3181=EDGE_CURVE('',#3676,#3684,#4912,.T.);
#3182=EDGE_CURVE('',#3956,#3683,#4913,.T.);
#3183=EDGE_CURVE('',#3957,#3956,#4914,.T.);
#3184=EDGE_CURVE('',#3958,#3957,#4915,.T.);
#3185=EDGE_CURVE('',#3959,#3958,#4916,.T.);
#3186=EDGE_CURVE('',#3960,#3959,#4917,.T.);
#3187=EDGE_CURVE('',#3961,#3960,#4918,.T.);
#3188=EDGE_CURVE('',#3962,#3961,#4919,.T.);
#3189=EDGE_CURVE('',#3963,#3962,#4920,.T.);
#3190=EDGE_CURVE('',#3964,#3963,#4921,.T.);
#3191=EDGE_CURVE('',#3965,#3964,#4922,.T.);
#3192=EDGE_CURVE('',#3966,#3965,#4923,.T.);
#3193=EDGE_CURVE('',#3967,#3966,#4924,.T.);
#3194=EDGE_CURVE('',#3968,#3967,#4925,.T.);
#3195=EDGE_CURVE('',#3969,#3968,#4926,.T.);
#3196=EDGE_CURVE('',#3970,#3969,#4927,.T.);
#3197=EDGE_CURVE('',#3971,#3970,#4928,.T.);
#3198=EDGE_CURVE('',#3972,#3971,#4929,.T.);
#3199=EDGE_CURVE('',#3973,#3972,#4930,.T.);
#3200=EDGE_CURVE('',#3974,#3973,#4931,.T.);
#3201=EDGE_CURVE('',#3975,#3974,#4932,.T.);
#3202=EDGE_CURVE('',#3976,#3975,#4933,.T.);
#3203=EDGE_CURVE('',#3977,#3976,#4934,.T.);
#3204=EDGE_CURVE('',#3978,#3977,#4935,.T.);
#3205=EDGE_CURVE('',#3979,#3978,#4936,.T.);
#3206=EDGE_CURVE('',#3980,#3979,#4937,.T.);
#3207=EDGE_CURVE('',#3981,#3980,#4938,.T.);
#3208=EDGE_CURVE('',#3982,#3981,#4939,.T.);
#3209=EDGE_CURVE('',#3983,#3982,#4940,.T.);
#3210=EDGE_CURVE('',#3984,#3983,#4941,.T.);
#3211=EDGE_CURVE('',#3985,#3984,#4942,.T.);
#3212=EDGE_CURVE('',#3986,#3985,#4943,.T.);
#3213=EDGE_CURVE('',#3987,#3986,#4944,.T.);
#3214=EDGE_CURVE('',#3988,#3987,#4945,.T.);
#3215=EDGE_CURVE('',#3989,#3988,#4946,.T.);
#3216=EDGE_CURVE('',#3990,#3989,#4947,.T.);
#3217=EDGE_CURVE('',#3991,#3990,#4948,.T.);
#3218=EDGE_CURVE('',#3992,#3991,#4949,.T.);
#3219=EDGE_CURVE('',#3993,#3992,#4950,.T.);
#3220=EDGE_CURVE('',#3994,#3993,#4951,.T.);
#3221=EDGE_CURVE('',#3955,#3994,#4952,.T.);
#3222=EDGE_CURVE('',#3994,#3915,#4953,.T.);
#3223=EDGE_CURVE('',#3917,#3993,#4954,.T.);
#3224=EDGE_CURVE('',#3990,#3919,#4955,.T.);
#3225=EDGE_CURVE('',#3921,#3989,#4956,.T.);
#3226=EDGE_CURVE('',#3986,#3923,#4957,.T.);
#3227=EDGE_CURVE('',#3925,#3985,#4958,.T.);
#3228=EDGE_CURVE('',#3982,#3927,#4959,.T.);
#3229=EDGE_CURVE('',#3929,#3981,#4960,.T.);
#3230=EDGE_CURVE('',#3978,#3931,#4961,.T.);
#3231=EDGE_CURVE('',#3933,#3977,#4962,.T.);
#3232=EDGE_CURVE('',#3974,#3935,#4963,.T.);
#3233=EDGE_CURVE('',#3937,#3973,#4964,.T.);
#3234=EDGE_CURVE('',#3970,#3939,#4965,.T.);
#3235=EDGE_CURVE('',#3941,#3969,#4966,.T.);
#3236=EDGE_CURVE('',#3966,#3943,#4967,.T.);
#3237=EDGE_CURVE('',#3945,#3965,#4968,.T.);
#3238=EDGE_CURVE('',#3962,#3947,#4969,.T.);
#3239=EDGE_CURVE('',#3949,#3961,#4970,.T.);
#3240=EDGE_CURVE('',#3958,#3951,#4971,.T.);
#3241=EDGE_CURVE('',#3953,#3957,#4972,.T.);
#3242=EDGE_CURVE('',#3956,#3864,#4973,.T.);
#3243=EDGE_CURVE('',#3955,#3825,#4974,.T.);
#3244=EDGE_CURVE('',#3960,#3860,#4975,.T.);
#3245=EDGE_CURVE('',#3959,#3861,#4976,.T.);
#3246=EDGE_CURVE('',#3964,#3856,#4977,.T.);
#3247=EDGE_CURVE('',#3963,#3857,#4978,.T.);
#3248=EDGE_CURVE('',#3968,#3852,#4979,.T.);
#3249=EDGE_CURVE('',#3967,#3853,#4980,.T.);
#3250=EDGE_CURVE('',#3972,#3848,#4981,.T.);
#3251=EDGE_CURVE('',#3971,#3849,#4982,.T.);
#3252=EDGE_CURVE('',#3976,#3844,#4983,.T.);
#3253=EDGE_CURVE('',#3975,#3845,#4984,.T.);
#3254=EDGE_CURVE('',#3980,#3840,#4985,.T.);
#3255=EDGE_CURVE('',#3979,#3841,#4986,.T.);
#3256=EDGE_CURVE('',#3984,#3836,#4987,.T.);
#3257=EDGE_CURVE('',#3983,#3837,#4988,.T.);
#3258=EDGE_CURVE('',#3988,#3832,#4989,.T.);
#3259=EDGE_CURVE('',#3987,#3833,#4990,.T.);
#3260=EDGE_CURVE('',#3992,#3828,#4991,.T.);
#3261=EDGE_CURVE('',#3991,#3829,#4992,.T.);
#3262=EDGE_CURVE('',#3705,#3995,#4993,.T.);
#3263=EDGE_CURVE('',#3995,#3824,#4994,.T.);
#3264=EDGE_CURVE('',#3709,#3996,#4995,.T.);
#3265=EDGE_CURVE('',#3996,#3820,#4996,.T.);
#3266=EDGE_CURVE('',#3997,#3821,#4997,.T.);
#3267=EDGE_CURVE('',#3997,#3706,#4998,.T.);
#3268=EDGE_CURVE('',#3713,#3998,#4999,.T.);
#3269=EDGE_CURVE('',#3998,#3816,#5000,.T.);
#3270=EDGE_CURVE('',#3999,#3817,#5001,.T.);
#3271=EDGE_CURVE('',#3999,#3710,#5002,.T.);
#3272=EDGE_CURVE('',#3717,#4000,#5003,.T.);
#3273=EDGE_CURVE('',#4000,#3812,#5004,.T.);
#3274=EDGE_CURVE('',#4001,#3813,#5005,.T.);
#3275=EDGE_CURVE('',#4001,#3714,#5006,.T.);
#3276=EDGE_CURVE('',#3721,#4002,#5007,.T.);
#3277=EDGE_CURVE('',#4002,#3808,#5008,.T.);
#3278=EDGE_CURVE('',#4003,#3809,#5009,.T.);
#3279=EDGE_CURVE('',#4003,#3718,#5010,.T.);
#3280=EDGE_CURVE('',#4004,#4002,#5011,.T.);
#3281=EDGE_CURVE('',#4004,#3805,#5012,.T.);
#3282=EDGE_CURVE('',#3725,#3803,#5013,.T.);
#3283=EDGE_CURVE('',#3742,#3804,#5014,.T.);
#3284=EDGE_CURVE('',#3741,#3801,#5015,.T.);
#3285=EDGE_CURVE('',#3738,#3802,#5016,.T.);
#3286=EDGE_CURVE('',#3737,#3799,#5017,.T.);
#3287=EDGE_CURVE('',#3734,#3800,#5018,.T.);
#3288=EDGE_CURVE('',#3733,#3797,#5019,.T.);
#3289=EDGE_CURVE('',#3730,#3798,#5020,.T.);
#3290=EDGE_CURVE('',#3729,#3795,#5021,.T.);
#3291=EDGE_CURVE('',#3726,#3796,#5022,.T.);
#3292=EDGE_CURVE('',#3997,#3995,#5023,.T.);
#3293=EDGE_CURVE('',#3999,#3996,#5024,.T.);
#3294=EDGE_CURVE('',#4001,#3998,#5025,.T.);
#3295=EDGE_CURVE('',#4003,#4000,#5026,.T.);
#3296=EDGE_CURVE('',#4004,#3722,#5027,.T.);
#3297=VERTEX_POINT('',#11123);
#3298=VERTEX_POINT('',#11124);
#3299=VERTEX_POINT('',#11126);
#3300=VERTEX_POINT('',#11128);
#3301=VERTEX_POINT('',#11132);
#3302=VERTEX_POINT('',#11133);
#3303=VERTEX_POINT('',#11135);
#3304=VERTEX_POINT('',#11137);
#3305=VERTEX_POINT('',#11141);
#3306=VERTEX_POINT('',#11142);
#3307=VERTEX_POINT('',#11144);
#3308=VERTEX_POINT('',#11146);
#3309=VERTEX_POINT('',#11150);
#3310=VERTEX_POINT('',#11151);
#3311=VERTEX_POINT('',#11153);
#3312=VERTEX_POINT('',#11155);
#3313=VERTEX_POINT('',#11159);
#3314=VERTEX_POINT('',#11160);
#3315=VERTEX_POINT('',#11162);
#3316=VERTEX_POINT('',#11164);
#3317=VERTEX_POINT('',#11168);
#3318=VERTEX_POINT('',#11169);
#3319=VERTEX_POINT('',#11171);
#3320=VERTEX_POINT('',#11173);
#3321=VERTEX_POINT('',#11177);
#3322=VERTEX_POINT('',#11178);
#3323=VERTEX_POINT('',#11180);
#3324=VERTEX_POINT('',#11182);
#3325=VERTEX_POINT('',#11186);
#3326=VERTEX_POINT('',#11187);
#3327=VERTEX_POINT('',#11189);
#3328=VERTEX_POINT('',#11191);
#3329=VERTEX_POINT('',#11195);
#3330=VERTEX_POINT('',#11196);
#3331=VERTEX_POINT('',#11198);
#3332=VERTEX_POINT('',#11200);
#3333=VERTEX_POINT('',#11204);
#3334=VERTEX_POINT('',#11205);
#3335=VERTEX_POINT('',#11207);
#3336=VERTEX_POINT('',#11209);
#3337=VERTEX_POINT('',#11213);
#3338=VERTEX_POINT('',#11214);
#3339=VERTEX_POINT('',#11216);
#3340=VERTEX_POINT('',#11218);
#3341=VERTEX_POINT('',#11220);
#3342=VERTEX_POINT('',#11222);
#3343=VERTEX_POINT('',#11224);
#3344=VERTEX_POINT('',#11228);
#3345=VERTEX_POINT('',#11229);
#3346=VERTEX_POINT('',#11231);
#3347=VERTEX_POINT('',#11233);
#3348=VERTEX_POINT('',#11237);
#3349=VERTEX_POINT('',#11238);
#3350=VERTEX_POINT('',#11240);
#3351=VERTEX_POINT('',#11242);
#3352=VERTEX_POINT('',#11246);
#3353=VERTEX_POINT('',#11247);
#3354=VERTEX_POINT('',#11249);
#3355=VERTEX_POINT('',#11251);
#3356=VERTEX_POINT('',#11255);
#3357=VERTEX_POINT('',#11256);
#3358=VERTEX_POINT('',#11258);
#3359=VERTEX_POINT('',#11260);
#3360=VERTEX_POINT('',#11264);
#3361=VERTEX_POINT('',#11265);
#3362=VERTEX_POINT('',#11267);
#3363=VERTEX_POINT('',#11269);
#3364=VERTEX_POINT('',#11273);
#3365=VERTEX_POINT('',#11274);
#3366=VERTEX_POINT('',#11276);
#3367=VERTEX_POINT('',#11278);
#3368=VERTEX_POINT('',#11282);
#3369=VERTEX_POINT('',#11283);
#3370=VERTEX_POINT('',#11285);
#3371=VERTEX_POINT('',#11287);
#3372=VERTEX_POINT('',#11291);
#3373=VERTEX_POINT('',#11292);
#3374=VERTEX_POINT('',#11294);
#3375=VERTEX_POINT('',#11296);
#3376=VERTEX_POINT('',#11300);
#3377=VERTEX_POINT('',#11301);
#3378=VERTEX_POINT('',#11303);
#3379=VERTEX_POINT('',#11305);
#3380=VERTEX_POINT('',#11309);
#3381=VERTEX_POINT('',#11310);
#3382=VERTEX_POINT('',#11312);
#3383=VERTEX_POINT('',#11314);
#3384=VERTEX_POINT('',#11316);
#3385=VERTEX_POINT('',#11318);
#3386=VERTEX_POINT('',#11320);
#3387=VERTEX_POINT('',#11324);
#3388=VERTEX_POINT('',#11326);
#3389=VERTEX_POINT('',#11330);
#3390=VERTEX_POINT('',#11332);
#3391=VERTEX_POINT('',#11336);
#3392=VERTEX_POINT('',#11338);
#3393=VERTEX_POINT('',#11342);
#3394=VERTEX_POINT('',#11344);
#3395=VERTEX_POINT('',#11348);
#3396=VERTEX_POINT('',#11350);
#3397=VERTEX_POINT('',#11354);
#3398=VERTEX_POINT('',#11356);
#3399=VERTEX_POINT('',#11360);
#3400=VERTEX_POINT('',#11362);
#3401=VERTEX_POINT('',#11366);
#3402=VERTEX_POINT('',#11368);
#3403=VERTEX_POINT('',#11372);
#3404=VERTEX_POINT('',#11374);
#3405=VERTEX_POINT('',#11378);
#3406=VERTEX_POINT('',#11380);
#3407=VERTEX_POINT('',#11384);
#3408=VERTEX_POINT('',#11386);
#3409=VERTEX_POINT('',#11390);
#3410=VERTEX_POINT('',#11392);
#3411=VERTEX_POINT('',#11395);
#3412=VERTEX_POINT('',#11397);
#3413=VERTEX_POINT('',#11400);
#3414=VERTEX_POINT('',#11402);
#3415=VERTEX_POINT('',#11405);
#3416=VERTEX_POINT('',#11407);
#3417=VERTEX_POINT('',#11410);
#3418=VERTEX_POINT('',#11412);
#3419=VERTEX_POINT('',#11415);
#3420=VERTEX_POINT('',#11417);
#3421=VERTEX_POINT('',#11420);
#3422=VERTEX_POINT('',#11422);
#3423=VERTEX_POINT('',#11425);
#3424=VERTEX_POINT('',#11427);
#3425=VERTEX_POINT('',#11430);
#3426=VERTEX_POINT('',#11432);
#3427=VERTEX_POINT('',#11435);
#3428=VERTEX_POINT('',#11437);
#3429=VERTEX_POINT('',#11440);
#3430=VERTEX_POINT('',#11442);
#3431=VERTEX_POINT('',#11446);
#3432=VERTEX_POINT('',#11447);
#3433=VERTEX_POINT('',#11449);
#3434=VERTEX_POINT('',#11451);
#3435=VERTEX_POINT('',#11455);
#3436=VERTEX_POINT('',#11456);
#3437=VERTEX_POINT('',#11458);
#3438=VERTEX_POINT('',#11460);
#3439=VERTEX_POINT('',#11464);
#3440=VERTEX_POINT('',#11465);
#3441=VERTEX_POINT('',#11467);
#3442=VERTEX_POINT('',#11469);
#3443=VERTEX_POINT('',#11473);
#3444=VERTEX_POINT('',#11474);
#3445=VERTEX_POINT('',#11476);
#3446=VERTEX_POINT('',#11478);
#3447=VERTEX_POINT('',#11482);
#3448=VERTEX_POINT('',#11483);
#3449=VERTEX_POINT('',#11485);
#3450=VERTEX_POINT('',#11487);
#3451=VERTEX_POINT('',#11491);
#3452=VERTEX_POINT('',#11492);
#3453=VERTEX_POINT('',#11494);
#3454=VERTEX_POINT('',#11496);
#3455=VERTEX_POINT('',#11500);
#3456=VERTEX_POINT('',#11501);
#3457=VERTEX_POINT('',#11503);
#3458=VERTEX_POINT('',#11505);
#3459=VERTEX_POINT('',#11509);
#3460=VERTEX_POINT('',#11510);
#3461=VERTEX_POINT('',#11512);
#3462=VERTEX_POINT('',#11514);
#3463=VERTEX_POINT('',#11518);
#3464=VERTEX_POINT('',#11519);
#3465=VERTEX_POINT('',#11521);
#3466=VERTEX_POINT('',#11523);
#3467=VERTEX_POINT('',#11527);
#3468=VERTEX_POINT('',#11528);
#3469=VERTEX_POINT('',#11530);
#3470=VERTEX_POINT('',#11532);
#3471=VERTEX_POINT('',#11536);
#3472=VERTEX_POINT('',#11538);
#3473=VERTEX_POINT('',#11542);
#3474=VERTEX_POINT('',#11544);
#3475=VERTEX_POINT('',#11548);
#3476=VERTEX_POINT('',#11550);
#3477=VERTEX_POINT('',#11554);
#3478=VERTEX_POINT('',#11556);
#3479=VERTEX_POINT('',#11560);
#3480=VERTEX_POINT('',#11562);
#3481=VERTEX_POINT('',#11566);
#3482=VERTEX_POINT('',#11568);
#3483=VERTEX_POINT('',#11572);
#3484=VERTEX_POINT('',#11574);
#3485=VERTEX_POINT('',#11578);
#3486=VERTEX_POINT('',#11580);
#3487=VERTEX_POINT('',#11584);
#3488=VERTEX_POINT('',#11586);
#3489=VERTEX_POINT('',#11590);
#3490=VERTEX_POINT('',#11592);
#3491=VERTEX_POINT('',#11596);
#3492=VERTEX_POINT('',#11598);
#3493=VERTEX_POINT('',#11602);
#3494=VERTEX_POINT('',#11603);
#3495=VERTEX_POINT('',#11606);
#3496=VERTEX_POINT('',#11608);
#3497=VERTEX_POINT('',#11611);
#3498=VERTEX_POINT('',#11613);
#3499=VERTEX_POINT('',#11616);
#3500=VERTEX_POINT('',#11618);
#3501=VERTEX_POINT('',#11621);
#3502=VERTEX_POINT('',#11623);
#3503=VERTEX_POINT('',#11626);
#3504=VERTEX_POINT('',#11628);
#3505=VERTEX_POINT('',#11631);
#3506=VERTEX_POINT('',#11633);
#3507=VERTEX_POINT('',#11636);
#3508=VERTEX_POINT('',#11638);
#3509=VERTEX_POINT('',#11641);
#3510=VERTEX_POINT('',#11643);
#3511=VERTEX_POINT('',#11646);
#3512=VERTEX_POINT('',#11648);
#3513=VERTEX_POINT('',#11651);
#3514=VERTEX_POINT('',#11653);
#3515=VERTEX_POINT('',#11658);
#3516=VERTEX_POINT('',#11660);
#3517=VERTEX_POINT('',#11664);
#3518=VERTEX_POINT('',#11666);
#3519=VERTEX_POINT('',#11670);
#3520=VERTEX_POINT('',#11671);
#3521=VERTEX_POINT('',#11673);
#3522=VERTEX_POINT('',#11675);
#3523=VERTEX_POINT('',#11677);
#3524=VERTEX_POINT('',#11679);
#3525=VERTEX_POINT('',#11681);
#3526=VERTEX_POINT('',#11683);
#3527=VERTEX_POINT('',#11687);
#3528=VERTEX_POINT('',#11689);
#3529=VERTEX_POINT('',#11692);
#3530=VERTEX_POINT('',#11694);
#3531=VERTEX_POINT('',#11696);
#3532=VERTEX_POINT('',#11700);
#3533=VERTEX_POINT('',#11702);
#3534=VERTEX_POINT('',#11704);
#3535=VERTEX_POINT('',#11706);
#3536=VERTEX_POINT('',#11709);
#3537=VERTEX_POINT('',#11713);
#3538=VERTEX_POINT('',#11715);
#3539=VERTEX_POINT('',#11719);
#3540=VERTEX_POINT('',#11721);
#3541=VERTEX_POINT('',#11725);
#3542=VERTEX_POINT('',#11727);
#3543=VERTEX_POINT('',#11733);
#3544=VERTEX_POINT('',#11739);
#3545=VERTEX_POINT('',#11746);
#3546=VERTEX_POINT('',#11748);
#3547=VERTEX_POINT('',#11752);
#3548=VERTEX_POINT('',#11753);
#3549=VERTEX_POINT('',#11755);
#3550=VERTEX_POINT('',#11757);
#3551=VERTEX_POINT('',#11762);
#3552=VERTEX_POINT('',#11766);
#3553=VERTEX_POINT('',#11775);
#3554=VERTEX_POINT('',#11777);
#3555=VERTEX_POINT('',#11781);
#3556=VERTEX_POINT('',#11782);
#3557=VERTEX_POINT('',#11784);
#3558=VERTEX_POINT('',#11786);
#3559=VERTEX_POINT('',#11790);
#3560=VERTEX_POINT('',#11795);
#3561=VERTEX_POINT('',#11804);
#3562=VERTEX_POINT('',#11806);
#3563=VERTEX_POINT('',#11810);
#3564=VERTEX_POINT('',#11812);
#3565=VERTEX_POINT('',#11815);
#3566=VERTEX_POINT('',#11819);
#3567=VERTEX_POINT('',#11823);
#3568=VERTEX_POINT('',#11829);
#3569=VERTEX_POINT('',#11836);
#3570=VERTEX_POINT('',#11837);
#3571=VERTEX_POINT('',#11839);
#3572=VERTEX_POINT('',#11841);
#3573=VERTEX_POINT('',#11845);
#3574=VERTEX_POINT('',#11846);
#3575=VERTEX_POINT('',#11851);
#3576=VERTEX_POINT('',#11853);
#3577=VERTEX_POINT('',#11856);
#3578=VERTEX_POINT('',#11858);
#3579=VERTEX_POINT('',#11861);
#3580=VERTEX_POINT('',#11863);
#3581=VERTEX_POINT('',#11866);
#3582=VERTEX_POINT('',#11868);
#3583=VERTEX_POINT('',#11871);
#3584=VERTEX_POINT('',#11873);
#3585=VERTEX_POINT('',#11876);
#3586=VERTEX_POINT('',#11878);
#3587=VERTEX_POINT('',#11881);
#3588=VERTEX_POINT('',#11883);
#3589=VERTEX_POINT('',#11886);
#3590=VERTEX_POINT('',#11888);
#3591=VERTEX_POINT('',#11891);
#3592=VERTEX_POINT('',#11893);
#3593=VERTEX_POINT('',#11898);
#3594=VERTEX_POINT('',#11899);
#3595=VERTEX_POINT('',#11904);
#3596=VERTEX_POINT('',#11906);
#3597=VERTEX_POINT('',#11909);
#3598=VERTEX_POINT('',#11911);
#3599=VERTEX_POINT('',#11914);
#3600=VERTEX_POINT('',#11916);
#3601=VERTEX_POINT('',#11919);
#3602=VERTEX_POINT('',#11921);
#3603=VERTEX_POINT('',#11924);
#3604=VERTEX_POINT('',#11926);
#3605=VERTEX_POINT('',#11929);
#3606=VERTEX_POINT('',#11931);
#3607=VERTEX_POINT('',#11934);
#3608=VERTEX_POINT('',#11936);
#3609=VERTEX_POINT('',#11939);
#3610=VERTEX_POINT('',#11941);
#3611=VERTEX_POINT('',#11944);
#3612=VERTEX_POINT('',#11946);
#3613=VERTEX_POINT('',#11953);
#3614=VERTEX_POINT('',#11956);
#3615=VERTEX_POINT('',#11960);
#3616=VERTEX_POINT('',#11963);
#3617=VERTEX_POINT('',#11967);
#3618=VERTEX_POINT('',#11970);
#3619=VERTEX_POINT('',#11974);
#3620=VERTEX_POINT('',#11977);
#3621=VERTEX_POINT('',#11981);
#3622=VERTEX_POINT('',#11984);
#3623=VERTEX_POINT('',#11988);
#3624=VERTEX_POINT('',#11991);
#3625=VERTEX_POINT('',#11995);
#3626=VERTEX_POINT('',#11998);
#3627=VERTEX_POINT('',#12002);
#3628=VERTEX_POINT('',#12005);
#3629=VERTEX_POINT('',#12009);
#3630=VERTEX_POINT('',#12012);
#3631=VERTEX_POINT('',#12016);
#3632=VERTEX_POINT('',#12019);
#3633=VERTEX_POINT('',#12023);
#3634=VERTEX_POINT('',#12026);
#3635=VERTEX_POINT('',#12030);
#3636=VERTEX_POINT('',#12033);
#3637=VERTEX_POINT('',#12037);
#3638=VERTEX_POINT('',#12040);
#3639=VERTEX_POINT('',#12044);
#3640=VERTEX_POINT('',#12047);
#3641=VERTEX_POINT('',#12051);
#3642=VERTEX_POINT('',#12054);
#3643=VERTEX_POINT('',#12058);
#3644=VERTEX_POINT('',#12061);
#3645=VERTEX_POINT('',#12065);
#3646=VERTEX_POINT('',#12068);
#3647=VERTEX_POINT('',#12072);
#3648=VERTEX_POINT('',#12075);
#3649=VERTEX_POINT('',#12079);
#3650=VERTEX_POINT('',#12082);
#3651=VERTEX_POINT('',#12086);
#3652=VERTEX_POINT('',#12089);
#3653=VERTEX_POINT('',#12153);
#3654=VERTEX_POINT('',#12155);
#3655=VERTEX_POINT('',#12164);
#3656=VERTEX_POINT('',#12168);
#3657=VERTEX_POINT('',#12175);
#3658=VERTEX_POINT('',#12179);
#3659=VERTEX_POINT('',#12186);
#3660=VERTEX_POINT('',#12190);
#3661=VERTEX_POINT('',#12197);
#3662=VERTEX_POINT('',#12201);
#3663=VERTEX_POINT('',#12208);
#3664=VERTEX_POINT('',#12212);
#3665=VERTEX_POINT('',#12219);
#3666=VERTEX_POINT('',#12223);
#3667=VERTEX_POINT('',#12230);
#3668=VERTEX_POINT('',#12234);
#3669=VERTEX_POINT('',#12241);
#3670=VERTEX_POINT('',#12245);
#3671=VERTEX_POINT('',#12252);
#3672=VERTEX_POINT('',#12254);
#3673=VERTEX_POINT('',#12264);
#3674=VERTEX_POINT('',#12265);
#3675=VERTEX_POINT('',#12267);
#3676=VERTEX_POINT('',#12269);
#3677=VERTEX_POINT('',#12271);
#3678=VERTEX_POINT('',#12273);
#3679=VERTEX_POINT('',#12277);
#3680=VERTEX_POINT('',#12278);
#3681=VERTEX_POINT('',#12280);
#3682=VERTEX_POINT('',#12282);
#3683=VERTEX_POINT('',#12284);
#3684=VERTEX_POINT('',#12286);
#3685=VERTEX_POINT('',#12290);
#3686=VERTEX_POINT('',#12291);
#3687=VERTEX_POINT('',#12293);
#3688=VERTEX_POINT('',#12295);
#3689=VERTEX_POINT('',#12299);
#3690=VERTEX_POINT('',#12300);
#3691=VERTEX_POINT('',#12302);
#3692=VERTEX_POINT('',#12304);
#3693=VERTEX_POINT('',#12308);
#3694=VERTEX_POINT('',#12309);
#3695=VERTEX_POINT('',#12311);
#3696=VERTEX_POINT('',#12313);
#3697=VERTEX_POINT('',#12317);
#3698=VERTEX_POINT('',#12318);
#3699=VERTEX_POINT('',#12320);
#3700=VERTEX_POINT('',#12322);
#3701=VERTEX_POINT('',#12326);
#3702=VERTEX_POINT('',#12327);
#3703=VERTEX_POINT('',#12329);
#3704=VERTEX_POINT('',#12331);
#3705=VERTEX_POINT('',#12335);
#3706=VERTEX_POINT('',#12336);
#3707=VERTEX_POINT('',#12338);
#3708=VERTEX_POINT('',#12340);
#3709=VERTEX_POINT('',#12344);
#3710=VERTEX_POINT('',#12345);
#3711=VERTEX_POINT('',#12347);
#3712=VERTEX_POINT('',#12349);
#3713=VERTEX_POINT('',#12353);
#3714=VERTEX_POINT('',#12354);
#3715=VERTEX_POINT('',#12356);
#3716=VERTEX_POINT('',#12358);
#3717=VERTEX_POINT('',#12362);
#3718=VERTEX_POINT('',#12363);
#3719=VERTEX_POINT('',#12365);
#3720=VERTEX_POINT('',#12367);
#3721=VERTEX_POINT('',#12371);
#3722=VERTEX_POINT('',#12372);
#3723=VERTEX_POINT('',#12374);
#3724=VERTEX_POINT('',#12376);
#3725=VERTEX_POINT('',#12380);
#3726=VERTEX_POINT('',#12383);
#3727=VERTEX_POINT('',#12385);
#3728=VERTEX_POINT('',#12387);
#3729=VERTEX_POINT('',#12389);
#3730=VERTEX_POINT('',#12391);
#3731=VERTEX_POINT('',#12393);
#3732=VERTEX_POINT('',#12395);
#3733=VERTEX_POINT('',#12397);
#3734=VERTEX_POINT('',#12399);
#3735=VERTEX_POINT('',#12401);
#3736=VERTEX_POINT('',#12403);
#3737=VERTEX_POINT('',#12405);
#3738=VERTEX_POINT('',#12407);
#3739=VERTEX_POINT('',#12409);
#3740=VERTEX_POINT('',#12411);
#3741=VERTEX_POINT('',#12413);
#3742=VERTEX_POINT('',#12415);
#3743=VERTEX_POINT('',#12417);
#3744=VERTEX_POINT('',#12419);
#3745=VERTEX_POINT('',#12423);
#3746=VERTEX_POINT('',#12425);
#3747=VERTEX_POINT('',#12429);
#3748=VERTEX_POINT('',#12431);
#3749=VERTEX_POINT('',#12435);
#3750=VERTEX_POINT('',#12437);
#3751=VERTEX_POINT('',#12441);
#3752=VERTEX_POINT('',#12443);
#3753=VERTEX_POINT('',#12447);
#3754=VERTEX_POINT('',#12449);
#3755=VERTEX_POINT('',#12453);
#3756=VERTEX_POINT('',#12455);
#3757=VERTEX_POINT('',#12459);
#3758=VERTEX_POINT('',#12461);
#3759=VERTEX_POINT('',#12465);
#3760=VERTEX_POINT('',#12467);
#3761=VERTEX_POINT('',#12471);
#3762=VERTEX_POINT('',#12473);
#3763=VERTEX_POINT('',#12477);
#3764=VERTEX_POINT('',#12479);
#3765=VERTEX_POINT('',#12483);
#3766=VERTEX_POINT('',#12485);
#3767=VERTEX_POINT('',#12489);
#3768=VERTEX_POINT('',#12491);
#3769=VERTEX_POINT('',#12495);
#3770=VERTEX_POINT('',#12497);
#3771=VERTEX_POINT('',#12501);
#3772=VERTEX_POINT('',#12503);
#3773=VERTEX_POINT('',#12507);
#3774=VERTEX_POINT('',#12509);
#3775=VERTEX_POINT('',#12513);
#3776=VERTEX_POINT('',#12515);
#3777=VERTEX_POINT('',#12519);
#3778=VERTEX_POINT('',#12521);
#3779=VERTEX_POINT('',#12525);
#3780=VERTEX_POINT('',#12527);
#3781=VERTEX_POINT('',#12531);
#3782=VERTEX_POINT('',#12533);
#3783=VERTEX_POINT('',#12537);
#3784=VERTEX_POINT('',#12539);
#3785=VERTEX_POINT('',#12543);
#3786=VERTEX_POINT('',#12545);
#3787=VERTEX_POINT('',#12549);
#3788=VERTEX_POINT('',#12551);
#3789=VERTEX_POINT('',#12555);
#3790=VERTEX_POINT('',#12557);
#3791=VERTEX_POINT('',#12561);
#3792=VERTEX_POINT('',#12563);
#3793=VERTEX_POINT('',#12567);
#3794=VERTEX_POINT('',#12569);
#3795=VERTEX_POINT('',#12588);
#3796=VERTEX_POINT('',#12590);
#3797=VERTEX_POINT('',#12594);
#3798=VERTEX_POINT('',#12596);
#3799=VERTEX_POINT('',#12600);
#3800=VERTEX_POINT('',#12602);
#3801=VERTEX_POINT('',#12606);
#3802=VERTEX_POINT('',#12608);
#3803=VERTEX_POINT('',#12612);
#3804=VERTEX_POINT('',#12614);
#3805=VERTEX_POINT('',#12618);
#3806=VERTEX_POINT('',#12620);
#3807=VERTEX_POINT('',#12622);
#3808=VERTEX_POINT('',#12624);
#3809=VERTEX_POINT('',#12626);
#3810=VERTEX_POINT('',#12628);
#3811=VERTEX_POINT('',#12630);
#3812=VERTEX_POINT('',#12632);
#3813=VERTEX_POINT('',#12634);
#3814=VERTEX_POINT('',#12636);
#3815=VERTEX_POINT('',#12638);
#3816=VERTEX_POINT('',#12640);
#3817=VERTEX_POINT('',#12642);
#3818=VERTEX_POINT('',#12644);
#3819=VERTEX_POINT('',#12646);
#3820=VERTEX_POINT('',#12648);
#3821=VERTEX_POINT('',#12650);
#3822=VERTEX_POINT('',#12652);
#3823=VERTEX_POINT('',#12654);
#3824=VERTEX_POINT('',#12656);
#3825=VERTEX_POINT('',#12659);
#3826=VERTEX_POINT('',#12661);
#3827=VERTEX_POINT('',#12663);
#3828=VERTEX_POINT('',#12665);
#3829=VERTEX_POINT('',#12667);
#3830=VERTEX_POINT('',#12669);
#3831=VERTEX_POINT('',#12671);
#3832=VERTEX_POINT('',#12673);
#3833=VERTEX_POINT('',#12675);
#3834=VERTEX_POINT('',#12677);
#3835=VERTEX_POINT('',#12679);
#3836=VERTEX_POINT('',#12681);
#3837=VERTEX_POINT('',#12683);
#3838=VERTEX_POINT('',#12685);
#3839=VERTEX_POINT('',#12687);
#3840=VERTEX_POINT('',#12689);
#3841=VERTEX_POINT('',#12691);
#3842=VERTEX_POINT('',#12693);
#3843=VERTEX_POINT('',#12695);
#3844=VERTEX_POINT('',#12697);
#3845=VERTEX_POINT('',#12699);
#3846=VERTEX_POINT('',#12701);
#3847=VERTEX_POINT('',#12703);
#3848=VERTEX_POINT('',#12705);
#3849=VERTEX_POINT('',#12707);
#3850=VERTEX_POINT('',#12709);
#3851=VERTEX_POINT('',#12711);
#3852=VERTEX_POINT('',#12713);
#3853=VERTEX_POINT('',#12715);
#3854=VERTEX_POINT('',#12717);
#3855=VERTEX_POINT('',#12719);
#3856=VERTEX_POINT('',#12721);
#3857=VERTEX_POINT('',#12723);
#3858=VERTEX_POINT('',#12725);
#3859=VERTEX_POINT('',#12727);
#3860=VERTEX_POINT('',#12729);
#3861=VERTEX_POINT('',#12731);
#3862=VERTEX_POINT('',#12733);
#3863=VERTEX_POINT('',#12735);
#3864=VERTEX_POINT('',#12737);
#3865=VERTEX_POINT('',#12741);
#3866=VERTEX_POINT('',#12743);
#3867=VERTEX_POINT('',#12747);
#3868=VERTEX_POINT('',#12749);
#3869=VERTEX_POINT('',#12753);
#3870=VERTEX_POINT('',#12755);
#3871=VERTEX_POINT('',#12759);
#3872=VERTEX_POINT('',#12761);
#3873=VERTEX_POINT('',#12765);
#3874=VERTEX_POINT('',#12767);
#3875=VERTEX_POINT('',#12771);
#3876=VERTEX_POINT('',#12773);
#3877=VERTEX_POINT('',#12777);
#3878=VERTEX_POINT('',#12779);
#3879=VERTEX_POINT('',#12783);
#3880=VERTEX_POINT('',#12785);
#3881=VERTEX_POINT('',#12789);
#3882=VERTEX_POINT('',#12791);
#3883=VERTEX_POINT('',#12795);
#3884=VERTEX_POINT('',#12797);
#3885=VERTEX_POINT('',#12801);
#3886=VERTEX_POINT('',#12803);
#3887=VERTEX_POINT('',#12807);
#3888=VERTEX_POINT('',#12809);
#3889=VERTEX_POINT('',#12813);
#3890=VERTEX_POINT('',#12815);
#3891=VERTEX_POINT('',#12819);
#3892=VERTEX_POINT('',#12821);
#3893=VERTEX_POINT('',#12825);
#3894=VERTEX_POINT('',#12827);
#3895=VERTEX_POINT('',#12831);
#3896=VERTEX_POINT('',#12833);
#3897=VERTEX_POINT('',#12837);
#3898=VERTEX_POINT('',#12839);
#3899=VERTEX_POINT('',#12843);
#3900=VERTEX_POINT('',#12845);
#3901=VERTEX_POINT('',#12849);
#3902=VERTEX_POINT('',#12851);
#3903=VERTEX_POINT('',#12855);
#3904=VERTEX_POINT('',#12857);
#3905=VERTEX_POINT('',#12861);
#3906=VERTEX_POINT('',#12863);
#3907=VERTEX_POINT('',#12867);
#3908=VERTEX_POINT('',#12869);
#3909=VERTEX_POINT('',#12873);
#3910=VERTEX_POINT('',#12875);
#3911=VERTEX_POINT('',#12879);
#3912=VERTEX_POINT('',#12881);
#3913=VERTEX_POINT('',#12885);
#3914=VERTEX_POINT('',#12887);
#3915=VERTEX_POINT('',#12906);
#3916=VERTEX_POINT('',#12907);
#3917=VERTEX_POINT('',#12909);
#3918=VERTEX_POINT('',#12911);
#3919=VERTEX_POINT('',#12915);
#3920=VERTEX_POINT('',#12916);
#3921=VERTEX_POINT('',#12918);
#3922=VERTEX_POINT('',#12920);
#3923=VERTEX_POINT('',#12924);
#3924=VERTEX_POINT('',#12925);
#3925=VERTEX_POINT('',#12927);
#3926=VERTEX_POINT('',#12929);
#3927=VERTEX_POINT('',#12933);
#3928=VERTEX_POINT('',#12934);
#3929=VERTEX_POINT('',#12936);
#3930=VERTEX_POINT('',#12938);
#3931=VERTEX_POINT('',#12942);
#3932=VERTEX_POINT('',#12943);
#3933=VERTEX_POINT('',#12945);
#3934=VERTEX_POINT('',#12947);
#3935=VERTEX_POINT('',#12951);
#3936=VERTEX_POINT('',#12952);
#3937=VERTEX_POINT('',#12954);
#3938=VERTEX_POINT('',#12956);
#3939=VERTEX_POINT('',#12960);
#3940=VERTEX_POINT('',#12961);
#3941=VERTEX_POINT('',#12963);
#3942=VERTEX_POINT('',#12965);
#3943=VERTEX_POINT('',#12969);
#3944=VERTEX_POINT('',#12970);
#3945=VERTEX_POINT('',#12972);
#3946=VERTEX_POINT('',#12974);
#3947=VERTEX_POINT('',#12978);
#3948=VERTEX_POINT('',#12979);
#3949=VERTEX_POINT('',#12981);
#3950=VERTEX_POINT('',#12983);
#3951=VERTEX_POINT('',#12987);
#3952=VERTEX_POINT('',#12988);
#3953=VERTEX_POINT('',#12990);
#3954=VERTEX_POINT('',#12992);
#3955=VERTEX_POINT('',#13026);
#3956=VERTEX_POINT('',#13029);
#3957=VERTEX_POINT('',#13031);
#3958=VERTEX_POINT('',#13033);
#3959=VERTEX_POINT('',#13035);
#3960=VERTEX_POINT('',#13037);
#3961=VERTEX_POINT('',#13039);
#3962=VERTEX_POINT('',#13041);
#3963=VERTEX_POINT('',#13043);
#3964=VERTEX_POINT('',#13045);
#3965=VERTEX_POINT('',#13047);
#3966=VERTEX_POINT('',#13049);
#3967=VERTEX_POINT('',#13051);
#3968=VERTEX_POINT('',#13053);
#3969=VERTEX_POINT('',#13055);
#3970=VERTEX_POINT('',#13057);
#3971=VERTEX_POINT('',#13059);
#3972=VERTEX_POINT('',#13061);
#3973=VERTEX_POINT('',#13063);
#3974=VERTEX_POINT('',#13065);
#3975=VERTEX_POINT('',#13067);
#3976=VERTEX_POINT('',#13069);
#3977=VERTEX_POINT('',#13071);
#3978=VERTEX_POINT('',#13073);
#3979=VERTEX_POINT('',#13075);
#3980=VERTEX_POINT('',#13077);
#3981=VERTEX_POINT('',#13079);
#3982=VERTEX_POINT('',#13081);
#3983=VERTEX_POINT('',#13083);
#3984=VERTEX_POINT('',#13085);
#3985=VERTEX_POINT('',#13087);
#3986=VERTEX_POINT('',#13089);
#3987=VERTEX_POINT('',#13091);
#3988=VERTEX_POINT('',#13093);
#3989=VERTEX_POINT('',#13095);
#3990=VERTEX_POINT('',#13097);
#3991=VERTEX_POINT('',#13099);
#3992=VERTEX_POINT('',#13101);
#3993=VERTEX_POINT('',#13103);
#3994=VERTEX_POINT('',#13105);
#3995=VERTEX_POINT('',#13191);
#3996=VERTEX_POINT('',#13195);
#3997=VERTEX_POINT('',#13199);
#3998=VERTEX_POINT('',#13203);
#3999=VERTEX_POINT('',#13207);
#4000=VERTEX_POINT('',#13211);
#4001=VERTEX_POINT('',#13215);
#4002=VERTEX_POINT('',#13219);
#4003=VERTEX_POINT('',#13223);
#4004=VERTEX_POINT('',#13227);
#4005=LINE('',#11122,#5028);
#4006=LINE('',#11125,#5029);
#4007=LINE('',#11127,#5030);
#4008=LINE('',#11129,#5031);
#4009=LINE('',#11131,#5032);
#4010=LINE('',#11134,#5033);
#4011=LINE('',#11136,#5034);
#4012=LINE('',#11138,#5035);
#4013=LINE('',#11140,#5036);
#4014=LINE('',#11143,#5037);
#4015=LINE('',#11145,#5038);
#4016=LINE('',#11147,#5039);
#4017=LINE('',#11149,#5040);
#4018=LINE('',#11152,#5041);
#4019=LINE('',#11154,#5042);
#4020=LINE('',#11156,#5043);
#4021=LINE('',#11158,#5044);
#4022=LINE('',#11161,#5045);
#4023=LINE('',#11163,#5046);
#4024=LINE('',#11165,#5047);
#4025=LINE('',#11167,#5048);
#4026=LINE('',#11170,#5049);
#4027=LINE('',#11172,#5050);
#4028=LINE('',#11174,#5051);
#4029=LINE('',#11176,#5052);
#4030=LINE('',#11179,#5053);
#4031=LINE('',#11181,#5054);
#4032=LINE('',#11183,#5055);
#4033=LINE('',#11185,#5056);
#4034=LINE('',#11188,#5057);
#4035=LINE('',#11190,#5058);
#4036=LINE('',#11192,#5059);
#4037=LINE('',#11194,#5060);
#4038=LINE('',#11197,#5061);
#4039=LINE('',#11199,#5062);
#4040=LINE('',#11201,#5063);
#4041=LINE('',#11203,#5064);
#4042=LINE('',#11206,#5065);
#4043=LINE('',#11208,#5066);
#4044=LINE('',#11210,#5067);
#4045=LINE('',#11212,#5068);
#4046=LINE('',#11215,#5069);
#4047=LINE('',#11217,#5070);
#4048=LINE('',#11219,#5071);
#4049=LINE('',#11221,#5072);
#4050=LINE('',#11223,#5073);
#4051=LINE('',#11225,#5074);
#4052=LINE('',#11227,#5075);
#4053=LINE('',#11230,#5076);
#4054=LINE('',#11232,#5077);
#4055=LINE('',#11234,#5078);
#4056=LINE('',#11236,#5079);
#4057=LINE('',#11239,#5080);
#4058=LINE('',#11241,#5081);
#4059=LINE('',#11243,#5082);
#4060=LINE('',#11245,#5083);
#4061=LINE('',#11248,#5084);
#4062=LINE('',#11250,#5085);
#4063=LINE('',#11252,#5086);
#4064=LINE('',#11254,#5087);
#4065=LINE('',#11257,#5088);
#4066=LINE('',#11259,#5089);
#4067=LINE('',#11261,#5090);
#4068=LINE('',#11263,#5091);
#4069=LINE('',#11266,#5092);
#4070=LINE('',#11268,#5093);
#4071=LINE('',#11270,#5094);
#4072=LINE('',#11272,#5095);
#4073=LINE('',#11275,#5096);
#4074=LINE('',#11277,#5097);
#4075=LINE('',#11279,#5098);
#4076=LINE('',#11281,#5099);
#4077=LINE('',#11284,#5100);
#4078=LINE('',#11286,#5101);
#4079=LINE('',#11288,#5102);
#4080=LINE('',#11290,#5103);
#4081=LINE('',#11293,#5104);
#4082=LINE('',#11295,#5105);
#4083=LINE('',#11297,#5106);
#4084=LINE('',#11299,#5107);
#4085=LINE('',#11302,#5108);
#4086=LINE('',#11304,#5109);
#4087=LINE('',#11306,#5110);
#4088=LINE('',#11308,#5111);
#4089=LINE('',#11311,#5112);
#4090=LINE('',#11313,#5113);
#4091=LINE('',#11315,#5114);
#4092=LINE('',#11317,#5115);
#4093=LINE('',#11319,#5116);
#4094=LINE('',#11321,#5117);
#4095=LINE('',#11323,#5118);
#4096=LINE('',#11325,#5119);
#4097=LINE('',#11327,#5120);
#4098=LINE('',#11329,#5121);
#4099=LINE('',#11331,#5122);
#4100=LINE('',#11333,#5123);
#4101=LINE('',#11335,#5124);
#4102=LINE('',#11337,#5125);
#4103=LINE('',#11339,#5126);
#4104=LINE('',#11341,#5127);
#4105=LINE('',#11343,#5128);
#4106=LINE('',#11345,#5129);
#4107=LINE('',#11347,#5130);
#4108=LINE('',#11349,#5131);
#4109=LINE('',#11351,#5132);
#4110=LINE('',#11353,#5133);
#4111=LINE('',#11355,#5134);
#4112=LINE('',#11357,#5135);
#4113=LINE('',#11359,#5136);
#4114=LINE('',#11361,#5137);
#4115=LINE('',#11363,#5138);
#4116=LINE('',#11365,#5139);
#4117=LINE('',#11367,#5140);
#4118=LINE('',#11369,#5141);
#4119=LINE('',#11371,#5142);
#4120=LINE('',#11373,#5143);
#4121=LINE('',#11375,#5144);
#4122=LINE('',#11377,#5145);
#4123=LINE('',#11379,#5146);
#4124=LINE('',#11381,#5147);
#4125=LINE('',#11383,#5148);
#4126=LINE('',#11385,#5149);
#4127=LINE('',#11387,#5150);
#4128=LINE('',#11389,#5151);
#4129=LINE('',#11391,#5152);
#4130=LINE('',#11393,#5153);
#4131=LINE('',#11394,#5154);
#4132=LINE('',#11396,#5155);
#4133=LINE('',#11398,#5156);
#4134=LINE('',#11399,#5157);
#4135=LINE('',#11401,#5158);
#4136=LINE('',#11403,#5159);
#4137=LINE('',#11404,#5160);
#4138=LINE('',#11406,#5161);
#4139=LINE('',#11408,#5162);
#4140=LINE('',#11409,#5163);
#4141=LINE('',#11411,#5164);
#4142=LINE('',#11413,#5165);
#4143=LINE('',#11414,#5166);
#4144=LINE('',#11416,#5167);
#4145=LINE('',#11418,#5168);
#4146=LINE('',#11419,#5169);
#4147=LINE('',#11421,#5170);
#4148=LINE('',#11423,#5171);
#4149=LINE('',#11424,#5172);
#4150=LINE('',#11426,#5173);
#4151=LINE('',#11428,#5174);
#4152=LINE('',#11429,#5175);
#4153=LINE('',#11431,#5176);
#4154=LINE('',#11433,#5177);
#4155=LINE('',#11434,#5178);
#4156=LINE('',#11436,#5179);
#4157=LINE('',#11438,#5180);
#4158=LINE('',#11439,#5181);
#4159=LINE('',#11441,#5182);
#4160=LINE('',#11443,#5183);
#4161=LINE('',#11445,#5184);
#4162=LINE('',#11448,#5185);
#4163=LINE('',#11450,#5186);
#4164=LINE('',#11452,#5187);
#4165=LINE('',#11454,#5188);
#4166=LINE('',#11457,#5189);
#4167=LINE('',#11459,#5190);
#4168=LINE('',#11461,#5191);
#4169=LINE('',#11463,#5192);
#4170=LINE('',#11466,#5193);
#4171=LINE('',#11468,#5194);
#4172=LINE('',#11470,#5195);
#4173=LINE('',#11472,#5196);
#4174=LINE('',#11475,#5197);
#4175=LINE('',#11477,#5198);
#4176=LINE('',#11479,#5199);
#4177=LINE('',#11481,#5200);
#4178=LINE('',#11484,#5201);
#4179=LINE('',#11486,#5202);
#4180=LINE('',#11488,#5203);
#4181=LINE('',#11490,#5204);
#4182=LINE('',#11493,#5205);
#4183=LINE('',#11495,#5206);
#4184=LINE('',#11497,#5207);
#4185=LINE('',#11499,#5208);
#4186=LINE('',#11502,#5209);
#4187=LINE('',#11504,#5210);
#4188=LINE('',#11506,#5211);
#4189=LINE('',#11508,#5212);
#4190=LINE('',#11511,#5213);
#4191=LINE('',#11513,#5214);
#4192=LINE('',#11515,#5215);
#4193=LINE('',#11517,#5216);
#4194=LINE('',#11520,#5217);
#4195=LINE('',#11522,#5218);
#4196=LINE('',#11524,#5219);
#4197=LINE('',#11526,#5220);
#4198=LINE('',#11529,#5221);
#4199=LINE('',#11531,#5222);
#4200=LINE('',#11533,#5223);
#4201=LINE('',#11535,#5224);
#4202=LINE('',#11537,#5225);
#4203=LINE('',#11539,#5226);
#4204=LINE('',#11541,#5227);
#4205=LINE('',#11543,#5228);
#4206=LINE('',#11545,#5229);
#4207=LINE('',#11547,#5230);
#4208=LINE('',#11549,#5231);
#4209=LINE('',#11551,#5232);
#4210=LINE('',#11553,#5233);
#4211=LINE('',#11555,#5234);
#4212=LINE('',#11557,#5235);
#4213=LINE('',#11559,#5236);
#4214=LINE('',#11561,#5237);
#4215=LINE('',#11563,#5238);
#4216=LINE('',#11565,#5239);
#4217=LINE('',#11567,#5240);
#4218=LINE('',#11569,#5241);
#4219=LINE('',#11571,#5242);
#4220=LINE('',#11573,#5243);
#4221=LINE('',#11575,#5244);
#4222=LINE('',#11577,#5245);
#4223=LINE('',#11579,#5246);
#4224=LINE('',#11581,#5247);
#4225=LINE('',#11583,#5248);
#4226=LINE('',#11585,#5249);
#4227=LINE('',#11587,#5250);
#4228=LINE('',#11589,#5251);
#4229=LINE('',#11591,#5252);
#4230=LINE('',#11593,#5253);
#4231=LINE('',#11595,#5254);
#4232=LINE('',#11597,#5255);
#4233=LINE('',#11599,#5256);
#4234=LINE('',#11601,#5257);
#4235=LINE('',#11604,#5258);
#4236=LINE('',#11605,#5259);
#4237=LINE('',#11607,#5260);
#4238=LINE('',#11609,#5261);
#4239=LINE('',#11610,#5262);
#4240=LINE('',#11612,#5263);
#4241=LINE('',#11614,#5264);
#4242=LINE('',#11615,#5265);
#4243=LINE('',#11617,#5266);
#4244=LINE('',#11619,#5267);
#4245=LINE('',#11620,#5268);
#4246=LINE('',#11622,#5269);
#4247=LINE('',#11624,#5270);
#4248=LINE('',#11625,#5271);
#4249=LINE('',#11627,#5272);
#4250=LINE('',#11629,#5273);
#4251=LINE('',#11630,#5274);
#4252=LINE('',#11632,#5275);
#4253=LINE('',#11634,#5276);
#4254=LINE('',#11635,#5277);
#4255=LINE('',#11637,#5278);
#4256=LINE('',#11639,#5279);
#4257=LINE('',#11640,#5280);
#4258=LINE('',#11642,#5281);
#4259=LINE('',#11644,#5282);
#4260=LINE('',#11645,#5283);
#4261=LINE('',#11647,#5284);
#4262=LINE('',#11649,#5285);
#4263=LINE('',#11650,#5286);
#4264=LINE('',#11652,#5287);
#4265=LINE('',#11654,#5288);
#4266=LINE('',#11655,#5289);
#4267=LINE('',#11657,#5290);
#4268=LINE('',#11659,#5291);
#4269=LINE('',#11661,#5292);
#4270=LINE('',#11663,#5293);
#4271=LINE('',#11665,#5294);
#4272=LINE('',#11667,#5295);
#4273=LINE('',#11669,#5296);
#4274=LINE('',#11672,#5297);
#4275=LINE('',#11674,#5298);
#4276=LINE('',#11676,#5299);
#4277=LINE('',#11678,#5300);
#4278=LINE('',#11680,#5301);
#4279=LINE('',#11682,#5302);
#4280=LINE('',#11684,#5303);
#4281=LINE('',#11686,#5304);
#4282=LINE('',#11688,#5305);
#4283=LINE('',#11690,#5306);
#4284=LINE('',#11691,#5307);
#4285=LINE('',#11693,#5308);
#4286=LINE('',#11695,#5309);
#4287=LINE('',#11699,#5310);
#4288=LINE('',#11703,#5311);
#4289=LINE('',#11705,#5312);
#4290=LINE('',#11707,#5313);
#4291=LINE('',#11708,#5314);
#4292=LINE('',#11710,#5315);
#4293=LINE('',#11712,#5316);
#4294=LINE('',#11714,#5317);
#4295=LINE('',#11716,#5318);
#4296=LINE('',#11718,#5319);
#4297=LINE('',#11720,#5320);
#4298=LINE('',#11722,#5321);
#4299=LINE('',#11724,#5322);
#4300=LINE('',#11726,#5323);
#4301=LINE('',#11728,#5324);
#4302=LINE('',#11732,#5325);
#4303=LINE('',#11736,#5326);
#4304=LINE('',#11738,#5327);
#4305=LINE('',#11740,#5328);
#4306=LINE('',#11742,#5329);
#4307=LINE('',#11743,#5330);
#4308=LINE('',#11745,#5331);
#4309=LINE('',#11747,#5332);
#4310=LINE('',#11749,#5333);
#4311=LINE('',#11751,#5334);
#4312=LINE('',#11754,#5335);
#4313=LINE('',#11756,#5336);
#4314=LINE('',#11758,#5337);
#4315=LINE('',#11760,#5338);
#4316=LINE('',#11761,#5339);
#4317=LINE('',#11763,#5340);
#4318=LINE('',#11765,#5341);
#4319=LINE('',#11767,#5342);
#4320=LINE('',#11769,#5343);
#4321=LINE('',#11770,#5344);
#4322=LINE('',#11774,#5345);
#4323=LINE('',#11776,#5346);
#4324=LINE('',#11778,#5347);
#4325=LINE('',#11780,#5348);
#4326=LINE('',#11783,#5349);
#4327=LINE('',#11785,#5350);
#4328=LINE('',#11787,#5351);
#4329=LINE('',#11789,#5352);
#4330=LINE('',#11791,#5353);
#4331=LINE('',#11792,#5354);
#4332=LINE('',#11794,#5355);
#4333=LINE('',#11796,#5356);
#4334=LINE('',#11798,#5357);
#4335=LINE('',#11799,#5358);
#4336=LINE('',#11803,#5359);
#4337=LINE('',#11805,#5360);
#4338=LINE('',#11807,#5361);
#4339=LINE('',#11809,#5362);
#4340=LINE('',#11811,#5363);
#4341=LINE('',#11813,#5364);
#4342=LINE('',#11814,#5365);
#4343=LINE('',#11816,#5366);
#4344=LINE('',#11818,#5367);
#4345=LINE('',#11820,#5368);
#4346=LINE('',#11822,#5369);
#4347=LINE('',#11824,#5370);
#4348=LINE('',#11826,#5371);
#4349=LINE('',#11828,#5372);
#4350=LINE('',#11830,#5373);
#4351=LINE('',#11832,#5374);
#4352=LINE('',#11835,#5375);
#4353=LINE('',#11838,#5376);
#4354=LINE('',#11840,#5377);
#4355=LINE('',#11842,#5378);
#4356=LINE('',#11844,#5379);
#4357=LINE('',#11847,#5380);
#4358=LINE('',#11848,#5381);
#4359=LINE('',#11849,#5382);
#4360=LINE('',#11850,#5383);
#4361=LINE('',#11852,#5384);
#4362=LINE('',#11854,#5385);
#4363=LINE('',#11855,#5386);
#4364=LINE('',#11857,#5387);
#4365=LINE('',#11859,#5388);
#4366=LINE('',#11860,#5389);
#4367=LINE('',#11862,#5390);
#4368=LINE('',#11864,#5391);
#4369=LINE('',#11865,#5392);
#4370=LINE('',#11867,#5393);
#4371=LINE('',#11869,#5394);
#4372=LINE('',#11870,#5395);
#4373=LINE('',#11872,#5396);
#4374=LINE('',#11874,#5397);
#4375=LINE('',#11875,#5398);
#4376=LINE('',#11877,#5399);
#4377=LINE('',#11879,#5400);
#4378=LINE('',#11880,#5401);
#4379=LINE('',#11882,#5402);
#4380=LINE('',#11884,#5403);
#4381=LINE('',#11885,#5404);
#4382=LINE('',#11887,#5405);
#4383=LINE('',#11889,#5406);
#4384=LINE('',#11890,#5407);
#4385=LINE('',#11892,#5408);
#4386=LINE('',#11894,#5409);
#4387=LINE('',#11895,#5410);
#4388=LINE('',#11897,#5411);
#4389=LINE('',#11900,#5412);
#4390=LINE('',#11901,#5413);
#4391=LINE('',#11902,#5414);
#4392=LINE('',#11903,#5415);
#4393=LINE('',#11905,#5416);
#4394=LINE('',#11907,#5417);
#4395=LINE('',#11908,#5418);
#4396=LINE('',#11910,#5419);
#4397=LINE('',#11912,#5420);
#4398=LINE('',#11913,#5421);
#4399=LINE('',#11915,#5422);
#4400=LINE('',#11917,#5423);
#4401=LINE('',#11918,#5424);
#4402=LINE('',#11920,#5425);
#4403=LINE('',#11922,#5426);
#4404=LINE('',#11923,#5427);
#4405=LINE('',#11925,#5428);
#4406=LINE('',#11927,#5429);
#4407=LINE('',#11928,#5430);
#4408=LINE('',#11930,#5431);
#4409=LINE('',#11932,#5432);
#4410=LINE('',#11933,#5433);
#4411=LINE('',#11935,#5434);
#4412=LINE('',#11937,#5435);
#4413=LINE('',#11938,#5436);
#4414=LINE('',#11940,#5437);
#4415=LINE('',#11942,#5438);
#4416=LINE('',#11943,#5439);
#4417=LINE('',#11945,#5440);
#4418=LINE('',#11947,#5441);
#4419=LINE('',#11948,#5442);
#4420=LINE('',#11952,#5443);
#4421=LINE('',#11954,#5444);
#4422=LINE('',#11955,#5445);
#4423=LINE('',#11957,#5446);
#4424=LINE('',#11959,#5447);
#4425=LINE('',#11961,#5448);
#4426=LINE('',#11962,#5449);
#4427=LINE('',#11964,#5450);
#4428=LINE('',#11966,#5451);
#4429=LINE('',#11968,#5452);
#4430=LINE('',#11969,#5453);
#4431=LINE('',#11971,#5454);
#4432=LINE('',#11973,#5455);
#4433=LINE('',#11975,#5456);
#4434=LINE('',#11976,#5457);
#4435=LINE('',#11978,#5458);
#4436=LINE('',#11980,#5459);
#4437=LINE('',#11982,#5460);
#4438=LINE('',#11983,#5461);
#4439=LINE('',#11985,#5462);
#4440=LINE('',#11987,#5463);
#4441=LINE('',#11989,#5464);
#4442=LINE('',#11990,#5465);
#4443=LINE('',#11992,#5466);
#4444=LINE('',#11994,#5467);
#4445=LINE('',#11996,#5468);
#4446=LINE('',#11997,#5469);
#4447=LINE('',#11999,#5470);
#4448=LINE('',#12001,#5471);
#4449=LINE('',#12003,#5472);
#4450=LINE('',#12004,#5473);
#4451=LINE('',#12006,#5474);
#4452=LINE('',#12008,#5475);
#4453=LINE('',#12010,#5476);
#4454=LINE('',#12011,#5477);
#4455=LINE('',#12013,#5478);
#4456=LINE('',#12015,#5479);
#4457=LINE('',#12017,#5480);
#4458=LINE('',#12018,#5481);
#4459=LINE('',#12020,#5482);
#4460=LINE('',#12022,#5483);
#4461=LINE('',#12024,#5484);
#4462=LINE('',#12025,#5485);
#4463=LINE('',#12027,#5486);
#4464=LINE('',#12029,#5487);
#4465=LINE('',#12031,#5488);
#4466=LINE('',#12032,#5489);
#4467=LINE('',#12034,#5490);
#4468=LINE('',#12036,#5491);
#4469=LINE('',#12038,#5492);
#4470=LINE('',#12039,#5493);
#4471=LINE('',#12041,#5494);
#4472=LINE('',#12043,#5495);
#4473=LINE('',#12045,#5496);
#4474=LINE('',#12046,#5497);
#4475=LINE('',#12048,#5498);
#4476=LINE('',#12050,#5499);
#4477=LINE('',#12052,#5500);
#4478=LINE('',#12053,#5501);
#4479=LINE('',#12055,#5502);
#4480=LINE('',#12057,#5503);
#4481=LINE('',#12059,#5504);
#4482=LINE('',#12060,#5505);
#4483=LINE('',#12062,#5506);
#4484=LINE('',#12064,#5507);
#4485=LINE('',#12066,#5508);
#4486=LINE('',#12067,#5509);
#4487=LINE('',#12069,#5510);
#4488=LINE('',#12071,#5511);
#4489=LINE('',#12073,#5512);
#4490=LINE('',#12074,#5513);
#4491=LINE('',#12076,#5514);
#4492=LINE('',#12078,#5515);
#4493=LINE('',#12080,#5516);
#4494=LINE('',#12081,#5517);
#4495=LINE('',#12083,#5518);
#4496=LINE('',#12085,#5519);
#4497=LINE('',#12087,#5520);
#4498=LINE('',#12088,#5521);
#4499=LINE('',#12090,#5522);
#4500=LINE('',#12092,#5523);
#4501=LINE('',#12095,#5524);
#4502=LINE('',#12098,#5525);
#4503=LINE('',#12101,#5526);
#4504=LINE('',#12104,#5527);
#4505=LINE('',#12107,#5528);
#4506=LINE('',#12110,#5529);
#4507=LINE('',#12113,#5530);
#4508=LINE('',#12116,#5531);
#4509=LINE('',#12119,#5532);
#4510=LINE('',#12122,#5533);
#4511=LINE('',#12125,#5534);
#4512=LINE('',#12128,#5535);
#4513=LINE('',#12131,#5536);
#4514=LINE('',#12134,#5537);
#4515=LINE('',#12137,#5538);
#4516=LINE('',#12140,#5539);
#4517=LINE('',#12143,#5540);
#4518=LINE('',#12146,#5541);
#4519=LINE('',#12149,#5542);
#4520=LINE('',#12152,#5543);
#4521=LINE('',#12154,#5544);
#4522=LINE('',#12156,#5545);
#4523=LINE('',#12158,#5546);
#4524=LINE('',#12160,#5547);
#4525=LINE('',#12163,#5548);
#4526=LINE('',#12165,#5549);
#4527=LINE('',#12167,#5550);
#4528=LINE('',#12169,#5551);
#4529=LINE('',#12171,#5552);
#4530=LINE('',#12174,#5553);
#4531=LINE('',#12176,#5554);
#4532=LINE('',#12178,#5555);
#4533=LINE('',#12180,#5556);
#4534=LINE('',#12182,#5557);
#4535=LINE('',#12185,#5558);
#4536=LINE('',#12187,#5559);
#4537=LINE('',#12189,#5560);
#4538=LINE('',#12191,#5561);
#4539=LINE('',#12193,#5562);
#4540=LINE('',#12196,#5563);
#4541=LINE('',#12198,#5564);
#4542=LINE('',#12200,#5565);
#4543=LINE('',#12202,#5566);
#4544=LINE('',#12204,#5567);
#4545=LINE('',#12207,#5568);
#4546=LINE('',#12209,#5569);
#4547=LINE('',#12211,#5570);
#4548=LINE('',#12213,#5571);
#4549=LINE('',#12215,#5572);
#4550=LINE('',#12218,#5573);
#4551=LINE('',#12220,#5574);
#4552=LINE('',#12222,#5575);
#4553=LINE('',#12224,#5576);
#4554=LINE('',#12226,#5577);
#4555=LINE('',#12229,#5578);
#4556=LINE('',#12231,#5579);
#4557=LINE('',#12233,#5580);
#4558=LINE('',#12235,#5581);
#4559=LINE('',#12237,#5582);
#4560=LINE('',#12240,#5583);
#4561=LINE('',#12242,#5584);
#4562=LINE('',#12244,#5585);
#4563=LINE('',#12246,#5586);
#4564=LINE('',#12248,#5587);
#4565=LINE('',#12251,#5588);
#4566=LINE('',#12253,#5589);
#4567=LINE('',#12255,#5590);
#4568=LINE('',#12257,#5591);
#4569=LINE('',#12259,#5592);
#4570=LINE('',#12263,#5593);
#4571=LINE('',#12266,#5594);
#4572=LINE('',#12268,#5595);
#4573=LINE('',#12270,#5596);
#4574=LINE('',#12272,#5597);
#4575=LINE('',#12274,#5598);
#4576=LINE('',#12276,#5599);
#4577=LINE('',#12279,#5600);
#4578=LINE('',#12281,#5601);
#4579=LINE('',#12283,#5602);
#4580=LINE('',#12285,#5603);
#4581=LINE('',#12287,#5604);
#4582=LINE('',#12289,#5605);
#4583=LINE('',#12292,#5606);
#4584=LINE('',#12294,#5607);
#4585=LINE('',#12296,#5608);
#4586=LINE('',#12298,#5609);
#4587=LINE('',#12301,#5610);
#4588=LINE('',#12303,#5611);
#4589=LINE('',#12305,#5612);
#4590=LINE('',#12307,#5613);
#4591=LINE('',#12310,#5614);
#4592=LINE('',#12312,#5615);
#4593=LINE('',#12314,#5616);
#4594=LINE('',#12316,#5617);
#4595=LINE('',#12319,#5618);
#4596=LINE('',#12321,#5619);
#4597=LINE('',#12323,#5620);
#4598=LINE('',#12325,#5621);
#4599=LINE('',#12328,#5622);
#4600=LINE('',#12330,#5623);
#4601=LINE('',#12332,#5624);
#4602=LINE('',#12334,#5625);
#4603=LINE('',#12337,#5626);
#4604=LINE('',#12339,#5627);
#4605=LINE('',#12341,#5628);
#4606=LINE('',#12343,#5629);
#4607=LINE('',#12346,#5630);
#4608=LINE('',#12348,#5631);
#4609=LINE('',#12350,#5632);
#4610=LINE('',#12352,#5633);
#4611=LINE('',#12355,#5634);
#4612=LINE('',#12357,#5635);
#4613=LINE('',#12359,#5636);
#4614=LINE('',#12361,#5637);
#4615=LINE('',#12364,#5638);
#4616=LINE('',#12366,#5639);
#4617=LINE('',#12368,#5640);
#4618=LINE('',#12370,#5641);
#4619=LINE('',#12373,#5642);
#4620=LINE('',#12375,#5643);
#4621=LINE('',#12377,#5644);
#4622=LINE('',#12379,#5645);
#4623=LINE('',#12381,#5646);
#4624=LINE('',#12382,#5647);
#4625=LINE('',#12384,#5648);
#4626=LINE('',#12386,#5649);
#4627=LINE('',#12388,#5650);
#4628=LINE('',#12390,#5651);
#4629=LINE('',#12392,#5652);
#4630=LINE('',#12394,#5653);
#4631=LINE('',#12396,#5654);
#4632=LINE('',#12398,#5655);
#4633=LINE('',#12400,#5656);
#4634=LINE('',#12402,#5657);
#4635=LINE('',#12404,#5658);
#4636=LINE('',#12406,#5659);
#4637=LINE('',#12408,#5660);
#4638=LINE('',#12410,#5661);
#4639=LINE('',#12412,#5662);
#4640=LINE('',#12414,#5663);
#4641=LINE('',#12416,#5664);
#4642=LINE('',#12418,#5665);
#4643=LINE('',#12420,#5666);
#4644=LINE('',#12422,#5667);
#4645=LINE('',#12424,#5668);
#4646=LINE('',#12426,#5669);
#4647=LINE('',#12428,#5670);
#4648=LINE('',#12430,#5671);
#4649=LINE('',#12432,#5672);
#4650=LINE('',#12434,#5673);
#4651=LINE('',#12436,#5674);
#4652=LINE('',#12438,#5675);
#4653=LINE('',#12440,#5676);
#4654=LINE('',#12442,#5677);
#4655=LINE('',#12444,#5678);
#4656=LINE('',#12446,#5679);
#4657=LINE('',#12448,#5680);
#4658=LINE('',#12450,#5681);
#4659=LINE('',#12452,#5682);
#4660=LINE('',#12454,#5683);
#4661=LINE('',#12456,#5684);
#4662=LINE('',#12458,#5685);
#4663=LINE('',#12460,#5686);
#4664=LINE('',#12462,#5687);
#4665=LINE('',#12464,#5688);
#4666=LINE('',#12466,#5689);
#4667=LINE('',#12468,#5690);
#4668=LINE('',#12470,#5691);
#4669=LINE('',#12472,#5692);
#4670=LINE('',#12474,#5693);
#4671=LINE('',#12476,#5694);
#4672=LINE('',#12478,#5695);
#4673=LINE('',#12480,#5696);
#4674=LINE('',#12482,#5697);
#4675=LINE('',#12484,#5698);
#4676=LINE('',#12486,#5699);
#4677=LINE('',#12488,#5700);
#4678=LINE('',#12490,#5701);
#4679=LINE('',#12492,#5702);
#4680=LINE('',#12494,#5703);
#4681=LINE('',#12496,#5704);
#4682=LINE('',#12498,#5705);
#4683=LINE('',#12500,#5706);
#4684=LINE('',#12502,#5707);
#4685=LINE('',#12504,#5708);
#4686=LINE('',#12506,#5709);
#4687=LINE('',#12508,#5710);
#4688=LINE('',#12510,#5711);
#4689=LINE('',#12514,#5712);
#4690=LINE('',#12520,#5713);
#4691=LINE('',#12526,#5714);
#4692=LINE('',#12532,#5715);
#4693=LINE('',#12538,#5716);
#4694=LINE('',#12542,#5717);
#4695=LINE('',#12544,#5718);
#4696=LINE('',#12546,#5719);
#4697=LINE('',#12548,#5720);
#4698=LINE('',#12550,#5721);
#4699=LINE('',#12552,#5722);
#4700=LINE('',#12554,#5723);
#4701=LINE('',#12556,#5724);
#4702=LINE('',#12558,#5725);
#4703=LINE('',#12560,#5726);
#4704=LINE('',#12562,#5727);
#4705=LINE('',#12564,#5728);
#4706=LINE('',#12566,#5729);
#4707=LINE('',#12568,#5730);
#4708=LINE('',#12570,#5731);
#4709=LINE('',#12587,#5732);
#4710=LINE('',#12589,#5733);
#4711=LINE('',#12591,#5734);
#4712=LINE('',#12593,#5735);
#4713=LINE('',#12595,#5736);
#4714=LINE('',#12597,#5737);
#4715=LINE('',#12599,#5738);
#4716=LINE('',#12601,#5739);
#4717=LINE('',#12603,#5740);
#4718=LINE('',#12605,#5741);
#4719=LINE('',#12607,#5742);
#4720=LINE('',#12609,#5743);
#4721=LINE('',#12611,#5744);
#4722=LINE('',#12613,#5745);
#4723=LINE('',#12615,#5746);
#4724=LINE('',#12617,#5747);
#4725=LINE('',#12619,#5748);
#4726=LINE('',#12621,#5749);
#4727=LINE('',#12623,#5750);
#4728=LINE('',#12625,#5751);
#4729=LINE('',#12627,#5752);
#4730=LINE('',#12629,#5753);
#4731=LINE('',#12631,#5754);
#4732=LINE('',#12633,#5755);
#4733=LINE('',#12635,#5756);
#4734=LINE('',#12637,#5757);
#4735=LINE('',#12639,#5758);
#4736=LINE('',#12641,#5759);
#4737=LINE('',#12643,#5760);
#4738=LINE('',#12645,#5761);
#4739=LINE('',#12647,#5762);
#4740=LINE('',#12649,#5763);
#4741=LINE('',#12651,#5764);
#4742=LINE('',#12653,#5765);
#4743=LINE('',#12655,#5766);
#4744=LINE('',#12657,#5767);
#4745=LINE('',#12658,#5768);
#4746=LINE('',#12660,#5769);
#4747=LINE('',#12662,#5770);
#4748=LINE('',#12664,#5771);
#4749=LINE('',#12666,#5772);
#4750=LINE('',#12668,#5773);
#4751=LINE('',#12670,#5774);
#4752=LINE('',#12672,#5775);
#4753=LINE('',#12674,#5776);
#4754=LINE('',#12676,#5777);
#4755=LINE('',#12678,#5778);
#4756=LINE('',#12680,#5779);
#4757=LINE('',#12682,#5780);
#4758=LINE('',#12684,#5781);
#4759=LINE('',#12686,#5782);
#4760=LINE('',#12688,#5783);
#4761=LINE('',#12690,#5784);
#4762=LINE('',#12692,#5785);
#4763=LINE('',#12694,#5786);
#4764=LINE('',#12696,#5787);
#4765=LINE('',#12698,#5788);
#4766=LINE('',#12700,#5789);
#4767=LINE('',#12702,#5790);
#4768=LINE('',#12704,#5791);
#4769=LINE('',#12706,#5792);
#4770=LINE('',#12708,#5793);
#4771=LINE('',#12710,#5794);
#4772=LINE('',#12712,#5795);
#4773=LINE('',#12714,#5796);
#4774=LINE('',#12716,#5797);
#4775=LINE('',#12718,#5798);
#4776=LINE('',#12720,#5799);
#4777=LINE('',#12722,#5800);
#4778=LINE('',#12724,#5801);
#4779=LINE('',#12726,#5802);
#4780=LINE('',#12728,#5803);
#4781=LINE('',#12730,#5804);
#4782=LINE('',#12732,#5805);
#4783=LINE('',#12734,#5806);
#4784=LINE('',#12736,#5807);
#4785=LINE('',#12738,#5808);
#4786=LINE('',#12742,#5809);
#4787=LINE('',#12748,#5810);
#4788=LINE('',#12754,#5811);
#4789=LINE('',#12760,#5812);
#4790=LINE('',#12766,#5813);
#4791=LINE('',#12770,#5814);
#4792=LINE('',#12772,#5815);
#4793=LINE('',#12774,#5816);
#4794=LINE('',#12776,#5817);
#4795=LINE('',#12778,#5818);
#4796=LINE('',#12780,#5819);
#4797=LINE('',#12782,#5820);
#4798=LINE('',#12784,#5821);
#4799=LINE('',#12786,#5822);
#4800=LINE('',#12788,#5823);
#4801=LINE('',#12790,#5824);
#4802=LINE('',#12792,#5825);
#4803=LINE('',#12794,#5826);
#4804=LINE('',#12796,#5827);
#4805=LINE('',#12798,#5828);
#4806=LINE('',#12802,#5829);
#4807=LINE('',#12808,#5830);
#4808=LINE('',#12814,#5831);
#4809=LINE('',#12820,#5832);
#4810=LINE('',#12826,#5833);
#4811=LINE('',#12830,#5834);
#4812=LINE('',#12832,#5835);
#4813=LINE('',#12834,#5836);
#4814=LINE('',#12836,#5837);
#4815=LINE('',#12838,#5838);
#4816=LINE('',#12840,#5839);
#4817=LINE('',#12842,#5840);
#4818=LINE('',#12844,#5841);
#4819=LINE('',#12846,#5842);
#4820=LINE('',#12848,#5843);
#4821=LINE('',#12850,#5844);
#4822=LINE('',#12852,#5845);
#4823=LINE('',#12854,#5846);
#4824=LINE('',#12856,#5847);
#4825=LINE('',#12858,#5848);
#4826=LINE('',#12860,#5849);
#4827=LINE('',#12862,#5850);
#4828=LINE('',#12864,#5851);
#4829=LINE('',#12866,#5852);
#4830=LINE('',#12868,#5853);
#4831=LINE('',#12870,#5854);
#4832=LINE('',#12872,#5855);
#4833=LINE('',#12874,#5856);
#4834=LINE('',#12876,#5857);
#4835=LINE('',#12878,#5858);
#4836=LINE('',#12880,#5859);
#4837=LINE('',#12882,#5860);
#4838=LINE('',#12884,#5861);
#4839=LINE('',#12886,#5862);
#4840=LINE('',#12888,#5863);
#4841=LINE('',#12890,#5864);
#4842=LINE('',#12891,#5865);
#4843=LINE('',#12893,#5866);
#4844=LINE('',#12894,#5867);
#4845=LINE('',#12896,#5868);
#4846=LINE('',#12897,#5869);
#4847=LINE('',#12899,#5870);
#4848=LINE('',#12900,#5871);
#4849=LINE('',#12902,#5872);
#4850=LINE('',#12903,#5873);
#4851=LINE('',#12905,#5874);
#4852=LINE('',#12908,#5875);
#4853=LINE('',#12910,#5876);
#4854=LINE('',#12912,#5877);
#4855=LINE('',#12914,#5878);
#4856=LINE('',#12917,#5879);
#4857=LINE('',#12919,#5880);
#4858=LINE('',#12921,#5881);
#4859=LINE('',#12923,#5882);
#4860=LINE('',#12926,#5883);
#4861=LINE('',#12928,#5884);
#4862=LINE('',#12930,#5885);
#4863=LINE('',#12932,#5886);
#4864=LINE('',#12935,#5887);
#4865=LINE('',#12937,#5888);
#4866=LINE('',#12939,#5889);
#4867=LINE('',#12941,#5890);
#4868=LINE('',#12944,#5891);
#4869=LINE('',#12946,#5892);
#4870=LINE('',#12948,#5893);
#4871=LINE('',#12950,#5894);
#4872=LINE('',#12953,#5895);
#4873=LINE('',#12955,#5896);
#4874=LINE('',#12957,#5897);
#4875=LINE('',#12959,#5898);
#4876=LINE('',#12962,#5899);
#4877=LINE('',#12964,#5900);
#4878=LINE('',#12966,#5901);
#4879=LINE('',#12968,#5902);
#4880=LINE('',#12971,#5903);
#4881=LINE('',#12973,#5904);
#4882=LINE('',#12975,#5905);
#4883=LINE('',#12977,#5906);
#4884=LINE('',#12980,#5907);
#4885=LINE('',#12982,#5908);
#4886=LINE('',#12984,#5909);
#4887=LINE('',#12986,#5910);
#4888=LINE('',#12989,#5911);
#4889=LINE('',#12991,#5912);
#4890=LINE('',#12993,#5913);
#4891=LINE('',#12995,#5914);
#4892=LINE('',#12996,#5915);
#4893=LINE('',#12998,#5916);
#4894=LINE('',#12999,#5917);
#4895=LINE('',#13001,#5918);
#4896=LINE('',#13002,#5919);
#4897=LINE('',#13004,#5920);
#4898=LINE('',#13005,#5921);
#4899=LINE('',#13007,#5922);
#4900=LINE('',#13008,#5923);
#4901=LINE('',#13010,#5924);
#4902=LINE('',#13011,#5925);
#4903=LINE('',#13013,#5926);
#4904=LINE('',#13014,#5927);
#4905=LINE('',#13016,#5928);
#4906=LINE('',#13017,#5929);
#4907=LINE('',#13019,#5930);
#4908=LINE('',#13020,#5931);
#4909=LINE('',#13022,#5932);
#4910=LINE('',#13023,#5933);
#4911=LINE('',#13025,#5934);
#4912=LINE('',#13027,#5935);
#4913=LINE('',#13028,#5936);
#4914=LINE('',#13030,#5937);
#4915=LINE('',#13032,#5938);
#4916=LINE('',#13034,#5939);
#4917=LINE('',#13036,#5940);
#4918=LINE('',#13038,#5941);
#4919=LINE('',#13040,#5942);
#4920=LINE('',#13042,#5943);
#4921=LINE('',#13044,#5944);
#4922=LINE('',#13046,#5945);
#4923=LINE('',#13048,#5946);
#4924=LINE('',#13050,#5947);
#4925=LINE('',#13052,#5948);
#4926=LINE('',#13054,#5949);
#4927=LINE('',#13056,#5950);
#4928=LINE('',#13058,#5951);
#4929=LINE('',#13060,#5952);
#4930=LINE('',#13062,#5953);
#4931=LINE('',#13064,#5954);
#4932=LINE('',#13066,#5955);
#4933=LINE('',#13068,#5956);
#4934=LINE('',#13070,#5957);
#4935=LINE('',#13072,#5958);
#4936=LINE('',#13074,#5959);
#4937=LINE('',#13076,#5960);
#4938=LINE('',#13078,#5961);
#4939=LINE('',#13080,#5962);
#4940=LINE('',#13082,#5963);
#4941=LINE('',#13084,#5964);
#4942=LINE('',#13086,#5965);
#4943=LINE('',#13088,#5966);
#4944=LINE('',#13090,#5967);
#4945=LINE('',#13092,#5968);
#4946=LINE('',#13094,#5969);
#4947=LINE('',#13096,#5970);
#4948=LINE('',#13098,#5971);
#4949=LINE('',#13100,#5972);
#4950=LINE('',#13102,#5973);
#4951=LINE('',#13104,#5974);
#4952=LINE('',#13106,#5975);
#4953=LINE('',#13108,#5976);
#4954=LINE('',#13109,#5977);
#4955=LINE('',#13111,#5978);
#4956=LINE('',#13112,#5979);
#4957=LINE('',#13114,#5980);
#4958=LINE('',#13115,#5981);
#4959=LINE('',#13117,#5982);
#4960=LINE('',#13118,#5983);
#4961=LINE('',#13120,#5984);
#4962=LINE('',#13121,#5985);
#4963=LINE('',#13123,#5986);
#4964=LINE('',#13124,#5987);
#4965=LINE('',#13126,#5988);
#4966=LINE('',#13127,#5989);
#4967=LINE('',#13129,#5990);
#4968=LINE('',#13130,#5991);
#4969=LINE('',#13132,#5992);
#4970=LINE('',#13133,#5993);
#4971=LINE('',#13135,#5994);
#4972=LINE('',#13136,#5995);
#4973=LINE('',#13139,#5996);
#4974=LINE('',#13142,#5997);
#4975=LINE('',#13145,#5998);
#4976=LINE('',#13147,#5999);
#4977=LINE('',#13150,#6000);
#4978=LINE('',#13152,#6001);
#4979=LINE('',#13155,#6002);
#4980=LINE('',#13157,#6003);
#4981=LINE('',#13160,#6004);
#4982=LINE('',#13162,#6005);
#4983=LINE('',#13165,#6006);
#4984=LINE('',#13167,#6007);
#4985=LINE('',#13170,#6008);
#4986=LINE('',#13172,#6009);
#4987=LINE('',#13175,#6010);
#4988=LINE('',#13177,#6011);
#4989=LINE('',#13180,#6012);
#4990=LINE('',#13182,#6013);
#4991=LINE('',#13185,#6014);
#4992=LINE('',#13186,#6015);
#4993=LINE('',#13190,#6016);
#4994=LINE('',#13192,#6017);
#4995=LINE('',#13194,#6018);
#4996=LINE('',#13196,#6019);
#4997=LINE('',#13198,#6020);
#4998=LINE('',#13200,#6021);
#4999=LINE('',#13202,#6022);
#5000=LINE('',#13204,#6023);
#5001=LINE('',#13206,#6024);
#5002=LINE('',#13208,#6025);
#5003=LINE('',#13210,#6026);
#5004=LINE('',#13212,#6027);
#5005=LINE('',#13214,#6028);
#5006=LINE('',#13216,#6029);
#5007=LINE('',#13218,#6030);
#5008=LINE('',#13220,#6031);
#5009=LINE('',#13222,#6032);
#5010=LINE('',#13224,#6033);
#5011=LINE('',#13226,#6034);
#5012=LINE('',#13228,#6035);
#5013=LINE('',#13229,#6036);
#5014=LINE('',#13230,#6037);
#5015=LINE('',#13231,#6038);
#5016=LINE('',#13232,#6039);
#5017=LINE('',#13233,#6040);
#5018=LINE('',#13234,#6041);
#5019=LINE('',#13235,#6042);
#5020=LINE('',#13236,#6043);
#5021=LINE('',#13237,#6044);
#5022=LINE('',#13238,#6045);
#5023=LINE('',#13239,#6046);
#5024=LINE('',#13240,#6047);
#5025=LINE('',#13241,#6048);
#5026=LINE('',#13242,#6049);
#5027=LINE('',#13244,#6050);
#5028=VECTOR('',#9281,1000.);
#5029=VECTOR('',#9282,1000.);
#5030=VECTOR('',#9283,1000.);
#5031=VECTOR('',#9284,1000.);
#5032=VECTOR('',#9287,1000.);
#5033=VECTOR('',#9288,1000.);
#5034=VECTOR('',#9289,1000.);
#5035=VECTOR('',#9290,1000.);
#5036=VECTOR('',#9293,1000.);
#5037=VECTOR('',#9294,1000.);
#5038=VECTOR('',#9295,1000.);
#5039=VECTOR('',#9296,1000.);
#5040=VECTOR('',#9299,1000.);
#5041=VECTOR('',#9300,1000.);
#5042=VECTOR('',#9301,1000.);
#5043=VECTOR('',#9302,1000.);
#5044=VECTOR('',#9305,1000.);
#5045=VECTOR('',#9306,1000.);
#5046=VECTOR('',#9307,1000.);
#5047=VECTOR('',#9308,1000.);
#5048=VECTOR('',#9311,1000.);
#5049=VECTOR('',#9312,1000.);
#5050=VECTOR('',#9313,1000.);
#5051=VECTOR('',#9314,1000.);
#5052=VECTOR('',#9317,1000.);
#5053=VECTOR('',#9318,1000.);
#5054=VECTOR('',#9319,1000.);
#5055=VECTOR('',#9320,1000.);
#5056=VECTOR('',#9323,1000.);
#5057=VECTOR('',#9324,1000.);
#5058=VECTOR('',#9325,1000.);
#5059=VECTOR('',#9326,1000.);
#5060=VECTOR('',#9329,1000.);
#5061=VECTOR('',#9330,1000.);
#5062=VECTOR('',#9331,1000.);
#5063=VECTOR('',#9332,1000.);
#5064=VECTOR('',#9335,1000.);
#5065=VECTOR('',#9336,1000.);
#5066=VECTOR('',#9337,1000.);
#5067=VECTOR('',#9338,1000.);
#5068=VECTOR('',#9341,1000.);
#5069=VECTOR('',#9342,1000.);
#5070=VECTOR('',#9343,1000.);
#5071=VECTOR('',#9344,1000.);
#5072=VECTOR('',#9345,1000.);
#5073=VECTOR('',#9346,1000.);
#5074=VECTOR('',#9347,1000.);
#5075=VECTOR('',#9350,1000.);
#5076=VECTOR('',#9351,1000.);
#5077=VECTOR('',#9352,1000.);
#5078=VECTOR('',#9353,1000.);
#5079=VECTOR('',#9356,1000.);
#5080=VECTOR('',#9357,1000.);
#5081=VECTOR('',#9358,1000.);
#5082=VECTOR('',#9359,1000.);
#5083=VECTOR('',#9362,1000.);
#5084=VECTOR('',#9363,1000.);
#5085=VECTOR('',#9364,1000.);
#5086=VECTOR('',#9365,1000.);
#5087=VECTOR('',#9368,1000.);
#5088=VECTOR('',#9369,1000.);
#5089=VECTOR('',#9370,1000.);
#5090=VECTOR('',#9371,1000.);
#5091=VECTOR('',#9374,1000.);
#5092=VECTOR('',#9375,1000.);
#5093=VECTOR('',#9376,1000.);
#5094=VECTOR('',#9377,1000.);
#5095=VECTOR('',#9380,1000.);
#5096=VECTOR('',#9381,1000.);
#5097=VECTOR('',#9382,1000.);
#5098=VECTOR('',#9383,1000.);
#5099=VECTOR('',#9386,1000.);
#5100=VECTOR('',#9387,1000.);
#5101=VECTOR('',#9388,1000.);
#5102=VECTOR('',#9389,1000.);
#5103=VECTOR('',#9392,1000.);
#5104=VECTOR('',#9393,1000.);
#5105=VECTOR('',#9394,1000.);
#5106=VECTOR('',#9395,1000.);
#5107=VECTOR('',#9398,1000.);
#5108=VECTOR('',#9399,1000.);
#5109=VECTOR('',#9400,1000.);
#5110=VECTOR('',#9401,1000.);
#5111=VECTOR('',#9404,1000.);
#5112=VECTOR('',#9405,1000.);
#5113=VECTOR('',#9406,1000.);
#5114=VECTOR('',#9407,1000.);
#5115=VECTOR('',#9408,1000.);
#5116=VECTOR('',#9409,1000.);
#5117=VECTOR('',#9410,1000.);
#5118=VECTOR('',#9413,1000.);
#5119=VECTOR('',#9414,1000.);
#5120=VECTOR('',#9415,1000.);
#5121=VECTOR('',#9418,1000.);
#5122=VECTOR('',#9419,1000.);
#5123=VECTOR('',#9420,1000.);
#5124=VECTOR('',#9423,1000.);
#5125=VECTOR('',#9424,1000.);
#5126=VECTOR('',#9425,1000.);
#5127=VECTOR('',#9428,1000.);
#5128=VECTOR('',#9429,1000.);
#5129=VECTOR('',#9430,1000.);
#5130=VECTOR('',#9433,1000.);
#5131=VECTOR('',#9434,1000.);
#5132=VECTOR('',#9435,1000.);
#5133=VECTOR('',#9438,1000.);
#5134=VECTOR('',#9439,1000.);
#5135=VECTOR('',#9440,1000.);
#5136=VECTOR('',#9443,1000.);
#5137=VECTOR('',#9444,1000.);
#5138=VECTOR('',#9445,1000.);
#5139=VECTOR('',#9448,1000.);
#5140=VECTOR('',#9449,1000.);
#5141=VECTOR('',#9450,1000.);
#5142=VECTOR('',#9453,1000.);
#5143=VECTOR('',#9454,1000.);
#5144=VECTOR('',#9455,1000.);
#5145=VECTOR('',#9458,1000.);
#5146=VECTOR('',#9459,1000.);
#5147=VECTOR('',#9460,1000.);
#5148=VECTOR('',#9463,1000.);
#5149=VECTOR('',#9464,1000.);
#5150=VECTOR('',#9465,1000.);
#5151=VECTOR('',#9468,1000.);
#5152=VECTOR('',#9469,1000.);
#5153=VECTOR('',#9470,1000.);
#5154=VECTOR('',#9471,1000.);
#5155=VECTOR('',#9472,1000.);
#5156=VECTOR('',#9473,1000.);
#5157=VECTOR('',#9474,1000.);
#5158=VECTOR('',#9475,1000.);
#5159=VECTOR('',#9476,1000.);
#5160=VECTOR('',#9477,1000.);
#5161=VECTOR('',#9478,1000.);
#5162=VECTOR('',#9479,1000.);
#5163=VECTOR('',#9480,1000.);
#5164=VECTOR('',#9481,1000.);
#5165=VECTOR('',#9482,1000.);
#5166=VECTOR('',#9483,1000.);
#5167=VECTOR('',#9484,1000.);
#5168=VECTOR('',#9485,1000.);
#5169=VECTOR('',#9486,1000.);
#5170=VECTOR('',#9487,1000.);
#5171=VECTOR('',#9488,1000.);
#5172=VECTOR('',#9489,1000.);
#5173=VECTOR('',#9490,1000.);
#5174=VECTOR('',#9491,1000.);
#5175=VECTOR('',#9492,1000.);
#5176=VECTOR('',#9493,1000.);
#5177=VECTOR('',#9494,1000.);
#5178=VECTOR('',#9495,1000.);
#5179=VECTOR('',#9496,1000.);
#5180=VECTOR('',#9497,1000.);
#5181=VECTOR('',#9498,1000.);
#5182=VECTOR('',#9499,1000.);
#5183=VECTOR('',#9500,1000.);
#5184=VECTOR('',#9503,1000.);
#5185=VECTOR('',#9504,1000.);
#5186=VECTOR('',#9505,1000.);
#5187=VECTOR('',#9506,1000.);
#5188=VECTOR('',#9509,1000.);
#5189=VECTOR('',#9510,1000.);
#5190=VECTOR('',#9511,1000.);
#5191=VECTOR('',#9512,1000.);
#5192=VECTOR('',#9515,1000.);
#5193=VECTOR('',#9516,1000.);
#5194=VECTOR('',#9517,1000.);
#5195=VECTOR('',#9518,1000.);
#5196=VECTOR('',#9521,1000.);
#5197=VECTOR('',#9522,1000.);
#5198=VECTOR('',#9523,1000.);
#5199=VECTOR('',#9524,1000.);
#5200=VECTOR('',#9527,1000.);
#5201=VECTOR('',#9528,1000.);
#5202=VECTOR('',#9529,1000.);
#5203=VECTOR('',#9530,1000.);
#5204=VECTOR('',#9533,1000.);
#5205=VECTOR('',#9534,1000.);
#5206=VECTOR('',#9535,1000.);
#5207=VECTOR('',#9536,1000.);
#5208=VECTOR('',#9539,1000.);
#5209=VECTOR('',#9540,1000.);
#5210=VECTOR('',#9541,1000.);
#5211=VECTOR('',#9542,1000.);
#5212=VECTOR('',#9545,1000.);
#5213=VECTOR('',#9546,1000.);
#5214=VECTOR('',#9547,1000.);
#5215=VECTOR('',#9548,1000.);
#5216=VECTOR('',#9551,1000.);
#5217=VECTOR('',#9552,1000.);
#5218=VECTOR('',#9553,1000.);
#5219=VECTOR('',#9554,1000.);
#5220=VECTOR('',#9557,1000.);
#5221=VECTOR('',#9558,1000.);
#5222=VECTOR('',#9559,1000.);
#5223=VECTOR('',#9560,1000.);
#5224=VECTOR('',#9563,1000.);
#5225=VECTOR('',#9564,1000.);
#5226=VECTOR('',#9565,1000.);
#5227=VECTOR('',#9568,1000.);
#5228=VECTOR('',#9569,1000.);
#5229=VECTOR('',#9570,1000.);
#5230=VECTOR('',#9573,1000.);
#5231=VECTOR('',#9574,1000.);
#5232=VECTOR('',#9575,1000.);
#5233=VECTOR('',#9578,1000.);
#5234=VECTOR('',#9579,1000.);
#5235=VECTOR('',#9580,1000.);
#5236=VECTOR('',#9583,1000.);
#5237=VECTOR('',#9584,1000.);
#5238=VECTOR('',#9585,1000.);
#5239=VECTOR('',#9588,1000.);
#5240=VECTOR('',#9589,1000.);
#5241=VECTOR('',#9590,1000.);
#5242=VECTOR('',#9593,1000.);
#5243=VECTOR('',#9594,1000.);
#5244=VECTOR('',#9595,1000.);
#5245=VECTOR('',#9598,1000.);
#5246=VECTOR('',#9599,1000.);
#5247=VECTOR('',#9600,1000.);
#5248=VECTOR('',#9603,1000.);
#5249=VECTOR('',#9604,1000.);
#5250=VECTOR('',#9605,1000.);
#5251=VECTOR('',#9608,1000.);
#5252=VECTOR('',#9609,1000.);
#5253=VECTOR('',#9610,1000.);
#5254=VECTOR('',#9613,1000.);
#5255=VECTOR('',#9614,1000.);
#5256=VECTOR('',#9615,1000.);
#5257=VECTOR('',#9618,1000.);
#5258=VECTOR('',#9619,1000.);
#5259=VECTOR('',#9620,1000.);
#5260=VECTOR('',#9621,1000.);
#5261=VECTOR('',#9622,1000.);
#5262=VECTOR('',#9623,1000.);
#5263=VECTOR('',#9624,1000.);
#5264=VECTOR('',#9625,1000.);
#5265=VECTOR('',#9626,1000.);
#5266=VECTOR('',#9627,1000.);
#5267=VECTOR('',#9628,1000.);
#5268=VECTOR('',#9629,1000.);
#5269=VECTOR('',#9630,1000.);
#5270=VECTOR('',#9631,1000.);
#5271=VECTOR('',#9632,1000.);
#5272=VECTOR('',#9633,1000.);
#5273=VECTOR('',#9634,1000.);
#5274=VECTOR('',#9635,1000.);
#5275=VECTOR('',#9636,1000.);
#5276=VECTOR('',#9637,1000.);
#5277=VECTOR('',#9638,1000.);
#5278=VECTOR('',#9639,1000.);
#5279=VECTOR('',#9640,1000.);
#5280=VECTOR('',#9641,1000.);
#5281=VECTOR('',#9642,1000.);
#5282=VECTOR('',#9643,1000.);
#5283=VECTOR('',#9644,1000.);
#5284=VECTOR('',#9645,1000.);
#5285=VECTOR('',#9646,1000.);
#5286=VECTOR('',#9647,1000.);
#5287=VECTOR('',#9648,1000.);
#5288=VECTOR('',#9649,1000.);
#5289=VECTOR('',#9650,1000.);
#5290=VECTOR('',#9653,1000.);
#5291=VECTOR('',#9654,1000.);
#5292=VECTOR('',#9655,1000.);
#5293=VECTOR('',#9658,1000.);
#5294=VECTOR('',#9659,1000.);
#5295=VECTOR('',#9660,1000.);
#5296=VECTOR('',#9663,1000.);
#5297=VECTOR('',#9664,1000.);
#5298=VECTOR('',#9665,1000.);
#5299=VECTOR('',#9666,1000.);
#5300=VECTOR('',#9667,1000.);
#5301=VECTOR('',#9668,1000.);
#5302=VECTOR('',#9669,1000.);
#5303=VECTOR('',#9670,1000.);
#5304=VECTOR('',#9673,1000.);
#5305=VECTOR('',#9674,1000.);
#5306=VECTOR('',#9675,1000.);
#5307=VECTOR('',#9676,1000.);
#5308=VECTOR('',#9677,1000.);
#5309=VECTOR('',#9678,1000.);
#5310=VECTOR('',#9683,1000.);
#5311=VECTOR('',#9686,1000.);
#5312=VECTOR('',#9687,1000.);
#5313=VECTOR('',#9688,1000.);
#5314=VECTOR('',#9689,1000.);
#5315=VECTOR('',#9690,1000.);
#5316=VECTOR('',#9693,1000.);
#5317=VECTOR('',#9694,1000.);
#5318=VECTOR('',#9695,1000.);
#5319=VECTOR('',#9698,1000.);
#5320=VECTOR('',#9699,1000.);
#5321=VECTOR('',#9700,1000.);
#5322=VECTOR('',#9703,1000.);
#5323=VECTOR('',#9704,1000.);
#5324=VECTOR('',#9705,1000.);
#5325=VECTOR('',#9712,1000.);
#5326=VECTOR('',#9717,1000.);
#5327=VECTOR('',#9720,1000.);
#5328=VECTOR('',#9721,1000.);
#5329=VECTOR('',#9724,1000.);
#5330=VECTOR('',#9725,1000.);
#5331=VECTOR('',#9728,1000.);
#5332=VECTOR('',#9729,1000.);
#5333=VECTOR('',#9730,1000.);
#5334=VECTOR('',#9733,1000.);
#5335=VECTOR('',#9734,1000.);
#5336=VECTOR('',#9735,1000.);
#5337=VECTOR('',#9736,1000.);
#5338=VECTOR('',#9739,1000.);
#5339=VECTOR('',#9740,1000.);
#5340=VECTOR('',#9741,1000.);
#5341=VECTOR('',#9744,1000.);
#5342=VECTOR('',#9745,1000.);
#5343=VECTOR('',#9748,1000.);
#5344=VECTOR('',#9749,1000.);
#5345=VECTOR('',#9756,1000.);
#5346=VECTOR('',#9757,1000.);
#5347=VECTOR('',#9758,1000.);
#5348=VECTOR('',#9761,1000.);
#5349=VECTOR('',#9762,1000.);
#5350=VECTOR('',#9763,1000.);
#5351=VECTOR('',#9764,1000.);
#5352=VECTOR('',#9767,1000.);
#5353=VECTOR('',#9768,1000.);
#5354=VECTOR('',#9769,1000.);
#5355=VECTOR('',#9772,1000.);
#5356=VECTOR('',#9773,1000.);
#5357=VECTOR('',#9776,1000.);
#5358=VECTOR('',#9777,1000.);
#5359=VECTOR('',#9784,1000.);
#5360=VECTOR('',#9785,1000.);
#5361=VECTOR('',#9786,1000.);
#5362=VECTOR('',#9789,1000.);
#5363=VECTOR('',#9790,1000.);
#5364=VECTOR('',#9791,1000.);
#5365=VECTOR('',#9792,1000.);
#5366=VECTOR('',#9793,1000.);
#5367=VECTOR('',#9796,1000.);
#5368=VECTOR('',#9797,1000.);
#5369=VECTOR('',#9800,1000.);
#5370=VECTOR('',#9801,1000.);
#5371=VECTOR('',#9804,1000.);
#5372=VECTOR('',#9807,1000.);
#5373=VECTOR('',#9808,1000.);
#5374=VECTOR('',#9811,1000.);
#5375=VECTOR('',#9816,1000.);
#5376=VECTOR('',#9817,1000.);
#5377=VECTOR('',#9818,1000.);
#5378=VECTOR('',#9819,1000.);
#5379=VECTOR('',#9822,1000.);
#5380=VECTOR('',#9823,1000.);
#5381=VECTOR('',#9824,1000.);
#5382=VECTOR('',#9825,1000.);
#5383=VECTOR('',#9826,1000.);
#5384=VECTOR('',#9827,1000.);
#5385=VECTOR('',#9828,1000.);
#5386=VECTOR('',#9829,1000.);
#5387=VECTOR('',#9830,1000.);
#5388=VECTOR('',#9831,1000.);
#5389=VECTOR('',#9832,1000.);
#5390=VECTOR('',#9833,1000.);
#5391=VECTOR('',#9834,1000.);
#5392=VECTOR('',#9835,1000.);
#5393=VECTOR('',#9836,1000.);
#5394=VECTOR('',#9837,1000.);
#5395=VECTOR('',#9838,1000.);
#5396=VECTOR('',#9839,1000.);
#5397=VECTOR('',#9840,1000.);
#5398=VECTOR('',#9841,1000.);
#5399=VECTOR('',#9842,1000.);
#5400=VECTOR('',#9843,1000.);
#5401=VECTOR('',#9844,1000.);
#5402=VECTOR('',#9845,1000.);
#5403=VECTOR('',#9846,1000.);
#5404=VECTOR('',#9847,1000.);
#5405=VECTOR('',#9848,1000.);
#5406=VECTOR('',#9849,1000.);
#5407=VECTOR('',#9850,1000.);
#5408=VECTOR('',#9851,1000.);
#5409=VECTOR('',#9852,1000.);
#5410=VECTOR('',#9853,1000.);
#5411=VECTOR('',#9856,1000.);
#5412=VECTOR('',#9857,1000.);
#5413=VECTOR('',#9858,1000.);
#5414=VECTOR('',#9859,1000.);
#5415=VECTOR('',#9860,1000.);
#5416=VECTOR('',#9861,1000.);
#5417=VECTOR('',#9862,1000.);
#5418=VECTOR('',#9863,1000.);
#5419=VECTOR('',#9864,1000.);
#5420=VECTOR('',#9865,1000.);
#5421=VECTOR('',#9866,1000.);
#5422=VECTOR('',#9867,1000.);
#5423=VECTOR('',#9868,1000.);
#5424=VECTOR('',#9869,1000.);
#5425=VECTOR('',#9870,1000.);
#5426=VECTOR('',#9871,1000.);
#5427=VECTOR('',#9872,1000.);
#5428=VECTOR('',#9873,1000.);
#5429=VECTOR('',#9874,1000.);
#5430=VECTOR('',#9875,1000.);
#5431=VECTOR('',#9876,1000.);
#5432=VECTOR('',#9877,1000.);
#5433=VECTOR('',#9878,1000.);
#5434=VECTOR('',#9879,1000.);
#5435=VECTOR('',#9880,1000.);
#5436=VECTOR('',#9881,1000.);
#5437=VECTOR('',#9882,1000.);
#5438=VECTOR('',#9883,1000.);
#5439=VECTOR('',#9884,1000.);
#5440=VECTOR('',#9885,1000.);
#5441=VECTOR('',#9886,1000.);
#5442=VECTOR('',#9887,1000.);
#5443=VECTOR('',#9894,1000.);
#5444=VECTOR('',#9895,1000.);
#5445=VECTOR('',#9896,1000.);
#5446=VECTOR('',#9897,1000.);
#5447=VECTOR('',#9900,1000.);
#5448=VECTOR('',#9901,1000.);
#5449=VECTOR('',#9902,1000.);
#5450=VECTOR('',#9903,1000.);
#5451=VECTOR('',#9906,1000.);
#5452=VECTOR('',#9907,1000.);
#5453=VECTOR('',#9908,1000.);
#5454=VECTOR('',#9909,1000.);
#5455=VECTOR('',#9912,1000.);
#5456=VECTOR('',#9913,1000.);
#5457=VECTOR('',#9914,1000.);
#5458=VECTOR('',#9915,1000.);
#5459=VECTOR('',#9918,1000.);
#5460=VECTOR('',#9919,1000.);
#5461=VECTOR('',#9920,1000.);
#5462=VECTOR('',#9921,1000.);
#5463=VECTOR('',#9924,1000.);
#5464=VECTOR('',#9925,1000.);
#5465=VECTOR('',#9926,1000.);
#5466=VECTOR('',#9927,1000.);
#5467=VECTOR('',#9930,1000.);
#5468=VECTOR('',#9931,1000.);
#5469=VECTOR('',#9932,1000.);
#5470=VECTOR('',#9933,1000.);
#5471=VECTOR('',#9936,1000.);
#5472=VECTOR('',#9937,1000.);
#5473=VECTOR('',#9938,1000.);
#5474=VECTOR('',#9939,1000.);
#5475=VECTOR('',#9942,1000.);
#5476=VECTOR('',#9943,1000.);
#5477=VECTOR('',#9944,1000.);
#5478=VECTOR('',#9945,1000.);
#5479=VECTOR('',#9948,1000.);
#5480=VECTOR('',#9949,1000.);
#5481=VECTOR('',#9950,1000.);
#5482=VECTOR('',#9951,1000.);
#5483=VECTOR('',#9954,1000.);
#5484=VECTOR('',#9955,1000.);
#5485=VECTOR('',#9956,1000.);
#5486=VECTOR('',#9957,1000.);
#5487=VECTOR('',#9960,1000.);
#5488=VECTOR('',#9961,1000.);
#5489=VECTOR('',#9962,1000.);
#5490=VECTOR('',#9963,1000.);
#5491=VECTOR('',#9966,1000.);
#5492=VECTOR('',#9967,1000.);
#5493=VECTOR('',#9968,1000.);
#5494=VECTOR('',#9969,1000.);
#5495=VECTOR('',#9972,1000.);
#5496=VECTOR('',#9973,1000.);
#5497=VECTOR('',#9974,1000.);
#5498=VECTOR('',#9975,1000.);
#5499=VECTOR('',#9978,1000.);
#5500=VECTOR('',#9979,1000.);
#5501=VECTOR('',#9980,1000.);
#5502=VECTOR('',#9981,1000.);
#5503=VECTOR('',#9984,1000.);
#5504=VECTOR('',#9985,1000.);
#5505=VECTOR('',#9986,1000.);
#5506=VECTOR('',#9987,1000.);
#5507=VECTOR('',#9990,1000.);
#5508=VECTOR('',#9991,1000.);
#5509=VECTOR('',#9992,1000.);
#5510=VECTOR('',#9993,1000.);
#5511=VECTOR('',#9996,1000.);
#5512=VECTOR('',#9997,1000.);
#5513=VECTOR('',#9998,1000.);
#5514=VECTOR('',#9999,1000.);
#5515=VECTOR('',#10002,1000.);
#5516=VECTOR('',#10003,1000.);
#5517=VECTOR('',#10004,1000.);
#5518=VECTOR('',#10005,1000.);
#5519=VECTOR('',#10008,1000.);
#5520=VECTOR('',#10009,1000.);
#5521=VECTOR('',#10010,1000.);
#5522=VECTOR('',#10011,1000.);
#5523=VECTOR('',#10014,1000.);
#5524=VECTOR('',#10019,1000.);
#5525=VECTOR('',#10024,1000.);
#5526=VECTOR('',#10029,1000.);
#5527=VECTOR('',#10034,1000.);
#5528=VECTOR('',#10039,1000.);
#5529=VECTOR('',#10044,1000.);
#5530=VECTOR('',#10049,1000.);
#5531=VECTOR('',#10054,1000.);
#5532=VECTOR('',#10059,1000.);
#5533=VECTOR('',#10064,1000.);
#5534=VECTOR('',#10069,1000.);
#5535=VECTOR('',#10074,1000.);
#5536=VECTOR('',#10079,1000.);
#5537=VECTOR('',#10084,1000.);
#5538=VECTOR('',#10089,1000.);
#5539=VECTOR('',#10094,1000.);
#5540=VECTOR('',#10099,1000.);
#5541=VECTOR('',#10104,1000.);
#5542=VECTOR('',#10109,1000.);
#5543=VECTOR('',#10114,1000.);
#5544=VECTOR('',#10115,1000.);
#5545=VECTOR('',#10116,1000.);
#5546=VECTOR('',#10119,1000.);
#5547=VECTOR('',#10122,1000.);
#5548=VECTOR('',#10127,1000.);
#5549=VECTOR('',#10128,1000.);
#5550=VECTOR('',#10131,1000.);
#5551=VECTOR('',#10132,1000.);
#5552=VECTOR('',#10135,1000.);
#5553=VECTOR('',#10140,1000.);
#5554=VECTOR('',#10141,1000.);
#5555=VECTOR('',#10144,1000.);
#5556=VECTOR('',#10145,1000.);
#5557=VECTOR('',#10148,1000.);
#5558=VECTOR('',#10153,1000.);
#5559=VECTOR('',#10154,1000.);
#5560=VECTOR('',#10157,1000.);
#5561=VECTOR('',#10158,1000.);
#5562=VECTOR('',#10161,1000.);
#5563=VECTOR('',#10166,1000.);
#5564=VECTOR('',#10167,1000.);
#5565=VECTOR('',#10170,1000.);
#5566=VECTOR('',#10171,1000.);
#5567=VECTOR('',#10174,1000.);
#5568=VECTOR('',#10179,1000.);
#5569=VECTOR('',#10180,1000.);
#5570=VECTOR('',#10183,1000.);
#5571=VECTOR('',#10184,1000.);
#5572=VECTOR('',#10187,1000.);
#5573=VECTOR('',#10192,1000.);
#5574=VECTOR('',#10193,1000.);
#5575=VECTOR('',#10196,1000.);
#5576=VECTOR('',#10197,1000.);
#5577=VECTOR('',#10200,1000.);
#5578=VECTOR('',#10205,1000.);
#5579=VECTOR('',#10206,1000.);
#5580=VECTOR('',#10209,1000.);
#5581=VECTOR('',#10210,1000.);
#5582=VECTOR('',#10213,1000.);
#5583=VECTOR('',#10218,1000.);
#5584=VECTOR('',#10219,1000.);
#5585=VECTOR('',#10222,1000.);
#5586=VECTOR('',#10223,1000.);
#5587=VECTOR('',#10226,1000.);
#5588=VECTOR('',#10231,1000.);
#5589=VECTOR('',#10232,1000.);
#5590=VECTOR('',#10233,1000.);
#5591=VECTOR('',#10236,1000.);
#5592=VECTOR('',#10239,1000.);
#5593=VECTOR('',#10246,1000.);
#5594=VECTOR('',#10247,1000.);
#5595=VECTOR('',#10248,1000.);
#5596=VECTOR('',#10249,1000.);
#5597=VECTOR('',#10250,1000.);
#5598=VECTOR('',#10251,1000.);
#5599=VECTOR('',#10254,1000.);
#5600=VECTOR('',#10255,1000.);
#5601=VECTOR('',#10256,1000.);
#5602=VECTOR('',#10257,1000.);
#5603=VECTOR('',#10258,1000.);
#5604=VECTOR('',#10259,1000.);
#5605=VECTOR('',#10262,1000.);
#5606=VECTOR('',#10263,1000.);
#5607=VECTOR('',#10264,1000.);
#5608=VECTOR('',#10265,1000.);
#5609=VECTOR('',#10268,1000.);
#5610=VECTOR('',#10269,1000.);
#5611=VECTOR('',#10270,1000.);
#5612=VECTOR('',#10271,1000.);
#5613=VECTOR('',#10274,1000.);
#5614=VECTOR('',#10275,1000.);
#5615=VECTOR('',#10276,1000.);
#5616=VECTOR('',#10277,1000.);
#5617=VECTOR('',#10280,1000.);
#5618=VECTOR('',#10281,1000.);
#5619=VECTOR('',#10282,1000.);
#5620=VECTOR('',#10283,1000.);
#5621=VECTOR('',#10286,1000.);
#5622=VECTOR('',#10287,1000.);
#5623=VECTOR('',#10288,1000.);
#5624=VECTOR('',#10289,1000.);
#5625=VECTOR('',#10292,1000.);
#5626=VECTOR('',#10293,1000.);
#5627=VECTOR('',#10294,1000.);
#5628=VECTOR('',#10295,1000.);
#5629=VECTOR('',#10298,1000.);
#5630=VECTOR('',#10299,1000.);
#5631=VECTOR('',#10300,1000.);
#5632=VECTOR('',#10301,1000.);
#5633=VECTOR('',#10304,1000.);
#5634=VECTOR('',#10305,1000.);
#5635=VECTOR('',#10306,1000.);
#5636=VECTOR('',#10307,1000.);
#5637=VECTOR('',#10310,1000.);
#5638=VECTOR('',#10311,1000.);
#5639=VECTOR('',#10312,1000.);
#5640=VECTOR('',#10313,1000.);
#5641=VECTOR('',#10316,1000.);
#5642=VECTOR('',#10317,1000.);
#5643=VECTOR('',#10318,1000.);
#5644=VECTOR('',#10319,1000.);
#5645=VECTOR('',#10322,1000.);
#5646=VECTOR('',#10323,1000.);
#5647=VECTOR('',#10324,1000.);
#5648=VECTOR('',#10325,1000.);
#5649=VECTOR('',#10326,1000.);
#5650=VECTOR('',#10327,1000.);
#5651=VECTOR('',#10328,1000.);
#5652=VECTOR('',#10329,1000.);
#5653=VECTOR('',#10330,1000.);
#5654=VECTOR('',#10331,1000.);
#5655=VECTOR('',#10332,1000.);
#5656=VECTOR('',#10333,1000.);
#5657=VECTOR('',#10334,1000.);
#5658=VECTOR('',#10335,1000.);
#5659=VECTOR('',#10336,1000.);
#5660=VECTOR('',#10337,1000.);
#5661=VECTOR('',#10338,1000.);
#5662=VECTOR('',#10339,1000.);
#5663=VECTOR('',#10340,1000.);
#5664=VECTOR('',#10341,1000.);
#5665=VECTOR('',#10342,1000.);
#5666=VECTOR('',#10343,1000.);
#5667=VECTOR('',#10346,1000.);
#5668=VECTOR('',#10347,1000.);
#5669=VECTOR('',#10348,1000.);
#5670=VECTOR('',#10351,1000.);
#5671=VECTOR('',#10352,1000.);
#5672=VECTOR('',#10353,1000.);
#5673=VECTOR('',#10356,1000.);
#5674=VECTOR('',#10357,1000.);
#5675=VECTOR('',#10358,1000.);
#5676=VECTOR('',#10361,1000.);
#5677=VECTOR('',#10362,1000.);
#5678=VECTOR('',#10363,1000.);
#5679=VECTOR('',#10366,1000.);
#5680=VECTOR('',#10367,1000.);
#5681=VECTOR('',#10368,1000.);
#5682=VECTOR('',#10371,1000.);
#5683=VECTOR('',#10372,1000.);
#5684=VECTOR('',#10373,1000.);
#5685=VECTOR('',#10376,1000.);
#5686=VECTOR('',#10377,1000.);
#5687=VECTOR('',#10378,1000.);
#5688=VECTOR('',#10381,1000.);
#5689=VECTOR('',#10382,1000.);
#5690=VECTOR('',#10383,1000.);
#5691=VECTOR('',#10386,1000.);
#5692=VECTOR('',#10387,1000.);
#5693=VECTOR('',#10388,1000.);
#5694=VECTOR('',#10391,1000.);
#5695=VECTOR('',#10392,1000.);
#5696=VECTOR('',#10393,1000.);
#5697=VECTOR('',#10396,1000.);
#5698=VECTOR('',#10397,1000.);
#5699=VECTOR('',#10398,1000.);
#5700=VECTOR('',#10401,1000.);
#5701=VECTOR('',#10402,1000.);
#5702=VECTOR('',#10403,1000.);
#5703=VECTOR('',#10406,1000.);
#5704=VECTOR('',#10407,1000.);
#5705=VECTOR('',#10408,1000.);
#5706=VECTOR('',#10411,1000.);
#5707=VECTOR('',#10412,1000.);
#5708=VECTOR('',#10413,1000.);
#5709=VECTOR('',#10416,1000.);
#5710=VECTOR('',#10417,1000.);
#5711=VECTOR('',#10418,1000.);
#5712=VECTOR('',#10423,1000.);
#5713=VECTOR('',#10430,1000.);
#5714=VECTOR('',#10437,1000.);
#5715=VECTOR('',#10444,1000.);
#5716=VECTOR('',#10451,1000.);
#5717=VECTOR('',#10456,1000.);
#5718=VECTOR('',#10457,1000.);
#5719=VECTOR('',#10458,1000.);
#5720=VECTOR('',#10461,1000.);
#5721=VECTOR('',#10462,1000.);
#5722=VECTOR('',#10463,1000.);
#5723=VECTOR('',#10466,1000.);
#5724=VECTOR('',#10467,1000.);
#5725=VECTOR('',#10468,1000.);
#5726=VECTOR('',#10471,1000.);
#5727=VECTOR('',#10472,1000.);
#5728=VECTOR('',#10473,1000.);
#5729=VECTOR('',#10476,1000.);
#5730=VECTOR('',#10477,1000.);
#5731=VECTOR('',#10478,1000.);
#5732=VECTOR('',#10511,1000.);
#5733=VECTOR('',#10512,1000.);
#5734=VECTOR('',#10513,1000.);
#5735=VECTOR('',#10516,1000.);
#5736=VECTOR('',#10517,1000.);
#5737=VECTOR('',#10518,1000.);
#5738=VECTOR('',#10521,1000.);
#5739=VECTOR('',#10522,1000.);
#5740=VECTOR('',#10523,1000.);
#5741=VECTOR('',#10526,1000.);
#5742=VECTOR('',#10527,1000.);
#5743=VECTOR('',#10528,1000.);
#5744=VECTOR('',#10531,1000.);
#5745=VECTOR('',#10532,1000.);
#5746=VECTOR('',#10533,1000.);
#5747=VECTOR('',#10536,1000.);
#5748=VECTOR('',#10537,1000.);
#5749=VECTOR('',#10538,1000.);
#5750=VECTOR('',#10539,1000.);
#5751=VECTOR('',#10540,1000.);
#5752=VECTOR('',#10541,1000.);
#5753=VECTOR('',#10542,1000.);
#5754=VECTOR('',#10543,1000.);
#5755=VECTOR('',#10544,1000.);
#5756=VECTOR('',#10545,1000.);
#5757=VECTOR('',#10546,1000.);
#5758=VECTOR('',#10547,1000.);
#5759=VECTOR('',#10548,1000.);
#5760=VECTOR('',#10549,1000.);
#5761=VECTOR('',#10550,1000.);
#5762=VECTOR('',#10551,1000.);
#5763=VECTOR('',#10552,1000.);
#5764=VECTOR('',#10553,1000.);
#5765=VECTOR('',#10554,1000.);
#5766=VECTOR('',#10555,1000.);
#5767=VECTOR('',#10556,1000.);
#5768=VECTOR('',#10557,1000.);
#5769=VECTOR('',#10558,1000.);
#5770=VECTOR('',#10559,1000.);
#5771=VECTOR('',#10560,1000.);
#5772=VECTOR('',#10561,1000.);
#5773=VECTOR('',#10562,1000.);
#5774=VECTOR('',#10563,1000.);
#5775=VECTOR('',#10564,1000.);
#5776=VECTOR('',#10565,1000.);
#5777=VECTOR('',#10566,1000.);
#5778=VECTOR('',#10567,1000.);
#5779=VECTOR('',#10568,1000.);
#5780=VECTOR('',#10569,1000.);
#5781=VECTOR('',#10570,1000.);
#5782=VECTOR('',#10571,1000.);
#5783=VECTOR('',#10572,1000.);
#5784=VECTOR('',#10573,1000.);
#5785=VECTOR('',#10574,1000.);
#5786=VECTOR('',#10575,1000.);
#5787=VECTOR('',#10576,1000.);
#5788=VECTOR('',#10577,1000.);
#5789=VECTOR('',#10578,1000.);
#5790=VECTOR('',#10579,1000.);
#5791=VECTOR('',#10580,1000.);
#5792=VECTOR('',#10581,1000.);
#5793=VECTOR('',#10582,1000.);
#5794=VECTOR('',#10583,1000.);
#5795=VECTOR('',#10584,1000.);
#5796=VECTOR('',#10585,1000.);
#5797=VECTOR('',#10586,1000.);
#5798=VECTOR('',#10587,1000.);
#5799=VECTOR('',#10588,1000.);
#5800=VECTOR('',#10589,1000.);
#5801=VECTOR('',#10590,1000.);
#5802=VECTOR('',#10591,1000.);
#5803=VECTOR('',#10592,1000.);
#5804=VECTOR('',#10593,1000.);
#5805=VECTOR('',#10594,1000.);
#5806=VECTOR('',#10595,1000.);
#5807=VECTOR('',#10596,1000.);
#5808=VECTOR('',#10597,1000.);
#5809=VECTOR('',#10602,1000.);
#5810=VECTOR('',#10609,1000.);
#5811=VECTOR('',#10616,1000.);
#5812=VECTOR('',#10623,1000.);
#5813=VECTOR('',#10630,1000.);
#5814=VECTOR('',#10635,1000.);
#5815=VECTOR('',#10636,1000.);
#5816=VECTOR('',#10637,1000.);
#5817=VECTOR('',#10640,1000.);
#5818=VECTOR('',#10641,1000.);
#5819=VECTOR('',#10642,1000.);
#5820=VECTOR('',#10645,1000.);
#5821=VECTOR('',#10646,1000.);
#5822=VECTOR('',#10647,1000.);
#5823=VECTOR('',#10650,1000.);
#5824=VECTOR('',#10651,1000.);
#5825=VECTOR('',#10652,1000.);
#5826=VECTOR('',#10655,1000.);
#5827=VECTOR('',#10656,1000.);
#5828=VECTOR('',#10657,1000.);
#5829=VECTOR('',#10662,1000.);
#5830=VECTOR('',#10669,1000.);
#5831=VECTOR('',#10676,1000.);
#5832=VECTOR('',#10683,1000.);
#5833=VECTOR('',#10690,1000.);
#5834=VECTOR('',#10695,1000.);
#5835=VECTOR('',#10696,1000.);
#5836=VECTOR('',#10697,1000.);
#5837=VECTOR('',#10700,1000.);
#5838=VECTOR('',#10701,1000.);
#5839=VECTOR('',#10702,1000.);
#5840=VECTOR('',#10705,1000.);
#5841=VECTOR('',#10706,1000.);
#5842=VECTOR('',#10707,1000.);
#5843=VECTOR('',#10710,1000.);
#5844=VECTOR('',#10711,1000.);
#5845=VECTOR('',#10712,1000.);
#5846=VECTOR('',#10715,1000.);
#5847=VECTOR('',#10716,1000.);
#5848=VECTOR('',#10717,1000.);
#5849=VECTOR('',#10720,1000.);
#5850=VECTOR('',#10721,1000.);
#5851=VECTOR('',#10722,1000.);
#5852=VECTOR('',#10725,1000.);
#5853=VECTOR('',#10726,1000.);
#5854=VECTOR('',#10727,1000.);
#5855=VECTOR('',#10730,1000.);
#5856=VECTOR('',#10731,1000.);
#5857=VECTOR('',#10732,1000.);
#5858=VECTOR('',#10735,1000.);
#5859=VECTOR('',#10736,1000.);
#5860=VECTOR('',#10737,1000.);
#5861=VECTOR('',#10740,1000.);
#5862=VECTOR('',#10741,1000.);
#5863=VECTOR('',#10742,1000.);
#5864=VECTOR('',#10745,1000.);
#5865=VECTOR('',#10746,1000.);
#5866=VECTOR('',#10749,1000.);
#5867=VECTOR('',#10750,1000.);
#5868=VECTOR('',#10753,1000.);
#5869=VECTOR('',#10754,1000.);
#5870=VECTOR('',#10757,1000.);
#5871=VECTOR('',#10758,1000.);
#5872=VECTOR('',#10761,1000.);
#5873=VECTOR('',#10762,1000.);
#5874=VECTOR('',#10765,1000.);
#5875=VECTOR('',#10766,1000.);
#5876=VECTOR('',#10767,1000.);
#5877=VECTOR('',#10768,1000.);
#5878=VECTOR('',#10771,1000.);
#5879=VECTOR('',#10772,1000.);
#5880=VECTOR('',#10773,1000.);
#5881=VECTOR('',#10774,1000.);
#5882=VECTOR('',#10777,1000.);
#5883=VECTOR('',#10778,1000.);
#5884=VECTOR('',#10779,1000.);
#5885=VECTOR('',#10780,1000.);
#5886=VECTOR('',#10783,1000.);
#5887=VECTOR('',#10784,1000.);
#5888=VECTOR('',#10785,1000.);
#5889=VECTOR('',#10786,1000.);
#5890=VECTOR('',#10789,1000.);
#5891=VECTOR('',#10790,1000.);
#5892=VECTOR('',#10791,1000.);
#5893=VECTOR('',#10792,1000.);
#5894=VECTOR('',#10795,1000.);
#5895=VECTOR('',#10796,1000.);
#5896=VECTOR('',#10797,1000.);
#5897=VECTOR('',#10798,1000.);
#5898=VECTOR('',#10801,1000.);
#5899=VECTOR('',#10802,1000.);
#5900=VECTOR('',#10803,1000.);
#5901=VECTOR('',#10804,1000.);
#5902=VECTOR('',#10807,1000.);
#5903=VECTOR('',#10808,1000.);
#5904=VECTOR('',#10809,1000.);
#5905=VECTOR('',#10810,1000.);
#5906=VECTOR('',#10813,1000.);
#5907=VECTOR('',#10814,1000.);
#5908=VECTOR('',#10815,1000.);
#5909=VECTOR('',#10816,1000.);
#5910=VECTOR('',#10819,1000.);
#5911=VECTOR('',#10820,1000.);
#5912=VECTOR('',#10821,1000.);
#5913=VECTOR('',#10822,1000.);
#5914=VECTOR('',#10825,1000.);
#5915=VECTOR('',#10826,1000.);
#5916=VECTOR('',#10829,1000.);
#5917=VECTOR('',#10830,1000.);
#5918=VECTOR('',#10833,1000.);
#5919=VECTOR('',#10834,1000.);
#5920=VECTOR('',#10837,1000.);
#5921=VECTOR('',#10838,1000.);
#5922=VECTOR('',#10841,1000.);
#5923=VECTOR('',#10842,1000.);
#5924=VECTOR('',#10845,1000.);
#5925=VECTOR('',#10846,1000.);
#5926=VECTOR('',#10849,1000.);
#5927=VECTOR('',#10850,1000.);
#5928=VECTOR('',#10853,1000.);
#5929=VECTOR('',#10854,1000.);
#5930=VECTOR('',#10857,1000.);
#5931=VECTOR('',#10858,1000.);
#5932=VECTOR('',#10861,1000.);
#5933=VECTOR('',#10862,1000.);
#5934=VECTOR('',#10865,1000.);
#5935=VECTOR('',#10866,1000.);
#5936=VECTOR('',#10867,1000.);
#5937=VECTOR('',#10868,1000.);
#5938=VECTOR('',#10869,1000.);
#5939=VECTOR('',#10870,1000.);
#5940=VECTOR('',#10871,1000.);
#5941=VECTOR('',#10872,1000.);
#5942=VECTOR('',#10873,1000.);
#5943=VECTOR('',#10874,1000.);
#5944=VECTOR('',#10875,1000.);
#5945=VECTOR('',#10876,1000.);
#5946=VECTOR('',#10877,1000.);
#5947=VECTOR('',#10878,1000.);
#5948=VECTOR('',#10879,1000.);
#5949=VECTOR('',#10880,1000.);
#5950=VECTOR('',#10881,1000.);
#5951=VECTOR('',#10882,1000.);
#5952=VECTOR('',#10883,1000.);
#5953=VECTOR('',#10884,1000.);
#5954=VECTOR('',#10885,1000.);
#5955=VECTOR('',#10886,1000.);
#5956=VECTOR('',#10887,1000.);
#5957=VECTOR('',#10888,1000.);
#5958=VECTOR('',#10889,1000.);
#5959=VECTOR('',#10890,1000.);
#5960=VECTOR('',#10891,1000.);
#5961=VECTOR('',#10892,1000.);
#5962=VECTOR('',#10893,1000.);
#5963=VECTOR('',#10894,1000.);
#5964=VECTOR('',#10895,1000.);
#5965=VECTOR('',#10896,1000.);
#5966=VECTOR('',#10897,1000.);
#5967=VECTOR('',#10898,1000.);
#5968=VECTOR('',#10899,1000.);
#5969=VECTOR('',#10900,1000.);
#5970=VECTOR('',#10901,1000.);
#5971=VECTOR('',#10902,1000.);
#5972=VECTOR('',#10903,1000.);
#5973=VECTOR('',#10904,1000.);
#5974=VECTOR('',#10905,1000.);
#5975=VECTOR('',#10906,1000.);
#5976=VECTOR('',#10909,1000.);
#5977=VECTOR('',#10910,1000.);
#5978=VECTOR('',#10913,1000.);
#5979=VECTOR('',#10914,1000.);
#5980=VECTOR('',#10917,1000.);
#5981=VECTOR('',#10918,1000.);
#5982=VECTOR('',#10921,1000.);
#5983=VECTOR('',#10922,1000.);
#5984=VECTOR('',#10925,1000.);
#5985=VECTOR('',#10926,1000.);
#5986=VECTOR('',#10929,1000.);
#5987=VECTOR('',#10930,1000.);
#5988=VECTOR('',#10933,1000.);
#5989=VECTOR('',#10934,1000.);
#5990=VECTOR('',#10937,1000.);
#5991=VECTOR('',#10938,1000.);
#5992=VECTOR('',#10941,1000.);
#5993=VECTOR('',#10942,1000.);
#5994=VECTOR('',#10945,1000.);
#5995=VECTOR('',#10946,1000.);
#5996=VECTOR('',#10951,1000.);
#5997=VECTOR('',#10956,1000.);
#5998=VECTOR('',#10961,1000.);
#5999=VECTOR('',#10964,1000.);
#6000=VECTOR('',#10969,1000.);
#6001=VECTOR('',#10972,1000.);
#6002=VECTOR('',#10977,1000.);
#6003=VECTOR('',#10980,1000.);
#6004=VECTOR('',#10985,1000.);
#6005=VECTOR('',#10988,1000.);
#6006=VECTOR('',#10993,1000.);
#6007=VECTOR('',#10996,1000.);
#6008=VECTOR('',#11001,1000.);
#6009=VECTOR('',#11004,1000.);
#6010=VECTOR('',#11009,1000.);
#6011=VECTOR('',#11012,1000.);
#6012=VECTOR('',#11017,1000.);
#6013=VECTOR('',#11020,1000.);
#6014=VECTOR('',#11025,1000.);
#6015=VECTOR('',#11026,1000.);
#6016=VECTOR('',#11033,1000.);
#6017=VECTOR('',#11034,1000.);
#6018=VECTOR('',#11037,1000.);
#6019=VECTOR('',#11038,1000.);
#6020=VECTOR('',#11041,1000.);
#6021=VECTOR('',#11042,1000.);
#6022=VECTOR('',#11045,1000.);
#6023=VECTOR('',#11046,1000.);
#6024=VECTOR('',#11049,1000.);
#6025=VECTOR('',#11050,1000.);
#6026=VECTOR('',#11053,1000.);
#6027=VECTOR('',#11054,1000.);
#6028=VECTOR('',#11057,1000.);
#6029=VECTOR('',#11058,1000.);
#6030=VECTOR('',#11061,1000.);
#6031=VECTOR('',#11062,1000.);
#6032=VECTOR('',#11065,1000.);
#6033=VECTOR('',#11066,1000.);
#6034=VECTOR('',#11069,1000.);
#6035=VECTOR('',#11070,1000.);
#6036=VECTOR('',#11071,1000.);
#6037=VECTOR('',#11072,1000.);
#6038=VECTOR('',#11073,1000.);
#6039=VECTOR('',#11074,1000.);
#6040=VECTOR('',#11075,1000.);
#6041=VECTOR('',#11076,1000.);
#6042=VECTOR('',#11077,1000.);
#6043=VECTOR('',#11078,1000.);
#6044=VECTOR('',#11079,1000.);
#6045=VECTOR('',#11080,1000.);
#6046=VECTOR('',#11081,1000.);
#6047=VECTOR('',#11082,1000.);
#6048=VECTOR('',#11083,1000.);
#6049=VECTOR('',#11084,1000.);
#6050=VECTOR('',#11087,1000.);
#6051=EDGE_LOOP('',(#96,#97,#98,#99));
#6052=EDGE_LOOP('',(#100,#101,#102,#103));
#6053=EDGE_LOOP('',(#104,#105,#106,#107));
#6054=EDGE_LOOP('',(#108,#109,#110,#111));
#6055=EDGE_LOOP('',(#112,#113,#114,#115));
#6056=EDGE_LOOP('',(#116,#117,#118,#119));
#6057=EDGE_LOOP('',(#120,#121,#122,#123));
#6058=EDGE_LOOP('',(#124,#125,#126,#127));
#6059=EDGE_LOOP('',(#128,#129,#130,#131));
#6060=EDGE_LOOP('',(#132,#133,#134,#135));
#6061=EDGE_LOOP('',(#136,#137,#138,#139,#140,#141,#142));
#6062=EDGE_LOOP('',(#143,#144,#145,#146));
#6063=EDGE_LOOP('',(#147,#148,#149,#150));
#6064=EDGE_LOOP('',(#151,#152,#153,#154));
#6065=EDGE_LOOP('',(#155,#156,#157,#158));
#6066=EDGE_LOOP('',(#159,#160,#161,#162));
#6067=EDGE_LOOP('',(#163,#164,#165,#166));
#6068=EDGE_LOOP('',(#167,#168,#169,#170));
#6069=EDGE_LOOP('',(#171,#172,#173,#174));
#6070=EDGE_LOOP('',(#175,#176,#177,#178));
#6071=EDGE_LOOP('',(#179,#180,#181,#182,#183,#184,#185));
#6072=EDGE_LOOP('',(#186,#187,#188,#189));
#6073=EDGE_LOOP('',(#190,#191,#192,#193));
#6074=EDGE_LOOP('',(#194,#195,#196,#197));
#6075=EDGE_LOOP('',(#198,#199,#200,#201));
#6076=EDGE_LOOP('',(#202,#203,#204,#205));
#6077=EDGE_LOOP('',(#206,#207,#208,#209));
#6078=EDGE_LOOP('',(#210,#211,#212,#213));
#6079=EDGE_LOOP('',(#214,#215,#216,#217));
#6080=EDGE_LOOP('',(#218,#219,#220,#221));
#6081=EDGE_LOOP('',(#222,#223,#224,#225));
#6082=EDGE_LOOP('',(#226,#227,#228,#229));
#6083=EDGE_LOOP('',(#230,#231,#232,#233,#234,#235,#236,#237,#238,#239,#240,
#241,#242,#243,#244,#245,#246,#247,#248,#249,#250,#251,#252,#253,#254,#255,
#256,#257,#258,#259,#260,#261,#262,#263,#264,#265,#266,#267,#268,#269,#270,
#271,#272,#273));
#6084=EDGE_LOOP('',(#274,#275,#276,#277));
#6085=EDGE_LOOP('',(#278,#279,#280,#281));
#6086=EDGE_LOOP('',(#282,#283,#284,#285));
#6087=EDGE_LOOP('',(#286,#287,#288,#289));
#6088=EDGE_LOOP('',(#290,#291,#292,#293));
#6089=EDGE_LOOP('',(#294,#295,#296,#297));
#6090=EDGE_LOOP('',(#298,#299,#300,#301));
#6091=EDGE_LOOP('',(#302,#303,#304,#305));
#6092=EDGE_LOOP('',(#306,#307,#308,#309));
#6093=EDGE_LOOP('',(#310,#311,#312,#313));
#6094=EDGE_LOOP('',(#314,#315,#316,#317));
#6095=EDGE_LOOP('',(#318,#319,#320,#321));
#6096=EDGE_LOOP('',(#322,#323,#324,#325));
#6097=EDGE_LOOP('',(#326,#327,#328,#329));
#6098=EDGE_LOOP('',(#330,#331,#332,#333));
#6099=EDGE_LOOP('',(#334,#335,#336,#337));
#6100=EDGE_LOOP('',(#338,#339,#340,#341));
#6101=EDGE_LOOP('',(#342,#343,#344,#345));
#6102=EDGE_LOOP('',(#346,#347,#348,#349));
#6103=EDGE_LOOP('',(#350,#351,#352,#353));
#6104=EDGE_LOOP('',(#354,#355,#356,#357));
#6105=EDGE_LOOP('',(#358,#359,#360,#361,#362,#363,#364,#365,#366,#367,#368,
#369,#370,#371,#372,#373,#374,#375,#376,#377,#378,#379,#380,#381,#382,#383,
#384,#385,#386,#387,#388,#389,#390,#391,#392,#393,#394,#395,#396,#397,#398,
#399,#400,#401));
#6106=EDGE_LOOP('',(#402,#403,#404,#405));
#6107=EDGE_LOOP('',(#406,#407,#408,#409));
#6108=EDGE_LOOP('',(#410,#411,#412,#413,#414,#415,#416,#417));
#6109=EDGE_LOOP('',(#418,#419,#420,#421,#422,#423,#424,#425,#426));
#6110=EDGE_LOOP('',(#427,#428,#429,#430,#431,#432,#433,#434,#435));
#6111=EDGE_LOOP('',(#436,#437,#438,#439));
#6112=EDGE_LOOP('',(#440,#441,#442,#443));
#6113=EDGE_LOOP('',(#444,#445,#446,#447));
#6114=EDGE_LOOP('',(#448,#449,#450,#451));
#6115=EDGE_LOOP('',(#452,#453,#454,#455));
#6116=EDGE_LOOP('',(#456,#457,#458,#459));
#6117=EDGE_LOOP('',(#460,#461,#462,#463));
#6118=EDGE_LOOP('',(#464,#465,#466,#467,#468,#469,#470,#471,#472,#473));
#6119=EDGE_LOOP('',(#474,#475,#476,#477));
#6120=EDGE_LOOP('',(#478,#479,#480,#481));
#6121=EDGE_LOOP('',(#482,#483,#484,#485,#486,#487));
#6122=EDGE_LOOP('',(#488,#489,#490,#491));
#6123=EDGE_LOOP('',(#492,#493,#494,#495,#496,#497,#498,#499,#500,#501));
#6124=EDGE_LOOP('',(#502,#503,#504,#505));
#6125=EDGE_LOOP('',(#506,#507,#508,#509));
#6126=EDGE_LOOP('',(#510,#511,#512,#513));
#6127=EDGE_LOOP('',(#514,#515,#516,#517));
#6128=EDGE_LOOP('',(#518,#519,#520,#521,#522,#523,#524,#525,#526,#527));
#6129=EDGE_LOOP('',(#528,#529,#530,#531));
#6130=EDGE_LOOP('',(#532,#533,#534,#535,#536,#537));
#6131=EDGE_LOOP('',(#538,#539,#540,#541));
#6132=EDGE_LOOP('',(#542,#543,#544,#545));
#6133=EDGE_LOOP('',(#546,#547,#548,#549,#550,#551));
#6134=EDGE_LOOP('',(#552,#553,#554,#555,#556,#557,#558,#559));
#6135=EDGE_LOOP('',(#560,#561,#562,#563,#564,#565));
#6136=EDGE_LOOP('',(#566,#567,#568,#569));
#6137=EDGE_LOOP('',(#570,#571,#572,#573));
#6138=EDGE_LOOP('',(#574,#575,#576,#577));
#6139=EDGE_LOOP('',(#578,#579,#580,#581));
#6140=EDGE_LOOP('',(#582,#583,#584,#585,#586,#587,#588,#589));
#6141=EDGE_LOOP('',(#590,#591,#592,#593));
#6142=EDGE_LOOP('',(#594,#595,#596,#597,#598,#599,#600,#601,#602,#603,#604,
#605,#606,#607,#608,#609,#610,#611,#612,#613,#614,#615,#616,#617,#618,#619,
#620,#621,#622,#623,#624,#625,#626,#627,#628,#629,#630,#631,#632,#633,#634,
#635,#636,#637));
#6143=EDGE_LOOP('',(#638,#639,#640,#641,#642,#643,#644,#645,#646,#647,#648,
#649,#650,#651,#652,#653,#654,#655,#656,#657,#658,#659,#660,#661,#662,#663,
#664,#665,#666,#667,#668,#669,#670,#671,#672,#673,#674,#675,#676,#677,#678,
#679,#680,#681));
#6144=EDGE_LOOP('',(#682,#683,#684,#685,#686,#687));
#6145=EDGE_LOOP('',(#688,#689,#690,#691,#692,#693));
#6146=EDGE_LOOP('',(#694,#695,#696,#697,#698,#699,#700,#701,#702,#703));
#6147=EDGE_LOOP('',(#704,#705,#706,#707,#708,#709,#710,#711,#712,#713));
#6148=EDGE_LOOP('',(#714,#715,#716,#717,#718,#719,#720,#721,#722,#723));
#6149=EDGE_LOOP('',(#724,#725,#726,#727,#728,#729,#730,#731,#732,#733));
#6150=EDGE_LOOP('',(#734,#735,#736,#737,#738,#739,#740,#741,#742,#743));
#6151=EDGE_LOOP('',(#744,#745,#746,#747,#748,#749,#750,#751,#752,#753));
#6152=EDGE_LOOP('',(#754,#755,#756,#757,#758,#759,#760,#761,#762,#763));
#6153=EDGE_LOOP('',(#764,#765,#766,#767,#768,#769,#770,#771,#772,#773));
#6154=EDGE_LOOP('',(#774,#775,#776,#777,#778,#779,#780,#781,#782,#783));
#6155=EDGE_LOOP('',(#784,#785,#786,#787,#788,#789,#790,#791,#792,#793));
#6156=EDGE_LOOP('',(#794,#795,#796,#797,#798,#799,#800,#801,#802,#803));
#6157=EDGE_LOOP('',(#804,#805,#806,#807,#808,#809,#810,#811,#812,#813));
#6158=EDGE_LOOP('',(#814,#815,#816,#817,#818,#819,#820,#821,#822,#823));
#6159=EDGE_LOOP('',(#824,#825,#826,#827,#828,#829,#830,#831,#832,#833));
#6160=EDGE_LOOP('',(#834,#835,#836,#837,#838,#839,#840,#841,#842,#843));
#6161=EDGE_LOOP('',(#844,#845,#846,#847,#848,#849,#850,#851,#852,#853));
#6162=EDGE_LOOP('',(#854,#855,#856,#857,#858,#859,#860,#861,#862,#863));
#6163=EDGE_LOOP('',(#864,#865,#866,#867,#868,#869,#870,#871,#872,#873));
#6164=EDGE_LOOP('',(#874,#875,#876,#877,#878,#879,#880,#881,#882,#883));
#6165=EDGE_LOOP('',(#884,#885,#886,#887,#888,#889,#890,#891,#892,#893));
#6166=EDGE_LOOP('',(#894,#895,#896,#897));
#6167=EDGE_LOOP('',(#898,#899,#900,#901));
#6168=EDGE_LOOP('',(#902,#903,#904,#905));
#6169=EDGE_LOOP('',(#906,#907,#908,#909));
#6170=EDGE_LOOP('',(#910,#911,#912,#913));
#6171=EDGE_LOOP('',(#914,#915,#916,#917));
#6172=EDGE_LOOP('',(#918,#919,#920,#921));
#6173=EDGE_LOOP('',(#922,#923,#924,#925));
#6174=EDGE_LOOP('',(#926,#927,#928,#929));
#6175=EDGE_LOOP('',(#930,#931,#932,#933));
#6176=EDGE_LOOP('',(#934,#935,#936,#937));
#6177=EDGE_LOOP('',(#938,#939,#940,#941));
#6178=EDGE_LOOP('',(#942,#943,#944,#945));
#6179=EDGE_LOOP('',(#946,#947,#948,#949));
#6180=EDGE_LOOP('',(#950,#951,#952,#953));
#6181=EDGE_LOOP('',(#954,#955,#956,#957));
#6182=EDGE_LOOP('',(#958,#959,#960,#961));
#6183=EDGE_LOOP('',(#962,#963,#964,#965));
#6184=EDGE_LOOP('',(#966,#967,#968,#969));
#6185=EDGE_LOOP('',(#970,#971,#972,#973));
#6186=EDGE_LOOP('',(#974,#975,#976,#977));
#6187=EDGE_LOOP('',(#978,#979,#980,#981));
#6188=EDGE_LOOP('',(#982,#983,#984,#985));
#6189=EDGE_LOOP('',(#986,#987,#988,#989));
#6190=EDGE_LOOP('',(#990,#991,#992,#993));
#6191=EDGE_LOOP('',(#994,#995,#996,#997));
#6192=EDGE_LOOP('',(#998,#999,#1000,#1001));
#6193=EDGE_LOOP('',(#1002,#1003,#1004,#1005));
#6194=EDGE_LOOP('',(#1006,#1007,#1008,#1009));
#6195=EDGE_LOOP('',(#1010,#1011,#1012,#1013));
#6196=EDGE_LOOP('',(#1014,#1015,#1016,#1017));
#6197=EDGE_LOOP('',(#1018,#1019,#1020,#1021));
#6198=EDGE_LOOP('',(#1022,#1023,#1024,#1025));
#6199=EDGE_LOOP('',(#1026,#1027,#1028,#1029));
#6200=EDGE_LOOP('',(#1030,#1031,#1032,#1033));
#6201=EDGE_LOOP('',(#1034,#1035,#1036,#1037));
#6202=EDGE_LOOP('',(#1038,#1039,#1040,#1041));
#6203=EDGE_LOOP('',(#1042,#1043,#1044,#1045));
#6204=EDGE_LOOP('',(#1046,#1047,#1048,#1049));
#6205=EDGE_LOOP('',(#1050,#1051,#1052,#1053));
#6206=EDGE_LOOP('',(#1054,#1055,#1056,#1057));
#6207=EDGE_LOOP('',(#1058,#1059,#1060,#1061,#1062));
#6208=EDGE_LOOP('',(#1063,#1064,#1065,#1066,#1067));
#6209=EDGE_LOOP('',(#1068,#1069,#1070,#1071));
#6210=EDGE_LOOP('',(#1072,#1073,#1074,#1075,#1076));
#6211=EDGE_LOOP('',(#1077,#1078,#1079,#1080));
#6212=EDGE_LOOP('',(#1081,#1082,#1083,#1084,#1085));
#6213=EDGE_LOOP('',(#1086,#1087,#1088,#1089));
#6214=EDGE_LOOP('',(#1090,#1091,#1092,#1093,#1094));
#6215=EDGE_LOOP('',(#1095,#1096,#1097,#1098));
#6216=EDGE_LOOP('',(#1099,#1100,#1101,#1102,#1103));
#6217=EDGE_LOOP('',(#1104,#1105,#1106,#1107));
#6218=EDGE_LOOP('',(#1108,#1109,#1110,#1111,#1112));
#6219=EDGE_LOOP('',(#1113,#1114,#1115,#1116));
#6220=EDGE_LOOP('',(#1117,#1118,#1119,#1120,#1121));
#6221=EDGE_LOOP('',(#1122,#1123,#1124,#1125));
#6222=EDGE_LOOP('',(#1126,#1127,#1128,#1129,#1130));
#6223=EDGE_LOOP('',(#1131,#1132,#1133,#1134));
#6224=EDGE_LOOP('',(#1135,#1136,#1137,#1138,#1139));
#6225=EDGE_LOOP('',(#1140,#1141,#1142,#1143));
#6226=EDGE_LOOP('',(#1144,#1145,#1146,#1147,#1148));
#6227=EDGE_LOOP('',(#1149,#1150,#1151,#1152));
#6228=EDGE_LOOP('',(#1153,#1154,#1155,#1156,#1157));
#6229=EDGE_LOOP('',(#1158,#1159,#1160,#1161));
#6230=EDGE_LOOP('',(#1162,#1163,#1164,#1165,#1166));
#6231=EDGE_LOOP('',(#1167,#1168,#1169,#1170));
#6232=EDGE_LOOP('',(#1171,#1172,#1173,#1174,#1175));
#6233=EDGE_LOOP('',(#1176,#1177,#1178,#1179));
#6234=EDGE_LOOP('',(#1180,#1181,#1182,#1183,#1184));
#6235=EDGE_LOOP('',(#1185,#1186,#1187,#1188));
#6236=EDGE_LOOP('',(#1189,#1190,#1191,#1192,#1193));
#6237=EDGE_LOOP('',(#1194,#1195,#1196,#1197));
#6238=EDGE_LOOP('',(#1198,#1199,#1200,#1201,#1202));
#6239=EDGE_LOOP('',(#1203,#1204,#1205,#1206));
#6240=EDGE_LOOP('',(#1207,#1208,#1209,#1210,#1211));
#6241=EDGE_LOOP('',(#1212,#1213,#1214,#1215));
#6242=EDGE_LOOP('',(#1216,#1217,#1218,#1219));
#6243=EDGE_LOOP('',(#1220,#1221,#1222,#1223,#1224));
#6244=EDGE_LOOP('',(#1225,#1226,#1227,#1228));
#6245=EDGE_LOOP('',(#1229,#1230,#1231,#1232,#1233));
#6246=EDGE_LOOP('',(#1234,#1235,#1236,#1237,#1238,#1239));
#6247=EDGE_LOOP('',(#1240,#1241,#1242,#1243,#1244,#1245));
#6248=EDGE_LOOP('',(#1246,#1247,#1248,#1249));
#6249=EDGE_LOOP('',(#1250,#1251,#1252,#1253));
#6250=EDGE_LOOP('',(#1254,#1255,#1256,#1257));
#6251=EDGE_LOOP('',(#1258,#1259,#1260,#1261));
#6252=EDGE_LOOP('',(#1262,#1263,#1264,#1265));
#6253=EDGE_LOOP('',(#1266,#1267,#1268,#1269));
#6254=EDGE_LOOP('',(#1270,#1271,#1272,#1273));
#6255=EDGE_LOOP('',(#1274,#1275,#1276,#1277));
#6256=EDGE_LOOP('',(#1278,#1279,#1280,#1281));
#6257=EDGE_LOOP('',(#1282,#1283,#1284,#1285));
#6258=EDGE_LOOP('',(#1286,#1287,#1288,#1289,#1290,#1291,#1292,#1293,#1294,
#1295,#1296,#1297,#1298,#1299,#1300,#1301,#1302,#1303,#1304,#1305,#1306,
#1307,#1308,#1309));
#6259=EDGE_LOOP('',(#1310,#1311,#1312,#1313));
#6260=EDGE_LOOP('',(#1314,#1315,#1316,#1317));
#6261=EDGE_LOOP('',(#1318,#1319,#1320,#1321));
#6262=EDGE_LOOP('',(#1322,#1323,#1324,#1325));
#6263=EDGE_LOOP('',(#1326,#1327,#1328,#1329));
#6264=EDGE_LOOP('',(#1330,#1331,#1332,#1333));
#6265=EDGE_LOOP('',(#1334,#1335,#1336,#1337));
#6266=EDGE_LOOP('',(#1338,#1339,#1340,#1341));
#6267=EDGE_LOOP('',(#1342,#1343,#1344,#1345));
#6268=EDGE_LOOP('',(#1346,#1347,#1348,#1349));
#6269=EDGE_LOOP('',(#1350,#1351,#1352,#1353));
#6270=EDGE_LOOP('',(#1354,#1355,#1356,#1357));
#6271=EDGE_LOOP('',(#1358,#1359,#1360,#1361));
#6272=EDGE_LOOP('',(#1362,#1363,#1364,#1365));
#6273=EDGE_LOOP('',(#1366,#1367,#1368,#1369));
#6274=EDGE_LOOP('',(#1370,#1371,#1372,#1373));
#6275=EDGE_LOOP('',(#1374,#1375,#1376,#1377));
#6276=EDGE_LOOP('',(#1378,#1379,#1380,#1381));
#6277=EDGE_LOOP('',(#1382,#1383,#1384,#1385));
#6278=EDGE_LOOP('',(#1386,#1387,#1388,#1389));
#6279=EDGE_LOOP('',(#1390,#1391,#1392,#1393));
#6280=EDGE_LOOP('',(#1394,#1395,#1396,#1397));
#6281=EDGE_LOOP('',(#1398,#1399,#1400,#1401));
#6282=EDGE_LOOP('',(#1402,#1403,#1404,#1405));
#6283=EDGE_LOOP('',(#1406,#1407,#1408,#1409));
#6284=EDGE_LOOP('',(#1410,#1411,#1412,#1413));
#6285=EDGE_LOOP('',(#1414,#1415,#1416,#1417));
#6286=EDGE_LOOP('',(#1418,#1419,#1420,#1421));
#6287=EDGE_LOOP('',(#1422,#1423,#1424,#1425));
#6288=EDGE_LOOP('',(#1426,#1427,#1428,#1429));
#6289=EDGE_LOOP('',(#1430,#1431,#1432,#1433));
#6290=EDGE_LOOP('',(#1434,#1435,#1436,#1437));
#6291=EDGE_LOOP('',(#1438,#1439,#1440,#1441));
#6292=EDGE_LOOP('',(#1442,#1443,#1444,#1445));
#6293=EDGE_LOOP('',(#1446,#1447,#1448,#1449));
#6294=EDGE_LOOP('',(#1450,#1451,#1452,#1453,#1454,#1455,#1456,#1457,#1458,
#1459,#1460,#1461,#1462,#1463,#1464,#1465,#1466,#1467,#1468,#1469,#1470,
#1471,#1472,#1473,#1474,#1475,#1476,#1477,#1478,#1479,#1480,#1481,#1482,
#1483,#1484,#1485,#1486,#1487,#1488,#1489,#1490,#1491,#1492,#1493,#1494,
#1495,#1496,#1497,#1498,#1499,#1500,#1501,#1502,#1503,#1504,#1505,#1506,
#1507,#1508,#1509,#1510,#1511,#1512,#1513));
#6295=EDGE_LOOP('',(#1514,#1515,#1516,#1517));
#6296=EDGE_LOOP('',(#1518,#1519,#1520,#1521));
#6297=EDGE_LOOP('',(#1522,#1523,#1524,#1525));
#6298=EDGE_LOOP('',(#1526,#1527,#1528,#1529));
#6299=EDGE_LOOP('',(#1530,#1531,#1532,#1533));
#6300=EDGE_LOOP('',(#1534,#1535,#1536,#1537));
#6301=EDGE_LOOP('',(#1538,#1539,#1540,#1541));
#6302=EDGE_LOOP('',(#1542,#1543,#1544,#1545));
#6303=EDGE_LOOP('',(#1546,#1547,#1548,#1549));
#6304=EDGE_LOOP('',(#1550,#1551,#1552,#1553));
#6305=EDGE_LOOP('',(#1554,#1555,#1556,#1557));
#6306=EDGE_LOOP('',(#1558,#1559,#1560,#1561));
#6307=EDGE_LOOP('',(#1562,#1563,#1564,#1565));
#6308=EDGE_LOOP('',(#1566,#1567,#1568,#1569));
#6309=EDGE_LOOP('',(#1570,#1571,#1572,#1573));
#6310=EDGE_LOOP('',(#1574,#1575,#1576,#1577));
#6311=EDGE_LOOP('',(#1578,#1579,#1580,#1581));
#6312=EDGE_LOOP('',(#1582,#1583,#1584,#1585));
#6313=EDGE_LOOP('',(#1586,#1587,#1588,#1589));
#6314=EDGE_LOOP('',(#1590,#1591,#1592,#1593));
#6315=EDGE_LOOP('',(#1594,#1595,#1596,#1597));
#6316=EDGE_LOOP('',(#1598,#1599,#1600,#1601));
#6317=EDGE_LOOP('',(#1602,#1603,#1604,#1605));
#6318=EDGE_LOOP('',(#1606,#1607,#1608,#1609));
#6319=EDGE_LOOP('',(#1610,#1611,#1612,#1613));
#6320=EDGE_LOOP('',(#1614,#1615,#1616,#1617));
#6321=EDGE_LOOP('',(#1618,#1619,#1620,#1621));
#6322=EDGE_LOOP('',(#1622,#1623,#1624,#1625));
#6323=EDGE_LOOP('',(#1626,#1627,#1628,#1629));
#6324=EDGE_LOOP('',(#1630,#1631,#1632,#1633));
#6325=EDGE_LOOP('',(#1634,#1635,#1636,#1637));
#6326=EDGE_LOOP('',(#1638,#1639,#1640,#1641));
#6327=EDGE_LOOP('',(#1642,#1643,#1644,#1645));
#6328=EDGE_LOOP('',(#1646,#1647,#1648,#1649));
#6329=EDGE_LOOP('',(#1650,#1651,#1652,#1653));
#6330=EDGE_LOOP('',(#1654,#1655,#1656,#1657));
#6331=EDGE_LOOP('',(#1658,#1659,#1660,#1661));
#6332=EDGE_LOOP('',(#1662,#1663,#1664,#1665));
#6333=EDGE_LOOP('',(#1666,#1667,#1668,#1669));
#6334=EDGE_LOOP('',(#1670,#1671,#1672,#1673));
#6335=EDGE_LOOP('',(#1674,#1675,#1676,#1677));
#6336=EDGE_LOOP('',(#1678,#1679,#1680,#1681));
#6337=EDGE_LOOP('',(#1682,#1683,#1684,#1685));
#6338=EDGE_LOOP('',(#1686,#1687,#1688,#1689));
#6339=EDGE_LOOP('',(#1690,#1691,#1692,#1693));
#6340=EDGE_LOOP('',(#1694,#1695,#1696,#1697));
#6341=EDGE_LOOP('',(#1698,#1699,#1700,#1701));
#6342=EDGE_LOOP('',(#1702,#1703,#1704,#1705));
#6343=EDGE_LOOP('',(#1706,#1707,#1708,#1709));
#6344=EDGE_LOOP('',(#1710,#1711,#1712,#1713));
#6345=EDGE_LOOP('',(#1714,#1715,#1716,#1717,#1718,#1719,#1720,#1721,#1722,
#1723,#1724,#1725,#1726,#1727,#1728,#1729,#1730,#1731,#1732,#1733,#1734,
#1735,#1736,#1737,#1738,#1739,#1740,#1741,#1742,#1743,#1744,#1745,#1746,
#1747,#1748,#1749,#1750,#1751,#1752,#1753,#1754,#1755,#1756,#1757));
#6346=EDGE_LOOP('',(#1758,#1759,#1760,#1761));
#6347=EDGE_LOOP('',(#1762,#1763,#1764,#1765));
#6348=EDGE_LOOP('',(#1766,#1767,#1768,#1769));
#6349=EDGE_LOOP('',(#1770,#1771,#1772,#1773));
#6350=EDGE_LOOP('',(#1774,#1775,#1776,#1777));
#6351=EDGE_LOOP('',(#1778,#1779,#1780,#1781));
#6352=EDGE_LOOP('',(#1782,#1783,#1784,#1785));
#6353=EDGE_LOOP('',(#1786,#1787,#1788,#1789));
#6354=EDGE_LOOP('',(#1790,#1791,#1792,#1793));
#6355=EDGE_LOOP('',(#1794,#1795,#1796,#1797));
#6356=EDGE_LOOP('',(#1798,#1799,#1800,#1801));
#6357=EDGE_LOOP('',(#1802,#1803,#1804,#1805));
#6358=EDGE_LOOP('',(#1806,#1807,#1808,#1809,#1810,#1811));
#6359=EDGE_LOOP('',(#1812,#1813,#1814,#1815));
#6360=EDGE_LOOP('',(#1816,#1817,#1818,#1819,#1820,#1821));
#6361=EDGE_LOOP('',(#1822,#1823,#1824,#1825,#1826,#1827));
#6362=EDGE_LOOP('',(#1828,#1829,#1830,#1831,#1832,#1833));
#6363=EDGE_LOOP('',(#1834,#1835,#1836,#1837));
#6364=EDGE_LOOP('',(#1838,#1839,#1840,#1841,#1842,#1843));
#6365=EDGE_LOOP('',(#1844,#1845,#1846,#1847,#1848,#1849));
#6366=EDGE_LOOP('',(#1850,#1851,#1852,#1853));
#6367=EDGE_LOOP('',(#1854,#1855,#1856,#1857,#1858,#1859));
#6368=EDGE_LOOP('',(#1860,#1861,#1862,#1863,#1864,#1865));
#6369=EDGE_LOOP('',(#1866,#1867,#1868,#1869));
#6370=EDGE_LOOP('',(#1870,#1871,#1872,#1873,#1874,#1875));
#6371=EDGE_LOOP('',(#1876,#1877,#1878,#1879,#1880,#1881));
#6372=EDGE_LOOP('',(#1882,#1883,#1884,#1885));
#6373=EDGE_LOOP('',(#1886,#1887,#1888,#1889,#1890,#1891));
#6374=EDGE_LOOP('',(#1892,#1893,#1894,#1895,#1896,#1897));
#6375=EDGE_LOOP('',(#1898,#1899,#1900,#1901));
#6376=EDGE_LOOP('',(#1902,#1903,#1904,#1905,#1906,#1907));
#6377=EDGE_LOOP('',(#1908,#1909,#1910,#1911,#1912,#1913));
#6378=EDGE_LOOP('',(#1914,#1915,#1916,#1917));
#6379=EDGE_LOOP('',(#1918,#1919,#1920,#1921,#1922,#1923));
#6380=EDGE_LOOP('',(#1924,#1925,#1926,#1927,#1928,#1929));
#6381=EDGE_LOOP('',(#1930,#1931,#1932,#1933));
#6382=EDGE_LOOP('',(#1934,#1935,#1936,#1937,#1938,#1939));
#6383=EDGE_LOOP('',(#1940,#1941,#1942,#1943,#1944,#1945));
#6384=EDGE_LOOP('',(#1946,#1947,#1948,#1949));
#6385=EDGE_LOOP('',(#1950,#1951,#1952,#1953));
#6386=EDGE_LOOP('',(#1954,#1955,#1956,#1957,#1958,#1959));
#6387=EDGE_LOOP('',(#1960,#1961,#1962,#1963,#1964,#1965));
#6388=EDGE_LOOP('',(#1966,#1967,#1968,#1969,#1970,#1971,#1972,#1973,#1974,
#1975));
#6389=EDGE_LOOP('',(#1976,#1977,#1978,#1979,#1980,#1981,#1982,#1983,#1984,
#1985));
#6390=EDGE_LOOP('',(#1986,#1987,#1988,#1989,#1990,#1991,#1992,#1993,#1994,
#1995));
#6391=EDGE_LOOP('',(#1996,#1997,#1998,#1999,#2000,#2001,#2002,#2003,#2004,
#2005));
#6392=EDGE_LOOP('',(#2006,#2007,#2008,#2009,#2010,#2011,#2012,#2013,#2014,
#2015));
#6393=EDGE_LOOP('',(#2016,#2017,#2018,#2019,#2020,#2021,#2022,#2023,#2024,
#2025));
#6394=EDGE_LOOP('',(#2026,#2027,#2028,#2029,#2030,#2031,#2032,#2033,#2034,
#2035));
#6395=EDGE_LOOP('',(#2036,#2037,#2038,#2039,#2040,#2041,#2042,#2043,#2044,
#2045));
#6396=EDGE_LOOP('',(#2046,#2047,#2048,#2049,#2050,#2051,#2052,#2053,#2054,
#2055));
#6397=EDGE_LOOP('',(#2056,#2057,#2058,#2059,#2060,#2061,#2062,#2063,#2064,
#2065,#2066,#2067,#2068,#2069,#2070,#2071,#2072,#2073,#2074,#2075,#2076,
#2077,#2078,#2079,#2080,#2081,#2082,#2083,#2084,#2085,#2086,#2087,#2088,
#2089,#2090,#2091,#2092,#2093,#2094,#2095,#2096,#2097,#2098,#2099));
#6398=EDGE_LOOP('',(#2100,#2101,#2102,#2103,#2104,#2105,#2106,#2107,#2108,
#2109));
#6399=EDGE_LOOP('',(#2110,#2111,#2112,#2113));
#6400=EDGE_LOOP('',(#2114,#2115,#2116,#2117,#2118,#2119,#2120,#2121,#2122,
#2123));
#6401=EDGE_LOOP('',(#2124,#2125,#2126,#2127,#2128,#2129,#2130,#2131,#2132,
#2133));
#6402=EDGE_LOOP('',(#2134,#2135,#2136,#2137));
#6403=EDGE_LOOP('',(#2138,#2139,#2140,#2141,#2142,#2143,#2144,#2145,#2146,
#2147));
#6404=EDGE_LOOP('',(#2148,#2149,#2150,#2151,#2152,#2153,#2154,#2155,#2156,
#2157));
#6405=EDGE_LOOP('',(#2158,#2159,#2160,#2161));
#6406=EDGE_LOOP('',(#2162,#2163,#2164,#2165,#2166,#2167,#2168,#2169,#2170,
#2171));
#6407=EDGE_LOOP('',(#2172,#2173,#2174,#2175,#2176,#2177,#2178,#2179,#2180,
#2181));
#6408=EDGE_LOOP('',(#2182,#2183,#2184,#2185));
#6409=EDGE_LOOP('',(#2186,#2187,#2188,#2189,#2190,#2191,#2192,#2193,#2194,
#2195));
#6410=EDGE_LOOP('',(#2196,#2197,#2198,#2199,#2200,#2201,#2202,#2203,#2204,
#2205));
#6411=EDGE_LOOP('',(#2206,#2207,#2208,#2209));
#6412=EDGE_LOOP('',(#2210,#2211,#2212,#2213,#2214,#2215,#2216,#2217,#2218,
#2219));
#6413=EDGE_LOOP('',(#2220,#2221,#2222,#2223,#2224,#2225,#2226,#2227,#2228,
#2229));
#6414=FACE_BOUND('',#6051,.T.);
#6415=FACE_BOUND('',#6052,.T.);
#6416=FACE_BOUND('',#6053,.T.);
#6417=FACE_BOUND('',#6054,.T.);
#6418=FACE_BOUND('',#6055,.T.);
#6419=FACE_BOUND('',#6056,.T.);
#6420=FACE_BOUND('',#6057,.T.);
#6421=FACE_BOUND('',#6058,.T.);
#6422=FACE_BOUND('',#6059,.T.);
#6423=FACE_BOUND('',#6060,.T.);
#6424=FACE_BOUND('',#6061,.T.);
#6425=FACE_BOUND('',#6062,.T.);
#6426=FACE_BOUND('',#6063,.T.);
#6427=FACE_BOUND('',#6064,.T.);
#6428=FACE_BOUND('',#6065,.T.);
#6429=FACE_BOUND('',#6066,.T.);
#6430=FACE_BOUND('',#6067,.T.);
#6431=FACE_BOUND('',#6068,.T.);
#6432=FACE_BOUND('',#6069,.T.);
#6433=FACE_BOUND('',#6070,.T.);
#6434=FACE_BOUND('',#6071,.T.);
#6435=FACE_BOUND('',#6072,.T.);
#6436=FACE_BOUND('',#6073,.T.);
#6437=FACE_BOUND('',#6074,.T.);
#6438=FACE_BOUND('',#6075,.T.);
#6439=FACE_BOUND('',#6076,.T.);
#6440=FACE_BOUND('',#6077,.T.);
#6441=FACE_BOUND('',#6078,.T.);
#6442=FACE_BOUND('',#6079,.T.);
#6443=FACE_BOUND('',#6080,.T.);
#6444=FACE_BOUND('',#6081,.T.);
#6445=FACE_BOUND('',#6082,.T.);
#6446=FACE_BOUND('',#6083,.T.);
#6447=FACE_BOUND('',#6084,.T.);
#6448=FACE_BOUND('',#6085,.T.);
#6449=FACE_BOUND('',#6086,.T.);
#6450=FACE_BOUND('',#6087,.T.);
#6451=FACE_BOUND('',#6088,.T.);
#6452=FACE_BOUND('',#6089,.T.);
#6453=FACE_BOUND('',#6090,.T.);
#6454=FACE_BOUND('',#6091,.T.);
#6455=FACE_BOUND('',#6092,.T.);
#6456=FACE_BOUND('',#6093,.T.);
#6457=FACE_BOUND('',#6094,.T.);
#6458=FACE_BOUND('',#6095,.T.);
#6459=FACE_BOUND('',#6096,.T.);
#6460=FACE_BOUND('',#6097,.T.);
#6461=FACE_BOUND('',#6098,.T.);
#6462=FACE_BOUND('',#6099,.T.);
#6463=FACE_BOUND('',#6100,.T.);
#6464=FACE_BOUND('',#6101,.T.);
#6465=FACE_BOUND('',#6102,.T.);
#6466=FACE_BOUND('',#6103,.T.);
#6467=FACE_BOUND('',#6104,.T.);
#6468=FACE_BOUND('',#6105,.T.);
#6469=FACE_BOUND('',#6106,.T.);
#6470=FACE_BOUND('',#6107,.T.);
#6471=FACE_BOUND('',#6108,.T.);
#6472=FACE_BOUND('',#6109,.T.);
#6473=FACE_BOUND('',#6110,.T.);
#6474=FACE_BOUND('',#6111,.T.);
#6475=FACE_BOUND('',#6112,.T.);
#6476=FACE_BOUND('',#6113,.T.);
#6477=FACE_BOUND('',#6114,.T.);
#6478=FACE_BOUND('',#6115,.T.);
#6479=FACE_BOUND('',#6116,.T.);
#6480=FACE_BOUND('',#6117,.T.);
#6481=FACE_BOUND('',#6118,.T.);
#6482=FACE_BOUND('',#6119,.T.);
#6483=FACE_BOUND('',#6120,.T.);
#6484=FACE_BOUND('',#6121,.T.);
#6485=FACE_BOUND('',#6122,.T.);
#6486=FACE_BOUND('',#6123,.T.);
#6487=FACE_BOUND('',#6124,.T.);
#6488=FACE_BOUND('',#6125,.T.);
#6489=FACE_BOUND('',#6126,.T.);
#6490=FACE_BOUND('',#6127,.T.);
#6491=FACE_BOUND('',#6128,.T.);
#6492=FACE_BOUND('',#6129,.T.);
#6493=FACE_BOUND('',#6130,.T.);
#6494=FACE_BOUND('',#6131,.T.);
#6495=FACE_BOUND('',#6132,.T.);
#6496=FACE_BOUND('',#6133,.T.);
#6497=FACE_BOUND('',#6134,.T.);
#6498=FACE_BOUND('',#6135,.T.);
#6499=FACE_BOUND('',#6136,.T.);
#6500=FACE_BOUND('',#6137,.T.);
#6501=FACE_BOUND('',#6138,.T.);
#6502=FACE_BOUND('',#6139,.T.);
#6503=FACE_BOUND('',#6140,.T.);
#6504=FACE_BOUND('',#6141,.T.);
#6505=FACE_BOUND('',#6142,.T.);
#6506=FACE_BOUND('',#6143,.T.);
#6507=FACE_BOUND('',#6144,.T.);
#6508=FACE_BOUND('',#6145,.T.);
#6509=FACE_BOUND('',#6146,.T.);
#6510=FACE_BOUND('',#6147,.T.);
#6511=FACE_BOUND('',#6148,.T.);
#6512=FACE_BOUND('',#6149,.T.);
#6513=FACE_BOUND('',#6150,.T.);
#6514=FACE_BOUND('',#6151,.T.);
#6515=FACE_BOUND('',#6152,.T.);
#6516=FACE_BOUND('',#6153,.T.);
#6517=FACE_BOUND('',#6154,.T.);
#6518=FACE_BOUND('',#6155,.T.);
#6519=FACE_BOUND('',#6156,.T.);
#6520=FACE_BOUND('',#6157,.T.);
#6521=FACE_BOUND('',#6158,.T.);
#6522=FACE_BOUND('',#6159,.T.);
#6523=FACE_BOUND('',#6160,.T.);
#6524=FACE_BOUND('',#6161,.T.);
#6525=FACE_BOUND('',#6162,.T.);
#6526=FACE_BOUND('',#6163,.T.);
#6527=FACE_BOUND('',#6164,.T.);
#6528=FACE_BOUND('',#6165,.T.);
#6529=FACE_BOUND('',#6166,.T.);
#6530=FACE_BOUND('',#6167,.T.);
#6531=FACE_BOUND('',#6168,.T.);
#6532=FACE_BOUND('',#6169,.T.);
#6533=FACE_BOUND('',#6170,.T.);
#6534=FACE_BOUND('',#6171,.T.);
#6535=FACE_BOUND('',#6172,.T.);
#6536=FACE_BOUND('',#6173,.T.);
#6537=FACE_BOUND('',#6174,.T.);
#6538=FACE_BOUND('',#6175,.T.);
#6539=FACE_BOUND('',#6176,.T.);
#6540=FACE_BOUND('',#6177,.T.);
#6541=FACE_BOUND('',#6178,.T.);
#6542=FACE_BOUND('',#6179,.T.);
#6543=FACE_BOUND('',#6180,.T.);
#6544=FACE_BOUND('',#6181,.T.);
#6545=FACE_BOUND('',#6182,.T.);
#6546=FACE_BOUND('',#6183,.T.);
#6547=FACE_BOUND('',#6184,.T.);
#6548=FACE_BOUND('',#6185,.T.);
#6549=FACE_BOUND('',#6186,.T.);
#6550=FACE_BOUND('',#6187,.T.);
#6551=FACE_BOUND('',#6188,.T.);
#6552=FACE_BOUND('',#6189,.T.);
#6553=FACE_BOUND('',#6190,.T.);
#6554=FACE_BOUND('',#6191,.T.);
#6555=FACE_BOUND('',#6192,.T.);
#6556=FACE_BOUND('',#6193,.T.);
#6557=FACE_BOUND('',#6194,.T.);
#6558=FACE_BOUND('',#6195,.T.);
#6559=FACE_BOUND('',#6196,.T.);
#6560=FACE_BOUND('',#6197,.T.);
#6561=FACE_BOUND('',#6198,.T.);
#6562=FACE_BOUND('',#6199,.T.);
#6563=FACE_BOUND('',#6200,.T.);
#6564=FACE_BOUND('',#6201,.T.);
#6565=FACE_BOUND('',#6202,.T.);
#6566=FACE_BOUND('',#6203,.T.);
#6567=FACE_BOUND('',#6204,.T.);
#6568=FACE_BOUND('',#6205,.T.);
#6569=FACE_BOUND('',#6206,.T.);
#6570=FACE_BOUND('',#6207,.T.);
#6571=FACE_BOUND('',#6208,.T.);
#6572=FACE_BOUND('',#6209,.T.);
#6573=FACE_BOUND('',#6210,.T.);
#6574=FACE_BOUND('',#6211,.T.);
#6575=FACE_BOUND('',#6212,.T.);
#6576=FACE_BOUND('',#6213,.T.);
#6577=FACE_BOUND('',#6214,.T.);
#6578=FACE_BOUND('',#6215,.T.);
#6579=FACE_BOUND('',#6216,.T.);
#6580=FACE_BOUND('',#6217,.T.);
#6581=FACE_BOUND('',#6218,.T.);
#6582=FACE_BOUND('',#6219,.T.);
#6583=FACE_BOUND('',#6220,.T.);
#6584=FACE_BOUND('',#6221,.T.);
#6585=FACE_BOUND('',#6222,.T.);
#6586=FACE_BOUND('',#6223,.T.);
#6587=FACE_BOUND('',#6224,.T.);
#6588=FACE_BOUND('',#6225,.T.);
#6589=FACE_BOUND('',#6226,.T.);
#6590=FACE_BOUND('',#6227,.T.);
#6591=FACE_BOUND('',#6228,.T.);
#6592=FACE_BOUND('',#6229,.T.);
#6593=FACE_BOUND('',#6230,.T.);
#6594=FACE_BOUND('',#6231,.T.);
#6595=FACE_BOUND('',#6232,.T.);
#6596=FACE_BOUND('',#6233,.T.);
#6597=FACE_BOUND('',#6234,.T.);
#6598=FACE_BOUND('',#6235,.T.);
#6599=FACE_BOUND('',#6236,.T.);
#6600=FACE_BOUND('',#6237,.T.);
#6601=FACE_BOUND('',#6238,.T.);
#6602=FACE_BOUND('',#6239,.T.);
#6603=FACE_BOUND('',#6240,.T.);
#6604=FACE_BOUND('',#6241,.T.);
#6605=FACE_BOUND('',#6242,.T.);
#6606=FACE_BOUND('',#6243,.T.);
#6607=FACE_BOUND('',#6244,.T.);
#6608=FACE_BOUND('',#6245,.T.);
#6609=FACE_BOUND('',#6246,.T.);
#6610=FACE_BOUND('',#6247,.T.);
#6611=FACE_BOUND('',#6248,.T.);
#6612=FACE_BOUND('',#6249,.T.);
#6613=FACE_BOUND('',#6250,.T.);
#6614=FACE_BOUND('',#6251,.T.);
#6615=FACE_BOUND('',#6252,.T.);
#6616=FACE_BOUND('',#6253,.T.);
#6617=FACE_BOUND('',#6254,.T.);
#6618=FACE_BOUND('',#6255,.T.);
#6619=FACE_BOUND('',#6256,.T.);
#6620=FACE_BOUND('',#6257,.T.);
#6621=FACE_BOUND('',#6258,.T.);
#6622=FACE_BOUND('',#6259,.T.);
#6623=FACE_BOUND('',#6260,.T.);
#6624=FACE_BOUND('',#6261,.T.);
#6625=FACE_BOUND('',#6262,.T.);
#6626=FACE_BOUND('',#6263,.T.);
#6627=FACE_BOUND('',#6264,.T.);
#6628=FACE_BOUND('',#6265,.T.);
#6629=FACE_BOUND('',#6266,.T.);
#6630=FACE_BOUND('',#6267,.T.);
#6631=FACE_BOUND('',#6268,.T.);
#6632=FACE_BOUND('',#6269,.T.);
#6633=FACE_BOUND('',#6270,.T.);
#6634=FACE_BOUND('',#6271,.T.);
#6635=FACE_BOUND('',#6272,.T.);
#6636=FACE_BOUND('',#6273,.T.);
#6637=FACE_BOUND('',#6274,.T.);
#6638=FACE_BOUND('',#6275,.T.);
#6639=FACE_BOUND('',#6276,.T.);
#6640=FACE_BOUND('',#6277,.T.);
#6641=FACE_BOUND('',#6278,.T.);
#6642=FACE_BOUND('',#6279,.T.);
#6643=FACE_BOUND('',#6280,.T.);
#6644=FACE_BOUND('',#6281,.T.);
#6645=FACE_BOUND('',#6282,.T.);
#6646=FACE_BOUND('',#6283,.T.);
#6647=FACE_BOUND('',#6284,.T.);
#6648=FACE_BOUND('',#6285,.T.);
#6649=FACE_BOUND('',#6286,.T.);
#6650=FACE_BOUND('',#6287,.T.);
#6651=FACE_BOUND('',#6288,.T.);
#6652=FACE_BOUND('',#6289,.T.);
#6653=FACE_BOUND('',#6290,.T.);
#6654=FACE_BOUND('',#6291,.T.);
#6655=FACE_BOUND('',#6292,.T.);
#6656=FACE_BOUND('',#6293,.T.);
#6657=FACE_BOUND('',#6294,.T.);
#6658=FACE_BOUND('',#6295,.T.);
#6659=FACE_BOUND('',#6296,.T.);
#6660=FACE_BOUND('',#6297,.T.);
#6661=FACE_BOUND('',#6298,.T.);
#6662=FACE_BOUND('',#6299,.T.);
#6663=FACE_BOUND('',#6300,.T.);
#6664=FACE_BOUND('',#6301,.T.);
#6665=FACE_BOUND('',#6302,.T.);
#6666=FACE_BOUND('',#6303,.T.);
#6667=FACE_BOUND('',#6304,.T.);
#6668=FACE_BOUND('',#6305,.T.);
#6669=FACE_BOUND('',#6306,.T.);
#6670=FACE_BOUND('',#6307,.T.);
#6671=FACE_BOUND('',#6308,.T.);
#6672=FACE_BOUND('',#6309,.T.);
#6673=FACE_BOUND('',#6310,.T.);
#6674=FACE_BOUND('',#6311,.T.);
#6675=FACE_BOUND('',#6312,.T.);
#6676=FACE_BOUND('',#6313,.T.);
#6677=FACE_BOUND('',#6314,.T.);
#6678=FACE_BOUND('',#6315,.T.);
#6679=FACE_BOUND('',#6316,.T.);
#6680=FACE_BOUND('',#6317,.T.);
#6681=FACE_BOUND('',#6318,.T.);
#6682=FACE_BOUND('',#6319,.T.);
#6683=FACE_BOUND('',#6320,.T.);
#6684=FACE_BOUND('',#6321,.T.);
#6685=FACE_BOUND('',#6322,.T.);
#6686=FACE_BOUND('',#6323,.T.);
#6687=FACE_BOUND('',#6324,.T.);
#6688=FACE_BOUND('',#6325,.T.);
#6689=FACE_BOUND('',#6326,.T.);
#6690=FACE_BOUND('',#6327,.T.);
#6691=FACE_BOUND('',#6328,.T.);
#6692=FACE_BOUND('',#6329,.T.);
#6693=FACE_BOUND('',#6330,.T.);
#6694=FACE_BOUND('',#6331,.T.);
#6695=FACE_BOUND('',#6332,.T.);
#6696=FACE_BOUND('',#6333,.T.);
#6697=FACE_BOUND('',#6334,.T.);
#6698=FACE_BOUND('',#6335,.T.);
#6699=FACE_BOUND('',#6336,.T.);
#6700=FACE_BOUND('',#6337,.T.);
#6701=FACE_BOUND('',#6338,.T.);
#6702=FACE_BOUND('',#6339,.T.);
#6703=FACE_BOUND('',#6340,.T.);
#6704=FACE_BOUND('',#6341,.T.);
#6705=FACE_BOUND('',#6342,.T.);
#6706=FACE_BOUND('',#6343,.T.);
#6707=FACE_BOUND('',#6344,.T.);
#6708=FACE_BOUND('',#6345,.T.);
#6709=FACE_BOUND('',#6346,.T.);
#6710=FACE_BOUND('',#6347,.T.);
#6711=FACE_BOUND('',#6348,.T.);
#6712=FACE_BOUND('',#6349,.T.);
#6713=FACE_BOUND('',#6350,.T.);
#6714=FACE_BOUND('',#6351,.T.);
#6715=FACE_BOUND('',#6352,.T.);
#6716=FACE_BOUND('',#6353,.T.);
#6717=FACE_BOUND('',#6354,.T.);
#6718=FACE_BOUND('',#6355,.T.);
#6719=FACE_BOUND('',#6356,.T.);
#6720=FACE_BOUND('',#6357,.T.);
#6721=FACE_BOUND('',#6358,.T.);
#6722=FACE_BOUND('',#6359,.T.);
#6723=FACE_BOUND('',#6360,.T.);
#6724=FACE_BOUND('',#6361,.T.);
#6725=FACE_BOUND('',#6362,.T.);
#6726=FACE_BOUND('',#6363,.T.);
#6727=FACE_BOUND('',#6364,.T.);
#6728=FACE_BOUND('',#6365,.T.);
#6729=FACE_BOUND('',#6366,.T.);
#6730=FACE_BOUND('',#6367,.T.);
#6731=FACE_BOUND('',#6368,.T.);
#6732=FACE_BOUND('',#6369,.T.);
#6733=FACE_BOUND('',#6370,.T.);
#6734=FACE_BOUND('',#6371,.T.);
#6735=FACE_BOUND('',#6372,.T.);
#6736=FACE_BOUND('',#6373,.T.);
#6737=FACE_BOUND('',#6374,.T.);
#6738=FACE_BOUND('',#6375,.T.);
#6739=FACE_BOUND('',#6376,.T.);
#6740=FACE_BOUND('',#6377,.T.);
#6741=FACE_BOUND('',#6378,.T.);
#6742=FACE_BOUND('',#6379,.T.);
#6743=FACE_BOUND('',#6380,.T.);
#6744=FACE_BOUND('',#6381,.T.);
#6745=FACE_BOUND('',#6382,.T.);
#6746=FACE_BOUND('',#6383,.T.);
#6747=FACE_BOUND('',#6384,.T.);
#6748=FACE_BOUND('',#6385,.T.);
#6749=FACE_BOUND('',#6386,.T.);
#6750=FACE_BOUND('',#6387,.T.);
#6751=FACE_BOUND('',#6388,.T.);
#6752=FACE_BOUND('',#6389,.T.);
#6753=FACE_BOUND('',#6390,.T.);
#6754=FACE_BOUND('',#6391,.T.);
#6755=FACE_BOUND('',#6392,.T.);
#6756=FACE_BOUND('',#6393,.T.);
#6757=FACE_BOUND('',#6394,.T.);
#6758=FACE_BOUND('',#6395,.T.);
#6759=FACE_BOUND('',#6396,.T.);
#6760=FACE_BOUND('',#6397,.T.);
#6761=FACE_BOUND('',#6398,.T.);
#6762=FACE_BOUND('',#6399,.T.);
#6763=FACE_BOUND('',#6400,.T.);
#6764=FACE_BOUND('',#6401,.T.);
#6765=FACE_BOUND('',#6402,.T.);
#6766=FACE_BOUND('',#6403,.T.);
#6767=FACE_BOUND('',#6404,.T.);
#6768=FACE_BOUND('',#6405,.T.);
#6769=FACE_BOUND('',#6406,.T.);
#6770=FACE_BOUND('',#6407,.T.);
#6771=FACE_BOUND('',#6408,.T.);
#6772=FACE_BOUND('',#6409,.T.);
#6773=FACE_BOUND('',#6410,.T.);
#6774=FACE_BOUND('',#6411,.T.);
#6775=FACE_BOUND('',#6412,.T.);
#6776=FACE_BOUND('',#6413,.T.);
#6777=PLANE('',#8868);
#6778=PLANE('',#8869);
#6779=PLANE('',#8870);
#6780=PLANE('',#8871);
#6781=PLANE('',#8872);
#6782=PLANE('',#8873);
#6783=PLANE('',#8874);
#6784=PLANE('',#8875);
#6785=PLANE('',#8876);
#6786=PLANE('',#8877);
#6787=PLANE('',#8878);
#6788=PLANE('',#8879);
#6789=PLANE('',#8880);
#6790=PLANE('',#8881);
#6791=PLANE('',#8882);
#6792=PLANE('',#8883);
#6793=PLANE('',#8884);
#6794=PLANE('',#8885);
#6795=PLANE('',#8886);
#6796=PLANE('',#8887);
#6797=PLANE('',#8888);
#6798=PLANE('',#8889);
#6799=PLANE('',#8890);
#6800=PLANE('',#8891);
#6801=PLANE('',#8892);
#6802=PLANE('',#8893);
#6803=PLANE('',#8894);
#6804=PLANE('',#8895);
#6805=PLANE('',#8896);
#6806=PLANE('',#8897);
#6807=PLANE('',#8898);
#6808=PLANE('',#8899);
#6809=PLANE('',#8900);
#6810=PLANE('',#8901);
#6811=PLANE('',#8902);
#6812=PLANE('',#8903);
#6813=PLANE('',#8904);
#6814=PLANE('',#8905);
#6815=PLANE('',#8906);
#6816=PLANE('',#8907);
#6817=PLANE('',#8908);
#6818=PLANE('',#8909);
#6819=PLANE('',#8910);
#6820=PLANE('',#8911);
#6821=PLANE('',#8912);
#6822=PLANE('',#8913);
#6823=PLANE('',#8914);
#6824=PLANE('',#8915);
#6825=PLANE('',#8916);
#6826=PLANE('',#8917);
#6827=PLANE('',#8918);
#6828=PLANE('',#8919);
#6829=PLANE('',#8920);
#6830=PLANE('',#8921);
#6831=PLANE('',#8922);
#6832=PLANE('',#8923);
#6833=PLANE('',#8924);
#6834=PLANE('',#8925);
#6835=PLANE('',#8926);
#6836=PLANE('',#8928);
#6837=PLANE('',#8930);
#6838=PLANE('',#8931);
#6839=PLANE('',#8932);
#6840=PLANE('',#8937);
#6841=PLANE('',#8938);
#6842=PLANE('',#8939);
#6843=PLANE('',#8940);
#6844=PLANE('',#8941);
#6845=PLANE('',#8942);
#6846=PLANE('',#8943);
#6847=PLANE('',#8944);
#6848=PLANE('',#8945);
#6849=PLANE('',#8946);
#6850=PLANE('',#8947);
#6851=PLANE('',#8948);
#6852=PLANE('',#8949);
#6853=PLANE('',#8950);
#6854=PLANE('',#8951);
#6855=PLANE('',#8952);
#6856=PLANE('',#8953);
#6857=PLANE('',#8954);
#6858=PLANE('',#8955);
#6859=PLANE('',#8956);
#6860=PLANE('',#8957);
#6861=PLANE('',#8958);
#6862=PLANE('',#8959);
#6863=PLANE('',#8960);
#6864=PLANE('',#8961);
#6865=PLANE('',#8962);
#6866=PLANE('',#8963);
#6867=PLANE('',#8964);
#6868=PLANE('',#8965);
#6869=PLANE('',#8966);
#6870=PLANE('',#8967);
#6871=PLANE('',#8968);
#6872=PLANE('',#8969);
#6873=PLANE('',#8970);
#6874=PLANE('',#8971);
#6875=PLANE('',#8972);
#6876=PLANE('',#8973);
#6877=PLANE('',#8974);
#6878=PLANE('',#8975);
#6879=PLANE('',#8976);
#6880=PLANE('',#8977);
#6881=PLANE('',#8978);
#6882=PLANE('',#8979);
#6883=PLANE('',#8980);
#6884=PLANE('',#8981);
#6885=PLANE('',#8982);
#6886=PLANE('',#8983);
#6887=PLANE('',#8984);
#6888=PLANE('',#8985);
#6889=PLANE('',#8986);
#6890=PLANE('',#8987);
#6891=PLANE('',#8988);
#6892=PLANE('',#8989);
#6893=PLANE('',#8990);
#6894=PLANE('',#8991);
#6895=PLANE('',#8992);
#6896=PLANE('',#8993);
#6897=PLANE('',#8994);
#6898=PLANE('',#8995);
#6899=PLANE('',#8996);
#6900=PLANE('',#8997);
#6901=PLANE('',#8998);
#6902=PLANE('',#8999);
#6903=PLANE('',#9000);
#6904=PLANE('',#9001);
#6905=PLANE('',#9002);
#6906=PLANE('',#9003);
#6907=PLANE('',#9004);
#6908=PLANE('',#9005);
#6909=PLANE('',#9006);
#6910=PLANE('',#9007);
#6911=PLANE('',#9008);
#6912=PLANE('',#9009);
#6913=PLANE('',#9010);
#6914=PLANE('',#9011);
#6915=PLANE('',#9012);
#6916=PLANE('',#9013);
#6917=PLANE('',#9014);
#6918=PLANE('',#9015);
#6919=PLANE('',#9016);
#6920=PLANE('',#9017);
#6921=PLANE('',#9018);
#6922=PLANE('',#9019);
#6923=PLANE('',#9020);
#6924=PLANE('',#9021);
#6925=PLANE('',#9022);
#6926=PLANE('',#9023);
#6927=PLANE('',#9024);
#6928=PLANE('',#9025);
#6929=PLANE('',#9026);
#6930=PLANE('',#9027);
#6931=PLANE('',#9028);
#6932=PLANE('',#9029);
#6933=PLANE('',#9030);
#6934=PLANE('',#9031);
#6935=PLANE('',#9032);
#6936=PLANE('',#9033);
#6937=PLANE('',#9034);
#6938=PLANE('',#9035);
#6939=PLANE('',#9036);
#6940=PLANE('',#9037);
#6941=PLANE('',#9038);
#6942=PLANE('',#9039);
#6943=PLANE('',#9040);
#6944=PLANE('',#9041);
#6945=PLANE('',#9042);
#6946=PLANE('',#9043);
#6947=PLANE('',#9044);
#6948=PLANE('',#9045);
#6949=PLANE('',#9046);
#6950=PLANE('',#9047);
#6951=PLANE('',#9048);
#6952=PLANE('',#9049);
#6953=PLANE('',#9050);
#6954=PLANE('',#9051);
#6955=PLANE('',#9052);
#6956=PLANE('',#9053);
#6957=PLANE('',#9054);
#6958=PLANE('',#9055);
#6959=PLANE('',#9056);
#6960=PLANE('',#9057);
#6961=PLANE('',#9058);
#6962=PLANE('',#9059);
#6963=PLANE('',#9060);
#6964=PLANE('',#9061);
#6965=PLANE('',#9062);
#6966=PLANE('',#9063);
#6967=PLANE('',#9064);
#6968=PLANE('',#9065);
#6969=PLANE('',#9066);
#6970=PLANE('',#9068);
#6971=PLANE('',#9069);
#6972=PLANE('',#9070);
#6973=PLANE('',#9071);
#6974=PLANE('',#9072);
#6975=PLANE('',#9073);
#6976=PLANE('',#9074);
#6977=PLANE('',#9075);
#6978=PLANE('',#9076);
#6979=PLANE('',#9077);
#6980=PLANE('',#9078);
#6981=PLANE('',#9079);
#6982=PLANE('',#9080);
#6983=PLANE('',#9081);
#6984=PLANE('',#9082);
#6985=PLANE('',#9083);
#6986=PLANE('',#9084);
#6987=PLANE('',#9085);
#6988=PLANE('',#9086);
#6989=PLANE('',#9087);
#6990=PLANE('',#9088);
#6991=PLANE('',#9089);
#6992=PLANE('',#9090);
#6993=PLANE('',#9091);
#6994=PLANE('',#9092);
#6995=PLANE('',#9093);
#6996=PLANE('',#9094);
#6997=PLANE('',#9095);
#6998=PLANE('',#9111);
#6999=PLANE('',#9112);
#7000=PLANE('',#9113);
#7001=PLANE('',#9114);
#7002=PLANE('',#9115);
#7003=PLANE('',#9131);
#7004=PLANE('',#9132);
#7005=PLANE('',#9133);
#7006=PLANE('',#9134);
#7007=PLANE('',#9135);
#7008=PLANE('',#9136);
#7009=PLANE('',#9152);
#7010=PLANE('',#9153);
#7011=PLANE('',#9154);
#7012=PLANE('',#9155);
#7013=PLANE('',#9156);
#7014=PLANE('',#9172);
#7015=PLANE('',#9173);
#7016=PLANE('',#9174);
#7017=PLANE('',#9175);
#7018=PLANE('',#9176);
#7019=PLANE('',#9177);
#7020=PLANE('',#9178);
#7021=PLANE('',#9179);
#7022=PLANE('',#9180);
#7023=PLANE('',#9181);
#7024=PLANE('',#9182);
#7025=PLANE('',#9183);
#7026=PLANE('',#9184);
#7027=PLANE('',#9185);
#7028=PLANE('',#9186);
#7029=PLANE('',#9187);
#7030=PLANE('',#9188);
#7031=PLANE('',#9189);
#7032=PLANE('',#9190);
#7033=PLANE('',#9191);
#7034=PLANE('',#9192);
#7035=PLANE('',#9193);
#7036=PLANE('',#9194);
#7037=PLANE('',#9195);
#7038=PLANE('',#9196);
#7039=PLANE('',#9197);
#7040=PLANE('',#9198);
#7041=PLANE('',#9199);
#7042=PLANE('',#9200);
#7043=PLANE('',#9201);
#7044=PLANE('',#9202);
#7045=PLANE('',#9203);
#7046=PLANE('',#9204);
#7047=PLANE('',#9205);
#7048=PLANE('',#9206);
#7049=PLANE('',#9207);
#7050=PLANE('',#9208);
#7051=PLANE('',#9209);
#7052=PLANE('',#9210);
#7053=PLANE('',#9211);
#7054=PLANE('',#9212);
#7055=PLANE('',#9213);
#7056=PLANE('',#9214);
#7057=PLANE('',#9215);
#7058=PLANE('',#9216);
#7059=PLANE('',#9217);
#7060=PLANE('',#9218);
#7061=PLANE('',#9219);
#7062=PLANE('',#9220);
#7063=PLANE('',#9221);
#7064=PLANE('',#9222);
#7065=PLANE('',#9223);
#7066=PLANE('',#9224);
#7067=PLANE('',#9225);
#7068=PLANE('',#9226);
#7069=PLANE('',#9227);
#7070=PLANE('',#9228);
#7071=PLANE('',#9229);
#7072=PLANE('',#9230);
#7073=PLANE('',#9231);
#7074=PLANE('',#9232);
#7075=PLANE('',#9233);
#7076=PLANE('',#9234);
#7077=PLANE('',#9235);
#7078=PLANE('',#9236);
#7079=PLANE('',#9237);
#7080=PLANE('',#9238);
#7081=PLANE('',#9239);
#7082=PLANE('',#9240);
#7083=PLANE('',#9241);
#7084=PLANE('',#9242);
#7085=PLANE('',#9243);
#7086=PLANE('',#9244);
#7087=PLANE('',#9245);
#7088=PLANE('',#9246);
#7089=PLANE('',#9247);
#7090=PLANE('',#9248);
#7091=PLANE('',#9249);
#7092=PLANE('',#9250);
#7093=PLANE('',#9251);
#7094=PLANE('',#9252);
#7095=PLANE('',#9253);
#7096=PLANE('',#9254);
#7097=PLANE('',#9255);
#7098=PLANE('',#9256);
#7099=PLANE('',#9257);
#7100=PLANE('',#9258);
#7101=PLANE('',#9259);
#7102=PLANE('',#9260);
#7103=PLANE('',#9261);
#7104=PLANE('',#9262);
#7105=PLANE('',#9263);
#7106=PLANE('',#9264);
#7107=PLANE('',#9265);
#7108=PLANE('',#9266);
#7109=PLANE('',#9267);
#7110=PLANE('',#9268);
#7111=PLANE('',#9269);
#7112=PLANE('',#9270);
#7113=PLANE('',#9271);
#7114=PLANE('',#9272);
#7115=PLANE('',#9273);
#7116=PLANE('',#9274);
#7117=PLANE('',#9275);
#7118=STYLED_ITEM('',(#7314),#8494);
#7119=STYLED_ITEM('',(#7315),#8495);
#7120=STYLED_ITEM('',(#7316),#8496);
#7121=STYLED_ITEM('',(#7317),#8497);
#7122=STYLED_ITEM('',(#7318),#8498);
#7123=STYLED_ITEM('',(#7319),#8499);
#7124=STYLED_ITEM('',(#7320),#8500);
#7125=STYLED_ITEM('',(#7321),#8501);
#7126=STYLED_ITEM('',(#7322),#8502);
#7127=STYLED_ITEM('',(#7323),#8503);
#7128=STYLED_ITEM('',(#7324),#8504);
#7129=STYLED_ITEM('',(#7325),#8505);
#7130=STYLED_ITEM('',(#7326),#8506);
#7131=STYLED_ITEM('',(#7327),#8507);
#7132=STYLED_ITEM('',(#7328),#8508);
#7133=STYLED_ITEM('',(#7329),#8509);
#7134=STYLED_ITEM('',(#7330),#8510);
#7135=STYLED_ITEM('',(#7331),#8511);
#7136=STYLED_ITEM('',(#7332),#8512);
#7137=STYLED_ITEM('',(#7333),#8513);
#7138=STYLED_ITEM('',(#7334),#8514);
#7139=STYLED_ITEM('',(#7335),#8515);
#7140=STYLED_ITEM('',(#7336),#8516);
#7141=STYLED_ITEM('',(#7337),#8517);
#7142=STYLED_ITEM('',(#7338),#8518);
#7143=STYLED_ITEM('',(#7339),#8519);
#7144=STYLED_ITEM('',(#7340),#8520);
#7145=STYLED_ITEM('',(#7341),#8521);
#7146=STYLED_ITEM('',(#7342),#8522);
#7147=STYLED_ITEM('',(#7343),#8523);
#7148=STYLED_ITEM('',(#7344),#8524);
#7149=STYLED_ITEM('',(#7345),#8525);
#7150=STYLED_ITEM('',(#7346),#8526);
#7151=STYLED_ITEM('',(#7347),#8527);
#7152=STYLED_ITEM('',(#7348),#8528);
#7153=STYLED_ITEM('',(#7349),#8529);
#7154=STYLED_ITEM('',(#7350),#8530);
#7155=STYLED_ITEM('',(#7351),#8531);
#7156=STYLED_ITEM('',(#7352),#8532);
#7157=STYLED_ITEM('',(#7353),#8533);
#7158=STYLED_ITEM('',(#7354),#8534);
#7159=STYLED_ITEM('',(#7355),#8535);
#7160=STYLED_ITEM('',(#7356),#8536);
#7161=STYLED_ITEM('',(#7357),#8537);
#7162=STYLED_ITEM('',(#7358),#8538);
#7163=STYLED_ITEM('',(#7359),#8539);
#7164=STYLED_ITEM('',(#7360),#8540);
#7165=STYLED_ITEM('',(#7361),#8541);
#7166=STYLED_ITEM('',(#7362),#8542);
#7167=STYLED_ITEM('',(#7363),#8543);
#7168=STYLED_ITEM('',(#7364),#8544);
#7169=STYLED_ITEM('',(#7365),#8545);
#7170=STYLED_ITEM('',(#7366),#8546);
#7171=STYLED_ITEM('',(#7367),#8547);
#7172=STYLED_ITEM('',(#7368),#8548);
#7173=STYLED_ITEM('',(#7369),#8549);
#7174=STYLED_ITEM('',(#7370),#8550);
#7175=STYLED_ITEM('',(#7371),#8551);
#7176=STYLED_ITEM('',(#7372),#8552);
#7177=STYLED_ITEM('',(#7373),#8553);
#7178=STYLED_ITEM('',(#7374),#8554);
#7179=STYLED_ITEM('',(#7375),#8555);
#7180=STYLED_ITEM('',(#7376),#8556);
#7181=STYLED_ITEM('',(#7377),#8557);
#7182=STYLED_ITEM('',(#7378),#8558);
#7183=STYLED_ITEM('',(#7379),#8559);
#7184=STYLED_ITEM('',(#7380),#8560);
#7185=STYLED_ITEM('',(#7381),#8561);
#7186=STYLED_ITEM('',(#7382),#8562);
#7187=STYLED_ITEM('',(#7383),#8563);
#7188=STYLED_ITEM('',(#7384),#8564);
#7189=STYLED_ITEM('',(#7385),#8565);
#7190=STYLED_ITEM('',(#7386),#8566);
#7191=STYLED_ITEM('',(#7387),#8567);
#7192=STYLED_ITEM('',(#7388),#8568);
#7193=STYLED_ITEM('',(#7389),#8569);
#7194=STYLED_ITEM('',(#7390),#8570);
#7195=STYLED_ITEM('',(#7391),#8571);
#7196=STYLED_ITEM('',(#7392),#8572);
#7197=STYLED_ITEM('',(#7393),#8573);
#7198=STYLED_ITEM('',(#7394),#8574);
#7199=STYLED_ITEM('',(#7395),#8575);
#7200=STYLED_ITEM('',(#7396),#8576);
#7201=STYLED_ITEM('',(#7397),#8577);
#7202=STYLED_ITEM('',(#7398),#8578);
#7203=STYLED_ITEM('',(#7399),#8579);
#7204=STYLED_ITEM('',(#7400),#8580);
#7205=STYLED_ITEM('',(#7401),#8581);
#7206=STYLED_ITEM('',(#7402),#8582);
#7207=STYLED_ITEM('',(#7403),#8583);
#7208=STYLED_ITEM('',(#7404),#8584);
#7209=STYLED_ITEM('',(#7405),#8585);
#7210=STYLED_ITEM('',(#7406),#8586);
#7211=STYLED_ITEM('',(#7407),#8587);
#7212=STYLED_ITEM('',(#7408),#8588);
#7213=STYLED_ITEM('',(#7409),#8589);
#7214=STYLED_ITEM('',(#7410),#8590);
#7215=STYLED_ITEM('',(#7411),#8591);
#7216=STYLED_ITEM('',(#7412),#8592);
#7217=STYLED_ITEM('',(#7413),#8593);
#7218=STYLED_ITEM('',(#7414),#8594);
#7219=STYLED_ITEM('',(#7415),#8595);
#7220=STYLED_ITEM('',(#7416),#8596);
#7221=STYLED_ITEM('',(#7417),#8597);
#7222=STYLED_ITEM('',(#7418),#8598);
#7223=STYLED_ITEM('',(#7419),#8599);
#7224=STYLED_ITEM('',(#7420),#8600);
#7225=STYLED_ITEM('',(#7421),#8601);
#7226=STYLED_ITEM('',(#7422),#8602);
#7227=STYLED_ITEM('',(#7423),#8603);
#7228=STYLED_ITEM('',(#7424),#8604);
#7229=STYLED_ITEM('',(#7425),#8605);
#7230=STYLED_ITEM('',(#7426),#8606);
#7231=STYLED_ITEM('',(#7427),#8607);
#7232=STYLED_ITEM('',(#7428),#8608);
#7233=STYLED_ITEM('',(#7429),#8609);
#7234=STYLED_ITEM('',(#7430),#8610);
#7235=STYLED_ITEM('',(#7431),#8611);
#7236=STYLED_ITEM('',(#7432),#8612);
#7237=STYLED_ITEM('',(#7433),#8613);
#7238=STYLED_ITEM('',(#7434),#8614);
#7239=STYLED_ITEM('',(#7435),#8615);
#7240=STYLED_ITEM('',(#7436),#8616);
#7241=STYLED_ITEM('',(#7437),#8617);
#7242=STYLED_ITEM('',(#7438),#8618);
#7243=STYLED_ITEM('',(#7439),#8619);
#7244=STYLED_ITEM('',(#7440),#8620);
#7245=STYLED_ITEM('',(#7441),#8621);
#7246=STYLED_ITEM('',(#7442),#8622);
#7247=STYLED_ITEM('',(#7443),#8623);
#7248=STYLED_ITEM('',(#7444),#8624);
#7249=STYLED_ITEM('',(#7445),#8625);
#7250=STYLED_ITEM('',(#7446),#8626);
#7251=STYLED_ITEM('',(#7447),#8627);
#7252=STYLED_ITEM('',(#7448),#8628);
#7253=STYLED_ITEM('',(#7449),#8629);
#7254=STYLED_ITEM('',(#7450),#8630);
#7255=STYLED_ITEM('',(#7451),#8631);
#7256=STYLED_ITEM('',(#7452),#8632);
#7257=STYLED_ITEM('',(#7453),#8633);
#7258=STYLED_ITEM('',(#7454),#8634);
#7259=STYLED_ITEM('',(#7455),#8635);
#7260=STYLED_ITEM('',(#7456),#8636);
#7261=STYLED_ITEM('',(#7457),#8637);
#7262=STYLED_ITEM('',(#7458),#8638);
#7263=STYLED_ITEM('',(#7459),#8639);
#7264=STYLED_ITEM('',(#7460),#8640);
#7265=STYLED_ITEM('',(#7461),#8641);
#7266=STYLED_ITEM('',(#7462),#8642);
#7267=STYLED_ITEM('',(#7463),#8643);
#7268=STYLED_ITEM('',(#7464),#8644);
#7269=STYLED_ITEM('',(#7465),#8645);
#7270=STYLED_ITEM('',(#7466),#8646);
#7271=STYLED_ITEM('',(#7467),#8647);
#7272=STYLED_ITEM('',(#7468),#8648);
#7273=STYLED_ITEM('',(#7469),#8649);
#7274=STYLED_ITEM('',(#7470),#8650);
#7275=STYLED_ITEM('',(#7471),#8651);
#7276=STYLED_ITEM('',(#7472),#8652);
#7277=STYLED_ITEM('',(#7473),#8653);
#7278=STYLED_ITEM('',(#7474),#8654);
#7279=STYLED_ITEM('',(#7475),#8655);
#7280=STYLED_ITEM('',(#7476),#8656);
#7281=STYLED_ITEM('',(#7477),#8657);
#7282=STYLED_ITEM('',(#7478),#8658);
#7283=STYLED_ITEM('',(#7479),#8659);
#7284=STYLED_ITEM('',(#7480),#8660);
#7285=STYLED_ITEM('',(#7481),#8661);
#7286=STYLED_ITEM('',(#7482),#8662);
#7287=STYLED_ITEM('',(#7483),#8663);
#7288=STYLED_ITEM('',(#7484),#8664);
#7289=STYLED_ITEM('',(#7485),#8665);
#7290=STYLED_ITEM('',(#7486),#8666);
#7291=STYLED_ITEM('',(#7487),#8667);
#7292=STYLED_ITEM('',(#7488),#8668);
#7293=STYLED_ITEM('',(#7489),#8669);
#7294=STYLED_ITEM('',(#7490),#8670);
#7295=STYLED_ITEM('',(#7491),#8671);
#7296=STYLED_ITEM('',(#7492),#8672);
#7297=STYLED_ITEM('',(#7493),#8673);
#7298=STYLED_ITEM('',(#7494),#8674);
#7299=STYLED_ITEM('',(#7495),#8675);
#7300=STYLED_ITEM('',(#7496),#8676);
#7301=STYLED_ITEM('',(#7497),#8677);
#7302=STYLED_ITEM('',(#7498),#8678);
#7303=STYLED_ITEM('',(#7499),#8679);
#7304=STYLED_ITEM('',(#7500),#8680);
#7305=STYLED_ITEM('',(#7501),#8681);
#7306=STYLED_ITEM('',(#7502),#8682);
#7307=STYLED_ITEM('',(#7503),#8683);
#7308=STYLED_ITEM('',(#7504),#8684);
#7309=STYLED_ITEM('',(#7505),#8685);
#7310=STYLED_ITEM('',(#7506),#8686);
#7311=STYLED_ITEM('',(#7507),#8687);
#7312=STYLED_ITEM('',(#7508),#8688);
#7313=STYLED_ITEM('',(#7509),#8860);
#7314=PRESENTATION_STYLE_ASSIGNMENT((#7510));
#7315=PRESENTATION_STYLE_ASSIGNMENT((#7511));
#7316=PRESENTATION_STYLE_ASSIGNMENT((#7512));
#7317=PRESENTATION_STYLE_ASSIGNMENT((#7513));
#7318=PRESENTATION_STYLE_ASSIGNMENT((#7514));
#7319=PRESENTATION_STYLE_ASSIGNMENT((#7515));
#7320=PRESENTATION_STYLE_ASSIGNMENT((#7516));
#7321=PRESENTATION_STYLE_ASSIGNMENT((#7517));
#7322=PRESENTATION_STYLE_ASSIGNMENT((#7518));
#7323=PRESENTATION_STYLE_ASSIGNMENT((#7519));
#7324=PRESENTATION_STYLE_ASSIGNMENT((#7520));
#7325=PRESENTATION_STYLE_ASSIGNMENT((#7521));
#7326=PRESENTATION_STYLE_ASSIGNMENT((#7522));
#7327=PRESENTATION_STYLE_ASSIGNMENT((#7523));
#7328=PRESENTATION_STYLE_ASSIGNMENT((#7524));
#7329=PRESENTATION_STYLE_ASSIGNMENT((#7525));
#7330=PRESENTATION_STYLE_ASSIGNMENT((#7526));
#7331=PRESENTATION_STYLE_ASSIGNMENT((#7527));
#7332=PRESENTATION_STYLE_ASSIGNMENT((#7528));
#7333=PRESENTATION_STYLE_ASSIGNMENT((#7529));
#7334=PRESENTATION_STYLE_ASSIGNMENT((#7530));
#7335=PRESENTATION_STYLE_ASSIGNMENT((#7531));
#7336=PRESENTATION_STYLE_ASSIGNMENT((#7532));
#7337=PRESENTATION_STYLE_ASSIGNMENT((#7533));
#7338=PRESENTATION_STYLE_ASSIGNMENT((#7534));
#7339=PRESENTATION_STYLE_ASSIGNMENT((#7535));
#7340=PRESENTATION_STYLE_ASSIGNMENT((#7536));
#7341=PRESENTATION_STYLE_ASSIGNMENT((#7537));
#7342=PRESENTATION_STYLE_ASSIGNMENT((#7538));
#7343=PRESENTATION_STYLE_ASSIGNMENT((#7539));
#7344=PRESENTATION_STYLE_ASSIGNMENT((#7540));
#7345=PRESENTATION_STYLE_ASSIGNMENT((#7541));
#7346=PRESENTATION_STYLE_ASSIGNMENT((#7542));
#7347=PRESENTATION_STYLE_ASSIGNMENT((#7543));
#7348=PRESENTATION_STYLE_ASSIGNMENT((#7544));
#7349=PRESENTATION_STYLE_ASSIGNMENT((#7545));
#7350=PRESENTATION_STYLE_ASSIGNMENT((#7546));
#7351=PRESENTATION_STYLE_ASSIGNMENT((#7547));
#7352=PRESENTATION_STYLE_ASSIGNMENT((#7548));
#7353=PRESENTATION_STYLE_ASSIGNMENT((#7549));
#7354=PRESENTATION_STYLE_ASSIGNMENT((#7550));
#7355=PRESENTATION_STYLE_ASSIGNMENT((#7551));
#7356=PRESENTATION_STYLE_ASSIGNMENT((#7552));
#7357=PRESENTATION_STYLE_ASSIGNMENT((#7553));
#7358=PRESENTATION_STYLE_ASSIGNMENT((#7554));
#7359=PRESENTATION_STYLE_ASSIGNMENT((#7555));
#7360=PRESENTATION_STYLE_ASSIGNMENT((#7556));
#7361=PRESENTATION_STYLE_ASSIGNMENT((#7557));
#7362=PRESENTATION_STYLE_ASSIGNMENT((#7558));
#7363=PRESENTATION_STYLE_ASSIGNMENT((#7559));
#7364=PRESENTATION_STYLE_ASSIGNMENT((#7560));
#7365=PRESENTATION_STYLE_ASSIGNMENT((#7561));
#7366=PRESENTATION_STYLE_ASSIGNMENT((#7562));
#7367=PRESENTATION_STYLE_ASSIGNMENT((#7563));
#7368=PRESENTATION_STYLE_ASSIGNMENT((#7564));
#7369=PRESENTATION_STYLE_ASSIGNMENT((#7565));
#7370=PRESENTATION_STYLE_ASSIGNMENT((#7566));
#7371=PRESENTATION_STYLE_ASSIGNMENT((#7567));
#7372=PRESENTATION_STYLE_ASSIGNMENT((#7568));
#7373=PRESENTATION_STYLE_ASSIGNMENT((#7569));
#7374=PRESENTATION_STYLE_ASSIGNMENT((#7570));
#7375=PRESENTATION_STYLE_ASSIGNMENT((#7571));
#7376=PRESENTATION_STYLE_ASSIGNMENT((#7572));
#7377=PRESENTATION_STYLE_ASSIGNMENT((#7573));
#7378=PRESENTATION_STYLE_ASSIGNMENT((#7574));
#7379=PRESENTATION_STYLE_ASSIGNMENT((#7575));
#7380=PRESENTATION_STYLE_ASSIGNMENT((#7576));
#7381=PRESENTATION_STYLE_ASSIGNMENT((#7577));
#7382=PRESENTATION_STYLE_ASSIGNMENT((#7578));
#7383=PRESENTATION_STYLE_ASSIGNMENT((#7579));
#7384=PRESENTATION_STYLE_ASSIGNMENT((#7580));
#7385=PRESENTATION_STYLE_ASSIGNMENT((#7581));
#7386=PRESENTATION_STYLE_ASSIGNMENT((#7582));
#7387=PRESENTATION_STYLE_ASSIGNMENT((#7583));
#7388=PRESENTATION_STYLE_ASSIGNMENT((#7584));
#7389=PRESENTATION_STYLE_ASSIGNMENT((#7585));
#7390=PRESENTATION_STYLE_ASSIGNMENT((#7586));
#7391=PRESENTATION_STYLE_ASSIGNMENT((#7587));
#7392=PRESENTATION_STYLE_ASSIGNMENT((#7588));
#7393=PRESENTATION_STYLE_ASSIGNMENT((#7589));
#7394=PRESENTATION_STYLE_ASSIGNMENT((#7590));
#7395=PRESENTATION_STYLE_ASSIGNMENT((#7591));
#7396=PRESENTATION_STYLE_ASSIGNMENT((#7592));
#7397=PRESENTATION_STYLE_ASSIGNMENT((#7593));
#7398=PRESENTATION_STYLE_ASSIGNMENT((#7594));
#7399=PRESENTATION_STYLE_ASSIGNMENT((#7595));
#7400=PRESENTATION_STYLE_ASSIGNMENT((#7596));
#7401=PRESENTATION_STYLE_ASSIGNMENT((#7597));
#7402=PRESENTATION_STYLE_ASSIGNMENT((#7598));
#7403=PRESENTATION_STYLE_ASSIGNMENT((#7599));
#7404=PRESENTATION_STYLE_ASSIGNMENT((#7600));
#7405=PRESENTATION_STYLE_ASSIGNMENT((#7601));
#7406=PRESENTATION_STYLE_ASSIGNMENT((#7602));
#7407=PRESENTATION_STYLE_ASSIGNMENT((#7603));
#7408=PRESENTATION_STYLE_ASSIGNMENT((#7604));
#7409=PRESENTATION_STYLE_ASSIGNMENT((#7605));
#7410=PRESENTATION_STYLE_ASSIGNMENT((#7606));
#7411=PRESENTATION_STYLE_ASSIGNMENT((#7607));
#7412=PRESENTATION_STYLE_ASSIGNMENT((#7608));
#7413=PRESENTATION_STYLE_ASSIGNMENT((#7609));
#7414=PRESENTATION_STYLE_ASSIGNMENT((#7610));
#7415=PRESENTATION_STYLE_ASSIGNMENT((#7611));
#7416=PRESENTATION_STYLE_ASSIGNMENT((#7612));
#7417=PRESENTATION_STYLE_ASSIGNMENT((#7613));
#7418=PRESENTATION_STYLE_ASSIGNMENT((#7614));
#7419=PRESENTATION_STYLE_ASSIGNMENT((#7615));
#7420=PRESENTATION_STYLE_ASSIGNMENT((#7616));
#7421=PRESENTATION_STYLE_ASSIGNMENT((#7617));
#7422=PRESENTATION_STYLE_ASSIGNMENT((#7618));
#7423=PRESENTATION_STYLE_ASSIGNMENT((#7619));
#7424=PRESENTATION_STYLE_ASSIGNMENT((#7620));
#7425=PRESENTATION_STYLE_ASSIGNMENT((#7621));
#7426=PRESENTATION_STYLE_ASSIGNMENT((#7622));
#7427=PRESENTATION_STYLE_ASSIGNMENT((#7623));
#7428=PRESENTATION_STYLE_ASSIGNMENT((#7624));
#7429=PRESENTATION_STYLE_ASSIGNMENT((#7625));
#7430=PRESENTATION_STYLE_ASSIGNMENT((#7626));
#7431=PRESENTATION_STYLE_ASSIGNMENT((#7627));
#7432=PRESENTATION_STYLE_ASSIGNMENT((#7628));
#7433=PRESENTATION_STYLE_ASSIGNMENT((#7629));
#7434=PRESENTATION_STYLE_ASSIGNMENT((#7630));
#7435=PRESENTATION_STYLE_ASSIGNMENT((#7631));
#7436=PRESENTATION_STYLE_ASSIGNMENT((#7632));
#7437=PRESENTATION_STYLE_ASSIGNMENT((#7633));
#7438=PRESENTATION_STYLE_ASSIGNMENT((#7634));
#7439=PRESENTATION_STYLE_ASSIGNMENT((#7635));
#7440=PRESENTATION_STYLE_ASSIGNMENT((#7636));
#7441=PRESENTATION_STYLE_ASSIGNMENT((#7637));
#7442=PRESENTATION_STYLE_ASSIGNMENT((#7638));
#7443=PRESENTATION_STYLE_ASSIGNMENT((#7639));
#7444=PRESENTATION_STYLE_ASSIGNMENT((#7640));
#7445=PRESENTATION_STYLE_ASSIGNMENT((#7641));
#7446=PRESENTATION_STYLE_ASSIGNMENT((#7642));
#7447=PRESENTATION_STYLE_ASSIGNMENT((#7643));
#7448=PRESENTATION_STYLE_ASSIGNMENT((#7644));
#7449=PRESENTATION_STYLE_ASSIGNMENT((#7645));
#7450=PRESENTATION_STYLE_ASSIGNMENT((#7646));
#7451=PRESENTATION_STYLE_ASSIGNMENT((#7647));
#7452=PRESENTATION_STYLE_ASSIGNMENT((#7648));
#7453=PRESENTATION_STYLE_ASSIGNMENT((#7649));
#7454=PRESENTATION_STYLE_ASSIGNMENT((#7650));
#7455=PRESENTATION_STYLE_ASSIGNMENT((#7651));
#7456=PRESENTATION_STYLE_ASSIGNMENT((#7652));
#7457=PRESENTATION_STYLE_ASSIGNMENT((#7653));
#7458=PRESENTATION_STYLE_ASSIGNMENT((#7654));
#7459=PRESENTATION_STYLE_ASSIGNMENT((#7655));
#7460=PRESENTATION_STYLE_ASSIGNMENT((#7656));
#7461=PRESENTATION_STYLE_ASSIGNMENT((#7657));
#7462=PRESENTATION_STYLE_ASSIGNMENT((#7658));
#7463=PRESENTATION_STYLE_ASSIGNMENT((#7659));
#7464=PRESENTATION_STYLE_ASSIGNMENT((#7660));
#7465=PRESENTATION_STYLE_ASSIGNMENT((#7661));
#7466=PRESENTATION_STYLE_ASSIGNMENT((#7662));
#7467=PRESENTATION_STYLE_ASSIGNMENT((#7663));
#7468=PRESENTATION_STYLE_ASSIGNMENT((#7664));
#7469=PRESENTATION_STYLE_ASSIGNMENT((#7665));
#7470=PRESENTATION_STYLE_ASSIGNMENT((#7666));
#7471=PRESENTATION_STYLE_ASSIGNMENT((#7667));
#7472=PRESENTATION_STYLE_ASSIGNMENT((#7668));
#7473=PRESENTATION_STYLE_ASSIGNMENT((#7669));
#7474=PRESENTATION_STYLE_ASSIGNMENT((#7670));
#7475=PRESENTATION_STYLE_ASSIGNMENT((#7671));
#7476=PRESENTATION_STYLE_ASSIGNMENT((#7672));
#7477=PRESENTATION_STYLE_ASSIGNMENT((#7673));
#7478=PRESENTATION_STYLE_ASSIGNMENT((#7674));
#7479=PRESENTATION_STYLE_ASSIGNMENT((#7675));
#7480=PRESENTATION_STYLE_ASSIGNMENT((#7676));
#7481=PRESENTATION_STYLE_ASSIGNMENT((#7677));
#7482=PRESENTATION_STYLE_ASSIGNMENT((#7678));
#7483=PRESENTATION_STYLE_ASSIGNMENT((#7679));
#7484=PRESENTATION_STYLE_ASSIGNMENT((#7680));
#7485=PRESENTATION_STYLE_ASSIGNMENT((#7681));
#7486=PRESENTATION_STYLE_ASSIGNMENT((#7682));
#7487=PRESENTATION_STYLE_ASSIGNMENT((#7683));
#7488=PRESENTATION_STYLE_ASSIGNMENT((#7684));
#7489=PRESENTATION_STYLE_ASSIGNMENT((#7685));
#7490=PRESENTATION_STYLE_ASSIGNMENT((#7686));
#7491=PRESENTATION_STYLE_ASSIGNMENT((#7687));
#7492=PRESENTATION_STYLE_ASSIGNMENT((#7688));
#7493=PRESENTATION_STYLE_ASSIGNMENT((#7689));
#7494=PRESENTATION_STYLE_ASSIGNMENT((#7690));
#7495=PRESENTATION_STYLE_ASSIGNMENT((#7691));
#7496=PRESENTATION_STYLE_ASSIGNMENT((#7692));
#7497=PRESENTATION_STYLE_ASSIGNMENT((#7693));
#7498=PRESENTATION_STYLE_ASSIGNMENT((#7694));
#7499=PRESENTATION_STYLE_ASSIGNMENT((#7695));
#7500=PRESENTATION_STYLE_ASSIGNMENT((#7696));
#7501=PRESENTATION_STYLE_ASSIGNMENT((#7697));
#7502=PRESENTATION_STYLE_ASSIGNMENT((#7698));
#7503=PRESENTATION_STYLE_ASSIGNMENT((#7699));
#7504=PRESENTATION_STYLE_ASSIGNMENT((#7700));
#7505=PRESENTATION_STYLE_ASSIGNMENT((#7701));
#7506=PRESENTATION_STYLE_ASSIGNMENT((#7702));
#7507=PRESENTATION_STYLE_ASSIGNMENT((#7703));
#7508=PRESENTATION_STYLE_ASSIGNMENT((#7704));
#7509=PRESENTATION_STYLE_ASSIGNMENT((#7705));
#7510=SURFACE_STYLE_USAGE(.BOTH.,#7706);
#7511=SURFACE_STYLE_USAGE(.BOTH.,#7707);
#7512=SURFACE_STYLE_USAGE(.BOTH.,#7708);
#7513=SURFACE_STYLE_USAGE(.BOTH.,#7709);
#7514=SURFACE_STYLE_USAGE(.BOTH.,#7710);
#7515=SURFACE_STYLE_USAGE(.BOTH.,#7711);
#7516=SURFACE_STYLE_USAGE(.BOTH.,#7712);
#7517=SURFACE_STYLE_USAGE(.BOTH.,#7713);
#7518=SURFACE_STYLE_USAGE(.BOTH.,#7714);
#7519=SURFACE_STYLE_USAGE(.BOTH.,#7715);
#7520=SURFACE_STYLE_USAGE(.BOTH.,#7716);
#7521=SURFACE_STYLE_USAGE(.BOTH.,#7717);
#7522=SURFACE_STYLE_USAGE(.BOTH.,#7718);
#7523=SURFACE_STYLE_USAGE(.BOTH.,#7719);
#7524=SURFACE_STYLE_USAGE(.BOTH.,#7720);
#7525=SURFACE_STYLE_USAGE(.BOTH.,#7721);
#7526=SURFACE_STYLE_USAGE(.BOTH.,#7722);
#7527=SURFACE_STYLE_USAGE(.BOTH.,#7723);
#7528=SURFACE_STYLE_USAGE(.BOTH.,#7724);
#7529=SURFACE_STYLE_USAGE(.BOTH.,#7725);
#7530=SURFACE_STYLE_USAGE(.BOTH.,#7726);
#7531=SURFACE_STYLE_USAGE(.BOTH.,#7727);
#7532=SURFACE_STYLE_USAGE(.BOTH.,#7728);
#7533=SURFACE_STYLE_USAGE(.BOTH.,#7729);
#7534=SURFACE_STYLE_USAGE(.BOTH.,#7730);
#7535=SURFACE_STYLE_USAGE(.BOTH.,#7731);
#7536=SURFACE_STYLE_USAGE(.BOTH.,#7732);
#7537=SURFACE_STYLE_USAGE(.BOTH.,#7733);
#7538=SURFACE_STYLE_USAGE(.BOTH.,#7734);
#7539=SURFACE_STYLE_USAGE(.BOTH.,#7735);
#7540=SURFACE_STYLE_USAGE(.BOTH.,#7736);
#7541=SURFACE_STYLE_USAGE(.BOTH.,#7737);
#7542=SURFACE_STYLE_USAGE(.BOTH.,#7738);
#7543=SURFACE_STYLE_USAGE(.BOTH.,#7739);
#7544=SURFACE_STYLE_USAGE(.BOTH.,#7740);
#7545=SURFACE_STYLE_USAGE(.BOTH.,#7741);
#7546=SURFACE_STYLE_USAGE(.BOTH.,#7742);
#7547=SURFACE_STYLE_USAGE(.BOTH.,#7743);
#7548=SURFACE_STYLE_USAGE(.BOTH.,#7744);
#7549=SURFACE_STYLE_USAGE(.BOTH.,#7745);
#7550=SURFACE_STYLE_USAGE(.BOTH.,#7746);
#7551=SURFACE_STYLE_USAGE(.BOTH.,#7747);
#7552=SURFACE_STYLE_USAGE(.BOTH.,#7748);
#7553=SURFACE_STYLE_USAGE(.BOTH.,#7749);
#7554=SURFACE_STYLE_USAGE(.BOTH.,#7750);
#7555=SURFACE_STYLE_USAGE(.BOTH.,#7751);
#7556=SURFACE_STYLE_USAGE(.BOTH.,#7752);
#7557=SURFACE_STYLE_USAGE(.BOTH.,#7753);
#7558=SURFACE_STYLE_USAGE(.BOTH.,#7754);
#7559=SURFACE_STYLE_USAGE(.BOTH.,#7755);
#7560=SURFACE_STYLE_USAGE(.BOTH.,#7756);
#7561=SURFACE_STYLE_USAGE(.BOTH.,#7757);
#7562=SURFACE_STYLE_USAGE(.BOTH.,#7758);
#7563=SURFACE_STYLE_USAGE(.BOTH.,#7759);
#7564=SURFACE_STYLE_USAGE(.BOTH.,#7760);
#7565=SURFACE_STYLE_USAGE(.BOTH.,#7761);
#7566=SURFACE_STYLE_USAGE(.BOTH.,#7762);
#7567=SURFACE_STYLE_USAGE(.BOTH.,#7763);
#7568=SURFACE_STYLE_USAGE(.BOTH.,#7764);
#7569=SURFACE_STYLE_USAGE(.BOTH.,#7765);
#7570=SURFACE_STYLE_USAGE(.BOTH.,#7766);
#7571=SURFACE_STYLE_USAGE(.BOTH.,#7767);
#7572=SURFACE_STYLE_USAGE(.BOTH.,#7768);
#7573=SURFACE_STYLE_USAGE(.BOTH.,#7769);
#7574=SURFACE_STYLE_USAGE(.BOTH.,#7770);
#7575=SURFACE_STYLE_USAGE(.BOTH.,#7771);
#7576=SURFACE_STYLE_USAGE(.BOTH.,#7772);
#7577=SURFACE_STYLE_USAGE(.BOTH.,#7773);
#7578=SURFACE_STYLE_USAGE(.BOTH.,#7774);
#7579=SURFACE_STYLE_USAGE(.BOTH.,#7775);
#7580=SURFACE_STYLE_USAGE(.BOTH.,#7776);
#7581=SURFACE_STYLE_USAGE(.BOTH.,#7777);
#7582=SURFACE_STYLE_USAGE(.BOTH.,#7778);
#7583=SURFACE_STYLE_USAGE(.BOTH.,#7779);
#7584=SURFACE_STYLE_USAGE(.BOTH.,#7780);
#7585=SURFACE_STYLE_USAGE(.BOTH.,#7781);
#7586=SURFACE_STYLE_USAGE(.BOTH.,#7782);
#7587=SURFACE_STYLE_USAGE(.BOTH.,#7783);
#7588=SURFACE_STYLE_USAGE(.BOTH.,#7784);
#7589=SURFACE_STYLE_USAGE(.BOTH.,#7785);
#7590=SURFACE_STYLE_USAGE(.BOTH.,#7786);
#7591=SURFACE_STYLE_USAGE(.BOTH.,#7787);
#7592=SURFACE_STYLE_USAGE(.BOTH.,#7788);
#7593=SURFACE_STYLE_USAGE(.BOTH.,#7789);
#7594=SURFACE_STYLE_USAGE(.BOTH.,#7790);
#7595=SURFACE_STYLE_USAGE(.BOTH.,#7791);
#7596=SURFACE_STYLE_USAGE(.BOTH.,#7792);
#7597=SURFACE_STYLE_USAGE(.BOTH.,#7793);
#7598=SURFACE_STYLE_USAGE(.BOTH.,#7794);
#7599=SURFACE_STYLE_USAGE(.BOTH.,#7795);
#7600=SURFACE_STYLE_USAGE(.BOTH.,#7796);
#7601=SURFACE_STYLE_USAGE(.BOTH.,#7797);
#7602=SURFACE_STYLE_USAGE(.BOTH.,#7798);
#7603=SURFACE_STYLE_USAGE(.BOTH.,#7799);
#7604=SURFACE_STYLE_USAGE(.BOTH.,#7800);
#7605=SURFACE_STYLE_USAGE(.BOTH.,#7801);
#7606=SURFACE_STYLE_USAGE(.BOTH.,#7802);
#7607=SURFACE_STYLE_USAGE(.BOTH.,#7803);
#7608=SURFACE_STYLE_USAGE(.BOTH.,#7804);
#7609=SURFACE_STYLE_USAGE(.BOTH.,#7805);
#7610=SURFACE_STYLE_USAGE(.BOTH.,#7806);
#7611=SURFACE_STYLE_USAGE(.BOTH.,#7807);
#7612=SURFACE_STYLE_USAGE(.BOTH.,#7808);
#7613=SURFACE_STYLE_USAGE(.BOTH.,#7809);
#7614=SURFACE_STYLE_USAGE(.BOTH.,#7810);
#7615=SURFACE_STYLE_USAGE(.BOTH.,#7811);
#7616=SURFACE_STYLE_USAGE(.BOTH.,#7812);
#7617=SURFACE_STYLE_USAGE(.BOTH.,#7813);
#7618=SURFACE_STYLE_USAGE(.BOTH.,#7814);
#7619=SURFACE_STYLE_USAGE(.BOTH.,#7815);
#7620=SURFACE_STYLE_USAGE(.BOTH.,#7816);
#7621=SURFACE_STYLE_USAGE(.BOTH.,#7817);
#7622=SURFACE_STYLE_USAGE(.BOTH.,#7818);
#7623=SURFACE_STYLE_USAGE(.BOTH.,#7819);
#7624=SURFACE_STYLE_USAGE(.BOTH.,#7820);
#7625=SURFACE_STYLE_USAGE(.BOTH.,#7821);
#7626=SURFACE_STYLE_USAGE(.BOTH.,#7822);
#7627=SURFACE_STYLE_USAGE(.BOTH.,#7823);
#7628=SURFACE_STYLE_USAGE(.BOTH.,#7824);
#7629=SURFACE_STYLE_USAGE(.BOTH.,#7825);
#7630=SURFACE_STYLE_USAGE(.BOTH.,#7826);
#7631=SURFACE_STYLE_USAGE(.BOTH.,#7827);
#7632=SURFACE_STYLE_USAGE(.BOTH.,#7828);
#7633=SURFACE_STYLE_USAGE(.BOTH.,#7829);
#7634=SURFACE_STYLE_USAGE(.BOTH.,#7830);
#7635=SURFACE_STYLE_USAGE(.BOTH.,#7831);
#7636=SURFACE_STYLE_USAGE(.BOTH.,#7832);
#7637=SURFACE_STYLE_USAGE(.BOTH.,#7833);
#7638=SURFACE_STYLE_USAGE(.BOTH.,#7834);
#7639=SURFACE_STYLE_USAGE(.BOTH.,#7835);
#7640=SURFACE_STYLE_USAGE(.BOTH.,#7836);
#7641=SURFACE_STYLE_USAGE(.BOTH.,#7837);
#7642=SURFACE_STYLE_USAGE(.BOTH.,#7838);
#7643=SURFACE_STYLE_USAGE(.BOTH.,#7839);
#7644=SURFACE_STYLE_USAGE(.BOTH.,#7840);
#7645=SURFACE_STYLE_USAGE(.BOTH.,#7841);
#7646=SURFACE_STYLE_USAGE(.BOTH.,#7842);
#7647=SURFACE_STYLE_USAGE(.BOTH.,#7843);
#7648=SURFACE_STYLE_USAGE(.BOTH.,#7844);
#7649=SURFACE_STYLE_USAGE(.BOTH.,#7845);
#7650=SURFACE_STYLE_USAGE(.BOTH.,#7846);
#7651=SURFACE_STYLE_USAGE(.BOTH.,#7847);
#7652=SURFACE_STYLE_USAGE(.BOTH.,#7848);
#7653=SURFACE_STYLE_USAGE(.BOTH.,#7849);
#7654=SURFACE_STYLE_USAGE(.BOTH.,#7850);
#7655=SURFACE_STYLE_USAGE(.BOTH.,#7851);
#7656=SURFACE_STYLE_USAGE(.BOTH.,#7852);
#7657=SURFACE_STYLE_USAGE(.BOTH.,#7853);
#7658=SURFACE_STYLE_USAGE(.BOTH.,#7854);
#7659=SURFACE_STYLE_USAGE(.BOTH.,#7855);
#7660=SURFACE_STYLE_USAGE(.BOTH.,#7856);
#7661=SURFACE_STYLE_USAGE(.BOTH.,#7857);
#7662=SURFACE_STYLE_USAGE(.BOTH.,#7858);
#7663=SURFACE_STYLE_USAGE(.BOTH.,#7859);
#7664=SURFACE_STYLE_USAGE(.BOTH.,#7860);
#7665=SURFACE_STYLE_USAGE(.BOTH.,#7861);
#7666=SURFACE_STYLE_USAGE(.BOTH.,#7862);
#7667=SURFACE_STYLE_USAGE(.BOTH.,#7863);
#7668=SURFACE_STYLE_USAGE(.BOTH.,#7864);
#7669=SURFACE_STYLE_USAGE(.BOTH.,#7865);
#7670=SURFACE_STYLE_USAGE(.BOTH.,#7866);
#7671=SURFACE_STYLE_USAGE(.BOTH.,#7867);
#7672=SURFACE_STYLE_USAGE(.BOTH.,#7868);
#7673=SURFACE_STYLE_USAGE(.BOTH.,#7869);
#7674=SURFACE_STYLE_USAGE(.BOTH.,#7870);
#7675=SURFACE_STYLE_USAGE(.BOTH.,#7871);
#7676=SURFACE_STYLE_USAGE(.BOTH.,#7872);
#7677=SURFACE_STYLE_USAGE(.BOTH.,#7873);
#7678=SURFACE_STYLE_USAGE(.BOTH.,#7874);
#7679=SURFACE_STYLE_USAGE(.BOTH.,#7875);
#7680=SURFACE_STYLE_USAGE(.BOTH.,#7876);
#7681=SURFACE_STYLE_USAGE(.BOTH.,#7877);
#7682=SURFACE_STYLE_USAGE(.BOTH.,#7878);
#7683=SURFACE_STYLE_USAGE(.BOTH.,#7879);
#7684=SURFACE_STYLE_USAGE(.BOTH.,#7880);
#7685=SURFACE_STYLE_USAGE(.BOTH.,#7881);
#7686=SURFACE_STYLE_USAGE(.BOTH.,#7882);
#7687=SURFACE_STYLE_USAGE(.BOTH.,#7883);
#7688=SURFACE_STYLE_USAGE(.BOTH.,#7884);
#7689=SURFACE_STYLE_USAGE(.BOTH.,#7885);
#7690=SURFACE_STYLE_USAGE(.BOTH.,#7886);
#7691=SURFACE_STYLE_USAGE(.BOTH.,#7887);
#7692=SURFACE_STYLE_USAGE(.BOTH.,#7888);
#7693=SURFACE_STYLE_USAGE(.BOTH.,#7889);
#7694=SURFACE_STYLE_USAGE(.BOTH.,#7890);
#7695=SURFACE_STYLE_USAGE(.BOTH.,#7891);
#7696=SURFACE_STYLE_USAGE(.BOTH.,#7892);
#7697=SURFACE_STYLE_USAGE(.BOTH.,#7893);
#7698=SURFACE_STYLE_USAGE(.BOTH.,#7894);
#7699=SURFACE_STYLE_USAGE(.BOTH.,#7895);
#7700=SURFACE_STYLE_USAGE(.BOTH.,#7896);
#7701=SURFACE_STYLE_USAGE(.BOTH.,#7897);
#7702=SURFACE_STYLE_USAGE(.BOTH.,#7898);
#7703=SURFACE_STYLE_USAGE(.BOTH.,#7899);
#7704=SURFACE_STYLE_USAGE(.BOTH.,#7900);
#7705=SURFACE_STYLE_USAGE(.BOTH.,#7901);
#7706=SURFACE_SIDE_STYLE('',(#7902));
#7707=SURFACE_SIDE_STYLE('',(#7903));
#7708=SURFACE_SIDE_STYLE('',(#7904));
#7709=SURFACE_SIDE_STYLE('',(#7905));
#7710=SURFACE_SIDE_STYLE('',(#7906));
#7711=SURFACE_SIDE_STYLE('',(#7907));
#7712=SURFACE_SIDE_STYLE('',(#7908));
#7713=SURFACE_SIDE_STYLE('',(#7909));
#7714=SURFACE_SIDE_STYLE('',(#7910));
#7715=SURFACE_SIDE_STYLE('',(#7911));
#7716=SURFACE_SIDE_STYLE('',(#7912));
#7717=SURFACE_SIDE_STYLE('',(#7913));
#7718=SURFACE_SIDE_STYLE('',(#7914));
#7719=SURFACE_SIDE_STYLE('',(#7915));
#7720=SURFACE_SIDE_STYLE('',(#7916));
#7721=SURFACE_SIDE_STYLE('',(#7917));
#7722=SURFACE_SIDE_STYLE('',(#7918));
#7723=SURFACE_SIDE_STYLE('',(#7919));
#7724=SURFACE_SIDE_STYLE('',(#7920));
#7725=SURFACE_SIDE_STYLE('',(#7921));
#7726=SURFACE_SIDE_STYLE('',(#7922));
#7727=SURFACE_SIDE_STYLE('',(#7923));
#7728=SURFACE_SIDE_STYLE('',(#7924));
#7729=SURFACE_SIDE_STYLE('',(#7925));
#7730=SURFACE_SIDE_STYLE('',(#7926));
#7731=SURFACE_SIDE_STYLE('',(#7927));
#7732=SURFACE_SIDE_STYLE('',(#7928));
#7733=SURFACE_SIDE_STYLE('',(#7929));
#7734=SURFACE_SIDE_STYLE('',(#7930));
#7735=SURFACE_SIDE_STYLE('',(#7931));
#7736=SURFACE_SIDE_STYLE('',(#7932));
#7737=SURFACE_SIDE_STYLE('',(#7933));
#7738=SURFACE_SIDE_STYLE('',(#7934));
#7739=SURFACE_SIDE_STYLE('',(#7935));
#7740=SURFACE_SIDE_STYLE('',(#7936));
#7741=SURFACE_SIDE_STYLE('',(#7937));
#7742=SURFACE_SIDE_STYLE('',(#7938));
#7743=SURFACE_SIDE_STYLE('',(#7939));
#7744=SURFACE_SIDE_STYLE('',(#7940));
#7745=SURFACE_SIDE_STYLE('',(#7941));
#7746=SURFACE_SIDE_STYLE('',(#7942));
#7747=SURFACE_SIDE_STYLE('',(#7943));
#7748=SURFACE_SIDE_STYLE('',(#7944));
#7749=SURFACE_SIDE_STYLE('',(#7945));
#7750=SURFACE_SIDE_STYLE('',(#7946));
#7751=SURFACE_SIDE_STYLE('',(#7947));
#7752=SURFACE_SIDE_STYLE('',(#7948));
#7753=SURFACE_SIDE_STYLE('',(#7949));
#7754=SURFACE_SIDE_STYLE('',(#7950));
#7755=SURFACE_SIDE_STYLE('',(#7951));
#7756=SURFACE_SIDE_STYLE('',(#7952));
#7757=SURFACE_SIDE_STYLE('',(#7953));
#7758=SURFACE_SIDE_STYLE('',(#7954));
#7759=SURFACE_SIDE_STYLE('',(#7955));
#7760=SURFACE_SIDE_STYLE('',(#7956));
#7761=SURFACE_SIDE_STYLE('',(#7957));
#7762=SURFACE_SIDE_STYLE('',(#7958));
#7763=SURFACE_SIDE_STYLE('',(#7959));
#7764=SURFACE_SIDE_STYLE('',(#7960));
#7765=SURFACE_SIDE_STYLE('',(#7961));
#7766=SURFACE_SIDE_STYLE('',(#7962));
#7767=SURFACE_SIDE_STYLE('',(#7963));
#7768=SURFACE_SIDE_STYLE('',(#7964));
#7769=SURFACE_SIDE_STYLE('',(#7965));
#7770=SURFACE_SIDE_STYLE('',(#7966));
#7771=SURFACE_SIDE_STYLE('',(#7967));
#7772=SURFACE_SIDE_STYLE('',(#7968));
#7773=SURFACE_SIDE_STYLE('',(#7969));
#7774=SURFACE_SIDE_STYLE('',(#7970));
#7775=SURFACE_SIDE_STYLE('',(#7971));
#7776=SURFACE_SIDE_STYLE('',(#7972));
#7777=SURFACE_SIDE_STYLE('',(#7973));
#7778=SURFACE_SIDE_STYLE('',(#7974));
#7779=SURFACE_SIDE_STYLE('',(#7975));
#7780=SURFACE_SIDE_STYLE('',(#7976));
#7781=SURFACE_SIDE_STYLE('',(#7977));
#7782=SURFACE_SIDE_STYLE('',(#7978));
#7783=SURFACE_SIDE_STYLE('',(#7979));
#7784=SURFACE_SIDE_STYLE('',(#7980));
#7785=SURFACE_SIDE_STYLE('',(#7981));
#7786=SURFACE_SIDE_STYLE('',(#7982));
#7787=SURFACE_SIDE_STYLE('',(#7983));
#7788=SURFACE_SIDE_STYLE('',(#7984));
#7789=SURFACE_SIDE_STYLE('',(#7985));
#7790=SURFACE_SIDE_STYLE('',(#7986));
#7791=SURFACE_SIDE_STYLE('',(#7987));
#7792=SURFACE_SIDE_STYLE('',(#7988));
#7793=SURFACE_SIDE_STYLE('',(#7989));
#7794=SURFACE_SIDE_STYLE('',(#7990));
#7795=SURFACE_SIDE_STYLE('',(#7991));
#7796=SURFACE_SIDE_STYLE('',(#7992));
#7797=SURFACE_SIDE_STYLE('',(#7993));
#7798=SURFACE_SIDE_STYLE('',(#7994));
#7799=SURFACE_SIDE_STYLE('',(#7995));
#7800=SURFACE_SIDE_STYLE('',(#7996));
#7801=SURFACE_SIDE_STYLE('',(#7997));
#7802=SURFACE_SIDE_STYLE('',(#7998));
#7803=SURFACE_SIDE_STYLE('',(#7999));
#7804=SURFACE_SIDE_STYLE('',(#8000));
#7805=SURFACE_SIDE_STYLE('',(#8001));
#7806=SURFACE_SIDE_STYLE('',(#8002));
#7807=SURFACE_SIDE_STYLE('',(#8003));
#7808=SURFACE_SIDE_STYLE('',(#8004));
#7809=SURFACE_SIDE_STYLE('',(#8005));
#7810=SURFACE_SIDE_STYLE('',(#8006));
#7811=SURFACE_SIDE_STYLE('',(#8007));
#7812=SURFACE_SIDE_STYLE('',(#8008));
#7813=SURFACE_SIDE_STYLE('',(#8009));
#7814=SURFACE_SIDE_STYLE('',(#8010));
#7815=SURFACE_SIDE_STYLE('',(#8011));
#7816=SURFACE_SIDE_STYLE('',(#8012));
#7817=SURFACE_SIDE_STYLE('',(#8013));
#7818=SURFACE_SIDE_STYLE('',(#8014));
#7819=SURFACE_SIDE_STYLE('',(#8015));
#7820=SURFACE_SIDE_STYLE('',(#8016));
#7821=SURFACE_SIDE_STYLE('',(#8017));
#7822=SURFACE_SIDE_STYLE('',(#8018));
#7823=SURFACE_SIDE_STYLE('',(#8019));
#7824=SURFACE_SIDE_STYLE('',(#8020));
#7825=SURFACE_SIDE_STYLE('',(#8021));
#7826=SURFACE_SIDE_STYLE('',(#8022));
#7827=SURFACE_SIDE_STYLE('',(#8023));
#7828=SURFACE_SIDE_STYLE('',(#8024));
#7829=SURFACE_SIDE_STYLE('',(#8025));
#7830=SURFACE_SIDE_STYLE('',(#8026));
#7831=SURFACE_SIDE_STYLE('',(#8027));
#7832=SURFACE_SIDE_STYLE('',(#8028));
#7833=SURFACE_SIDE_STYLE('',(#8029));
#7834=SURFACE_SIDE_STYLE('',(#8030));
#7835=SURFACE_SIDE_STYLE('',(#8031));
#7836=SURFACE_SIDE_STYLE('',(#8032));
#7837=SURFACE_SIDE_STYLE('',(#8033));
#7838=SURFACE_SIDE_STYLE('',(#8034));
#7839=SURFACE_SIDE_STYLE('',(#8035));
#7840=SURFACE_SIDE_STYLE('',(#8036));
#7841=SURFACE_SIDE_STYLE('',(#8037));
#7842=SURFACE_SIDE_STYLE('',(#8038));
#7843=SURFACE_SIDE_STYLE('',(#8039));
#7844=SURFACE_SIDE_STYLE('',(#8040));
#7845=SURFACE_SIDE_STYLE('',(#8041));
#7846=SURFACE_SIDE_STYLE('',(#8042));
#7847=SURFACE_SIDE_STYLE('',(#8043));
#7848=SURFACE_SIDE_STYLE('',(#8044));
#7849=SURFACE_SIDE_STYLE('',(#8045));
#7850=SURFACE_SIDE_STYLE('',(#8046));
#7851=SURFACE_SIDE_STYLE('',(#8047));
#7852=SURFACE_SIDE_STYLE('',(#8048));
#7853=SURFACE_SIDE_STYLE('',(#8049));
#7854=SURFACE_SIDE_STYLE('',(#8050));
#7855=SURFACE_SIDE_STYLE('',(#8051));
#7856=SURFACE_SIDE_STYLE('',(#8052));
#7857=SURFACE_SIDE_STYLE('',(#8053));
#7858=SURFACE_SIDE_STYLE('',(#8054));
#7859=SURFACE_SIDE_STYLE('',(#8055));
#7860=SURFACE_SIDE_STYLE('',(#8056));
#7861=SURFACE_SIDE_STYLE('',(#8057));
#7862=SURFACE_SIDE_STYLE('',(#8058));
#7863=SURFACE_SIDE_STYLE('',(#8059));
#7864=SURFACE_SIDE_STYLE('',(#8060));
#7865=SURFACE_SIDE_STYLE('',(#8061));
#7866=SURFACE_SIDE_STYLE('',(#8062));
#7867=SURFACE_SIDE_STYLE('',(#8063));
#7868=SURFACE_SIDE_STYLE('',(#8064));
#7869=SURFACE_SIDE_STYLE('',(#8065));
#7870=SURFACE_SIDE_STYLE('',(#8066));
#7871=SURFACE_SIDE_STYLE('',(#8067));
#7872=SURFACE_SIDE_STYLE('',(#8068));
#7873=SURFACE_SIDE_STYLE('',(#8069));
#7874=SURFACE_SIDE_STYLE('',(#8070));
#7875=SURFACE_SIDE_STYLE('',(#8071));
#7876=SURFACE_SIDE_STYLE('',(#8072));
#7877=SURFACE_SIDE_STYLE('',(#8073));
#7878=SURFACE_SIDE_STYLE('',(#8074));
#7879=SURFACE_SIDE_STYLE('',(#8075));
#7880=SURFACE_SIDE_STYLE('',(#8076));
#7881=SURFACE_SIDE_STYLE('',(#8077));
#7882=SURFACE_SIDE_STYLE('',(#8078));
#7883=SURFACE_SIDE_STYLE('',(#8079));
#7884=SURFACE_SIDE_STYLE('',(#8080));
#7885=SURFACE_SIDE_STYLE('',(#8081));
#7886=SURFACE_SIDE_STYLE('',(#8082));
#7887=SURFACE_SIDE_STYLE('',(#8083));
#7888=SURFACE_SIDE_STYLE('',(#8084));
#7889=SURFACE_SIDE_STYLE('',(#8085));
#7890=SURFACE_SIDE_STYLE('',(#8086));
#7891=SURFACE_SIDE_STYLE('',(#8087));
#7892=SURFACE_SIDE_STYLE('',(#8088));
#7893=SURFACE_SIDE_STYLE('',(#8089));
#7894=SURFACE_SIDE_STYLE('',(#8090));
#7895=SURFACE_SIDE_STYLE('',(#8091));
#7896=SURFACE_SIDE_STYLE('',(#8092));
#7897=SURFACE_SIDE_STYLE('',(#8093));
#7898=SURFACE_SIDE_STYLE('',(#8094));
#7899=SURFACE_SIDE_STYLE('',(#8095));
#7900=SURFACE_SIDE_STYLE('',(#8096));
#7901=SURFACE_SIDE_STYLE('',(#8097));
#7902=SURFACE_STYLE_FILL_AREA(#8098);
#7903=SURFACE_STYLE_FILL_AREA(#8099);
#7904=SURFACE_STYLE_FILL_AREA(#8100);
#7905=SURFACE_STYLE_FILL_AREA(#8101);
#7906=SURFACE_STYLE_FILL_AREA(#8102);
#7907=SURFACE_STYLE_FILL_AREA(#8103);
#7908=SURFACE_STYLE_FILL_AREA(#8104);
#7909=SURFACE_STYLE_FILL_AREA(#8105);
#7910=SURFACE_STYLE_FILL_AREA(#8106);
#7911=SURFACE_STYLE_FILL_AREA(#8107);
#7912=SURFACE_STYLE_FILL_AREA(#8108);
#7913=SURFACE_STYLE_FILL_AREA(#8109);
#7914=SURFACE_STYLE_FILL_AREA(#8110);
#7915=SURFACE_STYLE_FILL_AREA(#8111);
#7916=SURFACE_STYLE_FILL_AREA(#8112);
#7917=SURFACE_STYLE_FILL_AREA(#8113);
#7918=SURFACE_STYLE_FILL_AREA(#8114);
#7919=SURFACE_STYLE_FILL_AREA(#8115);
#7920=SURFACE_STYLE_FILL_AREA(#8116);
#7921=SURFACE_STYLE_FILL_AREA(#8117);
#7922=SURFACE_STYLE_FILL_AREA(#8118);
#7923=SURFACE_STYLE_FILL_AREA(#8119);
#7924=SURFACE_STYLE_FILL_AREA(#8120);
#7925=SURFACE_STYLE_FILL_AREA(#8121);
#7926=SURFACE_STYLE_FILL_AREA(#8122);
#7927=SURFACE_STYLE_FILL_AREA(#8123);
#7928=SURFACE_STYLE_FILL_AREA(#8124);
#7929=SURFACE_STYLE_FILL_AREA(#8125);
#7930=SURFACE_STYLE_FILL_AREA(#8126);
#7931=SURFACE_STYLE_FILL_AREA(#8127);
#7932=SURFACE_STYLE_FILL_AREA(#8128);
#7933=SURFACE_STYLE_FILL_AREA(#8129);
#7934=SURFACE_STYLE_FILL_AREA(#8130);
#7935=SURFACE_STYLE_FILL_AREA(#8131);
#7936=SURFACE_STYLE_FILL_AREA(#8132);
#7937=SURFACE_STYLE_FILL_AREA(#8133);
#7938=SURFACE_STYLE_FILL_AREA(#8134);
#7939=SURFACE_STYLE_FILL_AREA(#8135);
#7940=SURFACE_STYLE_FILL_AREA(#8136);
#7941=SURFACE_STYLE_FILL_AREA(#8137);
#7942=SURFACE_STYLE_FILL_AREA(#8138);
#7943=SURFACE_STYLE_FILL_AREA(#8139);
#7944=SURFACE_STYLE_FILL_AREA(#8140);
#7945=SURFACE_STYLE_FILL_AREA(#8141);
#7946=SURFACE_STYLE_FILL_AREA(#8142);
#7947=SURFACE_STYLE_FILL_AREA(#8143);
#7948=SURFACE_STYLE_FILL_AREA(#8144);
#7949=SURFACE_STYLE_FILL_AREA(#8145);
#7950=SURFACE_STYLE_FILL_AREA(#8146);
#7951=SURFACE_STYLE_FILL_AREA(#8147);
#7952=SURFACE_STYLE_FILL_AREA(#8148);
#7953=SURFACE_STYLE_FILL_AREA(#8149);
#7954=SURFACE_STYLE_FILL_AREA(#8150);
#7955=SURFACE_STYLE_FILL_AREA(#8151);
#7956=SURFACE_STYLE_FILL_AREA(#8152);
#7957=SURFACE_STYLE_FILL_AREA(#8153);
#7958=SURFACE_STYLE_FILL_AREA(#8154);
#7959=SURFACE_STYLE_FILL_AREA(#8155);
#7960=SURFACE_STYLE_FILL_AREA(#8156);
#7961=SURFACE_STYLE_FILL_AREA(#8157);
#7962=SURFACE_STYLE_FILL_AREA(#8158);
#7963=SURFACE_STYLE_FILL_AREA(#8159);
#7964=SURFACE_STYLE_FILL_AREA(#8160);
#7965=SURFACE_STYLE_FILL_AREA(#8161);
#7966=SURFACE_STYLE_FILL_AREA(#8162);
#7967=SURFACE_STYLE_FILL_AREA(#8163);
#7968=SURFACE_STYLE_FILL_AREA(#8164);
#7969=SURFACE_STYLE_FILL_AREA(#8165);
#7970=SURFACE_STYLE_FILL_AREA(#8166);
#7971=SURFACE_STYLE_FILL_AREA(#8167);
#7972=SURFACE_STYLE_FILL_AREA(#8168);
#7973=SURFACE_STYLE_FILL_AREA(#8169);
#7974=SURFACE_STYLE_FILL_AREA(#8170);
#7975=SURFACE_STYLE_FILL_AREA(#8171);
#7976=SURFACE_STYLE_FILL_AREA(#8172);
#7977=SURFACE_STYLE_FILL_AREA(#8173);
#7978=SURFACE_STYLE_FILL_AREA(#8174);
#7979=SURFACE_STYLE_FILL_AREA(#8175);
#7980=SURFACE_STYLE_FILL_AREA(#8176);
#7981=SURFACE_STYLE_FILL_AREA(#8177);
#7982=SURFACE_STYLE_FILL_AREA(#8178);
#7983=SURFACE_STYLE_FILL_AREA(#8179);
#7984=SURFACE_STYLE_FILL_AREA(#8180);
#7985=SURFACE_STYLE_FILL_AREA(#8181);
#7986=SURFACE_STYLE_FILL_AREA(#8182);
#7987=SURFACE_STYLE_FILL_AREA(#8183);
#7988=SURFACE_STYLE_FILL_AREA(#8184);
#7989=SURFACE_STYLE_FILL_AREA(#8185);
#7990=SURFACE_STYLE_FILL_AREA(#8186);
#7991=SURFACE_STYLE_FILL_AREA(#8187);
#7992=SURFACE_STYLE_FILL_AREA(#8188);
#7993=SURFACE_STYLE_FILL_AREA(#8189);
#7994=SURFACE_STYLE_FILL_AREA(#8190);
#7995=SURFACE_STYLE_FILL_AREA(#8191);
#7996=SURFACE_STYLE_FILL_AREA(#8192);
#7997=SURFACE_STYLE_FILL_AREA(#8193);
#7998=SURFACE_STYLE_FILL_AREA(#8194);
#7999=SURFACE_STYLE_FILL_AREA(#8195);
#8000=SURFACE_STYLE_FILL_AREA(#8196);
#8001=SURFACE_STYLE_FILL_AREA(#8197);
#8002=SURFACE_STYLE_FILL_AREA(#8198);
#8003=SURFACE_STYLE_FILL_AREA(#8199);
#8004=SURFACE_STYLE_FILL_AREA(#8200);
#8005=SURFACE_STYLE_FILL_AREA(#8201);
#8006=SURFACE_STYLE_FILL_AREA(#8202);
#8007=SURFACE_STYLE_FILL_AREA(#8203);
#8008=SURFACE_STYLE_FILL_AREA(#8204);
#8009=SURFACE_STYLE_FILL_AREA(#8205);
#8010=SURFACE_STYLE_FILL_AREA(#8206);
#8011=SURFACE_STYLE_FILL_AREA(#8207);
#8012=SURFACE_STYLE_FILL_AREA(#8208);
#8013=SURFACE_STYLE_FILL_AREA(#8209);
#8014=SURFACE_STYLE_FILL_AREA(#8210);
#8015=SURFACE_STYLE_FILL_AREA(#8211);
#8016=SURFACE_STYLE_FILL_AREA(#8212);
#8017=SURFACE_STYLE_FILL_AREA(#8213);
#8018=SURFACE_STYLE_FILL_AREA(#8214);
#8019=SURFACE_STYLE_FILL_AREA(#8215);
#8020=SURFACE_STYLE_FILL_AREA(#8216);
#8021=SURFACE_STYLE_FILL_AREA(#8217);
#8022=SURFACE_STYLE_FILL_AREA(#8218);
#8023=SURFACE_STYLE_FILL_AREA(#8219);
#8024=SURFACE_STYLE_FILL_AREA(#8220);
#8025=SURFACE_STYLE_FILL_AREA(#8221);
#8026=SURFACE_STYLE_FILL_AREA(#8222);
#8027=SURFACE_STYLE_FILL_AREA(#8223);
#8028=SURFACE_STYLE_FILL_AREA(#8224);
#8029=SURFACE_STYLE_FILL_AREA(#8225);
#8030=SURFACE_STYLE_FILL_AREA(#8226);
#8031=SURFACE_STYLE_FILL_AREA(#8227);
#8032=SURFACE_STYLE_FILL_AREA(#8228);
#8033=SURFACE_STYLE_FILL_AREA(#8229);
#8034=SURFACE_STYLE_FILL_AREA(#8230);
#8035=SURFACE_STYLE_FILL_AREA(#8231);
#8036=SURFACE_STYLE_FILL_AREA(#8232);
#8037=SURFACE_STYLE_FILL_AREA(#8233);
#8038=SURFACE_STYLE_FILL_AREA(#8234);
#8039=SURFACE_STYLE_FILL_AREA(#8235);
#8040=SURFACE_STYLE_FILL_AREA(#8236);
#8041=SURFACE_STYLE_FILL_AREA(#8237);
#8042=SURFACE_STYLE_FILL_AREA(#8238);
#8043=SURFACE_STYLE_FILL_AREA(#8239);
#8044=SURFACE_STYLE_FILL_AREA(#8240);
#8045=SURFACE_STYLE_FILL_AREA(#8241);
#8046=SURFACE_STYLE_FILL_AREA(#8242);
#8047=SURFACE_STYLE_FILL_AREA(#8243);
#8048=SURFACE_STYLE_FILL_AREA(#8244);
#8049=SURFACE_STYLE_FILL_AREA(#8245);
#8050=SURFACE_STYLE_FILL_AREA(#8246);
#8051=SURFACE_STYLE_FILL_AREA(#8247);
#8052=SURFACE_STYLE_FILL_AREA(#8248);
#8053=SURFACE_STYLE_FILL_AREA(#8249);
#8054=SURFACE_STYLE_FILL_AREA(#8250);
#8055=SURFACE_STYLE_FILL_AREA(#8251);
#8056=SURFACE_STYLE_FILL_AREA(#8252);
#8057=SURFACE_STYLE_FILL_AREA(#8253);
#8058=SURFACE_STYLE_FILL_AREA(#8254);
#8059=SURFACE_STYLE_FILL_AREA(#8255);
#8060=SURFACE_STYLE_FILL_AREA(#8256);
#8061=SURFACE_STYLE_FILL_AREA(#8257);
#8062=SURFACE_STYLE_FILL_AREA(#8258);
#8063=SURFACE_STYLE_FILL_AREA(#8259);
#8064=SURFACE_STYLE_FILL_AREA(#8260);
#8065=SURFACE_STYLE_FILL_AREA(#8261);
#8066=SURFACE_STYLE_FILL_AREA(#8262);
#8067=SURFACE_STYLE_FILL_AREA(#8263);
#8068=SURFACE_STYLE_FILL_AREA(#8264);
#8069=SURFACE_STYLE_FILL_AREA(#8265);
#8070=SURFACE_STYLE_FILL_AREA(#8266);
#8071=SURFACE_STYLE_FILL_AREA(#8267);
#8072=SURFACE_STYLE_FILL_AREA(#8268);
#8073=SURFACE_STYLE_FILL_AREA(#8269);
#8074=SURFACE_STYLE_FILL_AREA(#8270);
#8075=SURFACE_STYLE_FILL_AREA(#8271);
#8076=SURFACE_STYLE_FILL_AREA(#8272);
#8077=SURFACE_STYLE_FILL_AREA(#8273);
#8078=SURFACE_STYLE_FILL_AREA(#8274);
#8079=SURFACE_STYLE_FILL_AREA(#8275);
#8080=SURFACE_STYLE_FILL_AREA(#8276);
#8081=SURFACE_STYLE_FILL_AREA(#8277);
#8082=SURFACE_STYLE_FILL_AREA(#8278);
#8083=SURFACE_STYLE_FILL_AREA(#8279);
#8084=SURFACE_STYLE_FILL_AREA(#8280);
#8085=SURFACE_STYLE_FILL_AREA(#8281);
#8086=SURFACE_STYLE_FILL_AREA(#8282);
#8087=SURFACE_STYLE_FILL_AREA(#8283);
#8088=SURFACE_STYLE_FILL_AREA(#8284);
#8089=SURFACE_STYLE_FILL_AREA(#8285);
#8090=SURFACE_STYLE_FILL_AREA(#8286);
#8091=SURFACE_STYLE_FILL_AREA(#8287);
#8092=SURFACE_STYLE_FILL_AREA(#8288);
#8093=SURFACE_STYLE_FILL_AREA(#8289);
#8094=SURFACE_STYLE_FILL_AREA(#8290);
#8095=SURFACE_STYLE_FILL_AREA(#8291);
#8096=SURFACE_STYLE_FILL_AREA(#8292);
#8097=SURFACE_STYLE_FILL_AREA(#8293);
#8098=FILL_AREA_STYLE('',(#8294));
#8099=FILL_AREA_STYLE('',(#8295));
#8100=FILL_AREA_STYLE('',(#8296));
#8101=FILL_AREA_STYLE('',(#8297));
#8102=FILL_AREA_STYLE('',(#8298));
#8103=FILL_AREA_STYLE('',(#8299));
#8104=FILL_AREA_STYLE('',(#8300));
#8105=FILL_AREA_STYLE('',(#8301));
#8106=FILL_AREA_STYLE('',(#8302));
#8107=FILL_AREA_STYLE('',(#8303));
#8108=FILL_AREA_STYLE('',(#8304));
#8109=FILL_AREA_STYLE('',(#8305));
#8110=FILL_AREA_STYLE('',(#8306));
#8111=FILL_AREA_STYLE('',(#8307));
#8112=FILL_AREA_STYLE('',(#8308));
#8113=FILL_AREA_STYLE('',(#8309));
#8114=FILL_AREA_STYLE('',(#8310));
#8115=FILL_AREA_STYLE('',(#8311));
#8116=FILL_AREA_STYLE('',(#8312));
#8117=FILL_AREA_STYLE('',(#8313));
#8118=FILL_AREA_STYLE('',(#8314));
#8119=FILL_AREA_STYLE('',(#8315));
#8120=FILL_AREA_STYLE('',(#8316));
#8121=FILL_AREA_STYLE('',(#8317));
#8122=FILL_AREA_STYLE('',(#8318));
#8123=FILL_AREA_STYLE('',(#8319));
#8124=FILL_AREA_STYLE('',(#8320));
#8125=FILL_AREA_STYLE('',(#8321));
#8126=FILL_AREA_STYLE('',(#8322));
#8127=FILL_AREA_STYLE('',(#8323));
#8128=FILL_AREA_STYLE('',(#8324));
#8129=FILL_AREA_STYLE('',(#8325));
#8130=FILL_AREA_STYLE('',(#8326));
#8131=FILL_AREA_STYLE('',(#8327));
#8132=FILL_AREA_STYLE('',(#8328));
#8133=FILL_AREA_STYLE('',(#8329));
#8134=FILL_AREA_STYLE('',(#8330));
#8135=FILL_AREA_STYLE('',(#8331));
#8136=FILL_AREA_STYLE('',(#8332));
#8137=FILL_AREA_STYLE('',(#8333));
#8138=FILL_AREA_STYLE('',(#8334));
#8139=FILL_AREA_STYLE('',(#8335));
#8140=FILL_AREA_STYLE('',(#8336));
#8141=FILL_AREA_STYLE('',(#8337));
#8142=FILL_AREA_STYLE('',(#8338));
#8143=FILL_AREA_STYLE('',(#8339));
#8144=FILL_AREA_STYLE('',(#8340));
#8145=FILL_AREA_STYLE('',(#8341));
#8146=FILL_AREA_STYLE('',(#8342));
#8147=FILL_AREA_STYLE('',(#8343));
#8148=FILL_AREA_STYLE('',(#8344));
#8149=FILL_AREA_STYLE('',(#8345));
#8150=FILL_AREA_STYLE('',(#8346));
#8151=FILL_AREA_STYLE('',(#8347));
#8152=FILL_AREA_STYLE('',(#8348));
#8153=FILL_AREA_STYLE('',(#8349));
#8154=FILL_AREA_STYLE('',(#8350));
#8155=FILL_AREA_STYLE('',(#8351));
#8156=FILL_AREA_STYLE('',(#8352));
#8157=FILL_AREA_STYLE('',(#8353));
#8158=FILL_AREA_STYLE('',(#8354));
#8159=FILL_AREA_STYLE('',(#8355));
#8160=FILL_AREA_STYLE('',(#8356));
#8161=FILL_AREA_STYLE('',(#8357));
#8162=FILL_AREA_STYLE('',(#8358));
#8163=FILL_AREA_STYLE('',(#8359));
#8164=FILL_AREA_STYLE('',(#8360));
#8165=FILL_AREA_STYLE('',(#8361));
#8166=FILL_AREA_STYLE('',(#8362));
#8167=FILL_AREA_STYLE('',(#8363));
#8168=FILL_AREA_STYLE('',(#8364));
#8169=FILL_AREA_STYLE('',(#8365));
#8170=FILL_AREA_STYLE('',(#8366));
#8171=FILL_AREA_STYLE('',(#8367));
#8172=FILL_AREA_STYLE('',(#8368));
#8173=FILL_AREA_STYLE('',(#8369));
#8174=FILL_AREA_STYLE('',(#8370));
#8175=FILL_AREA_STYLE('',(#8371));
#8176=FILL_AREA_STYLE('',(#8372));
#8177=FILL_AREA_STYLE('',(#8373));
#8178=FILL_AREA_STYLE('',(#8374));
#8179=FILL_AREA_STYLE('',(#8375));
#8180=FILL_AREA_STYLE('',(#8376));
#8181=FILL_AREA_STYLE('',(#8377));
#8182=FILL_AREA_STYLE('',(#8378));
#8183=FILL_AREA_STYLE('',(#8379));
#8184=FILL_AREA_STYLE('',(#8380));
#8185=FILL_AREA_STYLE('',(#8381));
#8186=FILL_AREA_STYLE('',(#8382));
#8187=FILL_AREA_STYLE('',(#8383));
#8188=FILL_AREA_STYLE('',(#8384));
#8189=FILL_AREA_STYLE('',(#8385));
#8190=FILL_AREA_STYLE('',(#8386));
#8191=FILL_AREA_STYLE('',(#8387));
#8192=FILL_AREA_STYLE('',(#8388));
#8193=FILL_AREA_STYLE('',(#8389));
#8194=FILL_AREA_STYLE('',(#8390));
#8195=FILL_AREA_STYLE('',(#8391));
#8196=FILL_AREA_STYLE('',(#8392));
#8197=FILL_AREA_STYLE('',(#8393));
#8198=FILL_AREA_STYLE('',(#8394));
#8199=FILL_AREA_STYLE('',(#8395));
#8200=FILL_AREA_STYLE('',(#8396));
#8201=FILL_AREA_STYLE('',(#8397));
#8202=FILL_AREA_STYLE('',(#8398));
#8203=FILL_AREA_STYLE('',(#8399));
#8204=FILL_AREA_STYLE('',(#8400));
#8205=FILL_AREA_STYLE('',(#8401));
#8206=FILL_AREA_STYLE('',(#8402));
#8207=FILL_AREA_STYLE('',(#8403));
#8208=FILL_AREA_STYLE('',(#8404));
#8209=FILL_AREA_STYLE('',(#8405));
#8210=FILL_AREA_STYLE('',(#8406));
#8211=FILL_AREA_STYLE('',(#8407));
#8212=FILL_AREA_STYLE('',(#8408));
#8213=FILL_AREA_STYLE('',(#8409));
#8214=FILL_AREA_STYLE('',(#8410));
#8215=FILL_AREA_STYLE('',(#8411));
#8216=FILL_AREA_STYLE('',(#8412));
#8217=FILL_AREA_STYLE('',(#8413));
#8218=FILL_AREA_STYLE('',(#8414));
#8219=FILL_AREA_STYLE('',(#8415));
#8220=FILL_AREA_STYLE('',(#8416));
#8221=FILL_AREA_STYLE('',(#8417));
#8222=FILL_AREA_STYLE('',(#8418));
#8223=FILL_AREA_STYLE('',(#8419));
#8224=FILL_AREA_STYLE('',(#8420));
#8225=FILL_AREA_STYLE('',(#8421));
#8226=FILL_AREA_STYLE('',(#8422));
#8227=FILL_AREA_STYLE('',(#8423));
#8228=FILL_AREA_STYLE('',(#8424));
#8229=FILL_AREA_STYLE('',(#8425));
#8230=FILL_AREA_STYLE('',(#8426));
#8231=FILL_AREA_STYLE('',(#8427));
#8232=FILL_AREA_STYLE('',(#8428));
#8233=FILL_AREA_STYLE('',(#8429));
#8234=FILL_AREA_STYLE('',(#8430));
#8235=FILL_AREA_STYLE('',(#8431));
#8236=FILL_AREA_STYLE('',(#8432));
#8237=FILL_AREA_STYLE('',(#8433));
#8238=FILL_AREA_STYLE('',(#8434));
#8239=FILL_AREA_STYLE('',(#8435));
#8240=FILL_AREA_STYLE('',(#8436));
#8241=FILL_AREA_STYLE('',(#8437));
#8242=FILL_AREA_STYLE('',(#8438));
#8243=FILL_AREA_STYLE('',(#8439));
#8244=FILL_AREA_STYLE('',(#8440));
#8245=FILL_AREA_STYLE('',(#8441));
#8246=FILL_AREA_STYLE('',(#8442));
#8247=FILL_AREA_STYLE('',(#8443));
#8248=FILL_AREA_STYLE('',(#8444));
#8249=FILL_AREA_STYLE('',(#8445));
#8250=FILL_AREA_STYLE('',(#8446));
#8251=FILL_AREA_STYLE('',(#8447));
#8252=FILL_AREA_STYLE('',(#8448));
#8253=FILL_AREA_STYLE('',(#8449));
#8254=FILL_AREA_STYLE('',(#8450));
#8255=FILL_AREA_STYLE('',(#8451));
#8256=FILL_AREA_STYLE('',(#8452));
#8257=FILL_AREA_STYLE('',(#8453));
#8258=FILL_AREA_STYLE('',(#8454));
#8259=FILL_AREA_STYLE('',(#8455));
#8260=FILL_AREA_STYLE('',(#8456));
#8261=FILL_AREA_STYLE('',(#8457));
#8262=FILL_AREA_STYLE('',(#8458));
#8263=FILL_AREA_STYLE('',(#8459));
#8264=FILL_AREA_STYLE('',(#8460));
#8265=FILL_AREA_STYLE('',(#8461));
#8266=FILL_AREA_STYLE('',(#8462));
#8267=FILL_AREA_STYLE('',(#8463));
#8268=FILL_AREA_STYLE('',(#8464));
#8269=FILL_AREA_STYLE('',(#8465));
#8270=FILL_AREA_STYLE('',(#8466));
#8271=FILL_AREA_STYLE('',(#8467));
#8272=FILL_AREA_STYLE('',(#8468));
#8273=FILL_AREA_STYLE('',(#8469));
#8274=FILL_AREA_STYLE('',(#8470));
#8275=FILL_AREA_STYLE('',(#8471));
#8276=FILL_AREA_STYLE('',(#8472));
#8277=FILL_AREA_STYLE('',(#8473));
#8278=FILL_AREA_STYLE('',(#8474));
#8279=FILL_AREA_STYLE('',(#8475));
#8280=FILL_AREA_STYLE('',(#8476));
#8281=FILL_AREA_STYLE('',(#8477));
#8282=FILL_AREA_STYLE('',(#8478));
#8283=FILL_AREA_STYLE('',(#8479));
#8284=FILL_AREA_STYLE('',(#8480));
#8285=FILL_AREA_STYLE('',(#8481));
#8286=FILL_AREA_STYLE('',(#8482));
#8287=FILL_AREA_STYLE('',(#8483));
#8288=FILL_AREA_STYLE('',(#8484));
#8289=FILL_AREA_STYLE('',(#8485));
#8290=FILL_AREA_STYLE('',(#8486));
#8291=FILL_AREA_STYLE('',(#8487));
#8292=FILL_AREA_STYLE('',(#8488));
#8293=FILL_AREA_STYLE('',(#8489));
#8294=FILL_AREA_STYLE_COLOUR('',#8490);
#8295=FILL_AREA_STYLE_COLOUR('',#8490);
#8296=FILL_AREA_STYLE_COLOUR('',#8490);
#8297=FILL_AREA_STYLE_COLOUR('',#8490);
#8298=FILL_AREA_STYLE_COLOUR('',#8490);
#8299=FILL_AREA_STYLE_COLOUR('',#8490);
#8300=FILL_AREA_STYLE_COLOUR('',#8490);
#8301=FILL_AREA_STYLE_COLOUR('',#8490);
#8302=FILL_AREA_STYLE_COLOUR('',#8490);
#8303=FILL_AREA_STYLE_COLOUR('',#8490);
#8304=FILL_AREA_STYLE_COLOUR('',#8490);
#8305=FILL_AREA_STYLE_COLOUR('',#8490);
#8306=FILL_AREA_STYLE_COLOUR('',#8490);
#8307=FILL_AREA_STYLE_COLOUR('',#8490);
#8308=FILL_AREA_STYLE_COLOUR('',#8490);
#8309=FILL_AREA_STYLE_COLOUR('',#8490);
#8310=FILL_AREA_STYLE_COLOUR('',#8490);
#8311=FILL_AREA_STYLE_COLOUR('',#8490);
#8312=FILL_AREA_STYLE_COLOUR('',#8490);
#8313=FILL_AREA_STYLE_COLOUR('',#8490);
#8314=FILL_AREA_STYLE_COLOUR('',#8490);
#8315=FILL_AREA_STYLE_COLOUR('',#8490);
#8316=FILL_AREA_STYLE_COLOUR('',#8490);
#8317=FILL_AREA_STYLE_COLOUR('',#8490);
#8318=FILL_AREA_STYLE_COLOUR('',#8490);
#8319=FILL_AREA_STYLE_COLOUR('',#8490);
#8320=FILL_AREA_STYLE_COLOUR('',#8490);
#8321=FILL_AREA_STYLE_COLOUR('',#8490);
#8322=FILL_AREA_STYLE_COLOUR('',#8490);
#8323=FILL_AREA_STYLE_COLOUR('',#8490);
#8324=FILL_AREA_STYLE_COLOUR('',#8490);
#8325=FILL_AREA_STYLE_COLOUR('',#8490);
#8326=FILL_AREA_STYLE_COLOUR('',#8490);
#8327=FILL_AREA_STYLE_COLOUR('',#8490);
#8328=FILL_AREA_STYLE_COLOUR('',#8490);
#8329=FILL_AREA_STYLE_COLOUR('',#8490);
#8330=FILL_AREA_STYLE_COLOUR('',#8490);
#8331=FILL_AREA_STYLE_COLOUR('',#8490);
#8332=FILL_AREA_STYLE_COLOUR('',#8490);
#8333=FILL_AREA_STYLE_COLOUR('',#8490);
#8334=FILL_AREA_STYLE_COLOUR('',#8490);
#8335=FILL_AREA_STYLE_COLOUR('',#8490);
#8336=FILL_AREA_STYLE_COLOUR('',#8490);
#8337=FILL_AREA_STYLE_COLOUR('',#8490);
#8338=FILL_AREA_STYLE_COLOUR('',#8490);
#8339=FILL_AREA_STYLE_COLOUR('',#8490);
#8340=FILL_AREA_STYLE_COLOUR('',#8490);
#8341=FILL_AREA_STYLE_COLOUR('',#8490);
#8342=FILL_AREA_STYLE_COLOUR('',#8490);
#8343=FILL_AREA_STYLE_COLOUR('',#8490);
#8344=FILL_AREA_STYLE_COLOUR('',#8490);
#8345=FILL_AREA_STYLE_COLOUR('',#8490);
#8346=FILL_AREA_STYLE_COLOUR('',#8490);
#8347=FILL_AREA_STYLE_COLOUR('',#8490);
#8348=FILL_AREA_STYLE_COLOUR('',#8490);
#8349=FILL_AREA_STYLE_COLOUR('',#8491);
#8350=FILL_AREA_STYLE_COLOUR('',#8491);
#8351=FILL_AREA_STYLE_COLOUR('',#8491);
#8352=FILL_AREA_STYLE_COLOUR('',#8491);
#8353=FILL_AREA_STYLE_COLOUR('',#8491);
#8354=FILL_AREA_STYLE_COLOUR('',#8491);
#8355=FILL_AREA_STYLE_COLOUR('',#8491);
#8356=FILL_AREA_STYLE_COLOUR('',#8491);
#8357=FILL_AREA_STYLE_COLOUR('',#8491);
#8358=FILL_AREA_STYLE_COLOUR('',#8491);
#8359=FILL_AREA_STYLE_COLOUR('',#8491);
#8360=FILL_AREA_STYLE_COLOUR('',#8491);
#8361=FILL_AREA_STYLE_COLOUR('',#8491);
#8362=FILL_AREA_STYLE_COLOUR('',#8490);
#8363=FILL_AREA_STYLE_COLOUR('',#8490);
#8364=FILL_AREA_STYLE_COLOUR('',#8492);
#8365=FILL_AREA_STYLE_COLOUR('',#8490);
#8366=FILL_AREA_STYLE_COLOUR('',#8490);
#8367=FILL_AREA_STYLE_COLOUR('',#8492);
#8368=FILL_AREA_STYLE_COLOUR('',#8492);
#8369=FILL_AREA_STYLE_COLOUR('',#8490);
#8370=FILL_AREA_STYLE_COLOUR('',#8490);
#8371=FILL_AREA_STYLE_COLOUR('',#8490);
#8372=FILL_AREA_STYLE_COLOUR('',#8490);
#8373=FILL_AREA_STYLE_COLOUR('',#8492);
#8374=FILL_AREA_STYLE_COLOUR('',#8492);
#8375=FILL_AREA_STYLE_COLOUR('',#8492);
#8376=FILL_AREA_STYLE_COLOUR('',#8491);
#8377=FILL_AREA_STYLE_COLOUR('',#8491);
#8378=FILL_AREA_STYLE_COLOUR('',#8491);
#8379=FILL_AREA_STYLE_COLOUR('',#8491);
#8380=FILL_AREA_STYLE_COLOUR('',#8491);
#8381=FILL_AREA_STYLE_COLOUR('',#8491);
#8382=FILL_AREA_STYLE_COLOUR('',#8491);
#8383=FILL_AREA_STYLE_COLOUR('',#8491);
#8384=FILL_AREA_STYLE_COLOUR('',#8490);
#8385=FILL_AREA_STYLE_COLOUR('',#8490);
#8386=FILL_AREA_STYLE_COLOUR('',#8490);
#8387=FILL_AREA_STYLE_COLOUR('',#8490);
#8388=FILL_AREA_STYLE_COLOUR('',#8490);
#8389=FILL_AREA_STYLE_COLOUR('',#8490);
#8390=FILL_AREA_STYLE_COLOUR('',#8490);
#8391=FILL_AREA_STYLE_COLOUR('',#8490);
#8392=FILL_AREA_STYLE_COLOUR('',#8490);
#8393=FILL_AREA_STYLE_COLOUR('',#8490);
#8394=FILL_AREA_STYLE_COLOUR('',#8490);
#8395=FILL_AREA_STYLE_COLOUR('',#8490);
#8396=FILL_AREA_STYLE_COLOUR('',#8490);
#8397=FILL_AREA_STYLE_COLOUR('',#8490);
#8398=FILL_AREA_STYLE_COLOUR('',#8490);
#8399=FILL_AREA_STYLE_COLOUR('',#8490);
#8400=FILL_AREA_STYLE_COLOUR('',#8490);
#8401=FILL_AREA_STYLE_COLOUR('',#8490);
#8402=FILL_AREA_STYLE_COLOUR('',#8490);
#8403=FILL_AREA_STYLE_COLOUR('',#8490);
#8404=FILL_AREA_STYLE_COLOUR('',#8490);
#8405=FILL_AREA_STYLE_COLOUR('',#8490);
#8406=FILL_AREA_STYLE_COLOUR('',#8490);
#8407=FILL_AREA_STYLE_COLOUR('',#8490);
#8408=FILL_AREA_STYLE_COLOUR('',#8490);
#8409=FILL_AREA_STYLE_COLOUR('',#8490);
#8410=FILL_AREA_STYLE_COLOUR('',#8490);
#8411=FILL_AREA_STYLE_COLOUR('',#8490);
#8412=FILL_AREA_STYLE_COLOUR('',#8490);
#8413=FILL_AREA_STYLE_COLOUR('',#8490);
#8414=FILL_AREA_STYLE_COLOUR('',#8490);
#8415=FILL_AREA_STYLE_COLOUR('',#8490);
#8416=FILL_AREA_STYLE_COLOUR('',#8490);
#8417=FILL_AREA_STYLE_COLOUR('',#8490);
#8418=FILL_AREA_STYLE_COLOUR('',#8490);
#8419=FILL_AREA_STYLE_COLOUR('',#8490);
#8420=FILL_AREA_STYLE_COLOUR('',#8490);
#8421=FILL_AREA_STYLE_COLOUR('',#8490);
#8422=FILL_AREA_STYLE_COLOUR('',#8490);
#8423=FILL_AREA_STYLE_COLOUR('',#8490);
#8424=FILL_AREA_STYLE_COLOUR('',#8490);
#8425=FILL_AREA_STYLE_COLOUR('',#8490);
#8426=FILL_AREA_STYLE_COLOUR('',#8490);
#8427=FILL_AREA_STYLE_COLOUR('',#8490);
#8428=FILL_AREA_STYLE_COLOUR('',#8490);
#8429=FILL_AREA_STYLE_COLOUR('',#8490);
#8430=FILL_AREA_STYLE_COLOUR('',#8490);
#8431=FILL_AREA_STYLE_COLOUR('',#8490);
#8432=FILL_AREA_STYLE_COLOUR('',#8490);
#8433=FILL_AREA_STYLE_COLOUR('',#8490);
#8434=FILL_AREA_STYLE_COLOUR('',#8490);
#8435=FILL_AREA_STYLE_COLOUR('',#8490);
#8436=FILL_AREA_STYLE_COLOUR('',#8490);
#8437=FILL_AREA_STYLE_COLOUR('',#8490);
#8438=FILL_AREA_STYLE_COLOUR('',#8490);
#8439=FILL_AREA_STYLE_COLOUR('',#8490);
#8440=FILL_AREA_STYLE_COLOUR('',#8490);
#8441=FILL_AREA_STYLE_COLOUR('',#8490);
#8442=FILL_AREA_STYLE_COLOUR('',#8490);
#8443=FILL_AREA_STYLE_COLOUR('',#8490);
#8444=FILL_AREA_STYLE_COLOUR('',#8490);
#8445=FILL_AREA_STYLE_COLOUR('',#8490);
#8446=FILL_AREA_STYLE_COLOUR('',#8490);
#8447=FILL_AREA_STYLE_COLOUR('',#8490);
#8448=FILL_AREA_STYLE_COLOUR('',#8490);
#8449=FILL_AREA_STYLE_COLOUR('',#8490);
#8450=FILL_AREA_STYLE_COLOUR('',#8490);
#8451=FILL_AREA_STYLE_COLOUR('',#8490);
#8452=FILL_AREA_STYLE_COLOUR('',#8490);
#8453=FILL_AREA_STYLE_COLOUR('',#8490);
#8454=FILL_AREA_STYLE_COLOUR('',#8490);
#8455=FILL_AREA_STYLE_COLOUR('',#8490);
#8456=FILL_AREA_STYLE_COLOUR('',#8490);
#8457=FILL_AREA_STYLE_COLOUR('',#8490);
#8458=FILL_AREA_STYLE_COLOUR('',#8490);
#8459=FILL_AREA_STYLE_COLOUR('',#8490);
#8460=FILL_AREA_STYLE_COLOUR('',#8490);
#8461=FILL_AREA_STYLE_COLOUR('',#8490);
#8462=FILL_AREA_STYLE_COLOUR('',#8490);
#8463=FILL_AREA_STYLE_COLOUR('',#8490);
#8464=FILL_AREA_STYLE_COLOUR('',#8490);
#8465=FILL_AREA_STYLE_COLOUR('',#8490);
#8466=FILL_AREA_STYLE_COLOUR('',#8490);
#8467=FILL_AREA_STYLE_COLOUR('',#8490);
#8468=FILL_AREA_STYLE_COLOUR('',#8490);
#8469=FILL_AREA_STYLE_COLOUR('',#8490);
#8470=FILL_AREA_STYLE_COLOUR('',#8490);
#8471=FILL_AREA_STYLE_COLOUR('',#8490);
#8472=FILL_AREA_STYLE_COLOUR('',#8490);
#8473=FILL_AREA_STYLE_COLOUR('',#8490);
#8474=FILL_AREA_STYLE_COLOUR('',#8490);
#8475=FILL_AREA_STYLE_COLOUR('',#8490);
#8476=FILL_AREA_STYLE_COLOUR('',#8490);
#8477=FILL_AREA_STYLE_COLOUR('',#8490);
#8478=FILL_AREA_STYLE_COLOUR('',#8490);
#8479=FILL_AREA_STYLE_COLOUR('',#8490);
#8480=FILL_AREA_STYLE_COLOUR('',#8490);
#8481=FILL_AREA_STYLE_COLOUR('',#8490);
#8482=FILL_AREA_STYLE_COLOUR('',#8490);
#8483=FILL_AREA_STYLE_COLOUR('',#8490);
#8484=FILL_AREA_STYLE_COLOUR('',#8490);
#8485=FILL_AREA_STYLE_COLOUR('',#8490);
#8486=FILL_AREA_STYLE_COLOUR('',#8490);
#8487=FILL_AREA_STYLE_COLOUR('',#8490);
#8488=FILL_AREA_STYLE_COLOUR('',#8490);
#8489=FILL_AREA_STYLE_COLOUR('',#8493);
#8490=COLOUR_RGB('',0.95686274766922,0.95686274766922,0.898039221763611);
#8491=COLOUR_RGB('',0.32548999786377,0.32548999786377,0.32548999786377);
#8492=COLOUR_RGB('',0.89411801099777,0.87843102216721,0.92549002170563);
#8493=COLOUR_RGB('',0.772549033164978,0.772549033164978,0.772549033164978);
#8494=ADVANCED_FACE('',(#6414),#6777,.F.);
#8495=ADVANCED_FACE('',(#6415),#6778,.F.);
#8496=ADVANCED_FACE('',(#6416),#6779,.F.);
#8497=ADVANCED_FACE('',(#6417),#6780,.F.);
#8498=ADVANCED_FACE('',(#6418),#6781,.F.);
#8499=ADVANCED_FACE('',(#6419),#6782,.F.);
#8500=ADVANCED_FACE('',(#6420),#6783,.F.);
#8501=ADVANCED_FACE('',(#6421),#6784,.F.);
#8502=ADVANCED_FACE('',(#6422),#6785,.F.);
#8503=ADVANCED_FACE('',(#6423),#6786,.F.);
#8504=ADVANCED_FACE('',(#6424),#6787,.F.);
#8505=ADVANCED_FACE('',(#6425),#6788,.F.);
#8506=ADVANCED_FACE('',(#6426),#6789,.F.);
#8507=ADVANCED_FACE('',(#6427),#6790,.F.);
#8508=ADVANCED_FACE('',(#6428),#6791,.F.);
#8509=ADVANCED_FACE('',(#6429),#6792,.F.);
#8510=ADVANCED_FACE('',(#6430),#6793,.F.);
#8511=ADVANCED_FACE('',(#6431),#6794,.F.);
#8512=ADVANCED_FACE('',(#6432),#6795,.F.);
#8513=ADVANCED_FACE('',(#6433),#6796,.F.);
#8514=ADVANCED_FACE('',(#6434),#6797,.F.);
#8515=ADVANCED_FACE('',(#6435),#6798,.F.);
#8516=ADVANCED_FACE('',(#6436),#6799,.F.);
#8517=ADVANCED_FACE('',(#6437),#6800,.F.);
#8518=ADVANCED_FACE('',(#6438),#6801,.F.);
#8519=ADVANCED_FACE('',(#6439),#6802,.F.);
#8520=ADVANCED_FACE('',(#6440),#6803,.F.);
#8521=ADVANCED_FACE('',(#6441),#6804,.F.);
#8522=ADVANCED_FACE('',(#6442),#6805,.F.);
#8523=ADVANCED_FACE('',(#6443),#6806,.F.);
#8524=ADVANCED_FACE('',(#6444),#6807,.F.);
#8525=ADVANCED_FACE('',(#6445),#6808,.F.);
#8526=ADVANCED_FACE('',(#6446),#6809,.F.);
#8527=ADVANCED_FACE('',(#6447),#6810,.T.);
#8528=ADVANCED_FACE('',(#6448),#6811,.T.);
#8529=ADVANCED_FACE('',(#6449),#6812,.T.);
#8530=ADVANCED_FACE('',(#6450),#6813,.T.);
#8531=ADVANCED_FACE('',(#6451),#6814,.T.);
#8532=ADVANCED_FACE('',(#6452),#6815,.T.);
#8533=ADVANCED_FACE('',(#6453),#6816,.T.);
#8534=ADVANCED_FACE('',(#6454),#6817,.T.);
#8535=ADVANCED_FACE('',(#6455),#6818,.T.);
#8536=ADVANCED_FACE('',(#6456),#6819,.T.);
#8537=ADVANCED_FACE('',(#6457),#6820,.F.);
#8538=ADVANCED_FACE('',(#6458),#6821,.F.);
#8539=ADVANCED_FACE('',(#6459),#6822,.F.);
#8540=ADVANCED_FACE('',(#6460),#6823,.F.);
#8541=ADVANCED_FACE('',(#6461),#6824,.F.);
#8542=ADVANCED_FACE('',(#6462),#6825,.F.);
#8543=ADVANCED_FACE('',(#6463),#6826,.F.);
#8544=ADVANCED_FACE('',(#6464),#6827,.F.);
#8545=ADVANCED_FACE('',(#6465),#6828,.F.);
#8546=ADVANCED_FACE('',(#6466),#6829,.F.);
#8547=ADVANCED_FACE('',(#6467),#6830,.F.);
#8548=ADVANCED_FACE('',(#6468),#6831,.T.);
#8549=ADVANCED_FACE('',(#6469),#6832,.F.);
#8550=ADVANCED_FACE('',(#6470),#6833,.F.);
#8551=ADVANCED_FACE('',(#6471),#6834,.F.);
#8552=ADVANCED_FACE('',(#6472),#6835,.F.);
#8553=ADVANCED_FACE('',(#6473),#6836,.F.);
#8554=ADVANCED_FACE('',(#6474),#6837,.F.);
#8555=ADVANCED_FACE('',(#6475),#6838,.F.);
#8556=ADVANCED_FACE('',(#6476),#6839,.F.);
#8557=ADVANCED_FACE('',(#6477),#30,.T.);
#8558=ADVANCED_FACE('',(#6478),#31,.T.);
#8559=ADVANCED_FACE('',(#6479),#6840,.F.);
#8560=ADVANCED_FACE('',(#6480),#6841,.F.);
#8561=ADVANCED_FACE('',(#6481),#6842,.T.);
#8562=ADVANCED_FACE('',(#6482),#6843,.F.);
#8563=ADVANCED_FACE('',(#6483),#6844,.F.);
#8564=ADVANCED_FACE('',(#6484),#6845,.F.);
#8565=ADVANCED_FACE('',(#6485),#6846,.F.);
#8566=ADVANCED_FACE('',(#6486),#6847,.F.);
#8567=ADVANCED_FACE('',(#6487),#6848,.T.);
#8568=ADVANCED_FACE('',(#6488),#6849,.F.);
#8569=ADVANCED_FACE('',(#6489),#6850,.F.);
#8570=ADVANCED_FACE('',(#6490),#6851,.F.);
#8571=ADVANCED_FACE('',(#6491),#6852,.F.);
#8572=ADVANCED_FACE('',(#6492),#6853,.F.);
#8573=ADVANCED_FACE('',(#6493),#6854,.F.);
#8574=ADVANCED_FACE('',(#6494),#6855,.T.);
#8575=ADVANCED_FACE('',(#6495),#6856,.F.);
#8576=ADVANCED_FACE('',(#6496),#6857,.T.);
#8577=ADVANCED_FACE('',(#6497),#6858,.T.);
#8578=ADVANCED_FACE('',(#6498),#6859,.T.);
#8579=ADVANCED_FACE('',(#6499),#6860,.T.);
#8580=ADVANCED_FACE('',(#6500),#6861,.T.);
#8581=ADVANCED_FACE('',(#6501),#6862,.T.);
#8582=ADVANCED_FACE('',(#6502),#6863,.T.);
#8583=ADVANCED_FACE('',(#6503),#6864,.T.);
#8584=ADVANCED_FACE('',(#6504),#6865,.F.);
#8585=ADVANCED_FACE('',(#6505),#6866,.F.);
#8586=ADVANCED_FACE('',(#6506),#6867,.F.);
#8587=ADVANCED_FACE('',(#6507),#6868,.T.);
#8588=ADVANCED_FACE('',(#6508),#6869,.F.);
#8589=ADVANCED_FACE('',(#6509),#6870,.T.);
#8590=ADVANCED_FACE('',(#6510),#6871,.T.);
#8591=ADVANCED_FACE('',(#6511),#6872,.T.);
#8592=ADVANCED_FACE('',(#6512),#6873,.T.);
#8593=ADVANCED_FACE('',(#6513),#6874,.T.);
#8594=ADVANCED_FACE('',(#6514),#6875,.T.);
#8595=ADVANCED_FACE('',(#6515),#6876,.T.);
#8596=ADVANCED_FACE('',(#6516),#6877,.T.);
#8597=ADVANCED_FACE('',(#6517),#6878,.T.);
#8598=ADVANCED_FACE('',(#6518),#6879,.T.);
#8599=ADVANCED_FACE('',(#6519),#6880,.T.);
#8600=ADVANCED_FACE('',(#6520),#6881,.T.);
#8601=ADVANCED_FACE('',(#6521),#6882,.T.);
#8602=ADVANCED_FACE('',(#6522),#6883,.T.);
#8603=ADVANCED_FACE('',(#6523),#6884,.T.);
#8604=ADVANCED_FACE('',(#6524),#6885,.T.);
#8605=ADVANCED_FACE('',(#6525),#6886,.T.);
#8606=ADVANCED_FACE('',(#6526),#6887,.T.);
#8607=ADVANCED_FACE('',(#6527),#6888,.T.);
#8608=ADVANCED_FACE('',(#6528),#6889,.T.);
#8609=ADVANCED_FACE('',(#6529),#6890,.T.);
#8610=ADVANCED_FACE('',(#6530),#6891,.F.);
#8611=ADVANCED_FACE('',(#6531),#6892,.T.);
#8612=ADVANCED_FACE('',(#6532),#6893,.F.);
#8613=ADVANCED_FACE('',(#6533),#6894,.T.);
#8614=ADVANCED_FACE('',(#6534),#6895,.F.);
#8615=ADVANCED_FACE('',(#6535),#6896,.T.);
#8616=ADVANCED_FACE('',(#6536),#6897,.F.);
#8617=ADVANCED_FACE('',(#6537),#6898,.T.);
#8618=ADVANCED_FACE('',(#6538),#6899,.F.);
#8619=ADVANCED_FACE('',(#6539),#6900,.T.);
#8620=ADVANCED_FACE('',(#6540),#6901,.F.);
#8621=ADVANCED_FACE('',(#6541),#6902,.T.);
#8622=ADVANCED_FACE('',(#6542),#6903,.F.);
#8623=ADVANCED_FACE('',(#6543),#6904,.T.);
#8624=ADVANCED_FACE('',(#6544),#6905,.F.);
#8625=ADVANCED_FACE('',(#6545),#6906,.T.);
#8626=ADVANCED_FACE('',(#6546),#6907,.F.);
#8627=ADVANCED_FACE('',(#6547),#6908,.T.);
#8628=ADVANCED_FACE('',(#6548),#6909,.F.);
#8629=ADVANCED_FACE('',(#6549),#6910,.T.);
#8630=ADVANCED_FACE('',(#6550),#6911,.F.);
#8631=ADVANCED_FACE('',(#6551),#6912,.T.);
#8632=ADVANCED_FACE('',(#6552),#6913,.F.);
#8633=ADVANCED_FACE('',(#6553),#6914,.T.);
#8634=ADVANCED_FACE('',(#6554),#6915,.F.);
#8635=ADVANCED_FACE('',(#6555),#6916,.T.);
#8636=ADVANCED_FACE('',(#6556),#6917,.F.);
#8637=ADVANCED_FACE('',(#6557),#6918,.T.);
#8638=ADVANCED_FACE('',(#6558),#6919,.F.);
#8639=ADVANCED_FACE('',(#6559),#6920,.T.);
#8640=ADVANCED_FACE('',(#6560),#6921,.F.);
#8641=ADVANCED_FACE('',(#6561),#6922,.T.);
#8642=ADVANCED_FACE('',(#6562),#6923,.F.);
#8643=ADVANCED_FACE('',(#6563),#6924,.T.);
#8644=ADVANCED_FACE('',(#6564),#6925,.F.);
#8645=ADVANCED_FACE('',(#6565),#6926,.T.);
#8646=ADVANCED_FACE('',(#6566),#6927,.F.);
#8647=ADVANCED_FACE('',(#6567),#6928,.T.);
#8648=ADVANCED_FACE('',(#6568),#6929,.F.);
#8649=ADVANCED_FACE('',(#6569),#6930,.F.);
#8650=ADVANCED_FACE('',(#6570),#6931,.F.);
#8651=ADVANCED_FACE('',(#6571),#6932,.F.);
#8652=ADVANCED_FACE('',(#6572),#6933,.T.);
#8653=ADVANCED_FACE('',(#6573),#6934,.F.);
#8654=ADVANCED_FACE('',(#6574),#6935,.F.);
#8655=ADVANCED_FACE('',(#6575),#6936,.F.);
#8656=ADVANCED_FACE('',(#6576),#6937,.T.);
#8657=ADVANCED_FACE('',(#6577),#6938,.F.);
#8658=ADVANCED_FACE('',(#6578),#6939,.F.);
#8659=ADVANCED_FACE('',(#6579),#6940,.F.);
#8660=ADVANCED_FACE('',(#6580),#6941,.T.);
#8661=ADVANCED_FACE('',(#6581),#6942,.F.);
#8662=ADVANCED_FACE('',(#6582),#6943,.F.);
#8663=ADVANCED_FACE('',(#6583),#6944,.F.);
#8664=ADVANCED_FACE('',(#6584),#6945,.T.);
#8665=ADVANCED_FACE('',(#6585),#6946,.F.);
#8666=ADVANCED_FACE('',(#6586),#6947,.F.);
#8667=ADVANCED_FACE('',(#6587),#6948,.F.);
#8668=ADVANCED_FACE('',(#6588),#6949,.T.);
#8669=ADVANCED_FACE('',(#6589),#6950,.F.);
#8670=ADVANCED_FACE('',(#6590),#6951,.F.);
#8671=ADVANCED_FACE('',(#6591),#6952,.F.);
#8672=ADVANCED_FACE('',(#6592),#6953,.T.);
#8673=ADVANCED_FACE('',(#6593),#6954,.F.);
#8674=ADVANCED_FACE('',(#6594),#6955,.F.);
#8675=ADVANCED_FACE('',(#6595),#6956,.F.);
#8676=ADVANCED_FACE('',(#6596),#6957,.T.);
#8677=ADVANCED_FACE('',(#6597),#6958,.F.);
#8678=ADVANCED_FACE('',(#6598),#6959,.F.);
#8679=ADVANCED_FACE('',(#6599),#6960,.F.);
#8680=ADVANCED_FACE('',(#6600),#6961,.T.);
#8681=ADVANCED_FACE('',(#6601),#6962,.F.);
#8682=ADVANCED_FACE('',(#6602),#6963,.F.);
#8683=ADVANCED_FACE('',(#6603),#6964,.F.);
#8684=ADVANCED_FACE('',(#6604),#6965,.T.);
#8685=ADVANCED_FACE('',(#6605),#6966,.T.);
#8686=ADVANCED_FACE('',(#6606),#6967,.F.);
#8687=ADVANCED_FACE('',(#6607),#6968,.F.);
#8688=ADVANCED_FACE('',(#6608),#6969,.F.);
#8689=ADVANCED_FACE('',(#6609),#6970,.T.);
#8690=ADVANCED_FACE('',(#6610),#6971,.F.);
#8691=ADVANCED_FACE('',(#6611),#6972,.F.);
#8692=ADVANCED_FACE('',(#6612),#6973,.F.);
#8693=ADVANCED_FACE('',(#6613),#6974,.F.);
#8694=ADVANCED_FACE('',(#6614),#6975,.F.);
#8695=ADVANCED_FACE('',(#6615),#6976,.F.);
#8696=ADVANCED_FACE('',(#6616),#6977,.F.);
#8697=ADVANCED_FACE('',(#6617),#6978,.F.);
#8698=ADVANCED_FACE('',(#6618),#6979,.F.);
#8699=ADVANCED_FACE('',(#6619),#6980,.F.);
#8700=ADVANCED_FACE('',(#6620),#6981,.F.);
#8701=ADVANCED_FACE('',(#6621),#6982,.F.);
#8702=ADVANCED_FACE('',(#6622),#6983,.F.);
#8703=ADVANCED_FACE('',(#6623),#6984,.F.);
#8704=ADVANCED_FACE('',(#6624),#6985,.F.);
#8705=ADVANCED_FACE('',(#6625),#6986,.F.);
#8706=ADVANCED_FACE('',(#6626),#6987,.F.);
#8707=ADVANCED_FACE('',(#6627),#6988,.F.);
#8708=ADVANCED_FACE('',(#6628),#6989,.F.);
#8709=ADVANCED_FACE('',(#6629),#6990,.F.);
#8710=ADVANCED_FACE('',(#6630),#6991,.F.);
#8711=ADVANCED_FACE('',(#6631),#6992,.F.);
#8712=ADVANCED_FACE('',(#6632),#6993,.F.);
#8713=ADVANCED_FACE('',(#6633),#6994,.F.);
#8714=ADVANCED_FACE('',(#6634),#6995,.F.);
#8715=ADVANCED_FACE('',(#6635),#6996,.F.);
#8716=ADVANCED_FACE('',(#6636),#6997,.F.);
#8717=ADVANCED_FACE('',(#6637),#32,.T.);
#8718=ADVANCED_FACE('',(#6638),#33,.T.);
#8719=ADVANCED_FACE('',(#6639),#34,.T.);
#8720=ADVANCED_FACE('',(#6640),#35,.T.);
#8721=ADVANCED_FACE('',(#6641),#36,.T.);
#8722=ADVANCED_FACE('',(#6642),#6998,.F.);
#8723=ADVANCED_FACE('',(#6643),#6999,.F.);
#8724=ADVANCED_FACE('',(#6644),#7000,.F.);
#8725=ADVANCED_FACE('',(#6645),#7001,.F.);
#8726=ADVANCED_FACE('',(#6646),#7002,.F.);
#8727=ADVANCED_FACE('',(#6647),#37,.F.);
#8728=ADVANCED_FACE('',(#6648),#38,.F.);
#8729=ADVANCED_FACE('',(#6649),#39,.F.);
#8730=ADVANCED_FACE('',(#6650),#40,.F.);
#8731=ADVANCED_FACE('',(#6651),#41,.F.);
#8732=ADVANCED_FACE('',(#6652),#7003,.F.);
#8733=ADVANCED_FACE('',(#6653),#7004,.F.);
#8734=ADVANCED_FACE('',(#6654),#7005,.F.);
#8735=ADVANCED_FACE('',(#6655),#7006,.F.);
#8736=ADVANCED_FACE('',(#6656),#7007,.F.);
#8737=ADVANCED_FACE('',(#6657),#7008,.F.);
#8738=ADVANCED_FACE('',(#6658),#42,.F.);
#8739=ADVANCED_FACE('',(#6659),#43,.F.);
#8740=ADVANCED_FACE('',(#6660),#44,.F.);
#8741=ADVANCED_FACE('',(#6661),#45,.F.);
#8742=ADVANCED_FACE('',(#6662),#46,.F.);
#8743=ADVANCED_FACE('',(#6663),#7009,.F.);
#8744=ADVANCED_FACE('',(#6664),#7010,.F.);
#8745=ADVANCED_FACE('',(#6665),#7011,.F.);
#8746=ADVANCED_FACE('',(#6666),#7012,.F.);
#8747=ADVANCED_FACE('',(#6667),#7013,.F.);
#8748=ADVANCED_FACE('',(#6668),#47,.T.);
#8749=ADVANCED_FACE('',(#6669),#48,.T.);
#8750=ADVANCED_FACE('',(#6670),#49,.T.);
#8751=ADVANCED_FACE('',(#6671),#50,.T.);
#8752=ADVANCED_FACE('',(#6672),#51,.T.);
#8753=ADVANCED_FACE('',(#6673),#7014,.F.);
#8754=ADVANCED_FACE('',(#6674),#7015,.F.);
#8755=ADVANCED_FACE('',(#6675),#7016,.F.);
#8756=ADVANCED_FACE('',(#6676),#7017,.F.);
#8757=ADVANCED_FACE('',(#6677),#7018,.F.);
#8758=ADVANCED_FACE('',(#6678),#7019,.F.);
#8759=ADVANCED_FACE('',(#6679),#7020,.F.);
#8760=ADVANCED_FACE('',(#6680),#7021,.F.);
#8761=ADVANCED_FACE('',(#6681),#7022,.F.);
#8762=ADVANCED_FACE('',(#6682),#7023,.F.);
#8763=ADVANCED_FACE('',(#6683),#7024,.F.);
#8764=ADVANCED_FACE('',(#6684),#7025,.F.);
#8765=ADVANCED_FACE('',(#6685),#7026,.F.);
#8766=ADVANCED_FACE('',(#6686),#7027,.F.);
#8767=ADVANCED_FACE('',(#6687),#7028,.F.);
#8768=ADVANCED_FACE('',(#6688),#7029,.F.);
#8769=ADVANCED_FACE('',(#6689),#7030,.F.);
#8770=ADVANCED_FACE('',(#6690),#7031,.F.);
#8771=ADVANCED_FACE('',(#6691),#7032,.F.);
#8772=ADVANCED_FACE('',(#6692),#7033,.F.);
#8773=ADVANCED_FACE('',(#6693),#7034,.F.);
#8774=ADVANCED_FACE('',(#6694),#7035,.F.);
#8775=ADVANCED_FACE('',(#6695),#7036,.F.);
#8776=ADVANCED_FACE('',(#6696),#7037,.F.);
#8777=ADVANCED_FACE('',(#6697),#7038,.F.);
#8778=ADVANCED_FACE('',(#6698),#7039,.F.);
#8779=ADVANCED_FACE('',(#6699),#7040,.F.);
#8780=ADVANCED_FACE('',(#6700),#7041,.F.);
#8781=ADVANCED_FACE('',(#6701),#7042,.F.);
#8782=ADVANCED_FACE('',(#6702),#7043,.F.);
#8783=ADVANCED_FACE('',(#6703),#7044,.F.);
#8784=ADVANCED_FACE('',(#6704),#7045,.F.);
#8785=ADVANCED_FACE('',(#6705),#7046,.F.);
#8786=ADVANCED_FACE('',(#6706),#7047,.F.);
#8787=ADVANCED_FACE('',(#6707),#7048,.F.);
#8788=ADVANCED_FACE('',(#6708),#7049,.F.);
#8789=ADVANCED_FACE('',(#6709),#7050,.F.);
#8790=ADVANCED_FACE('',(#6710),#7051,.F.);
#8791=ADVANCED_FACE('',(#6711),#7052,.F.);
#8792=ADVANCED_FACE('',(#6712),#7053,.F.);
#8793=ADVANCED_FACE('',(#6713),#7054,.F.);
#8794=ADVANCED_FACE('',(#6714),#7055,.F.);
#8795=ADVANCED_FACE('',(#6715),#7056,.F.);
#8796=ADVANCED_FACE('',(#6716),#7057,.F.);
#8797=ADVANCED_FACE('',(#6717),#7058,.F.);
#8798=ADVANCED_FACE('',(#6718),#7059,.F.);
#8799=ADVANCED_FACE('',(#6719),#7060,.F.);
#8800=ADVANCED_FACE('',(#6720),#7061,.T.);
#8801=ADVANCED_FACE('',(#6721),#7062,.T.);
#8802=ADVANCED_FACE('',(#6722),#7063,.T.);
#8803=ADVANCED_FACE('',(#6723),#7064,.T.);
#8804=ADVANCED_FACE('',(#6724),#7065,.T.);
#8805=ADVANCED_FACE('',(#6725),#7066,.T.);
#8806=ADVANCED_FACE('',(#6726),#7067,.T.);
#8807=ADVANCED_FACE('',(#6727),#7068,.T.);
#8808=ADVANCED_FACE('',(#6728),#7069,.T.);
#8809=ADVANCED_FACE('',(#6729),#7070,.T.);
#8810=ADVANCED_FACE('',(#6730),#7071,.T.);
#8811=ADVANCED_FACE('',(#6731),#7072,.T.);
#8812=ADVANCED_FACE('',(#6732),#7073,.T.);
#8813=ADVANCED_FACE('',(#6733),#7074,.T.);
#8814=ADVANCED_FACE('',(#6734),#7075,.T.);
#8815=ADVANCED_FACE('',(#6735),#7076,.T.);
#8816=ADVANCED_FACE('',(#6736),#7077,.T.);
#8817=ADVANCED_FACE('',(#6737),#7078,.T.);
#8818=ADVANCED_FACE('',(#6738),#7079,.T.);
#8819=ADVANCED_FACE('',(#6739),#7080,.T.);
#8820=ADVANCED_FACE('',(#6740),#7081,.T.);
#8821=ADVANCED_FACE('',(#6741),#7082,.T.);
#8822=ADVANCED_FACE('',(#6742),#7083,.T.);
#8823=ADVANCED_FACE('',(#6743),#7084,.T.);
#8824=ADVANCED_FACE('',(#6744),#7085,.T.);
#8825=ADVANCED_FACE('',(#6745),#7086,.T.);
#8826=ADVANCED_FACE('',(#6746),#7087,.T.);
#8827=ADVANCED_FACE('',(#6747),#7088,.T.);
#8828=ADVANCED_FACE('',(#6748),#7089,.T.);
#8829=ADVANCED_FACE('',(#6749),#7090,.T.);
#8830=ADVANCED_FACE('',(#6750),#7091,.T.);
#8831=ADVANCED_FACE('',(#6751),#7092,.T.);
#8832=ADVANCED_FACE('',(#6752),#7093,.T.);
#8833=ADVANCED_FACE('',(#6753),#7094,.T.);
#8834=ADVANCED_FACE('',(#6754),#7095,.T.);
#8835=ADVANCED_FACE('',(#6755),#7096,.T.);
#8836=ADVANCED_FACE('',(#6756),#7097,.T.);
#8837=ADVANCED_FACE('',(#6757),#7098,.T.);
#8838=ADVANCED_FACE('',(#6758),#7099,.T.);
#8839=ADVANCED_FACE('',(#6759),#7100,.T.);
#8840=ADVANCED_FACE('',(#6760),#7101,.T.);
#8841=ADVANCED_FACE('',(#6761),#7102,.T.);
#8842=ADVANCED_FACE('',(#6762),#7103,.T.);
#8843=ADVANCED_FACE('',(#6763),#7104,.T.);
#8844=ADVANCED_FACE('',(#6764),#7105,.T.);
#8845=ADVANCED_FACE('',(#6765),#7106,.T.);
#8846=ADVANCED_FACE('',(#6766),#7107,.T.);
#8847=ADVANCED_FACE('',(#6767),#7108,.T.);
#8848=ADVANCED_FACE('',(#6768),#7109,.T.);
#8849=ADVANCED_FACE('',(#6769),#7110,.T.);
#8850=ADVANCED_FACE('',(#6770),#7111,.T.);
#8851=ADVANCED_FACE('',(#6771),#7112,.T.);
#8852=ADVANCED_FACE('',(#6772),#7113,.T.);
#8853=ADVANCED_FACE('',(#6773),#7114,.T.);
#8854=ADVANCED_FACE('',(#6774),#7115,.T.);
#8855=ADVANCED_FACE('',(#6775),#7116,.T.);
#8856=ADVANCED_FACE('',(#6776),#7117,.T.);
#8857=CLOSED_SHELL('',(#8494,#8495,#8496,#8497,#8498,#8499,#8500,#8501,
#8502,#8503,#8504,#8505,#8506,#8507,#8508,#8509,#8510,#8511,#8512,#8513,
#8514,#8515,#8516,#8517,#8518,#8519,#8520,#8521,#8522,#8523,#8524,#8525,
#8526,#8527,#8528,#8529,#8530,#8531,#8532,#8533,#8534,#8535,#8536,#8537,
#8538,#8539,#8540,#8541,#8542,#8543,#8544,#8545,#8546,#8547,#8548,#8549,
#8550,#8551,#8552,#8553,#8554,#8555,#8556,#8557,#8558,#8559,#8560,#8561,
#8562,#8563,#8564,#8565,#8566,#8567,#8568,#8569,#8570,#8571,#8572,#8573,
#8574,#8575,#8576,#8577,#8578,#8579,#8580,#8581,#8582,#8583,#8584,#8585,
#8586,#8587,#8588,#8589,#8590,#8591,#8592,#8593,#8594,#8595,#8596,#8597,
#8598,#8599,#8600,#8601,#8602,#8603,#8604,#8605,#8606,#8607,#8608,#8609,
#8610,#8611,#8612,#8613,#8614,#8615,#8616,#8617,#8618,#8619,#8620,#8621,
#8622,#8623,#8624,#8625,#8626,#8627,#8628,#8629,#8630,#8631,#8632,#8633,
#8634,#8635,#8636,#8637,#8638,#8639,#8640,#8641,#8642,#8643,#8644,#8645,
#8646,#8647,#8648,#8649,#8650,#8651,#8652,#8653,#8654,#8655,#8656,#8657,
#8658,#8659,#8660,#8661,#8662,#8663,#8664,#8665,#8666,#8667,#8668,#8669,
#8670,#8671,#8672,#8673,#8674,#8675,#8676,#8677,#8678,#8679,#8680,#8681,
#8682,#8683,#8684,#8685,#8686,#8687,#8688));
#8858=CLOSED_SHELL('',(#8689,#8690,#8691,#8692,#8693,#8694,#8695,#8696,
#8697,#8698,#8699,#8700,#8701,#8702,#8703,#8704,#8705,#8706,#8707,#8708,
#8709,#8710,#8711,#8712,#8713,#8714,#8715,#8716,#8717,#8718,#8719,#8720,
#8721,#8722,#8723,#8724,#8725,#8726,#8727,#8728,#8729,#8730,#8731,#8732,
#8733,#8734,#8735,#8736,#8737,#8738,#8739,#8740,#8741,#8742,#8743,#8744,
#8745,#8746,#8747,#8748,#8749,#8750,#8751,#8752,#8753,#8754,#8755,#8756,
#8757,#8758,#8759,#8760,#8761,#8762,#8763,#8764,#8765,#8766,#8767,#8768,
#8769,#8770,#8771,#8772,#8773,#8774,#8775,#8776,#8777,#8778,#8779,#8780,
#8781,#8782,#8783,#8784,#8785,#8786,#8787,#8788,#8789,#8790,#8791,#8792,
#8793,#8794,#8795,#8796,#8797,#8798,#8799,#8800,#8801,#8802,#8803,#8804,
#8805,#8806,#8807,#8808,#8809,#8810,#8811,#8812,#8813,#8814,#8815,#8816,
#8817,#8818,#8819,#8820,#8821,#8822,#8823,#8824,#8825,#8826,#8827,#8828,
#8829,#8830,#8831,#8832,#8833,#8834,#8835,#8836,#8837,#8838,#8839,#8840,
#8841,#8842,#8843,#8844,#8845,#8846,#8847,#8848,#8849,#8850,#8851,#8852,
#8853,#8854,#8855,#8856));
#8859=MANIFOLD_SOLID_BREP('ZF5S-10-03-WT_socket',#8857);
#8860=MANIFOLD_SOLID_BREP('C-297-10-03_pins',#8858);
#8861=SHAPE_DEFINITION_REPRESENTATION(#13271,#8864);
#8862=SHAPE_DEFINITION_REPRESENTATION(#13272,#8865);
#8863=SHAPE_DEFINITION_REPRESENTATION(#13274,#8866);
#8864=SHAPE_REPRESENTATION('ZF5S-10-03-T-WT',(#8867,#9067,#9276),#13262);
#8865=SHAPE_REPRESENTATION('ZF5S-10-03-WT_socket',(#8867),#13263);
#8866=SHAPE_REPRESENTATION('C-297-10-03_pins',(#8867),#13264);
#8867=AXIS2_PLACEMENT_3D('',#11120,#9277,#9278);
#8868=AXIS2_PLACEMENT_3D('',#11121,#9279,#9280);
#8869=AXIS2_PLACEMENT_3D('',#11130,#9285,#9286);
#8870=AXIS2_PLACEMENT_3D('',#11139,#9291,#9292);
#8871=AXIS2_PLACEMENT_3D('',#11148,#9297,#9298);
#8872=AXIS2_PLACEMENT_3D('',#11157,#9303,#9304);
#8873=AXIS2_PLACEMENT_3D('',#11166,#9309,#9310);
#8874=AXIS2_PLACEMENT_3D('',#11175,#9315,#9316);
#8875=AXIS2_PLACEMENT_3D('',#11184,#9321,#9322);
#8876=AXIS2_PLACEMENT_3D('',#11193,#9327,#9328);
#8877=AXIS2_PLACEMENT_3D('',#11202,#9333,#9334);
#8878=AXIS2_PLACEMENT_3D('',#11211,#9339,#9340);
#8879=AXIS2_PLACEMENT_3D('',#11226,#9348,#9349);
#8880=AXIS2_PLACEMENT_3D('',#11235,#9354,#9355);
#8881=AXIS2_PLACEMENT_3D('',#11244,#9360,#9361);
#8882=AXIS2_PLACEMENT_3D('',#11253,#9366,#9367);
#8883=AXIS2_PLACEMENT_3D('',#11262,#9372,#9373);
#8884=AXIS2_PLACEMENT_3D('',#11271,#9378,#9379);
#8885=AXIS2_PLACEMENT_3D('',#11280,#9384,#9385);
#8886=AXIS2_PLACEMENT_3D('',#11289,#9390,#9391);
#8887=AXIS2_PLACEMENT_3D('',#11298,#9396,#9397);
#8888=AXIS2_PLACEMENT_3D('',#11307,#9402,#9403);
#8889=AXIS2_PLACEMENT_3D('',#11322,#9411,#9412);
#8890=AXIS2_PLACEMENT_3D('',#11328,#9416,#9417);
#8891=AXIS2_PLACEMENT_3D('',#11334,#9421,#9422);
#8892=AXIS2_PLACEMENT_3D('',#11340,#9426,#9427);
#8893=AXIS2_PLACEMENT_3D('',#11346,#9431,#9432);
#8894=AXIS2_PLACEMENT_3D('',#11352,#9436,#9437);
#8895=AXIS2_PLACEMENT_3D('',#11358,#9441,#9442);
#8896=AXIS2_PLACEMENT_3D('',#11364,#9446,#9447);
#8897=AXIS2_PLACEMENT_3D('',#11370,#9451,#9452);
#8898=AXIS2_PLACEMENT_3D('',#11376,#9456,#9457);
#8899=AXIS2_PLACEMENT_3D('',#11382,#9461,#9462);
#8900=AXIS2_PLACEMENT_3D('',#11388,#9466,#9467);
#8901=AXIS2_PLACEMENT_3D('',#11444,#9501,#9502);
#8902=AXIS2_PLACEMENT_3D('',#11453,#9507,#9508);
#8903=AXIS2_PLACEMENT_3D('',#11462,#9513,#9514);
#8904=AXIS2_PLACEMENT_3D('',#11471,#9519,#9520);
#8905=AXIS2_PLACEMENT_3D('',#11480,#9525,#9526);
#8906=AXIS2_PLACEMENT_3D('',#11489,#9531,#9532);
#8907=AXIS2_PLACEMENT_3D('',#11498,#9537,#9538);
#8908=AXIS2_PLACEMENT_3D('',#11507,#9543,#9544);
#8909=AXIS2_PLACEMENT_3D('',#11516,#9549,#9550);
#8910=AXIS2_PLACEMENT_3D('',#11525,#9555,#9556);
#8911=AXIS2_PLACEMENT_3D('',#11534,#9561,#9562);
#8912=AXIS2_PLACEMENT_3D('',#11540,#9566,#9567);
#8913=AXIS2_PLACEMENT_3D('',#11546,#9571,#9572);
#8914=AXIS2_PLACEMENT_3D('',#11552,#9576,#9577);
#8915=AXIS2_PLACEMENT_3D('',#11558,#9581,#9582);
#8916=AXIS2_PLACEMENT_3D('',#11564,#9586,#9587);
#8917=AXIS2_PLACEMENT_3D('',#11570,#9591,#9592);
#8918=AXIS2_PLACEMENT_3D('',#11576,#9596,#9597);
#8919=AXIS2_PLACEMENT_3D('',#11582,#9601,#9602);
#8920=AXIS2_PLACEMENT_3D('',#11588,#9606,#9607);
#8921=AXIS2_PLACEMENT_3D('',#11594,#9611,#9612);
#8922=AXIS2_PLACEMENT_3D('',#11600,#9616,#9617);
#8923=AXIS2_PLACEMENT_3D('',#11656,#9651,#9652);
#8924=AXIS2_PLACEMENT_3D('',#11662,#9656,#9657);
#8925=AXIS2_PLACEMENT_3D('',#11668,#9661,#9662);
#8926=AXIS2_PLACEMENT_3D('',#11685,#9671,#9672);
#8927=AXIS2_PLACEMENT_3D('',#11697,#9679,#9680);
#8928=AXIS2_PLACEMENT_3D('',#11698,#9681,#9682);
#8929=AXIS2_PLACEMENT_3D('',#11701,#9684,#9685);
#8930=AXIS2_PLACEMENT_3D('',#11711,#9691,#9692);
#8931=AXIS2_PLACEMENT_3D('',#11717,#9696,#9697);
#8932=AXIS2_PLACEMENT_3D('',#11723,#9701,#9702);
#8933=AXIS2_PLACEMENT_3D('',#11729,#9706,#9707);
#8934=AXIS2_PLACEMENT_3D('',#11730,#9708,#9709);
#8935=AXIS2_PLACEMENT_3D('',#11731,#9710,#9711);
#8936=AXIS2_PLACEMENT_3D('',#11734,#9713,#9714);
#8937=AXIS2_PLACEMENT_3D('',#11735,#9715,#9716);
#8938=AXIS2_PLACEMENT_3D('',#11737,#9718,#9719);
#8939=AXIS2_PLACEMENT_3D('',#11741,#9722,#9723);
#8940=AXIS2_PLACEMENT_3D('',#11744,#9726,#9727);
#8941=AXIS2_PLACEMENT_3D('',#11750,#9731,#9732);
#8942=AXIS2_PLACEMENT_3D('',#11759,#9737,#9738);
#8943=AXIS2_PLACEMENT_3D('',#11764,#9742,#9743);
#8944=AXIS2_PLACEMENT_3D('',#11768,#9746,#9747);
#8945=AXIS2_PLACEMENT_3D('',#11771,#9750,#9751);
#8946=AXIS2_PLACEMENT_3D('',#11772,#9752,#9753);
#8947=AXIS2_PLACEMENT_3D('',#11773,#9754,#9755);
#8948=AXIS2_PLACEMENT_3D('',#11779,#9759,#9760);
#8949=AXIS2_PLACEMENT_3D('',#11788,#9765,#9766);
#8950=AXIS2_PLACEMENT_3D('',#11793,#9770,#9771);
#8951=AXIS2_PLACEMENT_3D('',#11797,#9774,#9775);
#8952=AXIS2_PLACEMENT_3D('',#11800,#9778,#9779);
#8953=AXIS2_PLACEMENT_3D('',#11801,#9780,#9781);
#8954=AXIS2_PLACEMENT_3D('',#11802,#9782,#9783);
#8955=AXIS2_PLACEMENT_3D('',#11808,#9787,#9788);
#8956=AXIS2_PLACEMENT_3D('',#11817,#9794,#9795);
#8957=AXIS2_PLACEMENT_3D('',#11821,#9798,#9799);
#8958=AXIS2_PLACEMENT_3D('',#11825,#9802,#9803);
#8959=AXIS2_PLACEMENT_3D('',#11827,#9805,#9806);
#8960=AXIS2_PLACEMENT_3D('',#11831,#9809,#9810);
#8961=AXIS2_PLACEMENT_3D('',#11833,#9812,#9813);
#8962=AXIS2_PLACEMENT_3D('',#11834,#9814,#9815);
#8963=AXIS2_PLACEMENT_3D('',#11843,#9820,#9821);
#8964=AXIS2_PLACEMENT_3D('',#11896,#9854,#9855);
#8965=AXIS2_PLACEMENT_3D('',#11949,#9888,#9889);
#8966=AXIS2_PLACEMENT_3D('',#11950,#9890,#9891);
#8967=AXIS2_PLACEMENT_3D('',#11951,#9892,#9893);
#8968=AXIS2_PLACEMENT_3D('',#11958,#9898,#9899);
#8969=AXIS2_PLACEMENT_3D('',#11965,#9904,#9905);
#8970=AXIS2_PLACEMENT_3D('',#11972,#9910,#9911);
#8971=AXIS2_PLACEMENT_3D('',#11979,#9916,#9917);
#8972=AXIS2_PLACEMENT_3D('',#11986,#9922,#9923);
#8973=AXIS2_PLACEMENT_3D('',#11993,#9928,#9929);
#8974=AXIS2_PLACEMENT_3D('',#12000,#9934,#9935);
#8975=AXIS2_PLACEMENT_3D('',#12007,#9940,#9941);
#8976=AXIS2_PLACEMENT_3D('',#12014,#9946,#9947);
#8977=AXIS2_PLACEMENT_3D('',#12021,#9952,#9953);
#8978=AXIS2_PLACEMENT_3D('',#12028,#9958,#9959);
#8979=AXIS2_PLACEMENT_3D('',#12035,#9964,#9965);
#8980=AXIS2_PLACEMENT_3D('',#12042,#9970,#9971);
#8981=AXIS2_PLACEMENT_3D('',#12049,#9976,#9977);
#8982=AXIS2_PLACEMENT_3D('',#12056,#9982,#9983);
#8983=AXIS2_PLACEMENT_3D('',#12063,#9988,#9989);
#8984=AXIS2_PLACEMENT_3D('',#12070,#9994,#9995);
#8985=AXIS2_PLACEMENT_3D('',#12077,#10000,#10001);
#8986=AXIS2_PLACEMENT_3D('',#12084,#10006,#10007);
#8987=AXIS2_PLACEMENT_3D('',#12091,#10012,#10013);
#8988=AXIS2_PLACEMENT_3D('',#12093,#10015,#10016);
#8989=AXIS2_PLACEMENT_3D('',#12094,#10017,#10018);
#8990=AXIS2_PLACEMENT_3D('',#12096,#10020,#10021);
#8991=AXIS2_PLACEMENT_3D('',#12097,#10022,#10023);
#8992=AXIS2_PLACEMENT_3D('',#12099,#10025,#10026);
#8993=AXIS2_PLACEMENT_3D('',#12100,#10027,#10028);
#8994=AXIS2_PLACEMENT_3D('',#12102,#10030,#10031);
#8995=AXIS2_PLACEMENT_3D('',#12103,#10032,#10033);
#8996=AXIS2_PLACEMENT_3D('',#12105,#10035,#10036);
#8997=AXIS2_PLACEMENT_3D('',#12106,#10037,#10038);
#8998=AXIS2_PLACEMENT_3D('',#12108,#10040,#10041);
#8999=AXIS2_PLACEMENT_3D('',#12109,#10042,#10043);
#9000=AXIS2_PLACEMENT_3D('',#12111,#10045,#10046);
#9001=AXIS2_PLACEMENT_3D('',#12112,#10047,#10048);
#9002=AXIS2_PLACEMENT_3D('',#12114,#10050,#10051);
#9003=AXIS2_PLACEMENT_3D('',#12115,#10052,#10053);
#9004=AXIS2_PLACEMENT_3D('',#12117,#10055,#10056);
#9005=AXIS2_PLACEMENT_3D('',#12118,#10057,#10058);
#9006=AXIS2_PLACEMENT_3D('',#12120,#10060,#10061);
#9007=AXIS2_PLACEMENT_3D('',#12121,#10062,#10063);
#9008=AXIS2_PLACEMENT_3D('',#12123,#10065,#10066);
#9009=AXIS2_PLACEMENT_3D('',#12124,#10067,#10068);
#9010=AXIS2_PLACEMENT_3D('',#12126,#10070,#10071);
#9011=AXIS2_PLACEMENT_3D('',#12127,#10072,#10073);
#9012=AXIS2_PLACEMENT_3D('',#12129,#10075,#10076);
#9013=AXIS2_PLACEMENT_3D('',#12130,#10077,#10078);
#9014=AXIS2_PLACEMENT_3D('',#12132,#10080,#10081);
#9015=AXIS2_PLACEMENT_3D('',#12133,#10082,#10083);
#9016=AXIS2_PLACEMENT_3D('',#12135,#10085,#10086);
#9017=AXIS2_PLACEMENT_3D('',#12136,#10087,#10088);
#9018=AXIS2_PLACEMENT_3D('',#12138,#10090,#10091);
#9019=AXIS2_PLACEMENT_3D('',#12139,#10092,#10093);
#9020=AXIS2_PLACEMENT_3D('',#12141,#10095,#10096);
#9021=AXIS2_PLACEMENT_3D('',#12142,#10097,#10098);
#9022=AXIS2_PLACEMENT_3D('',#12144,#10100,#10101);
#9023=AXIS2_PLACEMENT_3D('',#12145,#10102,#10103);
#9024=AXIS2_PLACEMENT_3D('',#12147,#10105,#10106);
#9025=AXIS2_PLACEMENT_3D('',#12148,#10107,#10108);
#9026=AXIS2_PLACEMENT_3D('',#12150,#10110,#10111);
#9027=AXIS2_PLACEMENT_3D('',#12151,#10112,#10113);
#9028=AXIS2_PLACEMENT_3D('',#12157,#10117,#10118);
#9029=AXIS2_PLACEMENT_3D('',#12159,#10120,#10121);
#9030=AXIS2_PLACEMENT_3D('',#12161,#10123,#10124);
#9031=AXIS2_PLACEMENT_3D('',#12162,#10125,#10126);
#9032=AXIS2_PLACEMENT_3D('',#12166,#10129,#10130);
#9033=AXIS2_PLACEMENT_3D('',#12170,#10133,#10134);
#9034=AXIS2_PLACEMENT_3D('',#12172,#10136,#10137);
#9035=AXIS2_PLACEMENT_3D('',#12173,#10138,#10139);
#9036=AXIS2_PLACEMENT_3D('',#12177,#10142,#10143);
#9037=AXIS2_PLACEMENT_3D('',#12181,#10146,#10147);
#9038=AXIS2_PLACEMENT_3D('',#12183,#10149,#10150);
#9039=AXIS2_PLACEMENT_3D('',#12184,#10151,#10152);
#9040=AXIS2_PLACEMENT_3D('',#12188,#10155,#10156);
#9041=AXIS2_PLACEMENT_3D('',#12192,#10159,#10160);
#9042=AXIS2_PLACEMENT_3D('',#12194,#10162,#10163);
#9043=AXIS2_PLACEMENT_3D('',#12195,#10164,#10165);
#9044=AXIS2_PLACEMENT_3D('',#12199,#10168,#10169);
#9045=AXIS2_PLACEMENT_3D('',#12203,#10172,#10173);
#9046=AXIS2_PLACEMENT_3D('',#12205,#10175,#10176);
#9047=AXIS2_PLACEMENT_3D('',#12206,#10177,#10178);
#9048=AXIS2_PLACEMENT_3D('',#12210,#10181,#10182);
#9049=AXIS2_PLACEMENT_3D('',#12214,#10185,#10186);
#9050=AXIS2_PLACEMENT_3D('',#12216,#10188,#10189);
#9051=AXIS2_PLACEMENT_3D('',#12217,#10190,#10191);
#9052=AXIS2_PLACEMENT_3D('',#12221,#10194,#10195);
#9053=AXIS2_PLACEMENT_3D('',#12225,#10198,#10199);
#9054=AXIS2_PLACEMENT_3D('',#12227,#10201,#10202);
#9055=AXIS2_PLACEMENT_3D('',#12228,#10203,#10204);
#9056=AXIS2_PLACEMENT_3D('',#12232,#10207,#10208);
#9057=AXIS2_PLACEMENT_3D('',#12236,#10211,#10212);
#9058=AXIS2_PLACEMENT_3D('',#12238,#10214,#10215);
#9059=AXIS2_PLACEMENT_3D('',#12239,#10216,#10217);
#9060=AXIS2_PLACEMENT_3D('',#12243,#10220,#10221);
#9061=AXIS2_PLACEMENT_3D('',#12247,#10224,#10225);
#9062=AXIS2_PLACEMENT_3D('',#12249,#10227,#10228);
#9063=AXIS2_PLACEMENT_3D('',#12250,#10229,#10230);
#9064=AXIS2_PLACEMENT_3D('',#12256,#10234,#10235);
#9065=AXIS2_PLACEMENT_3D('',#12258,#10237,#10238);
#9066=AXIS2_PLACEMENT_3D('',#12260,#10240,#10241);
#9067=AXIS2_PLACEMENT_3D('',#12261,#10242,#10243);
#9068=AXIS2_PLACEMENT_3D('',#12262,#10244,#10245);
#9069=AXIS2_PLACEMENT_3D('',#12275,#10252,#10253);
#9070=AXIS2_PLACEMENT_3D('',#12288,#10260,#10261);
#9071=AXIS2_PLACEMENT_3D('',#12297,#10266,#10267);
#9072=AXIS2_PLACEMENT_3D('',#12306,#10272,#10273);
#9073=AXIS2_PLACEMENT_3D('',#12315,#10278,#10279);
#9074=AXIS2_PLACEMENT_3D('',#12324,#10284,#10285);
#9075=AXIS2_PLACEMENT_3D('',#12333,#10290,#10291);
#9076=AXIS2_PLACEMENT_3D('',#12342,#10296,#10297);
#9077=AXIS2_PLACEMENT_3D('',#12351,#10302,#10303);
#9078=AXIS2_PLACEMENT_3D('',#12360,#10308,#10309);
#9079=AXIS2_PLACEMENT_3D('',#12369,#10314,#10315);
#9080=AXIS2_PLACEMENT_3D('',#12378,#10320,#10321);
#9081=AXIS2_PLACEMENT_3D('',#12421,#10344,#10345);
#9082=AXIS2_PLACEMENT_3D('',#12427,#10349,#10350);
#9083=AXIS2_PLACEMENT_3D('',#12433,#10354,#10355);
#9084=AXIS2_PLACEMENT_3D('',#12439,#10359,#10360);
#9085=AXIS2_PLACEMENT_3D('',#12445,#10364,#10365);
#9086=AXIS2_PLACEMENT_3D('',#12451,#10369,#10370);
#9087=AXIS2_PLACEMENT_3D('',#12457,#10374,#10375);
#9088=AXIS2_PLACEMENT_3D('',#12463,#10379,#10380);
#9089=AXIS2_PLACEMENT_3D('',#12469,#10384,#10385);
#9090=AXIS2_PLACEMENT_3D('',#12475,#10389,#10390);
#9091=AXIS2_PLACEMENT_3D('',#12481,#10394,#10395);
#9092=AXIS2_PLACEMENT_3D('',#12487,#10399,#10400);
#9093=AXIS2_PLACEMENT_3D('',#12493,#10404,#10405);
#9094=AXIS2_PLACEMENT_3D('',#12499,#10409,#10410);
#9095=AXIS2_PLACEMENT_3D('',#12505,#10414,#10415);
#9096=AXIS2_PLACEMENT_3D('',#12511,#10419,#10420);
#9097=AXIS2_PLACEMENT_3D('',#12512,#10421,#10422);
#9098=AXIS2_PLACEMENT_3D('',#12516,#10424,#10425);
#9099=AXIS2_PLACEMENT_3D('',#12517,#10426,#10427);
#9100=AXIS2_PLACEMENT_3D('',#12518,#10428,#10429);
#9101=AXIS2_PLACEMENT_3D('',#12522,#10431,#10432);
#9102=AXIS2_PLACEMENT_3D('',#12523,#10433,#10434);
#9103=AXIS2_PLACEMENT_3D('',#12524,#10435,#10436);
#9104=AXIS2_PLACEMENT_3D('',#12528,#10438,#10439);
#9105=AXIS2_PLACEMENT_3D('',#12529,#10440,#10441);
#9106=AXIS2_PLACEMENT_3D('',#12530,#10442,#10443);
#9107=AXIS2_PLACEMENT_3D('',#12534,#10445,#10446);
#9108=AXIS2_PLACEMENT_3D('',#12535,#10447,#10448);
#9109=AXIS2_PLACEMENT_3D('',#12536,#10449,#10450);
#9110=AXIS2_PLACEMENT_3D('',#12540,#10452,#10453);
#9111=AXIS2_PLACEMENT_3D('',#12541,#10454,#10455);
#9112=AXIS2_PLACEMENT_3D('',#12547,#10459,#10460);
#9113=AXIS2_PLACEMENT_3D('',#12553,#10464,#10465);
#9114=AXIS2_PLACEMENT_3D('',#12559,#10469,#10470);
#9115=AXIS2_PLACEMENT_3D('',#12565,#10474,#10475);
#9116=AXIS2_PLACEMENT_3D('',#12571,#10479,#10480);
#9117=AXIS2_PLACEMENT_3D('',#12572,#10481,#10482);
#9118=AXIS2_PLACEMENT_3D('',#12573,#10483,#10484);
#9119=AXIS2_PLACEMENT_3D('',#12574,#10485,#10486);
#9120=AXIS2_PLACEMENT_3D('',#12575,#10487,#10488);
#9121=AXIS2_PLACEMENT_3D('',#12576,#10489,#10490);
#9122=AXIS2_PLACEMENT_3D('',#12577,#10491,#10492);
#9123=AXIS2_PLACEMENT_3D('',#12578,#10493,#10494);
#9124=AXIS2_PLACEMENT_3D('',#12579,#10495,#10496);
#9125=AXIS2_PLACEMENT_3D('',#12580,#10497,#10498);
#9126=AXIS2_PLACEMENT_3D('',#12581,#10499,#10500);
#9127=AXIS2_PLACEMENT_3D('',#12582,#10501,#10502);
#9128=AXIS2_PLACEMENT_3D('',#12583,#10503,#10504);
#9129=AXIS2_PLACEMENT_3D('',#12584,#10505,#10506);
#9130=AXIS2_PLACEMENT_3D('',#12585,#10507,#10508);
#9131=AXIS2_PLACEMENT_3D('',#12586,#10509,#10510);
#9132=AXIS2_PLACEMENT_3D('',#12592,#10514,#10515);
#9133=AXIS2_PLACEMENT_3D('',#12598,#10519,#10520);
#9134=AXIS2_PLACEMENT_3D('',#12604,#10524,#10525);
#9135=AXIS2_PLACEMENT_3D('',#12610,#10529,#10530);
#9136=AXIS2_PLACEMENT_3D('',#12616,#10534,#10535);
#9137=AXIS2_PLACEMENT_3D('',#12739,#10598,#10599);
#9138=AXIS2_PLACEMENT_3D('',#12740,#10600,#10601);
#9139=AXIS2_PLACEMENT_3D('',#12744,#10603,#10604);
#9140=AXIS2_PLACEMENT_3D('',#12745,#10605,#10606);
#9141=AXIS2_PLACEMENT_3D('',#12746,#10607,#10608);
#9142=AXIS2_PLACEMENT_3D('',#12750,#10610,#10611);
#9143=AXIS2_PLACEMENT_3D('',#12751,#10612,#10613);
#9144=AXIS2_PLACEMENT_3D('',#12752,#10614,#10615);
#9145=AXIS2_PLACEMENT_3D('',#12756,#10617,#10618);
#9146=AXIS2_PLACEMENT_3D('',#12757,#10619,#10620);
#9147=AXIS2_PLACEMENT_3D('',#12758,#10621,#10622);
#9148=AXIS2_PLACEMENT_3D('',#12762,#10624,#10625);
#9149=AXIS2_PLACEMENT_3D('',#12763,#10626,#10627);
#9150=AXIS2_PLACEMENT_3D('',#12764,#10628,#10629);
#9151=AXIS2_PLACEMENT_3D('',#12768,#10631,#10632);
#9152=AXIS2_PLACEMENT_3D('',#12769,#10633,#10634);
#9153=AXIS2_PLACEMENT_3D('',#12775,#10638,#10639);
#9154=AXIS2_PLACEMENT_3D('',#12781,#10643,#10644);
#9155=AXIS2_PLACEMENT_3D('',#12787,#10648,#10649);
#9156=AXIS2_PLACEMENT_3D('',#12793,#10653,#10654);
#9157=AXIS2_PLACEMENT_3D('',#12799,#10658,#10659);
#9158=AXIS2_PLACEMENT_3D('',#12800,#10660,#10661);
#9159=AXIS2_PLACEMENT_3D('',#12804,#10663,#10664);
#9160=AXIS2_PLACEMENT_3D('',#12805,#10665,#10666);
#9161=AXIS2_PLACEMENT_3D('',#12806,#10667,#10668);
#9162=AXIS2_PLACEMENT_3D('',#12810,#10670,#10671);
#9163=AXIS2_PLACEMENT_3D('',#12811,#10672,#10673);
#9164=AXIS2_PLACEMENT_3D('',#12812,#10674,#10675);
#9165=AXIS2_PLACEMENT_3D('',#12816,#10677,#10678);
#9166=AXIS2_PLACEMENT_3D('',#12817,#10679,#10680);
#9167=AXIS2_PLACEMENT_3D('',#12818,#10681,#10682);
#9168=AXIS2_PLACEMENT_3D('',#12822,#10684,#10685);
#9169=AXIS2_PLACEMENT_3D('',#12823,#10686,#10687);
#9170=AXIS2_PLACEMENT_3D('',#12824,#10688,#10689);
#9171=AXIS2_PLACEMENT_3D('',#12828,#10691,#10692);
#9172=AXIS2_PLACEMENT_3D('',#12829,#10693,#10694);
#9173=AXIS2_PLACEMENT_3D('',#12835,#10698,#10699);
#9174=AXIS2_PLACEMENT_3D('',#12841,#10703,#10704);
#9175=AXIS2_PLACEMENT_3D('',#12847,#10708,#10709);
#9176=AXIS2_PLACEMENT_3D('',#12853,#10713,#10714);
#9177=AXIS2_PLACEMENT_3D('',#12859,#10718,#10719);
#9178=AXIS2_PLACEMENT_3D('',#12865,#10723,#10724);
#9179=AXIS2_PLACEMENT_3D('',#12871,#10728,#10729);
#9180=AXIS2_PLACEMENT_3D('',#12877,#10733,#10734);
#9181=AXIS2_PLACEMENT_3D('',#12883,#10738,#10739);
#9182=AXIS2_PLACEMENT_3D('',#12889,#10743,#10744);
#9183=AXIS2_PLACEMENT_3D('',#12892,#10747,#10748);
#9184=AXIS2_PLACEMENT_3D('',#12895,#10751,#10752);
#9185=AXIS2_PLACEMENT_3D('',#12898,#10755,#10756);
#9186=AXIS2_PLACEMENT_3D('',#12901,#10759,#10760);
#9187=AXIS2_PLACEMENT_3D('',#12904,#10763,#10764);
#9188=AXIS2_PLACEMENT_3D('',#12913,#10769,#10770);
#9189=AXIS2_PLACEMENT_3D('',#12922,#10775,#10776);
#9190=AXIS2_PLACEMENT_3D('',#12931,#10781,#10782);
#9191=AXIS2_PLACEMENT_3D('',#12940,#10787,#10788);
#9192=AXIS2_PLACEMENT_3D('',#12949,#10793,#10794);
#9193=AXIS2_PLACEMENT_3D('',#12958,#10799,#10800);
#9194=AXIS2_PLACEMENT_3D('',#12967,#10805,#10806);
#9195=AXIS2_PLACEMENT_3D('',#12976,#10811,#10812);
#9196=AXIS2_PLACEMENT_3D('',#12985,#10817,#10818);
#9197=AXIS2_PLACEMENT_3D('',#12994,#10823,#10824);
#9198=AXIS2_PLACEMENT_3D('',#12997,#10827,#10828);
#9199=AXIS2_PLACEMENT_3D('',#13000,#10831,#10832);
#9200=AXIS2_PLACEMENT_3D('',#13003,#10835,#10836);
#9201=AXIS2_PLACEMENT_3D('',#13006,#10839,#10840);
#9202=AXIS2_PLACEMENT_3D('',#13009,#10843,#10844);
#9203=AXIS2_PLACEMENT_3D('',#13012,#10847,#10848);
#9204=AXIS2_PLACEMENT_3D('',#13015,#10851,#10852);
#9205=AXIS2_PLACEMENT_3D('',#13018,#10855,#10856);
#9206=AXIS2_PLACEMENT_3D('',#13021,#10859,#10860);
#9207=AXIS2_PLACEMENT_3D('',#13024,#10863,#10864);
#9208=AXIS2_PLACEMENT_3D('',#13107,#10907,#10908);
#9209=AXIS2_PLACEMENT_3D('',#13110,#10911,#10912);
#9210=AXIS2_PLACEMENT_3D('',#13113,#10915,#10916);
#9211=AXIS2_PLACEMENT_3D('',#13116,#10919,#10920);
#9212=AXIS2_PLACEMENT_3D('',#13119,#10923,#10924);
#9213=AXIS2_PLACEMENT_3D('',#13122,#10927,#10928);
#9214=AXIS2_PLACEMENT_3D('',#13125,#10931,#10932);
#9215=AXIS2_PLACEMENT_3D('',#13128,#10935,#10936);
#9216=AXIS2_PLACEMENT_3D('',#13131,#10939,#10940);
#9217=AXIS2_PLACEMENT_3D('',#13134,#10943,#10944);
#9218=AXIS2_PLACEMENT_3D('',#13137,#10947,#10948);
#9219=AXIS2_PLACEMENT_3D('',#13138,#10949,#10950);
#9220=AXIS2_PLACEMENT_3D('',#13140,#10952,#10953);
#9221=AXIS2_PLACEMENT_3D('',#13141,#10954,#10955);
#9222=AXIS2_PLACEMENT_3D('',#13143,#10957,#10958);
#9223=AXIS2_PLACEMENT_3D('',#13144,#10959,#10960);
#9224=AXIS2_PLACEMENT_3D('',#13146,#10962,#10963);
#9225=AXIS2_PLACEMENT_3D('',#13148,#10965,#10966);
#9226=AXIS2_PLACEMENT_3D('',#13149,#10967,#10968);
#9227=AXIS2_PLACEMENT_3D('',#13151,#10970,#10971);
#9228=AXIS2_PLACEMENT_3D('',#13153,#10973,#10974);
#9229=AXIS2_PLACEMENT_3D('',#13154,#10975,#10976);
#9230=AXIS2_PLACEMENT_3D('',#13156,#10978,#10979);
#9231=AXIS2_PLACEMENT_3D('',#13158,#10981,#10982);
#9232=AXIS2_PLACEMENT_3D('',#13159,#10983,#10984);
#9233=AXIS2_PLACEMENT_3D('',#13161,#10986,#10987);
#9234=AXIS2_PLACEMENT_3D('',#13163,#10989,#10990);
#9235=AXIS2_PLACEMENT_3D('',#13164,#10991,#10992);
#9236=AXIS2_PLACEMENT_3D('',#13166,#10994,#10995);
#9237=AXIS2_PLACEMENT_3D('',#13168,#10997,#10998);
#9238=AXIS2_PLACEMENT_3D('',#13169,#10999,#11000);
#9239=AXIS2_PLACEMENT_3D('',#13171,#11002,#11003);
#9240=AXIS2_PLACEMENT_3D('',#13173,#11005,#11006);
#9241=AXIS2_PLACEMENT_3D('',#13174,#11007,#11008);
#9242=AXIS2_PLACEMENT_3D('',#13176,#11010,#11011);
#9243=AXIS2_PLACEMENT_3D('',#13178,#11013,#11014);
#9244=AXIS2_PLACEMENT_3D('',#13179,#11015,#11016);
#9245=AXIS2_PLACEMENT_3D('',#13181,#11018,#11019);
#9246=AXIS2_PLACEMENT_3D('',#13183,#11021,#11022);
#9247=AXIS2_PLACEMENT_3D('',#13184,#11023,#11024);
#9248=AXIS2_PLACEMENT_3D('',#13187,#11027,#11028);
#9249=AXIS2_PLACEMENT_3D('',#13188,#11029,#11030);
#9250=AXIS2_PLACEMENT_3D('',#13189,#11031,#11032);
#9251=AXIS2_PLACEMENT_3D('',#13193,#11035,#11036);
#9252=AXIS2_PLACEMENT_3D('',#13197,#11039,#11040);
#9253=AXIS2_PLACEMENT_3D('',#13201,#11043,#11044);
#9254=AXIS2_PLACEMENT_3D('',#13205,#11047,#11048);
#9255=AXIS2_PLACEMENT_3D('',#13209,#11051,#11052);
#9256=AXIS2_PLACEMENT_3D('',#13213,#11055,#11056);
#9257=AXIS2_PLACEMENT_3D('',#13217,#11059,#11060);
#9258=AXIS2_PLACEMENT_3D('',#13221,#11063,#11064);
#9259=AXIS2_PLACEMENT_3D('',#13225,#11067,#11068);
#9260=AXIS2_PLACEMENT_3D('',#13243,#11085,#11086);
#9261=AXIS2_PLACEMENT_3D('',#13245,#11088,#11089);
#9262=AXIS2_PLACEMENT_3D('',#13246,#11090,#11091);
#9263=AXIS2_PLACEMENT_3D('',#13247,#11092,#11093);
#9264=AXIS2_PLACEMENT_3D('',#13248,#11094,#11095);
#9265=AXIS2_PLACEMENT_3D('',#13249,#11096,#11097);
#9266=AXIS2_PLACEMENT_3D('',#13250,#11098,#11099);
#9267=AXIS2_PLACEMENT_3D('',#13251,#11100,#11101);
#9268=AXIS2_PLACEMENT_3D('',#13252,#11102,#11103);
#9269=AXIS2_PLACEMENT_3D('',#13253,#11104,#11105);
#9270=AXIS2_PLACEMENT_3D('',#13254,#11106,#11107);
#9271=AXIS2_PLACEMENT_3D('',#13255,#11108,#11109);
#9272=AXIS2_PLACEMENT_3D('',#13256,#11110,#11111);
#9273=AXIS2_PLACEMENT_3D('',#13257,#11112,#11113);
#9274=AXIS2_PLACEMENT_3D('',#13258,#11114,#11115);
#9275=AXIS2_PLACEMENT_3D('',#13259,#11116,#11117);
#9276=AXIS2_PLACEMENT_3D('',#13260,#11118,#11119);
#9277=DIRECTION('',(0.,0.,1.));
#9278=DIRECTION('',(1.,0.,0.));
#9279=DIRECTION('',(0.,-0.939692620785908,-0.342020143325669));
#9280=DIRECTION('',(0.,0.342020143325669,-0.939692620785908));
#9281=DIRECTION('',(-1.,0.,0.));
#9282=DIRECTION('',(0.,-0.342020143325669,0.939692620785908));
#9283=DIRECTION('',(-1.,0.,0.));
#9284=DIRECTION('',(0.,-0.342020143325669,0.939692620785908));
#9285=DIRECTION('',(0.,-0.939692620785908,-0.342020143325669));
#9286=DIRECTION('',(0.,0.342020143325669,-0.939692620785908));
#9287=DIRECTION('',(-1.,0.,0.));
#9288=DIRECTION('',(0.,0.342020143325669,-0.939692620785908));
#9289=DIRECTION('',(-1.,0.,0.));
#9290=DIRECTION('',(0.,-0.342020143325669,0.939692620785908));
#9291=DIRECTION('',(0.,-0.939692620785908,-0.342020143325669));
#9292=DIRECTION('',(0.,0.342020143325669,-0.939692620785908));
#9293=DIRECTION('',(-1.,0.,0.));
#9294=DIRECTION('',(0.,0.342020143325669,-0.939692620785908));
#9295=DIRECTION('',(-1.,0.,0.));
#9296=DIRECTION('',(0.,-0.342020143325669,0.939692620785908));
#9297=DIRECTION('',(0.,-0.939692620785908,-0.342020143325669));
#9298=DIRECTION('',(0.,0.342020143325669,-0.939692620785908));
#9299=DIRECTION('',(-1.,0.,0.));
#9300=DIRECTION('',(0.,0.342020143325669,-0.939692620785908));
#9301=DIRECTION('',(-1.,0.,0.));
#9302=DIRECTION('',(0.,-0.342020143325669,0.939692620785908));
#9303=DIRECTION('',(0.,-0.939692620785908,-0.342020143325669));
#9304=DIRECTION('',(0.,0.342020143325669,-0.939692620785908));
#9305=DIRECTION('',(-1.,0.,0.));
#9306=DIRECTION('',(0.,0.342020143325669,-0.939692620785908));
#9307=DIRECTION('',(-1.,0.,0.));
#9308=DIRECTION('',(0.,-0.342020143325669,0.939692620785908));
#9309=DIRECTION('',(0.,-0.939692620785908,-0.342020143325669));
#9310=DIRECTION('',(0.,0.342020143325669,-0.939692620785908));
#9311=DIRECTION('',(-1.,0.,0.));
#9312=DIRECTION('',(0.,0.342020143325669,-0.939692620785908));
#9313=DIRECTION('',(-1.,0.,0.));
#9314=DIRECTION('',(0.,-0.342020143325669,0.939692620785908));
#9315=DIRECTION('',(0.,-0.939692620785908,-0.342020143325669));
#9316=DIRECTION('',(0.,0.342020143325669,-0.939692620785908));
#9317=DIRECTION('',(-1.,0.,0.));
#9318=DIRECTION('',(0.,0.342020143325669,-0.939692620785908));
#9319=DIRECTION('',(-1.,0.,0.));
#9320=DIRECTION('',(0.,-0.342020143325669,0.939692620785908));
#9321=DIRECTION('',(0.,-0.939692620785908,-0.342020143325669));
#9322=DIRECTION('',(0.,0.342020143325669,-0.939692620785908));
#9323=DIRECTION('',(-1.,0.,0.));
#9324=DIRECTION('',(0.,0.342020143325669,-0.939692620785908));
#9325=DIRECTION('',(-1.,0.,0.));
#9326=DIRECTION('',(0.,-0.342020143325669,0.939692620785908));
#9327=DIRECTION('',(0.,-0.939692620785908,-0.342020143325669));
#9328=DIRECTION('',(0.,0.342020143325669,-0.939692620785908));
#9329=DIRECTION('',(-1.,0.,0.));
#9330=DIRECTION('',(0.,0.342020143325669,-0.939692620785908));
#9331=DIRECTION('',(-1.,0.,0.));
#9332=DIRECTION('',(0.,-0.342020143325669,0.939692620785908));
#9333=DIRECTION('',(0.,-0.939692620785908,-0.342020143325669));
#9334=DIRECTION('',(0.,0.342020143325669,-0.939692620785908));
#9335=DIRECTION('',(-1.,0.,0.));
#9336=DIRECTION('',(0.,0.342020143325669,-0.939692620785908));
#9337=DIRECTION('',(-1.,0.,0.));
#9338=DIRECTION('',(0.,-0.342020143325669,0.939692620785908));
#9339=DIRECTION('',(0.,1.,0.));
#9340=DIRECTION('',(0.,0.,1.));
#9341=DIRECTION('',(0.,0.,-1.));
#9342=DIRECTION('',(1.,0.,-7.74430123203932E-17));
#9343=DIRECTION('',(1.,0.,-7.74430123203932E-17));
#9344=DIRECTION('',(0.,0.,-1.));
#9345=DIRECTION('',(1.,0.,3.5258607235301E-17));
#9346=DIRECTION('',(0.,0.,1.));
#9347=DIRECTION('',(-1.,0.,0.));
#9348=DIRECTION('',(0.,1.,0.));
#9349=DIRECTION('',(0.,0.,1.));
#9350=DIRECTION('',(1.,0.,-7.74430123203932E-17));
#9351=DIRECTION('',(0.,0.,1.));
#9352=DIRECTION('',(-1.,0.,0.));
#9353=DIRECTION('',(0.,0.,-1.));
#9354=DIRECTION('',(0.,1.,0.));
#9355=DIRECTION('',(0.,0.,1.));
#9356=DIRECTION('',(1.,0.,-7.74430123203932E-17));
#9357=DIRECTION('',(0.,0.,1.));
#9358=DIRECTION('',(-1.,0.,0.));
#9359=DIRECTION('',(0.,0.,-1.));
#9360=DIRECTION('',(0.,1.,0.));
#9361=DIRECTION('',(0.,0.,1.));
#9362=DIRECTION('',(1.,0.,-7.74430123203932E-17));
#9363=DIRECTION('',(0.,0.,1.));
#9364=DIRECTION('',(-1.,0.,0.));
#9365=DIRECTION('',(0.,0.,-1.));
#9366=DIRECTION('',(0.,1.,0.));
#9367=DIRECTION('',(0.,0.,1.));
#9368=DIRECTION('',(1.,0.,-7.74430123203932E-17));
#9369=DIRECTION('',(0.,0.,1.));
#9370=DIRECTION('',(-1.,0.,0.));
#9371=DIRECTION('',(0.,0.,-1.));
#9372=DIRECTION('',(0.,1.,0.));
#9373=DIRECTION('',(0.,0.,1.));
#9374=DIRECTION('',(1.,0.,-7.74430123203932E-17));
#9375=DIRECTION('',(0.,0.,1.));
#9376=DIRECTION('',(-1.,0.,0.));
#9377=DIRECTION('',(0.,0.,-1.));
#9378=DIRECTION('',(0.,1.,0.));
#9379=DIRECTION('',(0.,0.,1.));
#9380=DIRECTION('',(1.,0.,-7.74430123203932E-17));
#9381=DIRECTION('',(0.,0.,1.));
#9382=DIRECTION('',(-1.,0.,0.));
#9383=DIRECTION('',(0.,0.,-1.));
#9384=DIRECTION('',(0.,1.,0.));
#9385=DIRECTION('',(0.,0.,1.));
#9386=DIRECTION('',(1.,0.,-7.74430123203932E-17));
#9387=DIRECTION('',(0.,0.,1.));
#9388=DIRECTION('',(-1.,0.,0.));
#9389=DIRECTION('',(0.,0.,-1.));
#9390=DIRECTION('',(0.,1.,0.));
#9391=DIRECTION('',(0.,0.,1.));
#9392=DIRECTION('',(1.,0.,-7.74430123203932E-17));
#9393=DIRECTION('',(0.,0.,1.));
#9394=DIRECTION('',(-1.,0.,0.));
#9395=DIRECTION('',(0.,0.,-1.));
#9396=DIRECTION('',(0.,1.,0.));
#9397=DIRECTION('',(0.,0.,1.));
#9398=DIRECTION('',(1.,0.,-7.74430123203932E-17));
#9399=DIRECTION('',(0.,0.,1.));
#9400=DIRECTION('',(-1.,0.,0.));
#9401=DIRECTION('',(0.,0.,-1.));
#9402=DIRECTION('',(0.,1.,0.));
#9403=DIRECTION('',(0.,0.,1.));
#9404=DIRECTION('',(1.,0.,-7.74430123203932E-17));
#9405=DIRECTION('',(0.,0.,1.));
#9406=DIRECTION('',(-1.,0.,0.));
#9407=DIRECTION('',(0.,0.,-1.));
#9408=DIRECTION('',(1.,0.,3.5258607235301E-17));
#9409=DIRECTION('',(0.,0.,1.));
#9410=DIRECTION('',(1.,0.,-7.74430123203932E-17));
#9411=DIRECTION('',(0.,0.,1.));
#9412=DIRECTION('',(1.,0.,0.));
#9413=DIRECTION('',(0.,1.,0.));
#9414=DIRECTION('',(-1.,0.,0.));
#9415=DIRECTION('',(0.,1.,0.));
#9416=DIRECTION('',(0.,0.,1.));
#9417=DIRECTION('',(1.,0.,0.));
#9418=DIRECTION('',(0.,-1.,0.));
#9419=DIRECTION('',(0.,1.,0.));
#9420=DIRECTION('',(-1.,0.,0.));
#9421=DIRECTION('',(0.,0.,1.));
#9422=DIRECTION('',(1.,0.,0.));
#9423=DIRECTION('',(0.,-1.,0.));
#9424=DIRECTION('',(0.,1.,0.));
#9425=DIRECTION('',(-1.,0.,0.));
#9426=DIRECTION('',(0.,0.,1.));
#9427=DIRECTION('',(1.,0.,0.));
#9428=DIRECTION('',(0.,-1.,0.));
#9429=DIRECTION('',(0.,1.,0.));
#9430=DIRECTION('',(-1.,0.,0.));
#9431=DIRECTION('',(0.,0.,1.));
#9432=DIRECTION('',(1.,0.,0.));
#9433=DIRECTION('',(0.,-1.,0.));
#9434=DIRECTION('',(0.,1.,0.));
#9435=DIRECTION('',(-1.,0.,0.));
#9436=DIRECTION('',(0.,0.,1.));
#9437=DIRECTION('',(1.,0.,0.));
#9438=DIRECTION('',(0.,-1.,0.));
#9439=DIRECTION('',(0.,1.,0.));
#9440=DIRECTION('',(-1.,0.,0.));
#9441=DIRECTION('',(0.,0.,1.));
#9442=DIRECTION('',(1.,0.,0.));
#9443=DIRECTION('',(0.,-1.,0.));
#9444=DIRECTION('',(0.,1.,0.));
#9445=DIRECTION('',(-1.,0.,0.));
#9446=DIRECTION('',(0.,0.,1.));
#9447=DIRECTION('',(1.,0.,0.));
#9448=DIRECTION('',(0.,-1.,0.));
#9449=DIRECTION('',(0.,1.,0.));
#9450=DIRECTION('',(-1.,0.,0.));
#9451=DIRECTION('',(0.,0.,1.));
#9452=DIRECTION('',(1.,0.,0.));
#9453=DIRECTION('',(0.,-1.,0.));
#9454=DIRECTION('',(0.,1.,0.));
#9455=DIRECTION('',(-1.,0.,0.));
#9456=DIRECTION('',(0.,0.,1.));
#9457=DIRECTION('',(1.,0.,0.));
#9458=DIRECTION('',(0.,-1.,0.));
#9459=DIRECTION('',(0.,1.,0.));
#9460=DIRECTION('',(-1.,0.,0.));
#9461=DIRECTION('',(0.,0.,1.));
#9462=DIRECTION('',(1.,0.,0.));
#9463=DIRECTION('',(0.,-1.,0.));
#9464=DIRECTION('',(0.,1.,0.));
#9465=DIRECTION('',(-1.,0.,0.));
#9466=DIRECTION('',(0.,1.,0.));
#9467=DIRECTION('',(0.,0.,1.));
#9468=DIRECTION('',(0.,0.,-1.));
#9469=DIRECTION('',(1.,0.,2.16840434497101E-15));
#9470=DIRECTION('',(0.,0.,-1.));
#9471=DIRECTION('',(0.,0.,-1.));
#9472=DIRECTION('',(1.,0.,0.));
#9473=DIRECTION('',(0.,0.,-1.));
#9474=DIRECTION('',(0.,0.,-1.));
#9475=DIRECTION('',(1.,0.,0.));
#9476=DIRECTION('',(0.,0.,-1.));
#9477=DIRECTION('',(0.,0.,-1.));
#9478=DIRECTION('',(1.,0.,0.));
#9479=DIRECTION('',(0.,0.,-1.));
#9480=DIRECTION('',(0.,0.,-1.));
#9481=DIRECTION('',(1.,0.,0.));
#9482=DIRECTION('',(0.,0.,-1.));
#9483=DIRECTION('',(0.,0.,-1.));
#9484=DIRECTION('',(1.,0.,0.));
#9485=DIRECTION('',(0.,0.,-1.));
#9486=DIRECTION('',(0.,0.,-1.));
#9487=DIRECTION('',(1.,0.,0.));
#9488=DIRECTION('',(0.,0.,-1.));
#9489=DIRECTION('',(0.,0.,-1.));
#9490=DIRECTION('',(1.,0.,0.));
#9491=DIRECTION('',(0.,0.,-1.));
#9492=DIRECTION('',(0.,0.,-1.));
#9493=DIRECTION('',(1.,0.,0.));
#9494=DIRECTION('',(0.,0.,-1.));
#9495=DIRECTION('',(0.,0.,-1.));
#9496=DIRECTION('',(1.,0.,0.));
#9497=DIRECTION('',(0.,0.,-1.));
#9498=DIRECTION('',(0.,0.,-1.));
#9499=DIRECTION('',(-1.,0.,0.));
#9500=DIRECTION('',(0.,0.,-1.));
#9501=DIRECTION('',(0.,0.,-1.));
#9502=DIRECTION('',(-1.,0.,0.));
#9503=DIRECTION('',(1.,0.,0.));
#9504=DIRECTION('',(0.,-1.,0.));
#9505=DIRECTION('',(1.,0.,0.));
#9506=DIRECTION('',(0.,-1.,0.));
#9507=DIRECTION('',(0.,0.,-1.));
#9508=DIRECTION('',(-1.,0.,0.));
#9509=DIRECTION('',(1.,0.,0.));
#9510=DIRECTION('',(0.,-1.,0.));
#9511=DIRECTION('',(1.,0.,0.));
#9512=DIRECTION('',(0.,-1.,0.));
#9513=DIRECTION('',(0.,0.,-1.));
#9514=DIRECTION('',(-1.,0.,0.));
#9515=DIRECTION('',(1.,0.,0.));
#9516=DIRECTION('',(0.,-1.,0.));
#9517=DIRECTION('',(1.,0.,0.));
#9518=DIRECTION('',(0.,-1.,0.));
#9519=DIRECTION('',(0.,0.,-1.));
#9520=DIRECTION('',(-1.,0.,0.));
#9521=DIRECTION('',(1.,0.,0.));
#9522=DIRECTION('',(0.,-1.,0.));
#9523=DIRECTION('',(1.,0.,0.));
#9524=DIRECTION('',(0.,-1.,0.));
#9525=DIRECTION('',(0.,0.,-1.));
#9526=DIRECTION('',(-1.,0.,0.));
#9527=DIRECTION('',(1.,0.,0.));
#9528=DIRECTION('',(0.,-1.,0.));
#9529=DIRECTION('',(1.,0.,0.));
#9530=DIRECTION('',(0.,-1.,0.));
#9531=DIRECTION('',(0.,0.,-1.));
#9532=DIRECTION('',(-1.,0.,0.));
#9533=DIRECTION('',(1.,0.,0.));
#9534=DIRECTION('',(0.,-1.,0.));
#9535=DIRECTION('',(1.,0.,0.));
#9536=DIRECTION('',(0.,-1.,0.));
#9537=DIRECTION('',(0.,0.,-1.));
#9538=DIRECTION('',(-1.,0.,0.));
#9539=DIRECTION('',(1.,0.,0.));
#9540=DIRECTION('',(0.,-1.,0.));
#9541=DIRECTION('',(1.,0.,0.));
#9542=DIRECTION('',(0.,-1.,0.));
#9543=DIRECTION('',(0.,0.,-1.));
#9544=DIRECTION('',(-1.,0.,0.));
#9545=DIRECTION('',(1.,0.,0.));
#9546=DIRECTION('',(0.,-1.,0.));
#9547=DIRECTION('',(1.,0.,0.));
#9548=DIRECTION('',(0.,-1.,0.));
#9549=DIRECTION('',(0.,0.,-1.));
#9550=DIRECTION('',(-1.,0.,0.));
#9551=DIRECTION('',(1.,0.,0.));
#9552=DIRECTION('',(0.,-1.,0.));
#9553=DIRECTION('',(1.,0.,0.));
#9554=DIRECTION('',(0.,-1.,0.));
#9555=DIRECTION('',(0.,0.,-1.));
#9556=DIRECTION('',(-1.,0.,0.));
#9557=DIRECTION('',(1.,0.,0.));
#9558=DIRECTION('',(0.,-1.,0.));
#9559=DIRECTION('',(1.,0.,0.));
#9560=DIRECTION('',(0.,-1.,0.));
#9561=DIRECTION('',(0.,0.,1.));
#9562=DIRECTION('',(1.,0.,0.));
#9563=DIRECTION('',(0.,1.,0.));
#9564=DIRECTION('',(0.,-1.,0.));
#9565=DIRECTION('',(-1.,0.,0.));
#9566=DIRECTION('',(0.,0.,1.));
#9567=DIRECTION('',(1.,0.,0.));
#9568=DIRECTION('',(0.,-1.,0.));
#9569=DIRECTION('',(-1.,0.,0.));
#9570=DIRECTION('',(0.,1.,0.));
#9571=DIRECTION('',(0.,0.,1.));
#9572=DIRECTION('',(1.,0.,0.));
#9573=DIRECTION('',(0.,-1.,0.));
#9574=DIRECTION('',(-1.,0.,0.));
#9575=DIRECTION('',(0.,1.,0.));
#9576=DIRECTION('',(0.,0.,1.));
#9577=DIRECTION('',(1.,0.,0.));
#9578=DIRECTION('',(0.,-1.,0.));
#9579=DIRECTION('',(-1.,0.,0.));
#9580=DIRECTION('',(0.,1.,0.));
#9581=DIRECTION('',(0.,0.,1.));
#9582=DIRECTION('',(1.,0.,0.));
#9583=DIRECTION('',(0.,-1.,0.));
#9584=DIRECTION('',(-1.,0.,0.));
#9585=DIRECTION('',(0.,1.,0.));
#9586=DIRECTION('',(0.,0.,1.));
#9587=DIRECTION('',(1.,0.,0.));
#9588=DIRECTION('',(0.,-1.,0.));
#9589=DIRECTION('',(-1.,0.,0.));
#9590=DIRECTION('',(0.,1.,0.));
#9591=DIRECTION('',(0.,0.,1.));
#9592=DIRECTION('',(1.,0.,0.));
#9593=DIRECTION('',(0.,-1.,0.));
#9594=DIRECTION('',(-1.,0.,0.));
#9595=DIRECTION('',(0.,1.,0.));
#9596=DIRECTION('',(0.,0.,1.));
#9597=DIRECTION('',(1.,0.,0.));
#9598=DIRECTION('',(0.,-1.,0.));
#9599=DIRECTION('',(-1.,0.,0.));
#9600=DIRECTION('',(0.,1.,0.));
#9601=DIRECTION('',(0.,0.,1.));
#9602=DIRECTION('',(1.,0.,0.));
#9603=DIRECTION('',(0.,-1.,0.));
#9604=DIRECTION('',(-1.,0.,0.));
#9605=DIRECTION('',(0.,1.,0.));
#9606=DIRECTION('',(0.,0.,1.));
#9607=DIRECTION('',(1.,0.,0.));
#9608=DIRECTION('',(0.,-1.,0.));
#9609=DIRECTION('',(-1.,0.,0.));
#9610=DIRECTION('',(0.,1.,0.));
#9611=DIRECTION('',(0.,0.,1.));
#9612=DIRECTION('',(1.,0.,0.));
#9613=DIRECTION('',(0.,-1.,0.));
#9614=DIRECTION('',(-1.,0.,0.));
#9615=DIRECTION('',(0.,-1.,0.));
#9616=DIRECTION('',(0.,1.,0.));
#9617=DIRECTION('',(0.,0.,1.));
#9618=DIRECTION('',(1.,0.,2.16840434497101E-15));
#9619=DIRECTION('',(0.,0.,-1.));
#9620=DIRECTION('',(0.,0.,1.));
#9621=DIRECTION('',(1.,0.,3.5258607235301E-17));
#9622=DIRECTION('',(0.,0.,-1.));
#9623=DIRECTION('',(0.,0.,1.));
#9624=DIRECTION('',(1.,0.,0.));
#9625=DIRECTION('',(0.,0.,-1.));
#9626=DIRECTION('',(0.,0.,1.));
#9627=DIRECTION('',(1.,0.,0.));
#9628=DIRECTION('',(0.,0.,-1.));
#9629=DIRECTION('',(0.,0.,1.));
#9630=DIRECTION('',(1.,0.,0.));
#9631=DIRECTION('',(0.,0.,-1.));
#9632=DIRECTION('',(0.,0.,1.));
#9633=DIRECTION('',(1.,0.,0.));
#9634=DIRECTION('',(0.,0.,-1.));
#9635=DIRECTION('',(0.,0.,1.));
#9636=DIRECTION('',(1.,0.,0.));
#9637=DIRECTION('',(0.,0.,-1.));
#9638=DIRECTION('',(0.,0.,1.));
#9639=DIRECTION('',(1.,0.,0.));
#9640=DIRECTION('',(0.,0.,-1.));
#9641=DIRECTION('',(0.,0.,1.));
#9642=DIRECTION('',(1.,0.,0.));
#9643=DIRECTION('',(0.,0.,-1.));
#9644=DIRECTION('',(0.,0.,1.));
#9645=DIRECTION('',(1.,0.,0.));
#9646=DIRECTION('',(0.,0.,-1.));
#9647=DIRECTION('',(0.,0.,1.));
#9648=DIRECTION('',(1.,0.,0.));
#9649=DIRECTION('',(0.,0.,-1.));
#9650=DIRECTION('',(0.,0.,1.));
#9651=DIRECTION('',(0.,0.,1.));
#9652=DIRECTION('',(1.,0.,0.));
#9653=DIRECTION('',(0.,-1.,0.));
#9654=DIRECTION('',(0.,-1.,0.));
#9655=DIRECTION('',(-1.,0.,0.));
#9656=DIRECTION('',(0.,0.,1.));
#9657=DIRECTION('',(1.,0.,0.));
#9658=DIRECTION('',(0.,1.,0.));
#9659=DIRECTION('',(-1.,0.,0.));
#9660=DIRECTION('',(0.,-1.,0.));
#9661=DIRECTION('',(0.,0.,-1.));
#9662=DIRECTION('',(-1.,0.,0.));
#9663=DIRECTION('',(0.,-1.,0.));
#9664=DIRECTION('',(1.,0.,0.));
#9665=DIRECTION('',(0.,-1.,0.));
#9666=DIRECTION('',(1.,0.,0.));
#9667=DIRECTION('',(0.,-1.,0.));
#9668=DIRECTION('',(1.,0.,0.));
#9669=DIRECTION('',(0.,-1.,0.));
#9670=DIRECTION('',(1.,0.,0.));
#9671=DIRECTION('',(0.,1.,0.));
#9672=DIRECTION('',(0.,0.,1.));
#9673=DIRECTION('',(0.,0.,-1.));
#9674=DIRECTION('',(-0.707106781186548,0.,-0.707106781186547));
#9675=DIRECTION('',(0.,0.,-1.));
#9676=DIRECTION('',(-1.,0.,0.));
#9677=DIRECTION('',(-1.,0.,0.));
#9678=DIRECTION('',(0.,0.,-1.));
#9679=DIRECTION('',(0.,1.,0.));
#9680=DIRECTION('',(1.,0.,0.));
#9681=DIRECTION('',(0.,1.,0.));
#9682=DIRECTION('',(0.,0.,1.));
#9683=DIRECTION('',(0.,0.,1.));
#9684=DIRECTION('',(0.,1.,0.));
#9685=DIRECTION('',(1.,0.,0.));
#9686=DIRECTION('',(0.,0.,1.));
#9687=DIRECTION('',(-1.,0.,0.));
#9688=DIRECTION('',(-1.,0.,0.));
#9689=DIRECTION('',(0.,0.,1.));
#9690=DIRECTION('',(-0.707106781186548,0.,0.707106781186547));
#9691=DIRECTION('',(0.,0.,1.));
#9692=DIRECTION('',(1.,0.,0.));
#9693=DIRECTION('',(0.,-1.,0.));
#9694=DIRECTION('',(0.,-1.,0.));
#9695=DIRECTION('',(-1.,0.,0.));
#9696=DIRECTION('',(0.,0.,1.));
#9697=DIRECTION('',(1.,0.,0.));
#9698=DIRECTION('',(0.,-1.,0.));
#9699=DIRECTION('',(-1.,0.,0.));
#9700=DIRECTION('',(0.,-1.,0.));
#9701=DIRECTION('',(1.,0.,0.));
#9702=DIRECTION('',(0.,0.,-1.));
#9703=DIRECTION('',(0.,-1.,0.));
#9704=DIRECTION('',(0.,0.,1.));
#9705=DIRECTION('',(0.,-1.,0.));
#9706=DIRECTION('',(0.,-1.,0.));
#9707=DIRECTION('',(0.,0.,-1.));
#9708=DIRECTION('',(0.,1.,0.));
#9709=DIRECTION('',(1.,0.,0.));
#9710=DIRECTION('',(0.,-1.,0.));
#9711=DIRECTION('',(0.,0.,-1.));
#9712=DIRECTION('',(0.,-1.,0.));
#9713=DIRECTION('',(0.,1.,0.));
#9714=DIRECTION('',(1.,0.,0.));
#9715=DIRECTION('',(-1.,0.,0.));
#9716=DIRECTION('',(0.,0.,1.));
#9717=DIRECTION('',(0.,0.,-1.));
#9718=DIRECTION('',(0.,0.,1.));
#9719=DIRECTION('',(1.,0.,0.));
#9720=DIRECTION('',(-1.,0.,0.));
#9721=DIRECTION('',(0.,-1.,0.));
#9722=DIRECTION('',(0.,1.,0.));
#9723=DIRECTION('',(0.,0.,1.));
#9724=DIRECTION('',(-1.,0.,-1.44560289664734E-16));
#9725=DIRECTION('',(-1.,0.,0.));
#9726=DIRECTION('',(1.44560289664734E-16,0.,-1.));
#9727=DIRECTION('',(-1.,0.,-1.44560289664734E-16));
#9728=DIRECTION('',(0.,-1.,0.));
#9729=DIRECTION('',(0.,-1.,0.));
#9730=DIRECTION('',(1.,0.,1.44560289664734E-16));
#9731=DIRECTION('',(0.,0.,1.));
#9732=DIRECTION('',(1.,0.,0.));
#9733=DIRECTION('',(-1.,0.,0.));
#9734=DIRECTION('',(0.,-1.,0.));
#9735=DIRECTION('',(-1.,0.,0.));
#9736=DIRECTION('',(0.,-1.,0.));
#9737=DIRECTION('',(1.,0.,0.));
#9738=DIRECTION('',(0.,0.,-1.));
#9739=DIRECTION('',(0.,0.,1.));
#9740=DIRECTION('',(0.,-1.,0.));
#9741=DIRECTION('',(0.,0.,1.));
#9742=DIRECTION('',(1.44560289664734E-16,0.,-1.));
#9743=DIRECTION('',(-1.,0.,-1.44560289664734E-16));
#9744=DIRECTION('',(0.,-1.,0.));
#9745=DIRECTION('',(1.,0.,1.44560289664734E-16));
#9746=DIRECTION('',(-1.,0.,0.));
#9747=DIRECTION('',(0.,0.,1.));
#9748=DIRECTION('',(0.,0.,-1.));
#9749=DIRECTION('',(0.,0.,-1.));
#9750=DIRECTION('',(0.,1.,0.));
#9751=DIRECTION('',(0.,0.,1.));
#9752=DIRECTION('',(0.,1.,0.));
#9753=DIRECTION('',(0.,0.,1.));
#9754=DIRECTION('',(1.44560289664734E-16,0.,-1.));
#9755=DIRECTION('',(-1.,0.,-1.44560289664734E-16));
#9756=DIRECTION('',(0.,-1.,0.));
#9757=DIRECTION('',(0.,-1.,0.));
#9758=DIRECTION('',(1.,0.,1.44560289664734E-16));
#9759=DIRECTION('',(0.,0.,1.));
#9760=DIRECTION('',(1.,0.,0.));
#9761=DIRECTION('',(-1.,0.,0.));
#9762=DIRECTION('',(0.,-1.,0.));
#9763=DIRECTION('',(-1.,0.,0.));
#9764=DIRECTION('',(0.,-1.,0.));
#9765=DIRECTION('',(1.,0.,0.));
#9766=DIRECTION('',(0.,0.,-1.));
#9767=DIRECTION('',(0.,-1.,0.));
#9768=DIRECTION('',(0.,0.,1.));
#9769=DIRECTION('',(0.,0.,1.));
#9770=DIRECTION('',(1.44560289664734E-16,0.,-1.));
#9771=DIRECTION('',(-1.,0.,-1.44560289664734E-16));
#9772=DIRECTION('',(0.,-1.,0.));
#9773=DIRECTION('',(1.,0.,1.44560289664734E-16));
#9774=DIRECTION('',(-1.,0.,0.));
#9775=DIRECTION('',(0.,0.,1.));
#9776=DIRECTION('',(0.,0.,-1.));
#9777=DIRECTION('',(0.,0.,-1.));
#9778=DIRECTION('',(0.,1.,0.));
#9779=DIRECTION('',(0.,0.,1.));
#9780=DIRECTION('',(0.,1.,0.));
#9781=DIRECTION('',(0.,0.,1.));
#9782=DIRECTION('',(-1.,0.,0.));
#9783=DIRECTION('',(0.,0.,1.));
#9784=DIRECTION('',(0.,-1.,0.));
#9785=DIRECTION('',(0.,0.,-1.));
#9786=DIRECTION('',(0.,-1.,0.));
#9787=DIRECTION('',(7.74430123203932E-17,0.,1.));
#9788=DIRECTION('',(1.,0.,-7.74430123203932E-17));
#9789=DIRECTION('',(0.,1.,0.));
#9790=DIRECTION('',(-1.,0.,7.74430123203932E-17));
#9791=DIRECTION('',(0.,-1.,0.));
#9792=DIRECTION('',(0.,1.,0.));
#9793=DIRECTION('',(-1.,0.,0.));
#9794=DIRECTION('',(1.,0.,0.));
#9795=DIRECTION('',(0.,0.,-1.));
#9796=DIRECTION('',(0.,0.,1.));
#9797=DIRECTION('',(0.,-1.,0.));
#9798=DIRECTION('',(0.707106781186547,0.,0.707106781186548));
#9799=DIRECTION('',(0.707106781186548,0.,-0.707106781186547));
#9800=DIRECTION('',(-0.707106781186548,0.,0.707106781186547));
#9801=DIRECTION('',(0.,-1.,0.));
#9802=DIRECTION('',(1.,0.,0.));
#9803=DIRECTION('',(0.,0.,-1.));
#9804=DIRECTION('',(0.,0.,1.));
#9805=DIRECTION('',(-1.,0.,0.));
#9806=DIRECTION('',(0.,0.,1.));
#9807=DIRECTION('',(0.,0.,-1.));
#9808=DIRECTION('',(0.,-1.,0.));
#9809=DIRECTION('',(-0.707106781186547,0.,0.707106781186548));
#9810=DIRECTION('',(0.707106781186548,0.,0.707106781186547));
#9811=DIRECTION('',(-0.707106781186548,0.,-0.707106781186547));
#9812=DIRECTION('',(0.,-1.,0.));
#9813=DIRECTION('',(0.,0.,-1.));
#9814=DIRECTION('',(0.,-0.939692620785908,-0.342020143325669));
#9815=DIRECTION('',(0.,0.342020143325669,-0.939692620785908));
#9816=DIRECTION('',(-1.,0.,0.));
#9817=DIRECTION('',(0.,0.342020143325669,-0.939692620785908));
#9818=DIRECTION('',(-1.,0.,0.));
#9819=DIRECTION('',(0.,-0.342020143325669,0.939692620785908));
#9820=DIRECTION('',(0.,-2.71050543121376E-16,-1.));
#9821=DIRECTION('',(0.,1.,-2.71050543121376E-16));
#9822=DIRECTION('',(1.,0.,0.));
#9823=DIRECTION('',(0.,1.,-2.71050543121376E-16));
#9824=DIRECTION('',(0.,-1.,2.71050543121376E-16));
#9825=DIRECTION('',(0.,-1.,2.71050543121376E-16));
#9826=DIRECTION('',(0.,-1.,2.71050543121376E-16));
#9827=DIRECTION('',(1.,0.,0.));
#9828=DIRECTION('',(0.,1.,-2.71050543121376E-16));
#9829=DIRECTION('',(0.,-1.,2.71050543121376E-16));
#9830=DIRECTION('',(1.,0.,0.));
#9831=DIRECTION('',(0.,1.,-2.71050543121376E-16));
#9832=DIRECTION('',(0.,-1.,2.71050543121376E-16));
#9833=DIRECTION('',(1.,0.,0.));
#9834=DIRECTION('',(0.,1.,-2.71050543121376E-16));
#9835=DIRECTION('',(0.,-1.,2.71050543121376E-16));
#9836=DIRECTION('',(1.,0.,0.));
#9837=DIRECTION('',(0.,1.,-2.71050543121376E-16));
#9838=DIRECTION('',(0.,-1.,2.71050543121376E-16));
#9839=DIRECTION('',(1.,0.,0.));
#9840=DIRECTION('',(0.,1.,-2.71050543121376E-16));
#9841=DIRECTION('',(0.,-1.,2.71050543121376E-16));
#9842=DIRECTION('',(1.,0.,0.));
#9843=DIRECTION('',(0.,1.,-2.71050543121376E-16));
#9844=DIRECTION('',(0.,-1.,2.71050543121376E-16));
#9845=DIRECTION('',(1.,0.,0.));
#9846=DIRECTION('',(0.,1.,-2.71050543121376E-16));
#9847=DIRECTION('',(0.,-1.,2.71050543121376E-16));
#9848=DIRECTION('',(1.,0.,0.));
#9849=DIRECTION('',(0.,1.,-2.71050543121376E-16));
#9850=DIRECTION('',(0.,-1.,2.71050543121376E-16));
#9851=DIRECTION('',(1.,0.,0.));
#9852=DIRECTION('',(0.,1.,-2.71050543121376E-16));
#9853=DIRECTION('',(0.,-1.,2.71050543121376E-16));
#9854=DIRECTION('',(0.,-1.,0.));
#9855=DIRECTION('',(0.,0.,-1.));
#9856=DIRECTION('',(1.,0.,0.));
#9857=DIRECTION('',(0.,0.,1.));
#9858=DIRECTION('',(0.,0.,1.));
#9859=DIRECTION('',(0.,0.,1.));
#9860=DIRECTION('',(0.,0.,-1.));
#9861=DIRECTION('',(1.,0.,0.));
#9862=DIRECTION('',(0.,0.,1.));
#9863=DIRECTION('',(0.,0.,-1.));
#9864=DIRECTION('',(1.,0.,0.));
#9865=DIRECTION('',(0.,0.,1.));
#9866=DIRECTION('',(0.,0.,-1.));
#9867=DIRECTION('',(1.,0.,0.));
#9868=DIRECTION('',(0.,0.,1.));
#9869=DIRECTION('',(0.,0.,-1.));
#9870=DIRECTION('',(1.,0.,0.));
#9871=DIRECTION('',(0.,0.,1.));
#9872=DIRECTION('',(0.,0.,-1.));
#9873=DIRECTION('',(1.,0.,0.));
#9874=DIRECTION('',(0.,0.,1.));
#9875=DIRECTION('',(0.,0.,-1.));
#9876=DIRECTION('',(1.,0.,0.));
#9877=DIRECTION('',(0.,0.,1.));
#9878=DIRECTION('',(0.,0.,-1.));
#9879=DIRECTION('',(1.,0.,0.));
#9880=DIRECTION('',(0.,0.,1.));
#9881=DIRECTION('',(0.,0.,-1.));
#9882=DIRECTION('',(1.,0.,0.));
#9883=DIRECTION('',(0.,0.,1.));
#9884=DIRECTION('',(0.,0.,-1.));
#9885=DIRECTION('',(1.,0.,0.));
#9886=DIRECTION('',(0.,0.,1.));
#9887=DIRECTION('',(0.,0.,-1.));
#9888=DIRECTION('',(1.,0.,0.));
#9889=DIRECTION('',(0.,0.,-1.));
#9890=DIRECTION('',(1.,0.,0.));
#9891=DIRECTION('',(0.,0.,-1.));
#9892=DIRECTION('',(-1.,0.,0.));
#9893=DIRECTION('',(0.,0.,1.));
#9894=DIRECTION('',(0.,-1.,0.));
#9895=DIRECTION('',(0.,0.,-1.));
#9896=DIRECTION('',(0.,0.,-1.));
#9897=DIRECTION('',(0.,1.,0.));
#9898=DIRECTION('',(1.,0.,0.));
#9899=DIRECTION('',(0.,0.,-1.));
#9900=DIRECTION('',(0.,0.,1.));
#9901=DIRECTION('',(0.,-1.,0.));
#9902=DIRECTION('',(0.,1.,0.));
#9903=DIRECTION('',(0.,0.,1.));
#9904=DIRECTION('',(-1.,0.,0.));
#9905=DIRECTION('',(0.,0.,1.));
#9906=DIRECTION('',(0.,-1.,0.));
#9907=DIRECTION('',(0.,0.,-1.));
#9908=DIRECTION('',(0.,0.,-1.));
#9909=DIRECTION('',(0.,1.,0.));
#9910=DIRECTION('',(1.,0.,0.));
#9911=DIRECTION('',(0.,0.,-1.));
#9912=DIRECTION('',(0.,0.,1.));
#9913=DIRECTION('',(0.,-1.,0.));
#9914=DIRECTION('',(0.,1.,0.));
#9915=DIRECTION('',(0.,0.,1.));
#9916=DIRECTION('',(-1.,0.,0.));
#9917=DIRECTION('',(0.,0.,1.));
#9918=DIRECTION('',(0.,-1.,0.));
#9919=DIRECTION('',(0.,0.,-1.));
#9920=DIRECTION('',(0.,0.,-1.));
#9921=DIRECTION('',(0.,1.,0.));
#9922=DIRECTION('',(1.,0.,0.));
#9923=DIRECTION('',(0.,0.,-1.));
#9924=DIRECTION('',(0.,0.,1.));
#9925=DIRECTION('',(0.,-1.,0.));
#9926=DIRECTION('',(0.,1.,0.));
#9927=DIRECTION('',(0.,0.,1.));
#9928=DIRECTION('',(-1.,0.,0.));
#9929=DIRECTION('',(0.,0.,1.));
#9930=DIRECTION('',(0.,-1.,0.));
#9931=DIRECTION('',(0.,0.,-1.));
#9932=DIRECTION('',(0.,0.,-1.));
#9933=DIRECTION('',(0.,1.,0.));
#9934=DIRECTION('',(1.,0.,0.));
#9935=DIRECTION('',(0.,0.,-1.));
#9936=DIRECTION('',(0.,0.,1.));
#9937=DIRECTION('',(0.,-1.,0.));
#9938=DIRECTION('',(0.,1.,0.));
#9939=DIRECTION('',(0.,0.,1.));
#9940=DIRECTION('',(-1.,0.,0.));
#9941=DIRECTION('',(0.,0.,1.));
#9942=DIRECTION('',(0.,-1.,0.));
#9943=DIRECTION('',(0.,0.,-1.));
#9944=DIRECTION('',(0.,0.,-1.));
#9945=DIRECTION('',(0.,1.,0.));
#9946=DIRECTION('',(1.,0.,0.));
#9947=DIRECTION('',(0.,0.,-1.));
#9948=DIRECTION('',(0.,0.,1.));
#9949=DIRECTION('',(0.,-1.,0.));
#9950=DIRECTION('',(0.,1.,0.));
#9951=DIRECTION('',(0.,0.,1.));
#9952=DIRECTION('',(-1.,0.,0.));
#9953=DIRECTION('',(0.,0.,1.));
#9954=DIRECTION('',(0.,-1.,0.));
#9955=DIRECTION('',(0.,0.,-1.));
#9956=DIRECTION('',(0.,0.,-1.));
#9957=DIRECTION('',(0.,1.,0.));
#9958=DIRECTION('',(1.,0.,0.));
#9959=DIRECTION('',(0.,0.,-1.));
#9960=DIRECTION('',(0.,0.,1.));
#9961=DIRECTION('',(0.,-1.,0.));
#9962=DIRECTION('',(0.,1.,0.));
#9963=DIRECTION('',(0.,0.,1.));
#9964=DIRECTION('',(-1.,0.,0.));
#9965=DIRECTION('',(0.,0.,1.));
#9966=DIRECTION('',(0.,-1.,0.));
#9967=DIRECTION('',(0.,0.,-1.));
#9968=DIRECTION('',(0.,0.,-1.));
#9969=DIRECTION('',(0.,1.,0.));
#9970=DIRECTION('',(1.,0.,0.));
#9971=DIRECTION('',(0.,0.,-1.));
#9972=DIRECTION('',(0.,0.,1.));
#9973=DIRECTION('',(0.,-1.,0.));
#9974=DIRECTION('',(0.,1.,0.));
#9975=DIRECTION('',(0.,0.,1.));
#9976=DIRECTION('',(-1.,0.,0.));
#9977=DIRECTION('',(0.,0.,1.));
#9978=DIRECTION('',(0.,-1.,0.));
#9979=DIRECTION('',(0.,0.,-1.));
#9980=DIRECTION('',(0.,0.,-1.));
#9981=DIRECTION('',(0.,1.,0.));
#9982=DIRECTION('',(1.,0.,0.));
#9983=DIRECTION('',(0.,0.,-1.));
#9984=DIRECTION('',(0.,0.,1.));
#9985=DIRECTION('',(0.,-1.,0.));
#9986=DIRECTION('',(0.,1.,0.));
#9987=DIRECTION('',(0.,0.,1.));
#9988=DIRECTION('',(-1.,0.,0.));
#9989=DIRECTION('',(0.,0.,1.));
#9990=DIRECTION('',(0.,-1.,0.));
#9991=DIRECTION('',(0.,0.,-1.));
#9992=DIRECTION('',(0.,0.,-1.));
#9993=DIRECTION('',(0.,1.,0.));
#9994=DIRECTION('',(1.,0.,0.));
#9995=DIRECTION('',(0.,0.,-1.));
#9996=DIRECTION('',(0.,0.,1.));
#9997=DIRECTION('',(0.,-1.,0.));
#9998=DIRECTION('',(0.,1.,0.));
#9999=DIRECTION('',(0.,0.,1.));
#10000=DIRECTION('',(1.,0.,0.));
#10001=DIRECTION('',(0.,0.,-1.));
#10002=DIRECTION('',(0.,0.,1.));
#10003=DIRECTION('',(0.,-1.,0.));
#10004=DIRECTION('',(0.,1.,0.));
#10005=DIRECTION('',(0.,0.,1.));
#10006=DIRECTION('',(-1.,0.,0.));
#10007=DIRECTION('',(0.,0.,1.));
#10008=DIRECTION('',(0.,-1.,0.));
#10009=DIRECTION('',(0.,0.,-1.));
#10010=DIRECTION('',(0.,0.,-1.));
#10011=DIRECTION('',(0.,1.,0.));
#10012=DIRECTION('',(0.,1.,0.));
#10013=DIRECTION('',(0.,0.,1.));
#10014=DIRECTION('',(1.,0.,2.16840434497101E-15));
#10015=DIRECTION('',(-2.16840434497101E-15,0.,1.));
#10016=DIRECTION('',(1.,0.,2.16840434497101E-15));
#10017=DIRECTION('',(0.,1.,0.));
#10018=DIRECTION('',(0.,0.,1.));
#10019=DIRECTION('',(1.,0.,0.));
#10020=DIRECTION('',(0.,0.,1.));
#10021=DIRECTION('',(1.,0.,0.));
#10022=DIRECTION('',(0.,1.,0.));
#10023=DIRECTION('',(0.,0.,1.));
#10024=DIRECTION('',(1.,0.,0.));
#10025=DIRECTION('',(0.,0.,1.));
#10026=DIRECTION('',(1.,0.,0.));
#10027=DIRECTION('',(0.,1.,0.));
#10028=DIRECTION('',(0.,0.,1.));
#10029=DIRECTION('',(1.,0.,0.));
#10030=DIRECTION('',(0.,0.,1.));
#10031=DIRECTION('',(1.,0.,0.));
#10032=DIRECTION('',(0.,1.,0.));
#10033=DIRECTION('',(0.,0.,1.));
#10034=DIRECTION('',(1.,0.,0.));
#10035=DIRECTION('',(0.,0.,1.));
#10036=DIRECTION('',(1.,0.,0.));
#10037=DIRECTION('',(0.,1.,0.));
#10038=DIRECTION('',(0.,0.,1.));
#10039=DIRECTION('',(1.,0.,0.));
#10040=DIRECTION('',(0.,0.,1.));
#10041=DIRECTION('',(1.,0.,0.));
#10042=DIRECTION('',(0.,1.,0.));
#10043=DIRECTION('',(0.,0.,1.));
#10044=DIRECTION('',(1.,0.,0.));
#10045=DIRECTION('',(0.,0.,1.));
#10046=DIRECTION('',(1.,0.,0.));
#10047=DIRECTION('',(0.,1.,0.));
#10048=DIRECTION('',(0.,0.,1.));
#10049=DIRECTION('',(1.,0.,0.));
#10050=DIRECTION('',(0.,0.,1.));
#10051=DIRECTION('',(1.,0.,0.));
#10052=DIRECTION('',(0.,1.,0.));
#10053=DIRECTION('',(0.,0.,1.));
#10054=DIRECTION('',(1.,0.,0.));
#10055=DIRECTION('',(0.,0.,1.));
#10056=DIRECTION('',(1.,0.,0.));
#10057=DIRECTION('',(0.,1.,0.));
#10058=DIRECTION('',(0.,0.,1.));
#10059=DIRECTION('',(1.,0.,0.));
#10060=DIRECTION('',(0.,0.,1.));
#10061=DIRECTION('',(1.,0.,0.));
#10062=DIRECTION('',(0.,0.,-1.));
#10063=DIRECTION('',(-1.,0.,0.));
#10064=DIRECTION('',(1.,0.,0.));
#10065=DIRECTION('',(0.,1.,0.));
#10066=DIRECTION('',(0.,0.,1.));
#10067=DIRECTION('',(0.,0.,-1.));
#10068=DIRECTION('',(-1.,0.,0.));
#10069=DIRECTION('',(1.,0.,0.));
#10070=DIRECTION('',(0.,1.,0.));
#10071=DIRECTION('',(0.,0.,1.));
#10072=DIRECTION('',(0.,0.,-1.));
#10073=DIRECTION('',(-1.,0.,0.));
#10074=DIRECTION('',(1.,0.,0.));
#10075=DIRECTION('',(0.,1.,0.));
#10076=DIRECTION('',(0.,0.,1.));
#10077=DIRECTION('',(0.,0.,-1.));
#10078=DIRECTION('',(-1.,0.,0.));
#10079=DIRECTION('',(1.,0.,0.));
#10080=DIRECTION('',(0.,1.,0.));
#10081=DIRECTION('',(0.,0.,1.));
#10082=DIRECTION('',(0.,0.,-1.));
#10083=DIRECTION('',(-1.,0.,0.));
#10084=DIRECTION('',(1.,0.,0.));
#10085=DIRECTION('',(0.,1.,0.));
#10086=DIRECTION('',(0.,0.,1.));
#10087=DIRECTION('',(0.,0.,-1.));
#10088=DIRECTION('',(-1.,0.,0.));
#10089=DIRECTION('',(1.,0.,0.));
#10090=DIRECTION('',(0.,1.,0.));
#10091=DIRECTION('',(0.,0.,1.));
#10092=DIRECTION('',(0.,0.,-1.));
#10093=DIRECTION('',(-1.,0.,0.));
#10094=DIRECTION('',(1.,0.,0.));
#10095=DIRECTION('',(0.,1.,0.));
#10096=DIRECTION('',(0.,0.,1.));
#10097=DIRECTION('',(0.,0.,-1.));
#10098=DIRECTION('',(-1.,0.,0.));
#10099=DIRECTION('',(1.,0.,0.));
#10100=DIRECTION('',(0.,1.,0.));
#10101=DIRECTION('',(0.,0.,1.));
#10102=DIRECTION('',(0.,0.,-1.));
#10103=DIRECTION('',(-1.,0.,0.));
#10104=DIRECTION('',(1.,0.,0.));
#10105=DIRECTION('',(0.,1.,0.));
#10106=DIRECTION('',(0.,0.,1.));
#10107=DIRECTION('',(2.16840434497101E-15,0.,-1.));
#10108=DIRECTION('',(-1.,0.,-2.16840434497101E-15));
#10109=DIRECTION('',(1.,0.,2.16840434497101E-15));
#10110=DIRECTION('',(0.,1.,0.));
#10111=DIRECTION('',(0.,0.,1.));
#10112=DIRECTION('',(0.,0.,-1.));
#10113=DIRECTION('',(-1.,0.,0.));
#10114=DIRECTION('',(0.,1.,0.));
#10115=DIRECTION('',(-1.,0.,0.));
#10116=DIRECTION('',(0.,1.,0.));
#10117=DIRECTION('',(1.,0.,0.));
#10118=DIRECTION('',(0.,0.,-1.));
#10119=DIRECTION('',(0.,0.,-1.));
#10120=DIRECTION('',(-1.,0.,0.));
#10121=DIRECTION('',(0.,0.,1.));
#10122=DIRECTION('',(0.,0.,1.));
#10123=DIRECTION('',(0.,1.,0.));
#10124=DIRECTION('',(0.,0.,1.));
#10125=DIRECTION('',(-1.,0.,0.));
#10126=DIRECTION('',(0.,0.,1.));
#10127=DIRECTION('',(0.,0.,1.));
#10128=DIRECTION('',(0.,1.,0.));
#10129=DIRECTION('',(0.,0.,-1.));
#10130=DIRECTION('',(-1.,0.,0.));
#10131=DIRECTION('',(-1.,0.,0.));
#10132=DIRECTION('',(0.,1.,0.));
#10133=DIRECTION('',(1.,0.,0.));
#10134=DIRECTION('',(0.,0.,-1.));
#10135=DIRECTION('',(0.,0.,-1.));
#10136=DIRECTION('',(0.,1.,0.));
#10137=DIRECTION('',(0.,0.,1.));
#10138=DIRECTION('',(-1.,0.,0.));
#10139=DIRECTION('',(0.,0.,1.));
#10140=DIRECTION('',(0.,0.,1.));
#10141=DIRECTION('',(0.,1.,0.));
#10142=DIRECTION('',(0.,0.,-1.));
#10143=DIRECTION('',(-1.,0.,0.));
#10144=DIRECTION('',(-1.,0.,0.));
#10145=DIRECTION('',(0.,1.,0.));
#10146=DIRECTION('',(1.,0.,0.));
#10147=DIRECTION('',(0.,0.,-1.));
#10148=DIRECTION('',(0.,0.,-1.));
#10149=DIRECTION('',(0.,1.,0.));
#10150=DIRECTION('',(0.,0.,1.));
#10151=DIRECTION('',(-1.,0.,0.));
#10152=DIRECTION('',(0.,0.,1.));
#10153=DIRECTION('',(0.,0.,1.));
#10154=DIRECTION('',(0.,1.,0.));
#10155=DIRECTION('',(0.,0.,-1.));
#10156=DIRECTION('',(-1.,0.,0.));
#10157=DIRECTION('',(-1.,0.,0.));
#10158=DIRECTION('',(0.,1.,0.));
#10159=DIRECTION('',(1.,0.,0.));
#10160=DIRECTION('',(0.,0.,-1.));
#10161=DIRECTION('',(0.,0.,-1.));
#10162=DIRECTION('',(0.,1.,0.));
#10163=DIRECTION('',(0.,0.,1.));
#10164=DIRECTION('',(-1.,0.,0.));
#10165=DIRECTION('',(0.,0.,1.));
#10166=DIRECTION('',(0.,0.,1.));
#10167=DIRECTION('',(0.,1.,0.));
#10168=DIRECTION('',(0.,0.,-1.));
#10169=DIRECTION('',(-1.,0.,0.));
#10170=DIRECTION('',(-1.,0.,0.));
#10171=DIRECTION('',(0.,1.,0.));
#10172=DIRECTION('',(1.,0.,0.));
#10173=DIRECTION('',(0.,0.,-1.));
#10174=DIRECTION('',(0.,0.,-1.));
#10175=DIRECTION('',(0.,1.,0.));
#10176=DIRECTION('',(0.,0.,1.));
#10177=DIRECTION('',(-1.,0.,0.));
#10178=DIRECTION('',(0.,0.,1.));
#10179=DIRECTION('',(0.,0.,1.));
#10180=DIRECTION('',(0.,1.,0.));
#10181=DIRECTION('',(0.,0.,-1.));
#10182=DIRECTION('',(-1.,0.,0.));
#10183=DIRECTION('',(-1.,0.,0.));
#10184=DIRECTION('',(0.,1.,0.));
#10185=DIRECTION('',(1.,0.,0.));
#10186=DIRECTION('',(0.,0.,-1.));
#10187=DIRECTION('',(0.,0.,-1.));
#10188=DIRECTION('',(0.,1.,0.));
#10189=DIRECTION('',(0.,0.,1.));
#10190=DIRECTION('',(-1.,0.,0.));
#10191=DIRECTION('',(0.,0.,1.));
#10192=DIRECTION('',(0.,0.,1.));
#10193=DIRECTION('',(0.,1.,0.));
#10194=DIRECTION('',(0.,0.,-1.));
#10195=DIRECTION('',(-1.,0.,0.));
#10196=DIRECTION('',(-1.,0.,0.));
#10197=DIRECTION('',(0.,1.,0.));
#10198=DIRECTION('',(1.,0.,0.));
#10199=DIRECTION('',(0.,0.,-1.));
#10200=DIRECTION('',(0.,0.,-1.));
#10201=DIRECTION('',(0.,1.,0.));
#10202=DIRECTION('',(0.,0.,1.));
#10203=DIRECTION('',(-1.,0.,0.));
#10204=DIRECTION('',(0.,0.,1.));
#10205=DIRECTION('',(0.,0.,1.));
#10206=DIRECTION('',(0.,1.,0.));
#10207=DIRECTION('',(0.,0.,-1.));
#10208=DIRECTION('',(-1.,0.,0.));
#10209=DIRECTION('',(-1.,0.,0.));
#10210=DIRECTION('',(0.,1.,0.));
#10211=DIRECTION('',(1.,0.,0.));
#10212=DIRECTION('',(0.,0.,-1.));
#10213=DIRECTION('',(0.,0.,-1.));
#10214=DIRECTION('',(0.,1.,0.));
#10215=DIRECTION('',(0.,0.,1.));
#10216=DIRECTION('',(-1.,0.,0.));
#10217=DIRECTION('',(0.,0.,1.));
#10218=DIRECTION('',(0.,0.,1.));
#10219=DIRECTION('',(0.,1.,0.));
#10220=DIRECTION('',(0.,0.,-1.));
#10221=DIRECTION('',(-1.,0.,0.));
#10222=DIRECTION('',(-1.,0.,0.));
#10223=DIRECTION('',(0.,1.,0.));
#10224=DIRECTION('',(1.,0.,0.));
#10225=DIRECTION('',(0.,0.,-1.));
#10226=DIRECTION('',(0.,0.,-1.));
#10227=DIRECTION('',(0.,1.,0.));
#10228=DIRECTION('',(0.,0.,1.));
#10229=DIRECTION('',(0.,1.,0.));
#10230=DIRECTION('',(0.,0.,1.));
#10231=DIRECTION('',(0.,0.,-1.));
#10232=DIRECTION('',(-1.,0.,0.));
#10233=DIRECTION('',(0.,0.,1.));
#10234=DIRECTION('',(1.,0.,0.));
#10235=DIRECTION('',(0.,0.,-1.));
#10236=DIRECTION('',(0.,1.,0.));
#10237=DIRECTION('',(0.,0.,-1.));
#10238=DIRECTION('',(-1.,0.,0.));
#10239=DIRECTION('',(0.,1.,0.));
#10240=DIRECTION('',(-1.,0.,0.));
#10241=DIRECTION('',(0.,0.,1.));
#10242=DIRECTION('',(0.,0.,1.));
#10243=DIRECTION('',(1.,0.,0.));
#10244=DIRECTION('',(1.,0.,0.));
#10245=DIRECTION('',(0.,0.,-1.));
#10246=DIRECTION('',(0.,1.,0.));
#10247=DIRECTION('',(0.,0.,1.));
#10248=DIRECTION('',(0.,-1.,0.));
#10249=DIRECTION('',(0.,0.17364817766693,0.984807753012208));
#10250=DIRECTION('',(0.,-1.,0.));
#10251=DIRECTION('',(0.,-0.0871557427476582,-0.996194698091745));
#10252=DIRECTION('',(1.,0.,0.));
#10253=DIRECTION('',(0.,0.,-1.));
#10254=DIRECTION('',(0.,0.,1.));
#10255=DIRECTION('',(0.,1.,0.));
#10256=DIRECTION('',(0.,-0.0871557427476582,-0.996194698091745));
#10257=DIRECTION('',(0.,-1.,0.));
#10258=DIRECTION('',(0.,0.17364817766693,0.984807753012208));
#10259=DIRECTION('',(0.,-1.,0.));
#10260=DIRECTION('',(0.,0.,1.));
#10261=DIRECTION('',(1.,0.,0.));
#10262=DIRECTION('',(0.,-1.,0.));
#10263=DIRECTION('',(-1.,0.,0.));
#10264=DIRECTION('',(0.,1.,0.));
#10265=DIRECTION('',(-1.,0.,0.));
#10266=DIRECTION('',(0.,0.,1.));
#10267=DIRECTION('',(1.,0.,0.));
#10268=DIRECTION('',(0.,-1.,0.));
#10269=DIRECTION('',(-1.,0.,0.));
#10270=DIRECTION('',(0.,1.,0.));
#10271=DIRECTION('',(-1.,0.,0.));
#10272=DIRECTION('',(0.,0.,1.));
#10273=DIRECTION('',(1.,0.,0.));
#10274=DIRECTION('',(0.,-1.,0.));
#10275=DIRECTION('',(-1.,0.,0.));
#10276=DIRECTION('',(0.,1.,0.));
#10277=DIRECTION('',(-1.,0.,0.));
#10278=DIRECTION('',(0.,0.,1.));
#10279=DIRECTION('',(1.,0.,0.));
#10280=DIRECTION('',(0.,-1.,0.));
#10281=DIRECTION('',(-1.,0.,0.));
#10282=DIRECTION('',(0.,1.,0.));
#10283=DIRECTION('',(-1.,0.,0.));
#10284=DIRECTION('',(0.,0.,1.));
#10285=DIRECTION('',(1.,0.,0.));
#10286=DIRECTION('',(0.,-1.,0.));
#10287=DIRECTION('',(-1.,0.,0.));
#10288=DIRECTION('',(0.,1.,0.));
#10289=DIRECTION('',(-1.,0.,0.));
#10290=DIRECTION('',(0.,0.,1.));
#10291=DIRECTION('',(1.,0.,0.));
#10292=DIRECTION('',(-1.,0.,0.));
#10293=DIRECTION('',(0.,1.,0.));
#10294=DIRECTION('',(-1.,0.,0.));
#10295=DIRECTION('',(0.,-1.,0.));
#10296=DIRECTION('',(0.,0.,1.));
#10297=DIRECTION('',(1.,0.,0.));
#10298=DIRECTION('',(-1.,0.,0.));
#10299=DIRECTION('',(0.,1.,0.));
#10300=DIRECTION('',(-1.,0.,0.));
#10301=DIRECTION('',(0.,-1.,0.));
#10302=DIRECTION('',(0.,0.,1.));
#10303=DIRECTION('',(1.,0.,0.));
#10304=DIRECTION('',(-1.,0.,0.));
#10305=DIRECTION('',(0.,1.,0.));
#10306=DIRECTION('',(-1.,0.,0.));
#10307=DIRECTION('',(0.,-1.,0.));
#10308=DIRECTION('',(0.,0.,1.));
#10309=DIRECTION('',(1.,0.,0.));
#10310=DIRECTION('',(-1.,0.,0.));
#10311=DIRECTION('',(0.,1.,0.));
#10312=DIRECTION('',(-1.,0.,0.));
#10313=DIRECTION('',(0.,-1.,0.));
#10314=DIRECTION('',(0.,0.,1.));
#10315=DIRECTION('',(1.,0.,0.));
#10316=DIRECTION('',(-1.,0.,0.));
#10317=DIRECTION('',(0.,1.,0.));
#10318=DIRECTION('',(-1.,0.,0.));
#10319=DIRECTION('',(0.,-1.,0.));
#10320=DIRECTION('',(0.,-1.,0.));
#10321=DIRECTION('',(0.,0.,-1.));
#10322=DIRECTION('',(1.,0.,0.));
#10323=DIRECTION('',(-1.,0.,0.));
#10324=DIRECTION('',(1.,0.,0.));
#10325=DIRECTION('',(0.,0.,1.));
#10326=DIRECTION('',(-1.,0.,0.));
#10327=DIRECTION('',(0.,0.,-1.));
#10328=DIRECTION('',(1.,0.,0.));
#10329=DIRECTION('',(0.,0.,1.));
#10330=DIRECTION('',(-1.,0.,0.));
#10331=DIRECTION('',(0.,0.,-1.));
#10332=DIRECTION('',(1.,0.,0.));
#10333=DIRECTION('',(0.,0.,1.));
#10334=DIRECTION('',(-1.,0.,0.));
#10335=DIRECTION('',(0.,0.,-1.));
#10336=DIRECTION('',(1.,0.,0.));
#10337=DIRECTION('',(0.,0.,1.));
#10338=DIRECTION('',(-1.,0.,0.));
#10339=DIRECTION('',(0.,0.,-1.));
#10340=DIRECTION('',(1.,0.,0.));
#10341=DIRECTION('',(0.,0.,1.));
#10342=DIRECTION('',(-1.,0.,0.));
#10343=DIRECTION('',(0.,0.,-1.));
#10344=DIRECTION('',(0.,0.573576436351047,0.819152044288991));
#10345=DIRECTION('',(0.,-0.819152044288991,0.573576436351047));
#10346=DIRECTION('',(0.,-0.819152044288991,0.573576436351047));
#10347=DIRECTION('',(-1.,0.,0.));
#10348=DIRECTION('',(0.,0.819152044288991,-0.573576436351047));
#10349=DIRECTION('',(0.,0.573576436351047,0.819152044288991));
#10350=DIRECTION('',(0.,-0.819152044288991,0.573576436351047));
#10351=DIRECTION('',(0.,-0.819152044288991,0.573576436351047));
#10352=DIRECTION('',(-1.,0.,0.));
#10353=DIRECTION('',(0.,0.819152044288991,-0.573576436351047));
#10354=DIRECTION('',(0.,0.573576436351047,0.819152044288991));
#10355=DIRECTION('',(0.,-0.819152044288991,0.573576436351047));
#10356=DIRECTION('',(0.,-0.819152044288991,0.573576436351047));
#10357=DIRECTION('',(-1.,0.,0.));
#10358=DIRECTION('',(0.,0.819152044288991,-0.573576436351047));
#10359=DIRECTION('',(0.,0.573576436351047,0.819152044288991));
#10360=DIRECTION('',(0.,-0.819152044288991,0.573576436351047));
#10361=DIRECTION('',(0.,-0.819152044288991,0.573576436351047));
#10362=DIRECTION('',(-1.,0.,0.));
#10363=DIRECTION('',(0.,0.819152044288991,-0.573576436351047));
#10364=DIRECTION('',(0.,0.573576436351047,0.819152044288991));
#10365=DIRECTION('',(0.,-0.819152044288991,0.573576436351047));
#10366=DIRECTION('',(0.,-0.819152044288991,0.573576436351047));
#10367=DIRECTION('',(-1.,0.,0.));
#10368=DIRECTION('',(0.,0.819152044288991,-0.573576436351047));
#10369=DIRECTION('',(0.,0.,1.));
#10370=DIRECTION('',(1.,0.,0.));
#10371=DIRECTION('',(0.,-1.,0.));
#10372=DIRECTION('',(-1.,0.,0.));
#10373=DIRECTION('',(0.,1.,0.));
#10374=DIRECTION('',(0.,0.,1.));
#10375=DIRECTION('',(1.,0.,0.));
#10376=DIRECTION('',(0.,-1.,0.));
#10377=DIRECTION('',(-1.,0.,0.));
#10378=DIRECTION('',(0.,1.,0.));
#10379=DIRECTION('',(0.,0.,1.));
#10380=DIRECTION('',(1.,0.,0.));
#10381=DIRECTION('',(0.,-1.,0.));
#10382=DIRECTION('',(-1.,0.,0.));
#10383=DIRECTION('',(0.,1.,0.));
#10384=DIRECTION('',(0.,0.,1.));
#10385=DIRECTION('',(1.,0.,0.));
#10386=DIRECTION('',(0.,-1.,0.));
#10387=DIRECTION('',(-1.,0.,0.));
#10388=DIRECTION('',(0.,1.,0.));
#10389=DIRECTION('',(0.,0.,1.));
#10390=DIRECTION('',(1.,0.,0.));
#10391=DIRECTION('',(0.,-1.,0.));
#10392=DIRECTION('',(-1.,0.,0.));
#10393=DIRECTION('',(0.,1.,0.));
#10394=DIRECTION('',(0.,-1.,0.));
#10395=DIRECTION('',(0.,0.,-1.));
#10396=DIRECTION('',(0.,0.,-1.));
#10397=DIRECTION('',(-1.,0.,0.));
#10398=DIRECTION('',(0.,0.,1.));
#10399=DIRECTION('',(0.,-1.,0.));
#10400=DIRECTION('',(0.,0.,-1.));
#10401=DIRECTION('',(0.,0.,-1.));
#10402=DIRECTION('',(-1.,0.,0.));
#10403=DIRECTION('',(0.,0.,1.));
#10404=DIRECTION('',(0.,-1.,0.));
#10405=DIRECTION('',(0.,0.,-1.));
#10406=DIRECTION('',(0.,0.,-1.));
#10407=DIRECTION('',(-1.,0.,0.));
#10408=DIRECTION('',(0.,0.,1.));
#10409=DIRECTION('',(0.,-1.,0.));
#10410=DIRECTION('',(0.,0.,-1.));
#10411=DIRECTION('',(0.,0.,-1.));
#10412=DIRECTION('',(-1.,0.,0.));
#10413=DIRECTION('',(0.,0.,1.));
#10414=DIRECTION('',(0.,-1.,0.));
#10415=DIRECTION('',(0.,0.,-1.));
#10416=DIRECTION('',(0.,0.,-1.));
#10417=DIRECTION('',(-1.,0.,0.));
#10418=DIRECTION('',(0.,0.,1.));
#10419=DIRECTION('',(-1.,0.,0.));
#10420=DIRECTION('',(0.,0.,1.));
#10421=DIRECTION('',(-1.,0.,0.));
#10422=DIRECTION('',(0.,0.,1.));
#10423=DIRECTION('',(-1.,0.,0.));
#10424=DIRECTION('',(1.,0.,0.));
#10425=DIRECTION('',(0.,0.,-1.));
#10426=DIRECTION('',(-1.,0.,0.));
#10427=DIRECTION('',(0.,0.,1.));
#10428=DIRECTION('',(-1.,0.,0.));
#10429=DIRECTION('',(0.,0.,1.));
#10430=DIRECTION('',(-1.,0.,0.));
#10431=DIRECTION('',(1.,0.,0.));
#10432=DIRECTION('',(0.,0.,-1.));
#10433=DIRECTION('',(-1.,0.,0.));
#10434=DIRECTION('',(0.,0.,1.));
#10435=DIRECTION('',(-1.,0.,0.));
#10436=DIRECTION('',(0.,0.,1.));
#10437=DIRECTION('',(-1.,0.,0.));
#10438=DIRECTION('',(1.,0.,0.));
#10439=DIRECTION('',(0.,0.,-1.));
#10440=DIRECTION('',(-1.,0.,0.));
#10441=DIRECTION('',(0.,0.,1.));
#10442=DIRECTION('',(-1.,0.,0.));
#10443=DIRECTION('',(0.,0.,1.));
#10444=DIRECTION('',(-1.,0.,0.));
#10445=DIRECTION('',(1.,0.,0.));
#10446=DIRECTION('',(0.,0.,-1.));
#10447=DIRECTION('',(-1.,0.,0.));
#10448=DIRECTION('',(0.,0.,1.));
#10449=DIRECTION('',(-1.,0.,0.));
#10450=DIRECTION('',(0.,0.,1.));
#10451=DIRECTION('',(-1.,0.,0.));
#10452=DIRECTION('',(1.,0.,0.));
#10453=DIRECTION('',(0.,0.,-1.));
#10454=DIRECTION('',(0.,-0.499999999999999,-0.866025403784439));
#10455=DIRECTION('',(0.,0.866025403784439,-0.499999999999999));
#10456=DIRECTION('',(0.,0.866025403784439,-0.499999999999999));
#10457=DIRECTION('',(-1.,0.,0.));
#10458=DIRECTION('',(0.,-0.866025403784439,0.499999999999999));
#10459=DIRECTION('',(0.,-0.499999999999999,-0.866025403784439));
#10460=DIRECTION('',(0.,0.866025403784439,-0.499999999999999));
#10461=DIRECTION('',(0.,0.866025403784439,-0.499999999999999));
#10462=DIRECTION('',(-1.,0.,0.));
#10463=DIRECTION('',(0.,-0.866025403784439,0.499999999999999));
#10464=DIRECTION('',(0.,-0.499999999999999,-0.866025403784439));
#10465=DIRECTION('',(0.,0.866025403784439,-0.499999999999999));
#10466=DIRECTION('',(0.,0.866025403784439,-0.499999999999999));
#10467=DIRECTION('',(-1.,0.,0.));
#10468=DIRECTION('',(0.,-0.866025403784439,0.499999999999999));
#10469=DIRECTION('',(0.,-0.499999999999999,-0.866025403784439));
#10470=DIRECTION('',(0.,0.866025403784439,-0.499999999999999));
#10471=DIRECTION('',(0.,0.866025403784439,-0.499999999999999));
#10472=DIRECTION('',(-1.,0.,0.));
#10473=DIRECTION('',(0.,-0.866025403784439,0.499999999999999));
#10474=DIRECTION('',(0.,-0.499999999999999,-0.866025403784439));
#10475=DIRECTION('',(0.,0.866025403784439,-0.499999999999999));
#10476=DIRECTION('',(0.,0.866025403784439,-0.499999999999999));
#10477=DIRECTION('',(-1.,0.,0.));
#10478=DIRECTION('',(0.,-0.866025403784439,0.499999999999999));
#10479=DIRECTION('',(-1.,0.,0.));
#10480=DIRECTION('',(0.,0.,1.));
#10481=DIRECTION('',(-1.,0.,0.));
#10482=DIRECTION('',(0.,0.,1.));
#10483=DIRECTION('',(1.,0.,0.));
#10484=DIRECTION('',(0.,0.,-1.));
#10485=DIRECTION('',(-1.,0.,0.));
#10486=DIRECTION('',(0.,0.,1.));
#10487=DIRECTION('',(-1.,0.,0.));
#10488=DIRECTION('',(0.,0.,1.));
#10489=DIRECTION('',(1.,0.,0.));
#10490=DIRECTION('',(0.,0.,-1.));
#10491=DIRECTION('',(-1.,0.,0.));
#10492=DIRECTION('',(0.,0.,1.));
#10493=DIRECTION('',(-1.,0.,0.));
#10494=DIRECTION('',(0.,0.,1.));
#10495=DIRECTION('',(1.,0.,0.));
#10496=DIRECTION('',(0.,0.,-1.));
#10497=DIRECTION('',(-1.,0.,0.));
#10498=DIRECTION('',(0.,0.,1.));
#10499=DIRECTION('',(-1.,0.,0.));
#10500=DIRECTION('',(0.,0.,1.));
#10501=DIRECTION('',(1.,0.,0.));
#10502=DIRECTION('',(0.,0.,-1.));
#10503=DIRECTION('',(-1.,0.,0.));
#10504=DIRECTION('',(0.,0.,1.));
#10505=DIRECTION('',(-1.,0.,0.));
#10506=DIRECTION('',(0.,0.,1.));
#10507=DIRECTION('',(1.,0.,0.));
#10508=DIRECTION('',(0.,0.,-1.));
#10509=DIRECTION('',(0.,1.,0.));
#10510=DIRECTION('',(0.,0.,1.));
#10511=DIRECTION('',(0.,0.,-1.));
#10512=DIRECTION('',(0.,0.,1.));
#10513=DIRECTION('',(1.,0.,0.));
#10514=DIRECTION('',(0.,1.,0.));
#10515=DIRECTION('',(0.,0.,1.));
#10516=DIRECTION('',(0.,0.,-1.));
#10517=DIRECTION('',(0.,0.,1.));
#10518=DIRECTION('',(1.,0.,0.));
#10519=DIRECTION('',(0.,1.,0.));
#10520=DIRECTION('',(0.,0.,1.));
#10521=DIRECTION('',(0.,0.,-1.));
#10522=DIRECTION('',(0.,0.,1.));
#10523=DIRECTION('',(1.,0.,0.));
#10524=DIRECTION('',(0.,1.,0.));
#10525=DIRECTION('',(0.,0.,1.));
#10526=DIRECTION('',(0.,0.,-1.));
#10527=DIRECTION('',(0.,0.,1.));
#10528=DIRECTION('',(1.,0.,0.));
#10529=DIRECTION('',(0.,1.,0.));
#10530=DIRECTION('',(0.,0.,1.));
#10531=DIRECTION('',(0.,0.,-1.));
#10532=DIRECTION('',(0.,0.,1.));
#10533=DIRECTION('',(1.,0.,0.));
#10534=DIRECTION('',(0.,0.996194698091746,-0.0871557427476582));
#10535=DIRECTION('',(0.,0.0871557427476582,0.996194698091746));
#10536=DIRECTION('',(-1.,0.,0.));
#10537=DIRECTION('',(0.,0.0871557427476582,0.996194698091746));
#10538=DIRECTION('',(-1.,0.,0.));
#10539=DIRECTION('',(0.,-0.0871557427476582,-0.996194698091746));
#10540=DIRECTION('',(-1.,0.,0.));
#10541=DIRECTION('',(0.,0.0871557427476582,0.996194698091746));
#10542=DIRECTION('',(-1.,0.,0.));
#10543=DIRECTION('',(0.,-0.0871557427476582,-0.996194698091746));
#10544=DIRECTION('',(-1.,0.,0.));
#10545=DIRECTION('',(0.,0.0871557427476582,0.996194698091746));
#10546=DIRECTION('',(-1.,0.,0.));
#10547=DIRECTION('',(0.,-0.0871557427476582,-0.996194698091746));
#10548=DIRECTION('',(-1.,0.,0.));
#10549=DIRECTION('',(0.,0.0871557427476582,0.996194698091746));
#10550=DIRECTION('',(-1.,0.,0.));
#10551=DIRECTION('',(0.,-0.0871557427476582,-0.996194698091746));
#10552=DIRECTION('',(-1.,0.,0.));
#10553=DIRECTION('',(0.,0.0871557427476582,0.996194698091746));
#10554=DIRECTION('',(-1.,0.,0.));
#10555=DIRECTION('',(0.,-0.0871557427476582,-0.996194698091746));
#10556=DIRECTION('',(-1.,0.,0.));
#10557=DIRECTION('',(1.,0.,0.));
#10558=DIRECTION('',(0.,-0.0871557427476582,-0.996194698091746));
#10559=DIRECTION('',(-1.,0.,0.));
#10560=DIRECTION('',(0.,0.0871557427476582,0.996194698091746));
#10561=DIRECTION('',(1.,0.,0.));
#10562=DIRECTION('',(0.,-0.0871557427476582,-0.996194698091746));
#10563=DIRECTION('',(-1.,0.,0.));
#10564=DIRECTION('',(0.,0.0871557427476582,0.996194698091746));
#10565=DIRECTION('',(1.,0.,0.));
#10566=DIRECTION('',(0.,-0.0871557427476582,-0.996194698091746));
#10567=DIRECTION('',(-1.,0.,0.));
#10568=DIRECTION('',(0.,0.0871557427476582,0.996194698091746));
#10569=DIRECTION('',(1.,0.,0.));
#10570=DIRECTION('',(0.,-0.0871557427476582,-0.996194698091746));
#10571=DIRECTION('',(-1.,0.,0.));
#10572=DIRECTION('',(0.,0.0871557427476582,0.996194698091746));
#10573=DIRECTION('',(1.,0.,0.));
#10574=DIRECTION('',(0.,-0.0871557427476582,-0.996194698091746));
#10575=DIRECTION('',(-1.,0.,0.));
#10576=DIRECTION('',(0.,0.0871557427476582,0.996194698091746));
#10577=DIRECTION('',(1.,0.,0.));
#10578=DIRECTION('',(0.,-0.0871557427476582,-0.996194698091746));
#10579=DIRECTION('',(-1.,0.,0.));
#10580=DIRECTION('',(0.,0.0871557427476582,0.996194698091746));
#10581=DIRECTION('',(1.,0.,0.));
#10582=DIRECTION('',(0.,-0.0871557427476582,-0.996194698091746));
#10583=DIRECTION('',(-1.,0.,0.));
#10584=DIRECTION('',(0.,0.0871557427476582,0.996194698091746));
#10585=DIRECTION('',(1.,0.,0.));
#10586=DIRECTION('',(0.,-0.0871557427476582,-0.996194698091746));
#10587=DIRECTION('',(-1.,0.,0.));
#10588=DIRECTION('',(0.,0.0871557427476582,0.996194698091746));
#10589=DIRECTION('',(1.,0.,0.));
#10590=DIRECTION('',(0.,-0.0871557427476582,-0.996194698091746));
#10591=DIRECTION('',(-1.,0.,0.));
#10592=DIRECTION('',(0.,0.0871557427476582,0.996194698091746));
#10593=DIRECTION('',(1.,0.,0.));
#10594=DIRECTION('',(0.,-0.0871557427476582,-0.996194698091746));
#10595=DIRECTION('',(-1.,0.,0.));
#10596=DIRECTION('',(0.,0.0871557427476582,0.996194698091746));
#10597=DIRECTION('',(1.,0.,0.));
#10598=DIRECTION('',(-1.,0.,0.));
#10599=DIRECTION('',(0.,0.,1.));
#10600=DIRECTION('',(-1.,0.,0.));
#10601=DIRECTION('',(0.,0.,1.));
#10602=DIRECTION('',(-1.,0.,0.));
#10603=DIRECTION('',(1.,0.,0.));
#10604=DIRECTION('',(0.,0.,-1.));
#10605=DIRECTION('',(-1.,0.,0.));
#10606=DIRECTION('',(0.,0.,1.));
#10607=DIRECTION('',(-1.,0.,0.));
#10608=DIRECTION('',(0.,0.,1.));
#10609=DIRECTION('',(-1.,0.,0.));
#10610=DIRECTION('',(1.,0.,0.));
#10611=DIRECTION('',(0.,0.,-1.));
#10612=DIRECTION('',(-1.,0.,0.));
#10613=DIRECTION('',(0.,0.,1.));
#10614=DIRECTION('',(-1.,0.,0.));
#10615=DIRECTION('',(0.,0.,1.));
#10616=DIRECTION('',(-1.,0.,0.));
#10617=DIRECTION('',(1.,0.,0.));
#10618=DIRECTION('',(0.,0.,-1.));
#10619=DIRECTION('',(-1.,0.,0.));
#10620=DIRECTION('',(0.,0.,1.));
#10621=DIRECTION('',(-1.,0.,0.));
#10622=DIRECTION('',(0.,0.,1.));
#10623=DIRECTION('',(-1.,0.,0.));
#10624=DIRECTION('',(1.,0.,0.));
#10625=DIRECTION('',(0.,0.,-1.));
#10626=DIRECTION('',(-1.,0.,0.));
#10627=DIRECTION('',(0.,0.,1.));
#10628=DIRECTION('',(-1.,0.,0.));
#10629=DIRECTION('',(0.,0.,1.));
#10630=DIRECTION('',(-1.,0.,0.));
#10631=DIRECTION('',(1.,0.,0.));
#10632=DIRECTION('',(0.,0.,-1.));
#10633=DIRECTION('',(0.,0.500000000000001,-0.866025403784438));
#10634=DIRECTION('',(0.,0.866025403784438,0.500000000000001));
#10635=DIRECTION('',(0.,0.866025403784438,0.500000000000001));
#10636=DIRECTION('',(-1.,0.,0.));
#10637=DIRECTION('',(0.,-0.866025403784438,-0.500000000000001));
#10638=DIRECTION('',(0.,0.500000000000001,-0.866025403784438));
#10639=DIRECTION('',(0.,0.866025403784438,0.500000000000001));
#10640=DIRECTION('',(0.,0.866025403784438,0.500000000000001));
#10641=DIRECTION('',(-1.,0.,0.));
#10642=DIRECTION('',(0.,-0.866025403784438,-0.500000000000001));
#10643=DIRECTION('',(0.,0.500000000000001,-0.866025403784438));
#10644=DIRECTION('',(0.,0.866025403784438,0.500000000000001));
#10645=DIRECTION('',(0.,0.866025403784438,0.500000000000001));
#10646=DIRECTION('',(-1.,0.,0.));
#10647=DIRECTION('',(0.,-0.866025403784438,-0.500000000000001));
#10648=DIRECTION('',(0.,0.500000000000001,-0.866025403784438));
#10649=DIRECTION('',(0.,0.866025403784438,0.500000000000001));
#10650=DIRECTION('',(0.,0.866025403784438,0.500000000000001));
#10651=DIRECTION('',(-1.,0.,0.));
#10652=DIRECTION('',(0.,-0.866025403784438,-0.500000000000001));
#10653=DIRECTION('',(0.,0.500000000000001,-0.866025403784438));
#10654=DIRECTION('',(0.,0.866025403784438,0.500000000000001));
#10655=DIRECTION('',(0.,0.866025403784438,0.500000000000001));
#10656=DIRECTION('',(-1.,0.,0.));
#10657=DIRECTION('',(0.,-0.866025403784438,-0.500000000000001));
#10658=DIRECTION('',(-1.,0.,0.));
#10659=DIRECTION('',(0.,0.,1.));
#10660=DIRECTION('',(-1.,0.,0.));
#10661=DIRECTION('',(0.,0.,1.));
#10662=DIRECTION('',(-1.,0.,0.));
#10663=DIRECTION('',(1.,0.,0.));
#10664=DIRECTION('',(0.,0.,-1.));
#10665=DIRECTION('',(-1.,0.,0.));
#10666=DIRECTION('',(0.,0.,1.));
#10667=DIRECTION('',(-1.,0.,0.));
#10668=DIRECTION('',(0.,0.,1.));
#10669=DIRECTION('',(-1.,0.,0.));
#10670=DIRECTION('',(1.,0.,0.));
#10671=DIRECTION('',(0.,0.,-1.));
#10672=DIRECTION('',(-1.,0.,0.));
#10673=DIRECTION('',(0.,0.,1.));
#10674=DIRECTION('',(-1.,0.,0.));
#10675=DIRECTION('',(0.,0.,1.));
#10676=DIRECTION('',(-1.,0.,0.));
#10677=DIRECTION('',(1.,0.,0.));
#10678=DIRECTION('',(0.,0.,-1.));
#10679=DIRECTION('',(-1.,0.,0.));
#10680=DIRECTION('',(0.,0.,1.));
#10681=DIRECTION('',(-1.,0.,0.));
#10682=DIRECTION('',(0.,0.,1.));
#10683=DIRECTION('',(-1.,0.,0.));
#10684=DIRECTION('',(1.,0.,0.));
#10685=DIRECTION('',(0.,0.,-1.));
#10686=DIRECTION('',(-1.,0.,0.));
#10687=DIRECTION('',(0.,0.,1.));
#10688=DIRECTION('',(-1.,0.,0.));
#10689=DIRECTION('',(0.,0.,1.));
#10690=DIRECTION('',(-1.,0.,0.));
#10691=DIRECTION('',(1.,0.,0.));
#10692=DIRECTION('',(0.,0.,-1.));
#10693=DIRECTION('',(0.,1.,0.));
#10694=DIRECTION('',(0.,0.,1.));
#10695=DIRECTION('',(0.,0.,1.));
#10696=DIRECTION('',(-1.,0.,0.));
#10697=DIRECTION('',(0.,0.,-1.));
#10698=DIRECTION('',(0.,1.,0.));
#10699=DIRECTION('',(0.,0.,1.));
#10700=DIRECTION('',(0.,0.,1.));
#10701=DIRECTION('',(-1.,0.,0.));
#10702=DIRECTION('',(0.,0.,-1.));
#10703=DIRECTION('',(0.,1.,0.));
#10704=DIRECTION('',(0.,0.,1.));
#10705=DIRECTION('',(0.,0.,1.));
#10706=DIRECTION('',(-1.,0.,0.));
#10707=DIRECTION('',(0.,0.,-1.));
#10708=DIRECTION('',(0.,1.,0.));
#10709=DIRECTION('',(0.,0.,1.));
#10710=DIRECTION('',(0.,0.,1.));
#10711=DIRECTION('',(-1.,0.,0.));
#10712=DIRECTION('',(0.,0.,-1.));
#10713=DIRECTION('',(0.,1.,0.));
#10714=DIRECTION('',(0.,0.,1.));
#10715=DIRECTION('',(0.,0.,1.));
#10716=DIRECTION('',(-1.,0.,0.));
#10717=DIRECTION('',(0.,0.,-1.));
#10718=DIRECTION('',(0.,0.,1.));
#10719=DIRECTION('',(1.,0.,0.));
#10720=DIRECTION('',(0.,-1.,0.));
#10721=DIRECTION('',(-1.,0.,0.));
#10722=DIRECTION('',(0.,1.,0.));
#10723=DIRECTION('',(0.,0.,1.));
#10724=DIRECTION('',(1.,0.,0.));
#10725=DIRECTION('',(0.,-1.,0.));
#10726=DIRECTION('',(-1.,0.,0.));
#10727=DIRECTION('',(0.,1.,0.));
#10728=DIRECTION('',(0.,0.,1.));
#10729=DIRECTION('',(1.,0.,0.));
#10730=DIRECTION('',(0.,-1.,0.));
#10731=DIRECTION('',(-1.,0.,0.));
#10732=DIRECTION('',(0.,1.,0.));
#10733=DIRECTION('',(0.,0.,1.));
#10734=DIRECTION('',(1.,0.,0.));
#10735=DIRECTION('',(0.,-1.,0.));
#10736=DIRECTION('',(-1.,0.,0.));
#10737=DIRECTION('',(0.,1.,0.));
#10738=DIRECTION('',(0.,0.,1.));
#10739=DIRECTION('',(1.,0.,0.));
#10740=DIRECTION('',(0.,-1.,0.));
#10741=DIRECTION('',(-1.,0.,0.));
#10742=DIRECTION('',(0.,1.,0.));
#10743=DIRECTION('',(0.,-0.573576436351045,0.819152044288993));
#10744=DIRECTION('',(0.,-0.819152044288993,-0.573576436351045));
#10745=DIRECTION('',(0.,-0.819152044288993,-0.573576436351045));
#10746=DIRECTION('',(0.,0.819152044288993,0.573576436351045));
#10747=DIRECTION('',(0.,-0.573576436351045,0.819152044288993));
#10748=DIRECTION('',(0.,-0.819152044288993,-0.573576436351045));
#10749=DIRECTION('',(0.,-0.819152044288993,-0.573576436351045));
#10750=DIRECTION('',(0.,0.819152044288993,0.573576436351045));
#10751=DIRECTION('',(0.,-0.573576436351045,0.819152044288993));
#10752=DIRECTION('',(0.,-0.819152044288993,-0.573576436351045));
#10753=DIRECTION('',(0.,-0.819152044288993,-0.573576436351045));
#10754=DIRECTION('',(0.,0.819152044288993,0.573576436351045));
#10755=DIRECTION('',(0.,-0.573576436351045,0.819152044288993));
#10756=DIRECTION('',(0.,-0.819152044288993,-0.573576436351045));
#10757=DIRECTION('',(0.,-0.819152044288993,-0.573576436351045));
#10758=DIRECTION('',(0.,0.819152044288993,0.573576436351045));
#10759=DIRECTION('',(0.,-0.573576436351045,0.819152044288993));
#10760=DIRECTION('',(0.,-0.819152044288993,-0.573576436351045));
#10761=DIRECTION('',(0.,-0.819152044288993,-0.573576436351045));
#10762=DIRECTION('',(0.,0.819152044288993,0.573576436351045));
#10763=DIRECTION('',(0.,0.,-1.));
#10764=DIRECTION('',(-1.,0.,0.));
#10765=DIRECTION('',(0.,-1.,0.));
#10766=DIRECTION('',(-1.,0.,0.));
#10767=DIRECTION('',(0.,1.,0.));
#10768=DIRECTION('',(-1.,0.,0.));
#10769=DIRECTION('',(0.,0.,-1.));
#10770=DIRECTION('',(-1.,0.,0.));
#10771=DIRECTION('',(0.,-1.,0.));
#10772=DIRECTION('',(-1.,0.,0.));
#10773=DIRECTION('',(0.,1.,0.));
#10774=DIRECTION('',(-1.,0.,0.));
#10775=DIRECTION('',(0.,0.,-1.));
#10776=DIRECTION('',(-1.,0.,0.));
#10777=DIRECTION('',(0.,-1.,0.));
#10778=DIRECTION('',(-1.,0.,0.));
#10779=DIRECTION('',(0.,1.,0.));
#10780=DIRECTION('',(-1.,0.,0.));
#10781=DIRECTION('',(0.,0.,-1.));
#10782=DIRECTION('',(-1.,0.,0.));
#10783=DIRECTION('',(0.,-1.,0.));
#10784=DIRECTION('',(-1.,0.,0.));
#10785=DIRECTION('',(0.,1.,0.));
#10786=DIRECTION('',(-1.,0.,0.));
#10787=DIRECTION('',(0.,0.,-1.));
#10788=DIRECTION('',(-1.,0.,0.));
#10789=DIRECTION('',(0.,-1.,0.));
#10790=DIRECTION('',(-1.,0.,0.));
#10791=DIRECTION('',(0.,1.,0.));
#10792=DIRECTION('',(-1.,0.,0.));
#10793=DIRECTION('',(0.,0.,-1.));
#10794=DIRECTION('',(-1.,0.,0.));
#10795=DIRECTION('',(0.,-1.,0.));
#10796=DIRECTION('',(-1.,0.,0.));
#10797=DIRECTION('',(0.,1.,0.));
#10798=DIRECTION('',(-1.,0.,0.));
#10799=DIRECTION('',(0.,0.,-1.));
#10800=DIRECTION('',(-1.,0.,0.));
#10801=DIRECTION('',(0.,-1.,0.));
#10802=DIRECTION('',(-1.,0.,0.));
#10803=DIRECTION('',(0.,1.,0.));
#10804=DIRECTION('',(-1.,0.,0.));
#10805=DIRECTION('',(0.,0.,-1.));
#10806=DIRECTION('',(-1.,0.,0.));
#10807=DIRECTION('',(0.,-1.,0.));
#10808=DIRECTION('',(-1.,0.,0.));
#10809=DIRECTION('',(0.,1.,0.));
#10810=DIRECTION('',(-1.,0.,0.));
#10811=DIRECTION('',(0.,0.,-1.));
#10812=DIRECTION('',(-1.,0.,0.));
#10813=DIRECTION('',(0.,-1.,0.));
#10814=DIRECTION('',(-1.,0.,0.));
#10815=DIRECTION('',(0.,1.,0.));
#10816=DIRECTION('',(-1.,0.,0.));
#10817=DIRECTION('',(0.,0.,-1.));
#10818=DIRECTION('',(-1.,0.,0.));
#10819=DIRECTION('',(0.,-1.,0.));
#10820=DIRECTION('',(-1.,0.,0.));
#10821=DIRECTION('',(0.,1.,0.));
#10822=DIRECTION('',(-1.,0.,0.));
#10823=DIRECTION('',(0.,0.965925826289068,-0.258819045102521));
#10824=DIRECTION('',(0.,0.258819045102521,0.965925826289068));
#10825=DIRECTION('',(0.,-0.258819045102521,-0.965925826289068));
#10826=DIRECTION('',(0.,0.258819045102521,0.965925826289068));
#10827=DIRECTION('',(0.,0.965925826289068,-0.258819045102521));
#10828=DIRECTION('',(0.,0.258819045102521,0.965925826289068));
#10829=DIRECTION('',(0.,-0.258819045102521,-0.965925826289068));
#10830=DIRECTION('',(0.,0.258819045102521,0.965925826289068));
#10831=DIRECTION('',(0.,0.965925826289068,-0.258819045102521));
#10832=DIRECTION('',(0.,0.258819045102521,0.965925826289068));
#10833=DIRECTION('',(0.,-0.258819045102521,-0.965925826289068));
#10834=DIRECTION('',(0.,0.258819045102521,0.965925826289068));
#10835=DIRECTION('',(0.,0.965925826289068,-0.258819045102521));
#10836=DIRECTION('',(0.,0.258819045102521,0.965925826289068));
#10837=DIRECTION('',(0.,-0.258819045102521,-0.965925826289068));
#10838=DIRECTION('',(0.,0.258819045102521,0.965925826289068));
#10839=DIRECTION('',(0.,0.965925826289068,-0.258819045102521));
#10840=DIRECTION('',(0.,0.258819045102521,0.965925826289068));
#10841=DIRECTION('',(0.,-0.258819045102521,-0.965925826289068));
#10842=DIRECTION('',(0.,0.258819045102521,0.965925826289068));
#10843=DIRECTION('',(0.,0.965925826289068,-0.258819045102521));
#10844=DIRECTION('',(0.,0.258819045102521,0.965925826289068));
#10845=DIRECTION('',(0.,-0.258819045102521,-0.965925826289068));
#10846=DIRECTION('',(0.,0.258819045102521,0.965925826289068));
#10847=DIRECTION('',(0.,0.965925826289068,-0.258819045102521));
#10848=DIRECTION('',(0.,0.258819045102521,0.965925826289068));
#10849=DIRECTION('',(0.,-0.258819045102521,-0.965925826289068));
#10850=DIRECTION('',(0.,0.258819045102521,0.965925826289068));
#10851=DIRECTION('',(0.,0.965925826289068,-0.258819045102521));
#10852=DIRECTION('',(0.,0.258819045102521,0.965925826289068));
#10853=DIRECTION('',(0.,-0.258819045102521,-0.965925826289068));
#10854=DIRECTION('',(0.,0.258819045102521,0.965925826289068));
#10855=DIRECTION('',(0.,0.965925826289068,-0.258819045102521));
#10856=DIRECTION('',(0.,0.258819045102521,0.965925826289068));
#10857=DIRECTION('',(0.,-0.258819045102521,-0.965925826289068));
#10858=DIRECTION('',(0.,0.258819045102521,0.965925826289068));
#10859=DIRECTION('',(0.,0.965925826289068,-0.258819045102521));
#10860=DIRECTION('',(0.,0.258819045102521,0.965925826289068));
#10861=DIRECTION('',(0.,-0.258819045102521,-0.965925826289068));
#10862=DIRECTION('',(0.,0.258819045102521,0.965925826289068));
#10863=DIRECTION('',(0.,-0.984807753012208,0.173648177666931));
#10864=DIRECTION('',(0.,-0.173648177666931,-0.984807753012208));
#10865=DIRECTION('',(-1.,0.,0.));
#10866=DIRECTION('',(-1.,0.,0.));
#10867=DIRECTION('',(-1.,0.,0.));
#10868=DIRECTION('',(0.,-0.173648177666931,-0.984807753012208));
#10869=DIRECTION('',(-1.,0.,0.));
#10870=DIRECTION('',(0.,0.173648177666931,0.984807753012208));
#10871=DIRECTION('',(-1.,0.,0.));
#10872=DIRECTION('',(0.,-0.173648177666931,-0.984807753012208));
#10873=DIRECTION('',(-1.,0.,0.));
#10874=DIRECTION('',(0.,0.173648177666931,0.984807753012208));
#10875=DIRECTION('',(-1.,0.,0.));
#10876=DIRECTION('',(0.,-0.173648177666931,-0.984807753012208));
#10877=DIRECTION('',(-1.,0.,0.));
#10878=DIRECTION('',(0.,0.173648177666931,0.984807753012208));
#10879=DIRECTION('',(-1.,0.,0.));
#10880=DIRECTION('',(0.,-0.173648177666931,-0.984807753012208));
#10881=DIRECTION('',(-1.,0.,0.));
#10882=DIRECTION('',(0.,0.173648177666931,0.984807753012208));
#10883=DIRECTION('',(-1.,0.,0.));
#10884=DIRECTION('',(0.,-0.173648177666931,-0.984807753012208));
#10885=DIRECTION('',(-1.,0.,0.));
#10886=DIRECTION('',(0.,0.173648177666931,0.984807753012208));
#10887=DIRECTION('',(-1.,0.,0.));
#10888=DIRECTION('',(0.,-0.173648177666931,-0.984807753012208));
#10889=DIRECTION('',(-1.,0.,0.));
#10890=DIRECTION('',(0.,0.173648177666931,0.984807753012208));
#10891=DIRECTION('',(-1.,0.,0.));
#10892=DIRECTION('',(0.,-0.173648177666931,-0.984807753012208));
#10893=DIRECTION('',(-1.,0.,0.));
#10894=DIRECTION('',(0.,0.173648177666931,0.984807753012208));
#10895=DIRECTION('',(-1.,0.,0.));
#10896=DIRECTION('',(0.,-0.173648177666931,-0.984807753012208));
#10897=DIRECTION('',(-1.,0.,0.));
#10898=DIRECTION('',(0.,0.173648177666931,0.984807753012208));
#10899=DIRECTION('',(-1.,0.,0.));
#10900=DIRECTION('',(0.,-0.173648177666931,-0.984807753012208));
#10901=DIRECTION('',(-1.,0.,0.));
#10902=DIRECTION('',(0.,0.173648177666931,0.984807753012208));
#10903=DIRECTION('',(-1.,0.,0.));
#10904=DIRECTION('',(0.,-0.173648177666931,-0.984807753012208));
#10905=DIRECTION('',(-1.,0.,0.));
#10906=DIRECTION('',(0.,0.173648177666931,0.984807753012208));
#10907=DIRECTION('',(0.,-0.866025403784439,-0.5));
#10908=DIRECTION('',(0.,0.5,-0.866025403784439));
#10909=DIRECTION('',(0.,-0.5,0.866025403784439));
#10910=DIRECTION('',(0.,0.5,-0.866025403784439));
#10911=DIRECTION('',(0.,-0.866025403784439,-0.5));
#10912=DIRECTION('',(0.,0.5,-0.866025403784439));
#10913=DIRECTION('',(0.,-0.5,0.866025403784439));
#10914=DIRECTION('',(0.,0.5,-0.866025403784439));
#10915=DIRECTION('',(0.,-0.866025403784439,-0.5));
#10916=DIRECTION('',(0.,0.5,-0.866025403784439));
#10917=DIRECTION('',(0.,-0.5,0.866025403784439));
#10918=DIRECTION('',(0.,0.5,-0.866025403784439));
#10919=DIRECTION('',(0.,-0.866025403784439,-0.5));
#10920=DIRECTION('',(0.,0.5,-0.866025403784439));
#10921=DIRECTION('',(0.,-0.5,0.866025403784439));
#10922=DIRECTION('',(0.,0.5,-0.866025403784439));
#10923=DIRECTION('',(0.,-0.866025403784439,-0.5));
#10924=DIRECTION('',(0.,0.5,-0.866025403784439));
#10925=DIRECTION('',(0.,-0.5,0.866025403784439));
#10926=DIRECTION('',(0.,0.5,-0.866025403784439));
#10927=DIRECTION('',(0.,-0.866025403784439,-0.5));
#10928=DIRECTION('',(0.,0.5,-0.866025403784439));
#10929=DIRECTION('',(0.,-0.5,0.866025403784439));
#10930=DIRECTION('',(0.,0.5,-0.866025403784439));
#10931=DIRECTION('',(0.,-0.866025403784439,-0.5));
#10932=DIRECTION('',(0.,0.5,-0.866025403784439));
#10933=DIRECTION('',(0.,-0.5,0.866025403784439));
#10934=DIRECTION('',(0.,0.5,-0.866025403784439));
#10935=DIRECTION('',(0.,-0.866025403784439,-0.5));
#10936=DIRECTION('',(0.,0.5,-0.866025403784439));
#10937=DIRECTION('',(0.,-0.5,0.866025403784439));
#10938=DIRECTION('',(0.,0.5,-0.866025403784439));
#10939=DIRECTION('',(0.,-0.866025403784439,-0.5));
#10940=DIRECTION('',(0.,0.5,-0.866025403784439));
#10941=DIRECTION('',(0.,-0.5,0.866025403784439));
#10942=DIRECTION('',(0.,0.5,-0.866025403784439));
#10943=DIRECTION('',(0.,-0.866025403784439,-0.5));
#10944=DIRECTION('',(0.,0.5,-0.866025403784439));
#10945=DIRECTION('',(0.,-0.5,0.866025403784439));
#10946=DIRECTION('',(0.,0.5,-0.866025403784439));
#10947=DIRECTION('',(0.,0.,-1.));
#10948=DIRECTION('',(-1.,0.,0.));
#10949=DIRECTION('',(0.,0.,1.));
#10950=DIRECTION('',(1.,0.,0.));
#10951=DIRECTION('',(0.,-1.,0.));
#10952=DIRECTION('',(-1.,0.,0.));
#10953=DIRECTION('',(0.,0.,1.));
#10954=DIRECTION('',(0.,0.,1.));
#10955=DIRECTION('',(1.,0.,0.));
#10956=DIRECTION('',(0.,-1.,0.));
#10957=DIRECTION('',(1.,0.,0.));
#10958=DIRECTION('',(0.,0.,-1.));
#10959=DIRECTION('',(-1.,0.,0.));
#10960=DIRECTION('',(0.,0.,1.));
#10961=DIRECTION('',(0.,-1.,0.));
#10962=DIRECTION('',(1.,0.,0.));
#10963=DIRECTION('',(0.,0.,-1.));
#10964=DIRECTION('',(0.,-1.,0.));
#10965=DIRECTION('',(0.,0.,1.));
#10966=DIRECTION('',(1.,0.,0.));
#10967=DIRECTION('',(-1.,0.,0.));
#10968=DIRECTION('',(0.,0.,1.));
#10969=DIRECTION('',(0.,-1.,0.));
#10970=DIRECTION('',(1.,0.,0.));
#10971=DIRECTION('',(0.,0.,-1.));
#10972=DIRECTION('',(0.,-1.,0.));
#10973=DIRECTION('',(0.,0.,1.));
#10974=DIRECTION('',(1.,0.,0.));
#10975=DIRECTION('',(-1.,0.,0.));
#10976=DIRECTION('',(0.,0.,1.));
#10977=DIRECTION('',(0.,-1.,0.));
#10978=DIRECTION('',(1.,0.,0.));
#10979=DIRECTION('',(0.,0.,-1.));
#10980=DIRECTION('',(0.,-1.,0.));
#10981=DIRECTION('',(0.,0.,1.));
#10982=DIRECTION('',(1.,0.,0.));
#10983=DIRECTION('',(-1.,0.,0.));
#10984=DIRECTION('',(0.,0.,1.));
#10985=DIRECTION('',(0.,-1.,0.));
#10986=DIRECTION('',(1.,0.,0.));
#10987=DIRECTION('',(0.,0.,-1.));
#10988=DIRECTION('',(0.,-1.,0.));
#10989=DIRECTION('',(0.,0.,1.));
#10990=DIRECTION('',(1.,0.,0.));
#10991=DIRECTION('',(-1.,0.,0.));
#10992=DIRECTION('',(0.,0.,1.));
#10993=DIRECTION('',(0.,-1.,0.));
#10994=DIRECTION('',(1.,0.,0.));
#10995=DIRECTION('',(0.,0.,-1.));
#10996=DIRECTION('',(0.,-1.,0.));
#10997=DIRECTION('',(0.,0.,1.));
#10998=DIRECTION('',(1.,0.,0.));
#10999=DIRECTION('',(-1.,0.,0.));
#11000=DIRECTION('',(0.,0.,1.));
#11001=DIRECTION('',(0.,-1.,0.));
#11002=DIRECTION('',(1.,0.,0.));
#11003=DIRECTION('',(0.,0.,-1.));
#11004=DIRECTION('',(0.,-1.,0.));
#11005=DIRECTION('',(0.,0.,1.));
#11006=DIRECTION('',(1.,0.,0.));
#11007=DIRECTION('',(-1.,0.,0.));
#11008=DIRECTION('',(0.,0.,1.));
#11009=DIRECTION('',(0.,-1.,0.));
#11010=DIRECTION('',(1.,0.,0.));
#11011=DIRECTION('',(0.,0.,-1.));
#11012=DIRECTION('',(0.,-1.,0.));
#11013=DIRECTION('',(0.,0.,1.));
#11014=DIRECTION('',(1.,0.,0.));
#11015=DIRECTION('',(-1.,0.,0.));
#11016=DIRECTION('',(0.,0.,1.));
#11017=DIRECTION('',(0.,-1.,0.));
#11018=DIRECTION('',(1.,0.,0.));
#11019=DIRECTION('',(0.,0.,-1.));
#11020=DIRECTION('',(0.,-1.,0.));
#11021=DIRECTION('',(0.,0.,1.));
#11022=DIRECTION('',(1.,0.,0.));
#11023=DIRECTION('',(0.,0.,1.));
#11024=DIRECTION('',(1.,0.,0.));
#11025=DIRECTION('',(0.,-1.,0.));
#11026=DIRECTION('',(0.,-1.,0.));
#11027=DIRECTION('',(-1.,0.,0.));
#11028=DIRECTION('',(0.,0.,1.));
#11029=DIRECTION('',(1.,0.,0.));
#11030=DIRECTION('',(0.,0.,-1.));
#11031=DIRECTION('',(1.,0.,0.));
#11032=DIRECTION('',(0.,0.,-1.));
#11033=DIRECTION('',(0.,0.,1.));
#11034=DIRECTION('',(0.,-1.,0.));
#11035=DIRECTION('',(1.,0.,0.));
#11036=DIRECTION('',(0.,0.,-1.));
#11037=DIRECTION('',(0.,0.,1.));
#11038=DIRECTION('',(0.,-1.,0.));
#11039=DIRECTION('',(-1.,0.,0.));
#11040=DIRECTION('',(0.,0.,1.));
#11041=DIRECTION('',(0.,-1.,0.));
#11042=DIRECTION('',(0.,0.,-1.));
#11043=DIRECTION('',(1.,0.,0.));
#11044=DIRECTION('',(0.,0.,-1.));
#11045=DIRECTION('',(0.,0.,1.));
#11046=DIRECTION('',(0.,-1.,0.));
#11047=DIRECTION('',(-1.,0.,0.));
#11048=DIRECTION('',(0.,0.,1.));
#11049=DIRECTION('',(0.,-1.,0.));
#11050=DIRECTION('',(0.,0.,-1.));
#11051=DIRECTION('',(1.,0.,0.));
#11052=DIRECTION('',(0.,0.,-1.));
#11053=DIRECTION('',(0.,0.,1.));
#11054=DIRECTION('',(0.,-1.,0.));
#11055=DIRECTION('',(-1.,0.,0.));
#11056=DIRECTION('',(0.,0.,1.));
#11057=DIRECTION('',(0.,-1.,0.));
#11058=DIRECTION('',(0.,0.,-1.));
#11059=DIRECTION('',(1.,0.,0.));
#11060=DIRECTION('',(0.,0.,-1.));
#11061=DIRECTION('',(0.,0.,1.));
#11062=DIRECTION('',(0.,-1.,0.));
#11063=DIRECTION('',(-1.,0.,0.));
#11064=DIRECTION('',(0.,0.,1.));
#11065=DIRECTION('',(0.,-1.,0.));
#11066=DIRECTION('',(0.,0.,-1.));
#11067=DIRECTION('',(0.,0.,-1.));
#11068=DIRECTION('',(-1.,0.,0.));
#11069=DIRECTION('',(1.,0.,0.));
#11070=DIRECTION('',(0.,-1.,0.));
#11071=DIRECTION('',(0.,-1.,0.));
#11072=DIRECTION('',(0.,-1.,0.));
#11073=DIRECTION('',(0.,-1.,0.));
#11074=DIRECTION('',(0.,-1.,0.));
#11075=DIRECTION('',(0.,-1.,0.));
#11076=DIRECTION('',(0.,-1.,0.));
#11077=DIRECTION('',(0.,-1.,0.));
#11078=DIRECTION('',(0.,-1.,0.));
#11079=DIRECTION('',(0.,-1.,0.));
#11080=DIRECTION('',(0.,-1.,0.));
#11081=DIRECTION('',(1.,0.,0.));
#11082=DIRECTION('',(1.,0.,0.));
#11083=DIRECTION('',(1.,0.,0.));
#11084=DIRECTION('',(1.,0.,0.));
#11085=DIRECTION('',(-1.,0.,0.));
#11086=DIRECTION('',(0.,0.,1.));
#11087=DIRECTION('',(0.,0.,-1.));
#11088=DIRECTION('',(0.,1.,0.));
#11089=DIRECTION('',(0.,0.,1.));
#11090=DIRECTION('',(-1.,0.,0.));
#11091=DIRECTION('',(0.,0.,1.));
#11092=DIRECTION('',(1.,0.,0.));
#11093=DIRECTION('',(0.,0.,-1.));
#11094=DIRECTION('',(0.,1.,0.));
#11095=DIRECTION('',(0.,0.,1.));
#11096=DIRECTION('',(-1.,0.,0.));
#11097=DIRECTION('',(0.,0.,1.));
#11098=DIRECTION('',(1.,0.,0.));
#11099=DIRECTION('',(0.,0.,-1.));
#11100=DIRECTION('',(0.,1.,0.));
#11101=DIRECTION('',(0.,0.,1.));
#11102=DIRECTION('',(-1.,0.,0.));
#11103=DIRECTION('',(0.,0.,1.));
#11104=DIRECTION('',(1.,0.,0.));
#11105=DIRECTION('',(0.,0.,-1.));
#11106=DIRECTION('',(0.,1.,0.));
#11107=DIRECTION('',(0.,0.,1.));
#11108=DIRECTION('',(-1.,0.,0.));
#11109=DIRECTION('',(0.,0.,1.));
#11110=DIRECTION('',(1.,0.,0.));
#11111=DIRECTION('',(0.,0.,-1.));
#11112=DIRECTION('',(0.,1.,0.));
#11113=DIRECTION('',(0.,0.,1.));
#11114=DIRECTION('',(-1.,0.,0.));
#11115=DIRECTION('',(0.,0.,1.));
#11116=DIRECTION('',(1.,0.,0.));
#11117=DIRECTION('',(0.,0.,-1.));
#11118=DIRECTION('',(0.,0.,1.));
#11119=DIRECTION('',(1.,0.,0.));
#11120=CARTESIAN_POINT('',(0.,0.,0.));
#11121=CARTESIAN_POINT('',(2.75,0.9,-1.74373870972731));
#11122=CARTESIAN_POINT('',(2.75,0.9,-1.74373870972731));
#11123=CARTESIAN_POINT('',(2.75,0.9,-1.74373870972731));
#11124=CARTESIAN_POINT('',(2.35,0.9,-1.74373870972731));
#11125=CARTESIAN_POINT('',(2.35,0.9,-1.74373870972731));
#11126=CARTESIAN_POINT('',(2.35,0.4,-0.37));
#11127=CARTESIAN_POINT('',(2.75,0.4,-0.37));
#11128=CARTESIAN_POINT('',(2.75,0.4,-0.37));
#11129=CARTESIAN_POINT('',(2.75,0.9,-1.74373870972731));
#11130=CARTESIAN_POINT('',(2.75,0.9,-1.74373870972731));
#11131=CARTESIAN_POINT('',(2.75,0.4,-0.37));
#11132=CARTESIAN_POINT('',(2.15,0.4,-0.37));
#11133=CARTESIAN_POINT('',(1.85,0.4,-0.37));
#11134=CARTESIAN_POINT('',(2.15,0.9,-1.74373870972731));
#11135=CARTESIAN_POINT('',(2.15,0.9,-1.74373870972731));
#11136=CARTESIAN_POINT('',(2.75,0.9,-1.74373870972731));
#11137=CARTESIAN_POINT('',(1.85,0.9,-1.74373870972731));
#11138=CARTESIAN_POINT('',(1.85,0.9,-1.74373870972731));
#11139=CARTESIAN_POINT('',(2.75,0.9,-1.74373870972731));
#11140=CARTESIAN_POINT('',(2.75,0.4,-0.37));
#11141=CARTESIAN_POINT('',(1.65,0.4,-0.37));
#11142=CARTESIAN_POINT('',(1.35,0.4,-0.37));
#11143=CARTESIAN_POINT('',(1.65,0.9,-1.74373870972731));
#11144=CARTESIAN_POINT('',(1.65,0.9,-1.74373870972731));
#11145=CARTESIAN_POINT('',(2.75,0.9,-1.74373870972731));
#11146=CARTESIAN_POINT('',(1.35,0.9,-1.74373870972731));
#11147=CARTESIAN_POINT('',(1.35,0.9,-1.74373870972731));
#11148=CARTESIAN_POINT('',(2.75,0.9,-1.74373870972731));
#11149=CARTESIAN_POINT('',(2.75,0.4,-0.37));
#11150=CARTESIAN_POINT('',(1.15,0.4,-0.37));
#11151=CARTESIAN_POINT('',(0.85,0.4,-0.37));
#11152=CARTESIAN_POINT('',(1.15,0.9,-1.74373870972731));
#11153=CARTESIAN_POINT('',(1.15,0.9,-1.74373870972731));
#11154=CARTESIAN_POINT('',(2.75,0.9,-1.74373870972731));
#11155=CARTESIAN_POINT('',(0.85,0.9,-1.74373870972731));
#11156=CARTESIAN_POINT('',(0.85,0.9,-1.74373870972731));
#11157=CARTESIAN_POINT('',(2.75,0.9,-1.74373870972731));
#11158=CARTESIAN_POINT('',(2.75,0.4,-0.37));
#11159=CARTESIAN_POINT('',(0.65,0.4,-0.37));
#11160=CARTESIAN_POINT('',(0.35,0.4,-0.37));
#11161=CARTESIAN_POINT('',(0.65,0.9,-1.74373870972731));
#11162=CARTESIAN_POINT('',(0.65,0.9,-1.74373870972731));
#11163=CARTESIAN_POINT('',(2.75,0.9,-1.74373870972731));
#11164=CARTESIAN_POINT('',(0.35,0.9,-1.74373870972731));
#11165=CARTESIAN_POINT('',(0.35,0.9,-1.74373870972731));
#11166=CARTESIAN_POINT('',(2.75,0.9,-1.74373870972731));
#11167=CARTESIAN_POINT('',(2.75,0.4,-0.37));
#11168=CARTESIAN_POINT('',(0.15,0.4,-0.37));
#11169=CARTESIAN_POINT('',(-0.15,0.4,-0.37));
#11170=CARTESIAN_POINT('',(0.15,0.9,-1.74373870972731));
#11171=CARTESIAN_POINT('',(0.15,0.9,-1.74373870972731));
#11172=CARTESIAN_POINT('',(2.75,0.9,-1.74373870972731));
#11173=CARTESIAN_POINT('',(-0.15,0.9,-1.74373870972731));
#11174=CARTESIAN_POINT('',(-0.15,0.9,-1.74373870972731));
#11175=CARTESIAN_POINT('',(2.75,0.9,-1.74373870972731));
#11176=CARTESIAN_POINT('',(2.75,0.4,-0.37));
#11177=CARTESIAN_POINT('',(-0.35,0.4,-0.37));
#11178=CARTESIAN_POINT('',(-0.65,0.4,-0.37));
#11179=CARTESIAN_POINT('',(-0.35,0.9,-1.74373870972731));
#11180=CARTESIAN_POINT('',(-0.35,0.9,-1.74373870972731));
#11181=CARTESIAN_POINT('',(2.75,0.9,-1.74373870972731));
#11182=CARTESIAN_POINT('',(-0.65,0.9,-1.74373870972731));
#11183=CARTESIAN_POINT('',(-0.65,0.9,-1.74373870972731));
#11184=CARTESIAN_POINT('',(2.75,0.9,-1.74373870972731));
#11185=CARTESIAN_POINT('',(2.75,0.4,-0.37));
#11186=CARTESIAN_POINT('',(-0.85,0.4,-0.37));
#11187=CARTESIAN_POINT('',(-1.15,0.4,-0.37));
#11188=CARTESIAN_POINT('',(-0.85,0.9,-1.74373870972731));
#11189=CARTESIAN_POINT('',(-0.85,0.9,-1.74373870972731));
#11190=CARTESIAN_POINT('',(2.75,0.9,-1.74373870972731));
#11191=CARTESIAN_POINT('',(-1.15,0.9,-1.74373870972731));
#11192=CARTESIAN_POINT('',(-1.15,0.9,-1.74373870972731));
#11193=CARTESIAN_POINT('',(2.75,0.9,-1.74373870972731));
#11194=CARTESIAN_POINT('',(2.75,0.4,-0.37));
#11195=CARTESIAN_POINT('',(-1.35,0.4,-0.37));
#11196=CARTESIAN_POINT('',(-1.65,0.4,-0.37));
#11197=CARTESIAN_POINT('',(-1.35,0.9,-1.74373870972731));
#11198=CARTESIAN_POINT('',(-1.35,0.9,-1.74373870972731));
#11199=CARTESIAN_POINT('',(2.75,0.9,-1.74373870972731));
#11200=CARTESIAN_POINT('',(-1.65,0.9,-1.74373870972731));
#11201=CARTESIAN_POINT('',(-1.65,0.9,-1.74373870972731));
#11202=CARTESIAN_POINT('',(2.75,0.9,-1.74373870972731));
#11203=CARTESIAN_POINT('',(2.75,0.4,-0.37));
#11204=CARTESIAN_POINT('',(-2.35,0.4,-0.37));
#11205=CARTESIAN_POINT('',(-2.75,0.4,-0.37));
#11206=CARTESIAN_POINT('',(-2.35,0.9,-1.74373870972731));
#11207=CARTESIAN_POINT('',(-2.35,0.9,-1.74373870972731));
#11208=CARTESIAN_POINT('',(2.75,0.9,-1.74373870972731));
#11209=CARTESIAN_POINT('',(-2.75,0.9,-1.74373870972731));
#11210=CARTESIAN_POINT('',(-2.75,0.9,-1.74373870972731));
#11211=CARTESIAN_POINT('',(0.,0.01,0.));
#11212=CARTESIAN_POINT('',(-2.35,0.01,0.));
#11213=CARTESIAN_POINT('',(-2.35,0.01,-2.98));
#11214=CARTESIAN_POINT('',(-2.35,0.01,-4.72));
#11215=CARTESIAN_POINT('',(-2.30780176714772E-16,0.01,-2.98));
#11216=CARTESIAN_POINT('',(-2.75,0.01,-2.98));
#11217=CARTESIAN_POINT('',(-2.30780176714772E-16,0.01,-2.98));
#11218=CARTESIAN_POINT('',(-2.8,0.01,-2.98));
#11219=CARTESIAN_POINT('',(-2.8,0.01,0.));
#11220=CARTESIAN_POINT('',(-2.8,0.01,-1.7));
#11221=CARTESIAN_POINT('',(-3.075,0.01,-1.7));
#11222=CARTESIAN_POINT('',(-3.075,0.01,-1.7));
#11223=CARTESIAN_POINT('',(-3.075,0.01,-4.72));
#11224=CARTESIAN_POINT('',(-3.075,0.01,-4.72));
#11225=CARTESIAN_POINT('',(3.075,0.01,-4.72));
#11226=CARTESIAN_POINT('',(0.,0.01,0.));
#11227=CARTESIAN_POINT('',(-2.30780176714772E-16,0.01,-2.98));
#11228=CARTESIAN_POINT('',(-2.15,0.01,-2.98));
#11229=CARTESIAN_POINT('',(-1.85,0.01,-2.98));
#11230=CARTESIAN_POINT('',(-2.15,0.01,0.));
#11231=CARTESIAN_POINT('',(-2.15,0.01,-4.72));
#11232=CARTESIAN_POINT('',(3.075,0.01,-4.72));
#11233=CARTESIAN_POINT('',(-1.85,0.01,-4.72));
#11234=CARTESIAN_POINT('',(-1.85,0.01,0.));
#11235=CARTESIAN_POINT('',(0.,0.01,0.));
#11236=CARTESIAN_POINT('',(-2.30780176714772E-16,0.01,-2.98));
#11237=CARTESIAN_POINT('',(-1.65,0.01,-2.98));
#11238=CARTESIAN_POINT('',(-1.35,0.01,-2.98));
#11239=CARTESIAN_POINT('',(-1.65,0.01,0.));
#11240=CARTESIAN_POINT('',(-1.65,0.01,-4.72));
#11241=CARTESIAN_POINT('',(3.075,0.01,-4.72));
#11242=CARTESIAN_POINT('',(-1.35,0.01,-4.72));
#11243=CARTESIAN_POINT('',(-1.35,0.01,0.));
#11244=CARTESIAN_POINT('',(0.,0.01,0.));
#11245=CARTESIAN_POINT('',(-2.30780176714772E-16,0.01,-2.98));
#11246=CARTESIAN_POINT('',(-1.15,0.01,-2.98));
#11247=CARTESIAN_POINT('',(-0.850000000000003,0.01,-2.98));
#11248=CARTESIAN_POINT('',(-1.15,0.01,0.));
#11249=CARTESIAN_POINT('',(-1.15,0.01,-4.72));
#11250=CARTESIAN_POINT('',(3.075,0.01,-4.72));
#11251=CARTESIAN_POINT('',(-0.850000000000003,0.01,-4.72));
#11252=CARTESIAN_POINT('',(-0.850000000000003,0.01,0.));
#11253=CARTESIAN_POINT('',(0.,0.01,0.));
#11254=CARTESIAN_POINT('',(-2.30780176714772E-16,0.01,-2.98));
#11255=CARTESIAN_POINT('',(-0.649999999999999,0.01,-2.98));
#11256=CARTESIAN_POINT('',(-0.350000000000001,0.01,-2.98));
#11257=CARTESIAN_POINT('',(-0.649999999999999,0.01,0.));
#11258=CARTESIAN_POINT('',(-0.649999999999999,0.01,-4.72));
#11259=CARTESIAN_POINT('',(3.075,0.01,-4.72));
#11260=CARTESIAN_POINT('',(-0.350000000000001,0.01,-4.72));
#11261=CARTESIAN_POINT('',(-0.350000000000001,0.01,0.));
#11262=CARTESIAN_POINT('',(0.,0.01,0.));
#11263=CARTESIAN_POINT('',(-2.30780176714772E-16,0.01,-2.98));
#11264=CARTESIAN_POINT('',(-0.149999999999999,0.01,-2.98));
#11265=CARTESIAN_POINT('',(0.149999999999997,0.01,-2.98));
#11266=CARTESIAN_POINT('',(-0.149999999999999,0.01,0.));
#11267=CARTESIAN_POINT('',(-0.149999999999999,0.01,-4.72));
#11268=CARTESIAN_POINT('',(3.075,0.01,-4.72));
#11269=CARTESIAN_POINT('',(0.149999999999997,0.01,-4.72));
#11270=CARTESIAN_POINT('',(0.149999999999997,0.01,0.));
#11271=CARTESIAN_POINT('',(0.,0.01,0.));
#11272=CARTESIAN_POINT('',(-2.30780176714772E-16,0.01,-2.98));
#11273=CARTESIAN_POINT('',(0.350000000000001,0.01,-2.98));
#11274=CARTESIAN_POINT('',(0.649999999999999,0.01,-2.98));
#11275=CARTESIAN_POINT('',(0.350000000000001,0.01,0.));
#11276=CARTESIAN_POINT('',(0.350000000000001,0.01,-4.72));
#11277=CARTESIAN_POINT('',(3.075,0.01,-4.72));
#11278=CARTESIAN_POINT('',(0.649999999999999,0.01,-4.72));
#11279=CARTESIAN_POINT('',(0.649999999999999,0.01,0.));
#11280=CARTESIAN_POINT('',(0.,0.01,0.));
#11281=CARTESIAN_POINT('',(-2.30780176714772E-16,0.01,-2.98));
#11282=CARTESIAN_POINT('',(0.850000000000003,0.01,-2.98));
#11283=CARTESIAN_POINT('',(1.15,0.01,-2.98));
#11284=CARTESIAN_POINT('',(0.850000000000003,0.01,0.));
#11285=CARTESIAN_POINT('',(0.850000000000003,0.01,-4.72));
#11286=CARTESIAN_POINT('',(3.075,0.01,-4.72));
#11287=CARTESIAN_POINT('',(1.15,0.01,-4.72));
#11288=CARTESIAN_POINT('',(1.15,0.01,0.));
#11289=CARTESIAN_POINT('',(0.,0.01,0.));
#11290=CARTESIAN_POINT('',(-2.30780176714772E-16,0.01,-2.98));
#11291=CARTESIAN_POINT('',(1.35,0.01,-2.98));
#11292=CARTESIAN_POINT('',(1.65,0.01,-2.98));
#11293=CARTESIAN_POINT('',(1.35,0.01,0.));
#11294=CARTESIAN_POINT('',(1.35,0.01,-4.72));
#11295=CARTESIAN_POINT('',(3.075,0.01,-4.72));
#11296=CARTESIAN_POINT('',(1.65,0.01,-4.72));
#11297=CARTESIAN_POINT('',(1.65,0.01,0.));
#11298=CARTESIAN_POINT('',(0.,0.01,0.));
#11299=CARTESIAN_POINT('',(-2.30780176714772E-16,0.01,-2.98));
#11300=CARTESIAN_POINT('',(1.85,0.01,-2.98));
#11301=CARTESIAN_POINT('',(2.15,0.01,-2.98));
#11302=CARTESIAN_POINT('',(1.85,0.01,0.));
#11303=CARTESIAN_POINT('',(1.85,0.01,-4.72));
#11304=CARTESIAN_POINT('',(3.075,0.01,-4.72));
#11305=CARTESIAN_POINT('',(2.15,0.01,-4.72));
#11306=CARTESIAN_POINT('',(2.15,0.01,0.));
#11307=CARTESIAN_POINT('',(0.,0.01,0.));
#11308=CARTESIAN_POINT('',(-2.30780176714772E-16,0.01,-2.98));
#11309=CARTESIAN_POINT('',(2.35,0.01,-2.98));
#11310=CARTESIAN_POINT('',(2.75,0.01,-2.98));
#11311=CARTESIAN_POINT('',(2.35,0.01,0.));
#11312=CARTESIAN_POINT('',(2.35,0.01,-4.72));
#11313=CARTESIAN_POINT('',(3.075,0.01,-4.72));
#11314=CARTESIAN_POINT('',(3.075,0.01,-4.72));
#11315=CARTESIAN_POINT('',(3.075,0.01,-1.7));
#11316=CARTESIAN_POINT('',(3.075,0.01,-1.7));
#11317=CARTESIAN_POINT('',(-3.075,0.01,-1.7));
#11318=CARTESIAN_POINT('',(2.8,0.01,-1.7));
#11319=CARTESIAN_POINT('',(2.8,0.01,0.));
#11320=CARTESIAN_POINT('',(2.8,0.01,-2.98));
#11321=CARTESIAN_POINT('',(-2.30780176714772E-16,0.01,-2.98));
#11322=CARTESIAN_POINT('',(2.75,0.,-2.98));
#11323=CARTESIAN_POINT('',(-2.35,0.,-2.98));
#11324=CARTESIAN_POINT('',(-2.35,0.,-2.98));
#11325=CARTESIAN_POINT('',(2.75,0.,-2.98));
#11326=CARTESIAN_POINT('',(-2.75,0.,-2.98));
#11327=CARTESIAN_POINT('',(-2.75,0.,-2.98));
#11328=CARTESIAN_POINT('',(2.75,0.,-2.98));
#11329=CARTESIAN_POINT('',(-2.15,0.,-2.98));
#11330=CARTESIAN_POINT('',(-2.15,0.,-2.98));
#11331=CARTESIAN_POINT('',(-1.85,0.,-2.98));
#11332=CARTESIAN_POINT('',(-1.85,0.,-2.98));
#11333=CARTESIAN_POINT('',(2.75,0.,-2.98));
#11334=CARTESIAN_POINT('',(2.75,0.,-2.98));
#11335=CARTESIAN_POINT('',(-1.65,0.,-2.98));
#11336=CARTESIAN_POINT('',(-1.65,0.,-2.98));
#11337=CARTESIAN_POINT('',(-1.35,0.,-2.98));
#11338=CARTESIAN_POINT('',(-1.35,0.,-2.98));
#11339=CARTESIAN_POINT('',(2.75,0.,-2.98));
#11340=CARTESIAN_POINT('',(2.75,0.,-2.98));
#11341=CARTESIAN_POINT('',(-1.15,0.,-2.98));
#11342=CARTESIAN_POINT('',(-1.15,0.,-2.98));
#11343=CARTESIAN_POINT('',(-0.850000000000003,0.,-2.98));
#11344=CARTESIAN_POINT('',(-0.850000000000003,0.,-2.98));
#11345=CARTESIAN_POINT('',(2.75,0.,-2.98));
#11346=CARTESIAN_POINT('',(2.75,0.,-2.98));
#11347=CARTESIAN_POINT('',(-0.649999999999999,0.,-2.98));
#11348=CARTESIAN_POINT('',(-0.649999999999999,0.,-2.98));
#11349=CARTESIAN_POINT('',(-0.350000000000001,0.,-2.98));
#11350=CARTESIAN_POINT('',(-0.350000000000001,0.,-2.98));
#11351=CARTESIAN_POINT('',(2.75,0.,-2.98));
#11352=CARTESIAN_POINT('',(2.75,0.,-2.98));
#11353=CARTESIAN_POINT('',(-0.149999999999999,0.,-2.98));
#11354=CARTESIAN_POINT('',(-0.149999999999999,0.,-2.98));
#11355=CARTESIAN_POINT('',(0.149999999999997,0.,-2.98));
#11356=CARTESIAN_POINT('',(0.149999999999997,0.,-2.98));
#11357=CARTESIAN_POINT('',(2.75,0.,-2.98));
#11358=CARTESIAN_POINT('',(2.75,0.,-2.98));
#11359=CARTESIAN_POINT('',(0.350000000000001,0.,-2.98));
#11360=CARTESIAN_POINT('',(0.350000000000001,0.,-2.98));
#11361=CARTESIAN_POINT('',(0.649999999999999,0.,-2.98));
#11362=CARTESIAN_POINT('',(0.649999999999999,0.,-2.98));
#11363=CARTESIAN_POINT('',(2.75,0.,-2.98));
#11364=CARTESIAN_POINT('',(2.75,0.,-2.98));
#11365=CARTESIAN_POINT('',(0.850000000000003,0.,-2.98));
#11366=CARTESIAN_POINT('',(0.850000000000003,0.,-2.98));
#11367=CARTESIAN_POINT('',(1.15,0.,-2.98));
#11368=CARTESIAN_POINT('',(1.15,0.,-2.98));
#11369=CARTESIAN_POINT('',(2.75,0.,-2.98));
#11370=CARTESIAN_POINT('',(2.75,0.,-2.98));
#11371=CARTESIAN_POINT('',(1.35,0.,-2.98));
#11372=CARTESIAN_POINT('',(1.35,0.,-2.98));
#11373=CARTESIAN_POINT('',(1.65,0.,-2.98));
#11374=CARTESIAN_POINT('',(1.65,0.,-2.98));
#11375=CARTESIAN_POINT('',(2.75,0.,-2.98));
#11376=CARTESIAN_POINT('',(2.75,0.,-2.98));
#11377=CARTESIAN_POINT('',(1.85,0.,-2.98));
#11378=CARTESIAN_POINT('',(1.85,0.,-2.98));
#11379=CARTESIAN_POINT('',(2.15,0.,-2.98));
#11380=CARTESIAN_POINT('',(2.15,0.,-2.98));
#11381=CARTESIAN_POINT('',(2.75,0.,-2.98));
#11382=CARTESIAN_POINT('',(2.75,0.,-2.98));
#11383=CARTESIAN_POINT('',(2.35,0.,-2.98));
#11384=CARTESIAN_POINT('',(2.35,0.,-2.98));
#11385=CARTESIAN_POINT('',(2.75,0.,-2.98));
#11386=CARTESIAN_POINT('',(2.75,0.,-2.98));
#11387=CARTESIAN_POINT('',(2.75,0.,-2.98));
#11388=CARTESIAN_POINT('',(2.75,0.,-0.37));
#11389=CARTESIAN_POINT('',(-2.35,0.,-0.37));
#11390=CARTESIAN_POINT('',(-2.35,0.,-1.8));
#11391=CARTESIAN_POINT('',(-2.35,0.,-1.8));
#11392=CARTESIAN_POINT('',(-2.15,0.,-1.8));
#11393=CARTESIAN_POINT('',(-2.15,0.,-1.8));
#11394=CARTESIAN_POINT('',(-1.85,0.,-0.37));
#11395=CARTESIAN_POINT('',(-1.85,0.,-1.8));
#11396=CARTESIAN_POINT('',(-1.85,0.,-1.8));
#11397=CARTESIAN_POINT('',(-1.65,0.,-1.8));
#11398=CARTESIAN_POINT('',(-1.65,0.,-1.8));
#11399=CARTESIAN_POINT('',(-1.35,0.,-0.37));
#11400=CARTESIAN_POINT('',(-1.35,0.,-1.8));
#11401=CARTESIAN_POINT('',(-1.35,0.,-1.8));
#11402=CARTESIAN_POINT('',(-1.15,0.,-1.8));
#11403=CARTESIAN_POINT('',(-1.15,0.,-1.8));
#11404=CARTESIAN_POINT('',(-0.850000000000003,0.,-0.37));
#11405=CARTESIAN_POINT('',(-0.850000000000003,0.,-1.8));
#11406=CARTESIAN_POINT('',(-0.850000000000003,0.,-1.8));
#11407=CARTESIAN_POINT('',(-0.649999999999999,0.,-1.8));
#11408=CARTESIAN_POINT('',(-0.649999999999999,0.,-1.8));
#11409=CARTESIAN_POINT('',(-0.350000000000001,0.,-0.37));
#11410=CARTESIAN_POINT('',(-0.350000000000001,0.,-1.8));
#11411=CARTESIAN_POINT('',(-0.350000000000001,0.,-1.8));
#11412=CARTESIAN_POINT('',(-0.149999999999999,0.,-1.8));
#11413=CARTESIAN_POINT('',(-0.149999999999999,0.,-1.8));
#11414=CARTESIAN_POINT('',(0.149999999999997,0.,-0.37));
#11415=CARTESIAN_POINT('',(0.149999999999997,0.,-1.8));
#11416=CARTESIAN_POINT('',(0.149999999999997,0.,-1.8));
#11417=CARTESIAN_POINT('',(0.350000000000001,0.,-1.8));
#11418=CARTESIAN_POINT('',(0.350000000000001,0.,-1.8));
#11419=CARTESIAN_POINT('',(0.649999999999999,0.,-0.37));
#11420=CARTESIAN_POINT('',(0.649999999999999,0.,-1.8));
#11421=CARTESIAN_POINT('',(0.649999999999999,0.,-1.8));
#11422=CARTESIAN_POINT('',(0.850000000000003,0.,-1.8));
#11423=CARTESIAN_POINT('',(0.850000000000003,0.,-1.8));
#11424=CARTESIAN_POINT('',(1.15,0.,-0.37));
#11425=CARTESIAN_POINT('',(1.15,0.,-1.8));
#11426=CARTESIAN_POINT('',(1.15,0.,-1.8));
#11427=CARTESIAN_POINT('',(1.35,0.,-1.8));
#11428=CARTESIAN_POINT('',(1.35,0.,-1.8));
#11429=CARTESIAN_POINT('',(1.65,0.,-0.37));
#11430=CARTESIAN_POINT('',(1.65,0.,-1.8));
#11431=CARTESIAN_POINT('',(1.65,0.,-1.8));
#11432=CARTESIAN_POINT('',(1.85,0.,-1.8));
#11433=CARTESIAN_POINT('',(1.85,0.,-1.8));
#11434=CARTESIAN_POINT('',(2.15,0.,-0.37));
#11435=CARTESIAN_POINT('',(2.15,0.,-1.8));
#11436=CARTESIAN_POINT('',(2.15,0.,-1.8));
#11437=CARTESIAN_POINT('',(2.35,0.,-1.8));
#11438=CARTESIAN_POINT('',(2.35,0.,-1.8));
#11439=CARTESIAN_POINT('',(2.75,0.,-0.37));
#11440=CARTESIAN_POINT('',(2.75,0.,-0.37));
#11441=CARTESIAN_POINT('',(2.75,0.,-0.37));
#11442=CARTESIAN_POINT('',(-2.75,0.,-0.37));
#11443=CARTESIAN_POINT('',(-2.75,0.,-0.37));
#11444=CARTESIAN_POINT('',(2.15,2.,-4.));
#11445=CARTESIAN_POINT('',(2.15,0.1,-4.));
#11446=CARTESIAN_POINT('',(2.15,0.1,-4.));
#11447=CARTESIAN_POINT('',(2.35,0.1,-4.));
#11448=CARTESIAN_POINT('',(2.15,2.,-4.));
#11449=CARTESIAN_POINT('',(2.15,1.9,-4.));
#11450=CARTESIAN_POINT('',(2.15,1.9,-4.));
#11451=CARTESIAN_POINT('',(2.35,1.9,-4.));
#11452=CARTESIAN_POINT('',(2.35,2.,-4.));
#11453=CARTESIAN_POINT('',(1.65,2.,-4.));
#11454=CARTESIAN_POINT('',(1.65,0.1,-4.));
#11455=CARTESIAN_POINT('',(1.65,0.1,-4.));
#11456=CARTESIAN_POINT('',(1.85,0.1,-4.));
#11457=CARTESIAN_POINT('',(1.65,2.,-4.));
#11458=CARTESIAN_POINT('',(1.65,1.9,-4.));
#11459=CARTESIAN_POINT('',(1.65,1.9,-4.));
#11460=CARTESIAN_POINT('',(1.85,1.9,-4.));
#11461=CARTESIAN_POINT('',(1.85,2.,-4.));
#11462=CARTESIAN_POINT('',(1.15,2.,-4.));
#11463=CARTESIAN_POINT('',(1.15,0.1,-4.));
#11464=CARTESIAN_POINT('',(1.15,0.1,-4.));
#11465=CARTESIAN_POINT('',(1.35,0.1,-4.));
#11466=CARTESIAN_POINT('',(1.15,2.,-4.));
#11467=CARTESIAN_POINT('',(1.15,1.9,-4.));
#11468=CARTESIAN_POINT('',(1.15,1.9,-4.));
#11469=CARTESIAN_POINT('',(1.35,1.9,-4.));
#11470=CARTESIAN_POINT('',(1.35,2.,-4.));
#11471=CARTESIAN_POINT('',(0.649999999999999,2.,-4.));
#11472=CARTESIAN_POINT('',(0.649999999999999,0.1,-4.));
#11473=CARTESIAN_POINT('',(0.649999999999999,0.1,-4.));
#11474=CARTESIAN_POINT('',(0.850000000000003,0.1,-4.));
#11475=CARTESIAN_POINT('',(0.649999999999999,2.,-4.));
#11476=CARTESIAN_POINT('',(0.649999999999999,1.9,-4.));
#11477=CARTESIAN_POINT('',(0.649999999999999,1.9,-4.));
#11478=CARTESIAN_POINT('',(0.850000000000003,1.9,-4.));
#11479=CARTESIAN_POINT('',(0.850000000000003,2.,-4.));
#11480=CARTESIAN_POINT('',(0.149999999999997,2.,-4.));
#11481=CARTESIAN_POINT('',(0.149999999999997,0.1,-4.));
#11482=CARTESIAN_POINT('',(0.149999999999997,0.1,-4.));
#11483=CARTESIAN_POINT('',(0.350000000000001,0.1,-4.));
#11484=CARTESIAN_POINT('',(0.149999999999997,2.,-4.));
#11485=CARTESIAN_POINT('',(0.149999999999997,1.9,-4.));
#11486=CARTESIAN_POINT('',(0.149999999999997,1.9,-4.));
#11487=CARTESIAN_POINT('',(0.350000000000001,1.9,-4.));
#11488=CARTESIAN_POINT('',(0.350000000000001,2.,-4.));
#11489=CARTESIAN_POINT('',(-0.350000000000001,2.,-4.));
#11490=CARTESIAN_POINT('',(-0.350000000000001,0.1,-4.));
#11491=CARTESIAN_POINT('',(-0.350000000000001,0.1,-4.));
#11492=CARTESIAN_POINT('',(-0.149999999999999,0.1,-4.));
#11493=CARTESIAN_POINT('',(-0.350000000000001,2.,-4.));
#11494=CARTESIAN_POINT('',(-0.350000000000001,1.9,-4.));
#11495=CARTESIAN_POINT('',(-0.350000000000001,1.9,-4.));
#11496=CARTESIAN_POINT('',(-0.149999999999999,1.9,-4.));
#11497=CARTESIAN_POINT('',(-0.149999999999999,2.,-4.));
#11498=CARTESIAN_POINT('',(-0.850000000000003,2.,-4.));
#11499=CARTESIAN_POINT('',(-0.850000000000003,0.1,-4.));
#11500=CARTESIAN_POINT('',(-0.850000000000003,0.1,-4.));
#11501=CARTESIAN_POINT('',(-0.649999999999999,0.1,-4.));
#11502=CARTESIAN_POINT('',(-0.850000000000003,2.,-4.));
#11503=CARTESIAN_POINT('',(-0.850000000000003,1.9,-4.));
#11504=CARTESIAN_POINT('',(-0.850000000000003,1.9,-4.));
#11505=CARTESIAN_POINT('',(-0.649999999999999,1.9,-4.));
#11506=CARTESIAN_POINT('',(-0.649999999999999,2.,-4.));
#11507=CARTESIAN_POINT('',(-1.35,2.,-4.));
#11508=CARTESIAN_POINT('',(-1.35,0.1,-4.));
#11509=CARTESIAN_POINT('',(-1.35,0.1,-4.));
#11510=CARTESIAN_POINT('',(-1.15,0.1,-4.));
#11511=CARTESIAN_POINT('',(-1.35,2.,-4.));
#11512=CARTESIAN_POINT('',(-1.35,1.9,-4.));
#11513=CARTESIAN_POINT('',(-1.35,1.9,-4.));
#11514=CARTESIAN_POINT('',(-1.15,1.9,-4.));
#11515=CARTESIAN_POINT('',(-1.15,2.,-4.));
#11516=CARTESIAN_POINT('',(-1.85,2.,-4.));
#11517=CARTESIAN_POINT('',(-1.85,0.1,-4.));
#11518=CARTESIAN_POINT('',(-1.85,0.1,-4.));
#11519=CARTESIAN_POINT('',(-1.65,0.1,-4.));
#11520=CARTESIAN_POINT('',(-1.85,2.,-4.));
#11521=CARTESIAN_POINT('',(-1.85,1.9,-4.));
#11522=CARTESIAN_POINT('',(-1.85,1.9,-4.));
#11523=CARTESIAN_POINT('',(-1.65,1.9,-4.));
#11524=CARTESIAN_POINT('',(-1.65,2.,-4.));
#11525=CARTESIAN_POINT('',(-2.35,2.,-4.));
#11526=CARTESIAN_POINT('',(-2.35,0.1,-4.));
#11527=CARTESIAN_POINT('',(-2.35,0.1,-4.));
#11528=CARTESIAN_POINT('',(-2.15,0.1,-4.));
#11529=CARTESIAN_POINT('',(-2.35,2.,-4.));
#11530=CARTESIAN_POINT('',(-2.35,1.9,-4.));
#11531=CARTESIAN_POINT('',(-2.35,1.9,-4.));
#11532=CARTESIAN_POINT('',(-2.15,1.9,-4.));
#11533=CARTESIAN_POINT('',(-2.15,2.,-4.));
#11534=CARTESIAN_POINT('',(3.075,1.98,-4.72));
#11535=CARTESIAN_POINT('',(-2.35,1.98,-4.72));
#11536=CARTESIAN_POINT('',(-2.35,1.98,-4.72));
#11537=CARTESIAN_POINT('',(-3.075,1.98,-4.72));
#11538=CARTESIAN_POINT('',(-3.075,1.98,-4.72));
#11539=CARTESIAN_POINT('',(3.075,1.98,-4.72));
#11540=CARTESIAN_POINT('',(3.075,1.98,-4.72));
#11541=CARTESIAN_POINT('',(-2.15,1.98,-4.72));
#11542=CARTESIAN_POINT('',(-2.15,1.98,-4.72));
#11543=CARTESIAN_POINT('',(3.075,1.98,-4.72));
#11544=CARTESIAN_POINT('',(-1.85,1.98,-4.72));
#11545=CARTESIAN_POINT('',(-1.85,1.98,-4.72));
#11546=CARTESIAN_POINT('',(3.075,1.98,-4.72));
#11547=CARTESIAN_POINT('',(-1.65,1.98,-4.72));
#11548=CARTESIAN_POINT('',(-1.65,1.98,-4.72));
#11549=CARTESIAN_POINT('',(3.075,1.98,-4.72));
#11550=CARTESIAN_POINT('',(-1.35,1.98,-4.72));
#11551=CARTESIAN_POINT('',(-1.35,1.98,-4.72));
#11552=CARTESIAN_POINT('',(3.075,1.98,-4.72));
#11553=CARTESIAN_POINT('',(-1.15,1.98,-4.72));
#11554=CARTESIAN_POINT('',(-1.15,1.98,-4.72));
#11555=CARTESIAN_POINT('',(3.075,1.98,-4.72));
#11556=CARTESIAN_POINT('',(-0.850000000000003,1.98,-4.72));
#11557=CARTESIAN_POINT('',(-0.850000000000003,1.98,-4.72));
#11558=CARTESIAN_POINT('',(3.075,1.98,-4.72));
#11559=CARTESIAN_POINT('',(-0.649999999999999,1.98,-4.72));
#11560=CARTESIAN_POINT('',(-0.649999999999999,1.98,-4.72));
#11561=CARTESIAN_POINT('',(3.075,1.98,-4.72));
#11562=CARTESIAN_POINT('',(-0.350000000000001,1.98,-4.72));
#11563=CARTESIAN_POINT('',(-0.350000000000001,1.98,-4.72));
#11564=CARTESIAN_POINT('',(3.075,1.98,-4.72));
#11565=CARTESIAN_POINT('',(-0.149999999999999,1.98,-4.72));
#11566=CARTESIAN_POINT('',(-0.149999999999999,1.98,-4.72));
#11567=CARTESIAN_POINT('',(3.075,1.98,-4.72));
#11568=CARTESIAN_POINT('',(0.149999999999997,1.98,-4.72));
#11569=CARTESIAN_POINT('',(0.149999999999997,1.98,-4.72));
#11570=CARTESIAN_POINT('',(3.075,1.98,-4.72));
#11571=CARTESIAN_POINT('',(0.350000000000001,1.98,-4.72));
#11572=CARTESIAN_POINT('',(0.350000000000001,1.98,-4.72));
#11573=CARTESIAN_POINT('',(3.075,1.98,-4.72));
#11574=CARTESIAN_POINT('',(0.649999999999999,1.98,-4.72));
#11575=CARTESIAN_POINT('',(0.649999999999999,1.98,-4.72));
#11576=CARTESIAN_POINT('',(3.075,1.98,-4.72));
#11577=CARTESIAN_POINT('',(0.850000000000003,1.98,-4.72));
#11578=CARTESIAN_POINT('',(0.850000000000003,1.98,-4.72));
#11579=CARTESIAN_POINT('',(3.075,1.98,-4.72));
#11580=CARTESIAN_POINT('',(1.15,1.98,-4.72));
#11581=CARTESIAN_POINT('',(1.15,1.98,-4.72));
#11582=CARTESIAN_POINT('',(3.075,1.98,-4.72));
#11583=CARTESIAN_POINT('',(1.35,1.98,-4.72));
#11584=CARTESIAN_POINT('',(1.35,1.98,-4.72));
#11585=CARTESIAN_POINT('',(3.075,1.98,-4.72));
#11586=CARTESIAN_POINT('',(1.65,1.98,-4.72));
#11587=CARTESIAN_POINT('',(1.65,1.98,-4.72));
#11588=CARTESIAN_POINT('',(3.075,1.98,-4.72));
#11589=CARTESIAN_POINT('',(1.85,1.98,-4.72));
#11590=CARTESIAN_POINT('',(1.85,1.98,-4.72));
#11591=CARTESIAN_POINT('',(3.075,1.98,-4.72));
#11592=CARTESIAN_POINT('',(2.15,1.98,-4.72));
#11593=CARTESIAN_POINT('',(2.15,1.98,-4.72));
#11594=CARTESIAN_POINT('',(3.075,1.98,-4.72));
#11595=CARTESIAN_POINT('',(2.35,1.98,-4.72));
#11596=CARTESIAN_POINT('',(2.35,1.98,-4.72));
#11597=CARTESIAN_POINT('',(3.075,1.98,-4.72));
#11598=CARTESIAN_POINT('',(3.075,1.98,-4.72));
#11599=CARTESIAN_POINT('',(3.075,1.98,-4.72));
#11600=CARTESIAN_POINT('',(0.,1.98,0.));
#11601=CARTESIAN_POINT('',(3.9031278209478E-15,1.98,-1.8));
#11602=CARTESIAN_POINT('',(-2.35,1.98,-1.8));
#11603=CARTESIAN_POINT('',(-2.15,1.98,-1.8));
#11604=CARTESIAN_POINT('',(-2.35,1.98,0.));
#11605=CARTESIAN_POINT('',(-3.075,1.98,-4.72));
#11606=CARTESIAN_POINT('',(-3.075,1.98,-1.7));
#11607=CARTESIAN_POINT('',(-3.075,1.98,-1.7));
#11608=CARTESIAN_POINT('',(3.075,1.98,-1.7));
#11609=CARTESIAN_POINT('',(3.075,1.98,-1.7));
#11610=CARTESIAN_POINT('',(2.35,1.98,0.));
#11611=CARTESIAN_POINT('',(2.35,1.98,-1.8));
#11612=CARTESIAN_POINT('',(0.,1.98,-1.8));
#11613=CARTESIAN_POINT('',(2.15,1.98,-1.8));
#11614=CARTESIAN_POINT('',(2.15,1.98,0.));
#11615=CARTESIAN_POINT('',(1.85,1.98,0.));
#11616=CARTESIAN_POINT('',(1.85,1.98,-1.8));
#11617=CARTESIAN_POINT('',(0.,1.98,-1.8));
#11618=CARTESIAN_POINT('',(1.65,1.98,-1.8));
#11619=CARTESIAN_POINT('',(1.65,1.98,0.));
#11620=CARTESIAN_POINT('',(1.35,1.98,0.));
#11621=CARTESIAN_POINT('',(1.35,1.98,-1.8));
#11622=CARTESIAN_POINT('',(0.,1.98,-1.8));
#11623=CARTESIAN_POINT('',(1.15,1.98,-1.8));
#11624=CARTESIAN_POINT('',(1.15,1.98,0.));
#11625=CARTESIAN_POINT('',(0.850000000000003,1.98,0.));
#11626=CARTESIAN_POINT('',(0.850000000000003,1.98,-1.8));
#11627=CARTESIAN_POINT('',(0.,1.98,-1.8));
#11628=CARTESIAN_POINT('',(0.649999999999999,1.98,-1.8));
#11629=CARTESIAN_POINT('',(0.649999999999999,1.98,0.));
#11630=CARTESIAN_POINT('',(0.350000000000001,1.98,0.));
#11631=CARTESIAN_POINT('',(0.350000000000001,1.98,-1.8));
#11632=CARTESIAN_POINT('',(0.,1.98,-1.8));
#11633=CARTESIAN_POINT('',(0.149999999999997,1.98,-1.8));
#11634=CARTESIAN_POINT('',(0.149999999999997,1.98,0.));
#11635=CARTESIAN_POINT('',(-0.149999999999999,1.98,0.));
#11636=CARTESIAN_POINT('',(-0.149999999999999,1.98,-1.8));
#11637=CARTESIAN_POINT('',(0.,1.98,-1.8));
#11638=CARTESIAN_POINT('',(-0.350000000000001,1.98,-1.8));
#11639=CARTESIAN_POINT('',(-0.350000000000001,1.98,0.));
#11640=CARTESIAN_POINT('',(-0.649999999999999,1.98,0.));
#11641=CARTESIAN_POINT('',(-0.649999999999999,1.98,-1.8));
#11642=CARTESIAN_POINT('',(0.,1.98,-1.8));
#11643=CARTESIAN_POINT('',(-0.850000000000003,1.98,-1.8));
#11644=CARTESIAN_POINT('',(-0.850000000000003,1.98,0.));
#11645=CARTESIAN_POINT('',(-1.15,1.98,0.));
#11646=CARTESIAN_POINT('',(-1.15,1.98,-1.8));
#11647=CARTESIAN_POINT('',(0.,1.98,-1.8));
#11648=CARTESIAN_POINT('',(-1.35,1.98,-1.8));
#11649=CARTESIAN_POINT('',(-1.35,1.98,0.));
#11650=CARTESIAN_POINT('',(-1.65,1.98,0.));
#11651=CARTESIAN_POINT('',(-1.65,1.98,-1.8));
#11652=CARTESIAN_POINT('',(0.,1.98,-1.8));
#11653=CARTESIAN_POINT('',(-1.85,1.98,-1.8));
#11654=CARTESIAN_POINT('',(-1.85,1.98,0.));
#11655=CARTESIAN_POINT('',(-2.15,1.98,0.));
#11656=CARTESIAN_POINT('',(5.325,2.,-1.7));
#11657=CARTESIAN_POINT('',(2.8,2.,-1.7));
#11658=CARTESIAN_POINT('',(2.8,0.,-1.7));
#11659=CARTESIAN_POINT('',(3.075,2.05,-1.7));
#11660=CARTESIAN_POINT('',(3.075,0.,-1.7));
#11661=CARTESIAN_POINT('',(5.325,0.,-1.7));
#11662=CARTESIAN_POINT('',(5.325,2.,-1.7));
#11663=CARTESIAN_POINT('',(-2.8,2.,-1.7));
#11664=CARTESIAN_POINT('',(-2.8,0.,-1.7));
#11665=CARTESIAN_POINT('',(5.325,0.,-1.7));
#11666=CARTESIAN_POINT('',(-3.075,0.,-1.7));
#11667=CARTESIAN_POINT('',(-3.075,2.05,-1.7));
#11668=CARTESIAN_POINT('',(-4.825,2.,0.));
#11669=CARTESIAN_POINT('',(-3.1,1.1,-5.42101086242752E-17));
#11670=CARTESIAN_POINT('',(-3.1,1.1,-5.42101086242752E-17));
#11671=CARTESIAN_POINT('',(-3.1,0.,-5.42101086242752E-17));
#11672=CARTESIAN_POINT('',(-3.1,1.1,0.));
#11673=CARTESIAN_POINT('',(3.1,1.1,0.));
#11674=CARTESIAN_POINT('',(3.1,1.1,0.));
#11675=CARTESIAN_POINT('',(3.1,0.,0.));
#11676=CARTESIAN_POINT('',(-4.825,0.,0.));
#11677=CARTESIAN_POINT('',(4.825,0.,0.));
#11678=CARTESIAN_POINT('',(4.825,2.,0.));
#11679=CARTESIAN_POINT('',(4.825,2.,0.));
#11680=CARTESIAN_POINT('',(-4.825,2.,0.));
#11681=CARTESIAN_POINT('',(-4.825,2.,3.25260651745651E-16));
#11682=CARTESIAN_POINT('',(-4.825,2.,3.25260651745651E-16));
#11683=CARTESIAN_POINT('',(-4.825,0.,3.25260651745651E-16));
#11684=CARTESIAN_POINT('',(-4.825,0.,0.));
#11685=CARTESIAN_POINT('',(-4.825,0.,-0.499999999999998));
#11686=CARTESIAN_POINT('',(3.1,0.,0.));
#11687=CARTESIAN_POINT('',(3.1,0.,-0.4));
#11688=CARTESIAN_POINT('',(3.1,0.,-0.4));
#11689=CARTESIAN_POINT('',(2.8,0.,-0.699999999999999));
#11690=CARTESIAN_POINT('',(2.8,0.,-0.699999999999999));
#11691=CARTESIAN_POINT('',(5.325,0.,-1.7));
#11692=CARTESIAN_POINT('',(4.575,0.,-1.7));
#11693=CARTESIAN_POINT('',(5.325,0.,-1.7));
#11694=CARTESIAN_POINT('',(5.325,0.,-1.7));
#11695=CARTESIAN_POINT('',(5.325,0.,-0.5));
#11696=CARTESIAN_POINT('',(5.325,0.,-0.5));
#11697=CARTESIAN_POINT('',(4.825,0.,-0.499999999999998));
#11698=CARTESIAN_POINT('',(-4.825,0.,-0.499999999999998));
#11699=CARTESIAN_POINT('',(-3.1,0.,-0.4));
#11700=CARTESIAN_POINT('',(-3.1,0.,-0.4));
#11701=CARTESIAN_POINT('',(-4.825,0.,-0.499999999999998));
#11702=CARTESIAN_POINT('',(-5.325,0.,-0.5));
#11703=CARTESIAN_POINT('',(-5.325,0.,-1.7));
#11704=CARTESIAN_POINT('',(-5.325,0.,-1.7));
#11705=CARTESIAN_POINT('',(5.325,0.,-1.7));
#11706=CARTESIAN_POINT('',(-4.575,0.,-1.7));
#11707=CARTESIAN_POINT('',(5.325,0.,-1.7));
#11708=CARTESIAN_POINT('',(-2.8,0.,-2.98));
#11709=CARTESIAN_POINT('',(-2.8,0.,-0.7));
#11710=CARTESIAN_POINT('',(-2.8,0.,-0.7));
#11711=CARTESIAN_POINT('',(5.325,2.,-1.7));
#11712=CARTESIAN_POINT('',(3.075,2.05,-1.7));
#11713=CARTESIAN_POINT('',(3.075,2.,-1.7));
#11714=CARTESIAN_POINT('',(-3.075,2.05,-1.7));
#11715=CARTESIAN_POINT('',(-3.075,2.,-1.7));
#11716=CARTESIAN_POINT('',(5.325,2.,-1.7));
#11717=CARTESIAN_POINT('',(5.325,2.,-1.7));
#11718=CARTESIAN_POINT('',(4.575,2.05,-1.7));
#11719=CARTESIAN_POINT('',(4.575,2.,-1.7));
#11720=CARTESIAN_POINT('',(5.325,2.,-1.7));
#11721=CARTESIAN_POINT('',(5.325,2.,-1.7));
#11722=CARTESIAN_POINT('',(5.325,2.,-1.7));
#11723=CARTESIAN_POINT('',(-5.325,2.,-1.7));
#11724=CARTESIAN_POINT('',(-5.325,2.,-0.5));
#11725=CARTESIAN_POINT('',(-5.325,2.,-0.5));
#11726=CARTESIAN_POINT('',(-5.325,2.,-1.7));
#11727=CARTESIAN_POINT('',(-5.325,2.,-1.7));
#11728=CARTESIAN_POINT('',(-5.325,2.,-1.7));
#11729=CARTESIAN_POINT('',(-4.825,2.,-0.499999999999998));
#11730=CARTESIAN_POINT('',(-4.825,2.,-0.499999999999998));
#11731=CARTESIAN_POINT('',(4.825,2.,-0.499999999999998));
#11732=CARTESIAN_POINT('',(5.325,2.,-0.5));
#11733=CARTESIAN_POINT('',(5.325,2.,-0.5));
#11734=CARTESIAN_POINT('',(4.825,2.,-0.499999999999998));
#11735=CARTESIAN_POINT('',(5.325,2.,-0.5));
#11736=CARTESIAN_POINT('',(5.325,2.,-0.5));
#11737=CARTESIAN_POINT('',(5.325,2.,-1.7));
#11738=CARTESIAN_POINT('',(5.325,2.,-1.7));
#11739=CARTESIAN_POINT('',(-4.575,2.,-1.7));
#11740=CARTESIAN_POINT('',(-4.575,2.05,-1.7));
#11741=CARTESIAN_POINT('',(-4.825,2.,-0.499999999999998));
#11742=CARTESIAN_POINT('',(-4.825,2.,-1.7));
#11743=CARTESIAN_POINT('',(5.325,2.,-1.7));
#11744=CARTESIAN_POINT('',(-4.575,2.05,-1.7));
#11745=CARTESIAN_POINT('',(-3.075,2.05,-1.7));
#11746=CARTESIAN_POINT('',(-3.075,-0.05,-1.7));
#11747=CARTESIAN_POINT('',(-4.575,2.05,-1.7));
#11748=CARTESIAN_POINT('',(-4.575,-0.05,-1.7));
#11749=CARTESIAN_POINT('',(-4.575,-0.05,-1.7));
#11750=CARTESIAN_POINT('',(-3.075,2.05,-4.82));
#11751=CARTESIAN_POINT('',(-3.075,-0.05,-4.82));
#11752=CARTESIAN_POINT('',(-3.075,-0.05,-4.82));
#11753=CARTESIAN_POINT('',(-4.575,-0.05,-4.82));
#11754=CARTESIAN_POINT('',(-4.575,2.05,-4.82));
#11755=CARTESIAN_POINT('',(-4.575,2.05,-4.82));
#11756=CARTESIAN_POINT('',(-3.075,2.05,-4.82));
#11757=CARTESIAN_POINT('',(-3.075,2.05,-4.82));
#11758=CARTESIAN_POINT('',(-3.075,2.05,-4.82));
#11759=CARTESIAN_POINT('',(-4.575,2.05,-4.82));
#11760=CARTESIAN_POINT('',(-4.575,-0.05,-4.82));
#11761=CARTESIAN_POINT('',(-4.575,2.05,-1.7));
#11762=CARTESIAN_POINT('',(-4.575,2.05,-1.7));
#11763=CARTESIAN_POINT('',(-4.575,2.05,-4.82));
#11764=CARTESIAN_POINT('',(-4.575,2.05,-1.7));
#11765=CARTESIAN_POINT('',(-3.075,2.05,-1.7));
#11766=CARTESIAN_POINT('',(-3.075,2.05,-1.7));
#11767=CARTESIAN_POINT('',(-4.575,2.05,-1.7));
#11768=CARTESIAN_POINT('',(-3.075,2.05,-1.7));
#11769=CARTESIAN_POINT('',(-3.075,-0.05,-1.7));
#11770=CARTESIAN_POINT('',(-3.075,2.05,-1.7));
#11771=CARTESIAN_POINT('',(0.,2.05,0.));
#11772=CARTESIAN_POINT('',(0.,-0.05,0.));
#11773=CARTESIAN_POINT('',(3.075,2.05,-1.7));
#11774=CARTESIAN_POINT('',(4.575,2.05,-1.7));
#11775=CARTESIAN_POINT('',(4.575,-0.05,-1.7));
#11776=CARTESIAN_POINT('',(3.075,2.05,-1.7));
#11777=CARTESIAN_POINT('',(3.075,-0.05,-1.7));
#11778=CARTESIAN_POINT('',(3.075,-0.05,-1.7));
#11779=CARTESIAN_POINT('',(4.575,2.05,-4.82));
#11780=CARTESIAN_POINT('',(4.575,-0.05,-4.82));
#11781=CARTESIAN_POINT('',(4.575,-0.05,-4.82));
#11782=CARTESIAN_POINT('',(3.075,-0.05,-4.82));
#11783=CARTESIAN_POINT('',(3.075,2.05,-4.82));
#11784=CARTESIAN_POINT('',(3.075,2.05,-4.82));
#11785=CARTESIAN_POINT('',(4.575,2.05,-4.82));
#11786=CARTESIAN_POINT('',(4.575,2.05,-4.82));
#11787=CARTESIAN_POINT('',(4.575,2.05,-4.82));
#11788=CARTESIAN_POINT('',(3.075,2.05,-4.82));
#11789=CARTESIAN_POINT('',(3.075,2.05,-1.7));
#11790=CARTESIAN_POINT('',(3.075,2.05,-1.7));
#11791=CARTESIAN_POINT('',(3.075,2.05,-4.82));
#11792=CARTESIAN_POINT('',(3.075,-0.05,-4.82));
#11793=CARTESIAN_POINT('',(3.075,2.05,-1.7));
#11794=CARTESIAN_POINT('',(4.575,2.05,-1.7));
#11795=CARTESIAN_POINT('',(4.575,2.05,-1.7));
#11796=CARTESIAN_POINT('',(3.075,2.05,-1.7));
#11797=CARTESIAN_POINT('',(4.575,2.05,-1.7));
#11798=CARTESIAN_POINT('',(4.575,-0.05,-1.7));
#11799=CARTESIAN_POINT('',(4.575,2.05,-1.7));
#11800=CARTESIAN_POINT('',(0.,2.05,0.));
#11801=CARTESIAN_POINT('',(0.,-0.05,0.));
#11802=CARTESIAN_POINT('',(2.8,1.1,-0.699999999999999));
#11803=CARTESIAN_POINT('',(2.8,1.1,-0.699999999999999));
#11804=CARTESIAN_POINT('',(2.8,1.1,-0.699999999999999));
#11805=CARTESIAN_POINT('',(2.8,1.1,-0.699999999999999));
#11806=CARTESIAN_POINT('',(2.8,1.1,-2.98));
#11807=CARTESIAN_POINT('',(2.8,1.1,-2.98));
#11808=CARTESIAN_POINT('',(2.8,1.1,-2.98));
#11809=CARTESIAN_POINT('',(2.75,1.1,-2.98));
#11810=CARTESIAN_POINT('',(2.75,0.9,-2.98));
#11811=CARTESIAN_POINT('',(2.8,1.1,-2.98));
#11812=CARTESIAN_POINT('',(-2.8,1.1,-2.98));
#11813=CARTESIAN_POINT('',(-2.8,1.1,-2.98));
#11814=CARTESIAN_POINT('',(-2.75,1.1,-2.98));
#11815=CARTESIAN_POINT('',(-2.75,0.9,-2.98));
#11816=CARTESIAN_POINT('',(2.75,0.9,-2.98));
#11817=CARTESIAN_POINT('',(-2.8,1.1,-2.98));
#11818=CARTESIAN_POINT('',(-2.8,1.1,-2.98));
#11819=CARTESIAN_POINT('',(-2.8,1.1,-0.7));
#11820=CARTESIAN_POINT('',(-2.8,1.1,-0.7));
#11821=CARTESIAN_POINT('',(-2.8,1.1,-0.7));
#11822=CARTESIAN_POINT('',(-2.8,1.1,-0.7));
#11823=CARTESIAN_POINT('',(-3.1,1.1,-0.4));
#11824=CARTESIAN_POINT('',(-3.1,1.1,-0.4));
#11825=CARTESIAN_POINT('',(-3.1,1.1,-0.4));
#11826=CARTESIAN_POINT('',(-3.1,1.1,-0.4));
#11827=CARTESIAN_POINT('',(3.1,1.1,0.));
#11828=CARTESIAN_POINT('',(3.1,1.1,0.));
#11829=CARTESIAN_POINT('',(3.1,1.1,-0.4));
#11830=CARTESIAN_POINT('',(3.1,1.1,-0.4));
#11831=CARTESIAN_POINT('',(3.1,1.1,-0.4));
#11832=CARTESIAN_POINT('',(3.1,1.1,-0.4));
#11833=CARTESIAN_POINT('',(0.,1.1,0.));
#11834=CARTESIAN_POINT('',(2.75,0.9,-1.74373870972731));
#11835=CARTESIAN_POINT('',(2.75,0.4,-0.37));
#11836=CARTESIAN_POINT('',(-1.85,0.4,-0.37));
#11837=CARTESIAN_POINT('',(-2.15,0.4,-0.37));
#11838=CARTESIAN_POINT('',(-1.85,0.9,-1.74373870972731));
#11839=CARTESIAN_POINT('',(-1.85,0.9,-1.74373870972731));
#11840=CARTESIAN_POINT('',(2.75,0.9,-1.74373870972731));
#11841=CARTESIAN_POINT('',(-2.15,0.9,-1.74373870972731));
#11842=CARTESIAN_POINT('',(-2.15,0.9,-1.74373870972731));
#11843=CARTESIAN_POINT('',(2.75,0.4,-0.37));
#11844=CARTESIAN_POINT('',(2.75,0.25,-0.37));
#11845=CARTESIAN_POINT('',(-2.35,0.25,-0.37));
#11846=CARTESIAN_POINT('',(-2.15,0.25,-0.37));
#11847=CARTESIAN_POINT('',(-2.35,0.4,-0.37));
#11848=CARTESIAN_POINT('',(-2.75,0.4,-0.37));
#11849=CARTESIAN_POINT('',(2.75,0.4,-0.37));
#11850=CARTESIAN_POINT('',(2.35,0.4,-0.37));
#11851=CARTESIAN_POINT('',(2.35,0.25,-0.37));
#11852=CARTESIAN_POINT('',(2.75,0.25,-0.37));
#11853=CARTESIAN_POINT('',(2.15,0.25,-0.37));
#11854=CARTESIAN_POINT('',(2.15,0.4,-0.37));
#11855=CARTESIAN_POINT('',(1.85,0.4,-0.37));
#11856=CARTESIAN_POINT('',(1.85,0.25,-0.37));
#11857=CARTESIAN_POINT('',(2.75,0.25,-0.37));
#11858=CARTESIAN_POINT('',(1.65,0.25,-0.37));
#11859=CARTESIAN_POINT('',(1.65,0.4,-0.37));
#11860=CARTESIAN_POINT('',(1.35,0.4,-0.37));
#11861=CARTESIAN_POINT('',(1.35,0.25,-0.37));
#11862=CARTESIAN_POINT('',(2.75,0.25,-0.37));
#11863=CARTESIAN_POINT('',(1.15,0.25,-0.37));
#11864=CARTESIAN_POINT('',(1.15,0.4,-0.37));
#11865=CARTESIAN_POINT('',(0.85,0.4,-0.37));
#11866=CARTESIAN_POINT('',(0.85,0.25,-0.37));
#11867=CARTESIAN_POINT('',(2.75,0.25,-0.37));
#11868=CARTESIAN_POINT('',(0.65,0.25,-0.37));
#11869=CARTESIAN_POINT('',(0.65,0.4,-0.37));
#11870=CARTESIAN_POINT('',(0.35,0.4,-0.37));
#11871=CARTESIAN_POINT('',(0.35,0.25,-0.37));
#11872=CARTESIAN_POINT('',(2.75,0.25,-0.37));
#11873=CARTESIAN_POINT('',(0.15,0.25,-0.37));
#11874=CARTESIAN_POINT('',(0.15,0.4,-0.37));
#11875=CARTESIAN_POINT('',(-0.15,0.4,-0.37));
#11876=CARTESIAN_POINT('',(-0.15,0.25,-0.37));
#11877=CARTESIAN_POINT('',(2.75,0.25,-0.37));
#11878=CARTESIAN_POINT('',(-0.35,0.25,-0.37));
#11879=CARTESIAN_POINT('',(-0.35,0.4,-0.37));
#11880=CARTESIAN_POINT('',(-0.65,0.4,-0.37));
#11881=CARTESIAN_POINT('',(-0.65,0.25,-0.37));
#11882=CARTESIAN_POINT('',(2.75,0.25,-0.37));
#11883=CARTESIAN_POINT('',(-0.85,0.25,-0.37));
#11884=CARTESIAN_POINT('',(-0.85,0.4,-0.37));
#11885=CARTESIAN_POINT('',(-1.15,0.4,-0.37));
#11886=CARTESIAN_POINT('',(-1.15,0.25,-0.37));
#11887=CARTESIAN_POINT('',(2.75,0.25,-0.37));
#11888=CARTESIAN_POINT('',(-1.35,0.25,-0.37));
#11889=CARTESIAN_POINT('',(-1.35,0.4,-0.37));
#11890=CARTESIAN_POINT('',(-1.65,0.4,-0.37));
#11891=CARTESIAN_POINT('',(-1.65,0.25,-0.37));
#11892=CARTESIAN_POINT('',(2.75,0.25,-0.37));
#11893=CARTESIAN_POINT('',(-1.85,0.25,-0.37));
#11894=CARTESIAN_POINT('',(-1.85,0.4,-0.37));
#11895=CARTESIAN_POINT('',(-2.15,0.4,-0.37));
#11896=CARTESIAN_POINT('',(2.75,0.9,-2.98));
#11897=CARTESIAN_POINT('',(2.75,0.9,-2.));
#11898=CARTESIAN_POINT('',(2.15,0.9,-2.));
#11899=CARTESIAN_POINT('',(2.35,0.9,-2.));
#11900=CARTESIAN_POINT('',(2.35,0.9,-2.98));
#11901=CARTESIAN_POINT('',(2.75,0.9,-2.98));
#11902=CARTESIAN_POINT('',(-2.75,0.9,-2.98));
#11903=CARTESIAN_POINT('',(-2.35,0.9,-2.98));
#11904=CARTESIAN_POINT('',(-2.35,0.9,-2.));
#11905=CARTESIAN_POINT('',(2.75,0.9,-2.));
#11906=CARTESIAN_POINT('',(-2.15,0.9,-2.));
#11907=CARTESIAN_POINT('',(-2.15,0.9,-2.98));
#11908=CARTESIAN_POINT('',(-1.85,0.9,-2.98));
#11909=CARTESIAN_POINT('',(-1.85,0.9,-2.));
#11910=CARTESIAN_POINT('',(2.75,0.9,-2.));
#11911=CARTESIAN_POINT('',(-1.65,0.9,-2.));
#11912=CARTESIAN_POINT('',(-1.65,0.9,-2.98));
#11913=CARTESIAN_POINT('',(-1.35,0.9,-2.98));
#11914=CARTESIAN_POINT('',(-1.35,0.9,-2.));
#11915=CARTESIAN_POINT('',(2.75,0.9,-2.));
#11916=CARTESIAN_POINT('',(-1.15,0.9,-2.));
#11917=CARTESIAN_POINT('',(-1.15,0.9,-2.98));
#11918=CARTESIAN_POINT('',(-0.85,0.9,-2.98));
#11919=CARTESIAN_POINT('',(-0.85,0.9,-2.));
#11920=CARTESIAN_POINT('',(2.75,0.9,-2.));
#11921=CARTESIAN_POINT('',(-0.65,0.9,-2.));
#11922=CARTESIAN_POINT('',(-0.65,0.9,-2.98));
#11923=CARTESIAN_POINT('',(-0.35,0.9,-2.98));
#11924=CARTESIAN_POINT('',(-0.35,0.9,-2.));
#11925=CARTESIAN_POINT('',(2.75,0.9,-2.));
#11926=CARTESIAN_POINT('',(-0.15,0.9,-2.));
#11927=CARTESIAN_POINT('',(-0.15,0.9,-2.98));
#11928=CARTESIAN_POINT('',(0.15,0.9,-2.98));
#11929=CARTESIAN_POINT('',(0.15,0.9,-2.));
#11930=CARTESIAN_POINT('',(2.75,0.9,-2.));
#11931=CARTESIAN_POINT('',(0.35,0.9,-2.));
#11932=CARTESIAN_POINT('',(0.35,0.9,-2.98));
#11933=CARTESIAN_POINT('',(0.65,0.9,-2.98));
#11934=CARTESIAN_POINT('',(0.65,0.9,-2.));
#11935=CARTESIAN_POINT('',(2.75,0.9,-2.));
#11936=CARTESIAN_POINT('',(0.85,0.9,-2.));
#11937=CARTESIAN_POINT('',(0.85,0.9,-2.98));
#11938=CARTESIAN_POINT('',(1.15,0.9,-2.98));
#11939=CARTESIAN_POINT('',(1.15,0.9,-2.));
#11940=CARTESIAN_POINT('',(2.75,0.9,-2.));
#11941=CARTESIAN_POINT('',(1.35,0.9,-2.));
#11942=CARTESIAN_POINT('',(1.35,0.9,-2.98));
#11943=CARTESIAN_POINT('',(1.65,0.9,-2.98));
#11944=CARTESIAN_POINT('',(1.65,0.9,-2.));
#11945=CARTESIAN_POINT('',(2.75,0.9,-2.));
#11946=CARTESIAN_POINT('',(1.85,0.9,-2.));
#11947=CARTESIAN_POINT('',(1.85,0.9,-2.98));
#11948=CARTESIAN_POINT('',(2.15,0.9,-2.98));
#11949=CARTESIAN_POINT('',(2.75,0.,0.));
#11950=CARTESIAN_POINT('',(-2.75,0.,0.));
#11951=CARTESIAN_POINT('',(2.35,2.,-4.));
#11952=CARTESIAN_POINT('',(2.35,0.1,-1.8));
#11953=CARTESIAN_POINT('',(2.35,0.1,-1.8));
#11954=CARTESIAN_POINT('',(2.35,0.1,-1.8));
#11955=CARTESIAN_POINT('',(2.35,1.9,-1.8));
#11956=CARTESIAN_POINT('',(2.35,1.9,-1.8));
#11957=CARTESIAN_POINT('',(2.35,1.9,-1.8));
#11958=CARTESIAN_POINT('',(2.15,2.,-5.2));
#11959=CARTESIAN_POINT('',(2.15,0.1,-4.8));
#11960=CARTESIAN_POINT('',(2.15,0.1,-1.8));
#11961=CARTESIAN_POINT('',(2.15,0.1,-1.8));
#11962=CARTESIAN_POINT('',(2.15,1.9,-1.8));
#11963=CARTESIAN_POINT('',(2.15,1.9,-1.8));
#11964=CARTESIAN_POINT('',(2.15,1.9,-4.8));
#11965=CARTESIAN_POINT('',(1.85,2.,-4.));
#11966=CARTESIAN_POINT('',(1.85,0.1,-1.8));
#11967=CARTESIAN_POINT('',(1.85,0.1,-1.8));
#11968=CARTESIAN_POINT('',(1.85,0.1,-1.8));
#11969=CARTESIAN_POINT('',(1.85,1.9,-1.8));
#11970=CARTESIAN_POINT('',(1.85,1.9,-1.8));
#11971=CARTESIAN_POINT('',(1.85,1.9,-1.8));
#11972=CARTESIAN_POINT('',(1.65,2.,-5.2));
#11973=CARTESIAN_POINT('',(1.65,0.1,-4.8));
#11974=CARTESIAN_POINT('',(1.65,0.1,-1.8));
#11975=CARTESIAN_POINT('',(1.65,0.1,-1.8));
#11976=CARTESIAN_POINT('',(1.65,1.9,-1.8));
#11977=CARTESIAN_POINT('',(1.65,1.9,-1.8));
#11978=CARTESIAN_POINT('',(1.65,1.9,-4.8));
#11979=CARTESIAN_POINT('',(1.35,2.,-4.));
#11980=CARTESIAN_POINT('',(1.35,0.1,-1.8));
#11981=CARTESIAN_POINT('',(1.35,0.1,-1.8));
#11982=CARTESIAN_POINT('',(1.35,0.1,-1.8));
#11983=CARTESIAN_POINT('',(1.35,1.9,-1.8));
#11984=CARTESIAN_POINT('',(1.35,1.9,-1.8));
#11985=CARTESIAN_POINT('',(1.35,1.9,-1.8));
#11986=CARTESIAN_POINT('',(1.15,2.,-5.2));
#11987=CARTESIAN_POINT('',(1.15,0.1,-4.8));
#11988=CARTESIAN_POINT('',(1.15,0.1,-1.8));
#11989=CARTESIAN_POINT('',(1.15,0.1,-1.8));
#11990=CARTESIAN_POINT('',(1.15,1.9,-1.8));
#11991=CARTESIAN_POINT('',(1.15,1.9,-1.8));
#11992=CARTESIAN_POINT('',(1.15,1.9,-4.8));
#11993=CARTESIAN_POINT('',(0.850000000000003,2.,-4.));
#11994=CARTESIAN_POINT('',(0.850000000000003,0.1,-1.8));
#11995=CARTESIAN_POINT('',(0.850000000000003,0.1,-1.8));
#11996=CARTESIAN_POINT('',(0.850000000000003,0.1,-1.8));
#11997=CARTESIAN_POINT('',(0.850000000000003,1.9,-1.8));
#11998=CARTESIAN_POINT('',(0.850000000000003,1.9,-1.8));
#11999=CARTESIAN_POINT('',(0.850000000000003,1.9,-1.8));
#12000=CARTESIAN_POINT('',(0.649999999999999,2.,-5.2));
#12001=CARTESIAN_POINT('',(0.649999999999999,0.1,-4.8));
#12002=CARTESIAN_POINT('',(0.649999999999999,0.1,-1.8));
#12003=CARTESIAN_POINT('',(0.649999999999999,0.1,-1.8));
#12004=CARTESIAN_POINT('',(0.649999999999999,1.9,-1.8));
#12005=CARTESIAN_POINT('',(0.649999999999999,1.9,-1.8));
#12006=CARTESIAN_POINT('',(0.649999999999999,1.9,-4.8));
#12007=CARTESIAN_POINT('',(0.350000000000001,2.,-4.));
#12008=CARTESIAN_POINT('',(0.350000000000001,0.1,-1.8));
#12009=CARTESIAN_POINT('',(0.350000000000001,0.1,-1.8));
#12010=CARTESIAN_POINT('',(0.350000000000001,0.1,-1.8));
#12011=CARTESIAN_POINT('',(0.350000000000001,1.9,-1.8));
#12012=CARTESIAN_POINT('',(0.350000000000001,1.9,-1.8));
#12013=CARTESIAN_POINT('',(0.350000000000001,1.9,-1.8));
#12014=CARTESIAN_POINT('',(0.149999999999997,2.,-5.2));
#12015=CARTESIAN_POINT('',(0.149999999999997,0.1,-4.8));
#12016=CARTESIAN_POINT('',(0.149999999999997,0.1,-1.8));
#12017=CARTESIAN_POINT('',(0.149999999999997,0.1,-1.8));
#12018=CARTESIAN_POINT('',(0.149999999999997,1.9,-1.8));
#12019=CARTESIAN_POINT('',(0.149999999999997,1.9,-1.8));
#12020=CARTESIAN_POINT('',(0.149999999999997,1.9,-4.8));
#12021=CARTESIAN_POINT('',(-0.149999999999999,2.,-4.));
#12022=CARTESIAN_POINT('',(-0.149999999999999,0.1,-1.8));
#12023=CARTESIAN_POINT('',(-0.149999999999999,0.1,-1.8));
#12024=CARTESIAN_POINT('',(-0.149999999999999,0.1,-1.8));
#12025=CARTESIAN_POINT('',(-0.149999999999999,1.9,-1.8));
#12026=CARTESIAN_POINT('',(-0.149999999999999,1.9,-1.8));
#12027=CARTESIAN_POINT('',(-0.149999999999999,1.9,-1.8));
#12028=CARTESIAN_POINT('',(-0.350000000000001,2.,-5.2));
#12029=CARTESIAN_POINT('',(-0.350000000000001,0.1,-4.8));
#12030=CARTESIAN_POINT('',(-0.350000000000001,0.1,-1.8));
#12031=CARTESIAN_POINT('',(-0.350000000000001,0.1,-1.8));
#12032=CARTESIAN_POINT('',(-0.350000000000001,1.9,-1.8));
#12033=CARTESIAN_POINT('',(-0.350000000000001,1.9,-1.8));
#12034=CARTESIAN_POINT('',(-0.350000000000001,1.9,-4.8));
#12035=CARTESIAN_POINT('',(-0.649999999999999,2.,-4.));
#12036=CARTESIAN_POINT('',(-0.649999999999999,0.1,-1.8));
#12037=CARTESIAN_POINT('',(-0.649999999999999,0.1,-1.8));
#12038=CARTESIAN_POINT('',(-0.649999999999999,0.1,-1.8));
#12039=CARTESIAN_POINT('',(-0.649999999999999,1.9,-1.8));
#12040=CARTESIAN_POINT('',(-0.649999999999999,1.9,-1.8));
#12041=CARTESIAN_POINT('',(-0.649999999999999,1.9,-1.8));
#12042=CARTESIAN_POINT('',(-0.850000000000003,2.,-5.2));
#12043=CARTESIAN_POINT('',(-0.850000000000003,0.1,-4.8));
#12044=CARTESIAN_POINT('',(-0.850000000000003,0.1,-1.8));
#12045=CARTESIAN_POINT('',(-0.850000000000003,0.1,-1.8));
#12046=CARTESIAN_POINT('',(-0.850000000000003,1.9,-1.8));
#12047=CARTESIAN_POINT('',(-0.850000000000003,1.9,-1.8));
#12048=CARTESIAN_POINT('',(-0.850000000000003,1.9,-4.8));
#12049=CARTESIAN_POINT('',(-1.15,2.,-4.));
#12050=CARTESIAN_POINT('',(-1.15,0.1,-1.8));
#12051=CARTESIAN_POINT('',(-1.15,0.1,-1.8));
#12052=CARTESIAN_POINT('',(-1.15,0.1,-1.8));
#12053=CARTESIAN_POINT('',(-1.15,1.9,-1.8));
#12054=CARTESIAN_POINT('',(-1.15,1.9,-1.8));
#12055=CARTESIAN_POINT('',(-1.15,1.9,-1.8));
#12056=CARTESIAN_POINT('',(-1.35,2.,-5.2));
#12057=CARTESIAN_POINT('',(-1.35,0.1,-4.8));
#12058=CARTESIAN_POINT('',(-1.35,0.1,-1.8));
#12059=CARTESIAN_POINT('',(-1.35,0.1,-1.8));
#12060=CARTESIAN_POINT('',(-1.35,1.9,-1.8));
#12061=CARTESIAN_POINT('',(-1.35,1.9,-1.8));
#12062=CARTESIAN_POINT('',(-1.35,1.9,-4.8));
#12063=CARTESIAN_POINT('',(-1.65,2.,-4.));
#12064=CARTESIAN_POINT('',(-1.65,0.1,-1.8));
#12065=CARTESIAN_POINT('',(-1.65,0.1,-1.8));
#12066=CARTESIAN_POINT('',(-1.65,0.1,-1.8));
#12067=CARTESIAN_POINT('',(-1.65,1.9,-1.8));
#12068=CARTESIAN_POINT('',(-1.65,1.9,-1.8));
#12069=CARTESIAN_POINT('',(-1.65,1.9,-1.8));
#12070=CARTESIAN_POINT('',(-1.85,2.,-5.2));
#12071=CARTESIAN_POINT('',(-1.85,0.1,-4.8));
#12072=CARTESIAN_POINT('',(-1.85,0.1,-1.8));
#12073=CARTESIAN_POINT('',(-1.85,0.1,-1.8));
#12074=CARTESIAN_POINT('',(-1.85,1.9,-1.8));
#12075=CARTESIAN_POINT('',(-1.85,1.9,-1.8));
#12076=CARTESIAN_POINT('',(-1.85,1.9,-4.8));
#12077=CARTESIAN_POINT('',(-2.35,2.,-5.8));
#12078=CARTESIAN_POINT('',(-2.35,0.1,-7.4));
#12079=CARTESIAN_POINT('',(-2.35,0.1,-1.8));
#12080=CARTESIAN_POINT('',(-2.35,0.1,-1.8));
#12081=CARTESIAN_POINT('',(-2.35,1.9,-1.8));
#12082=CARTESIAN_POINT('',(-2.35,1.9,-1.8));
#12083=CARTESIAN_POINT('',(-2.35,1.9,-7.4));
#12084=CARTESIAN_POINT('',(-2.15,2.,-4.));
#12085=CARTESIAN_POINT('',(-2.15,0.1,-1.8));
#12086=CARTESIAN_POINT('',(-2.15,0.1,-1.8));
#12087=CARTESIAN_POINT('',(-2.15,0.1,-1.8));
#12088=CARTESIAN_POINT('',(-2.15,1.9,-1.8));
#12089=CARTESIAN_POINT('',(-2.15,1.9,-1.8));
#12090=CARTESIAN_POINT('',(-2.15,1.9,-1.8));
#12091=CARTESIAN_POINT('',(0.,1.9,0.));
#12092=CARTESIAN_POINT('',(-2.35,1.9,-1.8));
#12093=CARTESIAN_POINT('',(-2.35,1.9,-1.8));
#12094=CARTESIAN_POINT('',(0.,1.9,0.));
#12095=CARTESIAN_POINT('',(-1.85,1.9,-1.8));
#12096=CARTESIAN_POINT('',(-1.85,1.9,-1.8));
#12097=CARTESIAN_POINT('',(0.,1.9,0.));
#12098=CARTESIAN_POINT('',(-1.35,1.9,-1.8));
#12099=CARTESIAN_POINT('',(-1.35,1.9,-1.8));
#12100=CARTESIAN_POINT('',(0.,1.9,0.));
#12101=CARTESIAN_POINT('',(-0.850000000000003,1.9,-1.8));
#12102=CARTESIAN_POINT('',(-0.850000000000003,1.9,-1.8));
#12103=CARTESIAN_POINT('',(0.,1.9,0.));
#12104=CARTESIAN_POINT('',(-0.350000000000001,1.9,-1.8));
#12105=CARTESIAN_POINT('',(-0.350000000000001,1.9,-1.8));
#12106=CARTESIAN_POINT('',(0.,1.9,0.));
#12107=CARTESIAN_POINT('',(0.149999999999997,1.9,-1.8));
#12108=CARTESIAN_POINT('',(0.149999999999997,1.9,-1.8));
#12109=CARTESIAN_POINT('',(0.,1.9,0.));
#12110=CARTESIAN_POINT('',(0.649999999999999,1.9,-1.8));
#12111=CARTESIAN_POINT('',(0.649999999999999,1.9,-1.8));
#12112=CARTESIAN_POINT('',(0.,1.9,0.));
#12113=CARTESIAN_POINT('',(1.15,1.9,-1.8));
#12114=CARTESIAN_POINT('',(1.15,1.9,-1.8));
#12115=CARTESIAN_POINT('',(0.,1.9,0.));
#12116=CARTESIAN_POINT('',(1.65,1.9,-1.8));
#12117=CARTESIAN_POINT('',(1.65,1.9,-1.8));
#12118=CARTESIAN_POINT('',(0.,1.9,0.));
#12119=CARTESIAN_POINT('',(2.15,1.9,-1.8));
#12120=CARTESIAN_POINT('',(2.15,1.9,-1.8));
#12121=CARTESIAN_POINT('',(2.15,0.1,-1.8));
#12122=CARTESIAN_POINT('',(2.15,0.1,-1.8));
#12123=CARTESIAN_POINT('',(0.,0.1,0.));
#12124=CARTESIAN_POINT('',(1.65,0.1,-1.8));
#12125=CARTESIAN_POINT('',(1.65,0.1,-1.8));
#12126=CARTESIAN_POINT('',(0.,0.1,0.));
#12127=CARTESIAN_POINT('',(1.15,0.1,-1.8));
#12128=CARTESIAN_POINT('',(1.15,0.1,-1.8));
#12129=CARTESIAN_POINT('',(0.,0.1,0.));
#12130=CARTESIAN_POINT('',(0.649999999999999,0.1,-1.8));
#12131=CARTESIAN_POINT('',(0.649999999999999,0.1,-1.8));
#12132=CARTESIAN_POINT('',(0.,0.1,0.));
#12133=CARTESIAN_POINT('',(0.149999999999997,0.1,-1.8));
#12134=CARTESIAN_POINT('',(0.149999999999997,0.1,-1.8));
#12135=CARTESIAN_POINT('',(0.,0.1,0.));
#12136=CARTESIAN_POINT('',(-0.350000000000001,0.1,-1.8));
#12137=CARTESIAN_POINT('',(-0.350000000000001,0.1,-1.8));
#12138=CARTESIAN_POINT('',(0.,0.1,0.));
#12139=CARTESIAN_POINT('',(-0.850000000000003,0.1,-1.8));
#12140=CARTESIAN_POINT('',(-0.850000000000003,0.1,-1.8));
#12141=CARTESIAN_POINT('',(0.,0.1,0.));
#12142=CARTESIAN_POINT('',(-1.35,0.1,-1.8));
#12143=CARTESIAN_POINT('',(-1.35,0.1,-1.8));
#12144=CARTESIAN_POINT('',(0.,0.1,0.));
#12145=CARTESIAN_POINT('',(-1.85,0.1,-1.8));
#12146=CARTESIAN_POINT('',(-1.85,0.1,-1.8));
#12147=CARTESIAN_POINT('',(0.,0.1,0.));
#12148=CARTESIAN_POINT('',(-2.35,0.1,-1.8));
#12149=CARTESIAN_POINT('',(-2.35,0.1,-1.8));
#12150=CARTESIAN_POINT('',(0.,0.1,0.));
#12151=CARTESIAN_POINT('',(-2.15,0.25,-2.));
#12152=CARTESIAN_POINT('',(-2.35,0.25,-2.));
#12153=CARTESIAN_POINT('',(-2.35,0.25,-2.));
#12154=CARTESIAN_POINT('',(-2.15,0.25,-2.));
#12155=CARTESIAN_POINT('',(-2.15,0.25,-2.));
#12156=CARTESIAN_POINT('',(-2.15,0.25,-2.));
#12157=CARTESIAN_POINT('',(-2.15,0.25,0.0499999999999998));
#12158=CARTESIAN_POINT('',(-2.15,0.25,0.0499999999999998));
#12159=CARTESIAN_POINT('',(-2.35,0.25,-2.));
#12160=CARTESIAN_POINT('',(-2.35,0.25,-2.));
#12161=CARTESIAN_POINT('',(0.,0.25,0.));
#12162=CARTESIAN_POINT('',(-1.85,0.25,-2.));
#12163=CARTESIAN_POINT('',(-1.85,0.25,-2.));
#12164=CARTESIAN_POINT('',(-1.85,0.25,-2.));
#12165=CARTESIAN_POINT('',(-1.85,0.25,-2.));
#12166=CARTESIAN_POINT('',(-1.65,0.25,-2.));
#12167=CARTESIAN_POINT('',(-1.65,0.25,-2.));
#12168=CARTESIAN_POINT('',(-1.65,0.25,-2.));
#12169=CARTESIAN_POINT('',(-1.65,0.25,-2.));
#12170=CARTESIAN_POINT('',(-1.65,0.25,0.0499999999999998));
#12171=CARTESIAN_POINT('',(-1.65,0.25,0.0499999999999998));
#12172=CARTESIAN_POINT('',(0.,0.25,0.));
#12173=CARTESIAN_POINT('',(-1.35,0.25,-2.));
#12174=CARTESIAN_POINT('',(-1.35,0.25,-2.));
#12175=CARTESIAN_POINT('',(-1.35,0.25,-2.));
#12176=CARTESIAN_POINT('',(-1.35,0.25,-2.));
#12177=CARTESIAN_POINT('',(-1.15,0.25,-2.));
#12178=CARTESIAN_POINT('',(-1.15,0.25,-2.));
#12179=CARTESIAN_POINT('',(-1.15,0.25,-2.));
#12180=CARTESIAN_POINT('',(-1.15,0.25,-2.));
#12181=CARTESIAN_POINT('',(-1.15,0.25,0.0499999999999998));
#12182=CARTESIAN_POINT('',(-1.15,0.25,0.0499999999999998));
#12183=CARTESIAN_POINT('',(0.,0.25,0.));
#12184=CARTESIAN_POINT('',(-0.85,0.25,-2.));
#12185=CARTESIAN_POINT('',(-0.85,0.25,-2.));
#12186=CARTESIAN_POINT('',(-0.85,0.25,-2.));
#12187=CARTESIAN_POINT('',(-0.85,0.25,-2.));
#12188=CARTESIAN_POINT('',(-0.65,0.25,-2.));
#12189=CARTESIAN_POINT('',(-0.65,0.25,-2.));
#12190=CARTESIAN_POINT('',(-0.65,0.25,-2.));
#12191=CARTESIAN_POINT('',(-0.65,0.25,-2.));
#12192=CARTESIAN_POINT('',(-0.65,0.25,0.0499999999999998));
#12193=CARTESIAN_POINT('',(-0.65,0.25,0.0499999999999998));
#12194=CARTESIAN_POINT('',(0.,0.25,0.));
#12195=CARTESIAN_POINT('',(-0.35,0.25,-2.));
#12196=CARTESIAN_POINT('',(-0.35,0.25,-2.));
#12197=CARTESIAN_POINT('',(-0.35,0.25,-2.));
#12198=CARTESIAN_POINT('',(-0.35,0.25,-2.));
#12199=CARTESIAN_POINT('',(-0.15,0.25,-2.));
#12200=CARTESIAN_POINT('',(-0.15,0.25,-2.));
#12201=CARTESIAN_POINT('',(-0.15,0.25,-2.));
#12202=CARTESIAN_POINT('',(-0.15,0.25,-2.));
#12203=CARTESIAN_POINT('',(-0.15,0.25,0.0499999999999998));
#12204=CARTESIAN_POINT('',(-0.15,0.25,0.0499999999999998));
#12205=CARTESIAN_POINT('',(0.,0.25,0.));
#12206=CARTESIAN_POINT('',(0.15,0.25,-2.));
#12207=CARTESIAN_POINT('',(0.15,0.25,-2.));
#12208=CARTESIAN_POINT('',(0.15,0.25,-2.));
#12209=CARTESIAN_POINT('',(0.15,0.25,-2.));
#12210=CARTESIAN_POINT('',(0.35,0.25,-2.));
#12211=CARTESIAN_POINT('',(0.35,0.25,-2.));
#12212=CARTESIAN_POINT('',(0.35,0.25,-2.));
#12213=CARTESIAN_POINT('',(0.35,0.25,-2.));
#12214=CARTESIAN_POINT('',(0.35,0.25,0.0499999999999998));
#12215=CARTESIAN_POINT('',(0.35,0.25,0.0499999999999998));
#12216=CARTESIAN_POINT('',(0.,0.25,0.));
#12217=CARTESIAN_POINT('',(0.65,0.25,-2.));
#12218=CARTESIAN_POINT('',(0.65,0.25,-2.));
#12219=CARTESIAN_POINT('',(0.65,0.25,-2.));
#12220=CARTESIAN_POINT('',(0.65,0.25,-2.));
#12221=CARTESIAN_POINT('',(0.85,0.25,-2.));
#12222=CARTESIAN_POINT('',(0.85,0.25,-2.));
#12223=CARTESIAN_POINT('',(0.85,0.25,-2.));
#12224=CARTESIAN_POINT('',(0.85,0.25,-2.));
#12225=CARTESIAN_POINT('',(0.85,0.25,0.0499999999999998));
#12226=CARTESIAN_POINT('',(0.85,0.25,0.0499999999999998));
#12227=CARTESIAN_POINT('',(0.,0.25,0.));
#12228=CARTESIAN_POINT('',(1.15,0.25,-2.));
#12229=CARTESIAN_POINT('',(1.15,0.25,-2.));
#12230=CARTESIAN_POINT('',(1.15,0.25,-2.));
#12231=CARTESIAN_POINT('',(1.15,0.25,-2.));
#12232=CARTESIAN_POINT('',(1.35,0.25,-2.));
#12233=CARTESIAN_POINT('',(1.35,0.25,-2.));
#12234=CARTESIAN_POINT('',(1.35,0.25,-2.));
#12235=CARTESIAN_POINT('',(1.35,0.25,-2.));
#12236=CARTESIAN_POINT('',(1.35,0.25,0.0499999999999998));
#12237=CARTESIAN_POINT('',(1.35,0.25,0.0499999999999998));
#12238=CARTESIAN_POINT('',(0.,0.25,0.));
#12239=CARTESIAN_POINT('',(1.65,0.25,-2.));
#12240=CARTESIAN_POINT('',(1.65,0.25,-2.));
#12241=CARTESIAN_POINT('',(1.65,0.25,-2.));
#12242=CARTESIAN_POINT('',(1.65,0.25,-2.));
#12243=CARTESIAN_POINT('',(1.85,0.25,-2.));
#12244=CARTESIAN_POINT('',(1.85,0.25,-2.));
#12245=CARTESIAN_POINT('',(1.85,0.25,-2.));
#12246=CARTESIAN_POINT('',(1.85,0.25,-2.));
#12247=CARTESIAN_POINT('',(1.85,0.25,0.0499999999999998));
#12248=CARTESIAN_POINT('',(1.85,0.25,0.0499999999999998));
#12249=CARTESIAN_POINT('',(0.,0.25,0.));
#12250=CARTESIAN_POINT('',(0.,0.25,0.));
#12251=CARTESIAN_POINT('',(2.35,0.25,0.0499999999999998));
#12252=CARTESIAN_POINT('',(2.35,0.25,-2.));
#12253=CARTESIAN_POINT('',(2.35,0.25,-2.));
#12254=CARTESIAN_POINT('',(2.15,0.25,-2.));
#12255=CARTESIAN_POINT('',(2.15,0.25,-2.));
#12256=CARTESIAN_POINT('',(2.35,0.25,0.0499999999999998));
#12257=CARTESIAN_POINT('',(2.35,0.25,-2.));
#12258=CARTESIAN_POINT('',(2.35,0.25,-2.));
#12259=CARTESIAN_POINT('',(2.15,0.25,-2.));
#12260=CARTESIAN_POINT('',(2.15,0.25,-2.));
#12261=CARTESIAN_POINT('',(0.,0.,0.));
#12262=CARTESIAN_POINT('',(2.6,-0.0500000000000016,-4.20452994616207));
#12263=CARTESIAN_POINT('',(2.6,-0.0500000000000016,-3.6));
#12264=CARTESIAN_POINT('',(2.6,0.202889517051119,-3.6));
#12265=CARTESIAN_POINT('',(2.6,1.85,-3.6));
#12266=CARTESIAN_POINT('',(2.6,1.85,-4.37));
#12267=CARTESIAN_POINT('',(2.6,1.85,-3.5));
#12268=CARTESIAN_POINT('',(2.6,1.85,-3.5));
#12269=CARTESIAN_POINT('',(2.6,0.693968225382754,-3.5));
#12270=CARTESIAN_POINT('',(2.6,0.693968225382753,-3.5));
#12271=CARTESIAN_POINT('',(2.6,0.782131715736986,-3.));
#12272=CARTESIAN_POINT('',(2.6,-0.0500000000000016,-3.));
#12273=CARTESIAN_POINT('',(2.6,0.255382715166673,-3.));
#12274=CARTESIAN_POINT('',(2.6,0.338134935154338,-2.05413779737137));
#12275=CARTESIAN_POINT('',(-2.6,-0.0500000000000016,-4.20452994616207));
#12276=CARTESIAN_POINT('',(-2.6,1.85,-4.37));
#12277=CARTESIAN_POINT('',(-2.6,1.85,-3.6));
#12278=CARTESIAN_POINT('',(-2.6,1.85,-3.5));
#12279=CARTESIAN_POINT('',(-2.6,-0.0500000000000016,-3.6));
#12280=CARTESIAN_POINT('',(-2.6,0.202889517051119,-3.6));
#12281=CARTESIAN_POINT('',(-2.6,0.338134935154338,-2.05413779737137));
#12282=CARTESIAN_POINT('',(-2.6,0.255382715166673,-3.));
#12283=CARTESIAN_POINT('',(-2.6,-0.0500000000000016,-3.));
#12284=CARTESIAN_POINT('',(-2.6,0.782131715736986,-3.));
#12285=CARTESIAN_POINT('',(-2.6,0.693968225382753,-3.5));
#12286=CARTESIAN_POINT('',(-2.6,0.693968225382754,-3.5));
#12287=CARTESIAN_POINT('',(-2.6,1.85,-3.5));
#12288=CARTESIAN_POINT('',(2.6,0.904074003371058,-4.37));
#12289=CARTESIAN_POINT('',(-1.85,0.904074003371058,-4.37));
#12290=CARTESIAN_POINT('',(-1.85,1.09592599662894,-4.37));
#12291=CARTESIAN_POINT('',(-1.85,1.,-4.37));
#12292=CARTESIAN_POINT('',(2.6,1.09592599662894,-4.37));
#12293=CARTESIAN_POINT('',(-1.65,1.09592599662894,-4.37));
#12294=CARTESIAN_POINT('',(-1.65,0.904074003371058,-4.37));
#12295=CARTESIAN_POINT('',(-1.65,1.,-4.37));
#12296=CARTESIAN_POINT('',(2.6,1.,-4.37));
#12297=CARTESIAN_POINT('',(2.6,0.904074003371058,-4.37));
#12298=CARTESIAN_POINT('',(-0.850000000000001,0.904074003371058,-4.37));
#12299=CARTESIAN_POINT('',(-0.850000000000001,1.09592599662894,-4.37));
#12300=CARTESIAN_POINT('',(-0.85,1.,-4.37));
#12301=CARTESIAN_POINT('',(2.6,1.09592599662894,-4.37));
#12302=CARTESIAN_POINT('',(-0.65,1.09592599662894,-4.37));
#12303=CARTESIAN_POINT('',(-0.65,0.904074003371058,-4.37));
#12304=CARTESIAN_POINT('',(-0.65,1.,-4.37));
#12305=CARTESIAN_POINT('',(2.6,1.,-4.37));
#12306=CARTESIAN_POINT('',(2.6,0.904074003371058,-4.37));
#12307=CARTESIAN_POINT('',(0.15,0.904074003371058,-4.37));
#12308=CARTESIAN_POINT('',(0.15,1.09592599662894,-4.37));
#12309=CARTESIAN_POINT('',(0.150000000000001,1.,-4.37));
#12310=CARTESIAN_POINT('',(2.6,1.09592599662894,-4.37));
#12311=CARTESIAN_POINT('',(0.35,1.09592599662894,-4.37));
#12312=CARTESIAN_POINT('',(0.35,0.904074003371058,-4.37));
#12313=CARTESIAN_POINT('',(0.35,1.,-4.37));
#12314=CARTESIAN_POINT('',(2.6,1.,-4.37));
#12315=CARTESIAN_POINT('',(2.6,0.904074003371058,-4.37));
#12316=CARTESIAN_POINT('',(1.15,0.904074003371058,-4.37));
#12317=CARTESIAN_POINT('',(1.15,1.09592599662894,-4.37));
#12318=CARTESIAN_POINT('',(1.15,1.,-4.37));
#12319=CARTESIAN_POINT('',(2.6,1.09592599662894,-4.37));
#12320=CARTESIAN_POINT('',(1.35,1.09592599662894,-4.37));
#12321=CARTESIAN_POINT('',(1.35,0.904074003371058,-4.37));
#12322=CARTESIAN_POINT('',(1.35,1.,-4.37));
#12323=CARTESIAN_POINT('',(2.6,1.,-4.37));
#12324=CARTESIAN_POINT('',(2.6,0.904074003371058,-4.37));
#12325=CARTESIAN_POINT('',(2.15,0.904074003371058,-4.37));
#12326=CARTESIAN_POINT('',(2.15,1.09592599662894,-4.37));
#12327=CARTESIAN_POINT('',(2.15,1.,-4.37));
#12328=CARTESIAN_POINT('',(2.6,1.09592599662894,-4.37));
#12329=CARTESIAN_POINT('',(2.35,1.09592599662894,-4.37));
#12330=CARTESIAN_POINT('',(2.35,0.904074003371058,-4.37));
#12331=CARTESIAN_POINT('',(2.35,1.,-4.37));
#12332=CARTESIAN_POINT('',(2.6,1.,-4.37));
#12333=CARTESIAN_POINT('',(2.6,0.904074003371058,-4.37));
#12334=CARTESIAN_POINT('',(2.6,1.,-4.37));
#12335=CARTESIAN_POINT('',(1.85,1.,-4.37));
#12336=CARTESIAN_POINT('',(1.65,1.,-4.37));
#12337=CARTESIAN_POINT('',(1.85,0.904074003371058,-4.37));
#12338=CARTESIAN_POINT('',(1.85,0.904074003371058,-4.37));
#12339=CARTESIAN_POINT('',(2.6,0.904074003371058,-4.37));
#12340=CARTESIAN_POINT('',(1.65,0.904074003371058,-4.37));
#12341=CARTESIAN_POINT('',(1.65,0.904074003371058,-4.37));
#12342=CARTESIAN_POINT('',(2.6,0.904074003371058,-4.37));
#12343=CARTESIAN_POINT('',(2.6,1.,-4.37));
#12344=CARTESIAN_POINT('',(0.85,1.,-4.37));
#12345=CARTESIAN_POINT('',(0.65,1.,-4.37));
#12346=CARTESIAN_POINT('',(0.85,0.904074003371058,-4.37));
#12347=CARTESIAN_POINT('',(0.85,0.904074003371058,-4.37));
#12348=CARTESIAN_POINT('',(2.6,0.904074003371058,-4.37));
#12349=CARTESIAN_POINT('',(0.65,0.904074003371058,-4.37));
#12350=CARTESIAN_POINT('',(0.65,0.904074003371058,-4.37));
#12351=CARTESIAN_POINT('',(2.6,0.904074003371058,-4.37));
#12352=CARTESIAN_POINT('',(2.6,1.,-4.37));
#12353=CARTESIAN_POINT('',(-0.15,1.,-4.37));
#12354=CARTESIAN_POINT('',(-0.35,1.,-4.37));
#12355=CARTESIAN_POINT('',(-0.15,0.904074003371058,-4.37));
#12356=CARTESIAN_POINT('',(-0.15,0.904074003371058,-4.37));
#12357=CARTESIAN_POINT('',(2.6,0.904074003371058,-4.37));
#12358=CARTESIAN_POINT('',(-0.35,0.904074003371058,-4.37));
#12359=CARTESIAN_POINT('',(-0.35,0.904074003371058,-4.37));
#12360=CARTESIAN_POINT('',(2.6,0.904074003371058,-4.37));
#12361=CARTESIAN_POINT('',(2.6,1.,-4.37));
#12362=CARTESIAN_POINT('',(-1.15,1.,-4.37));
#12363=CARTESIAN_POINT('',(-1.35,1.,-4.37));
#12364=CARTESIAN_POINT('',(-1.15,0.904074003371058,-4.37));
#12365=CARTESIAN_POINT('',(-1.15,0.904074003371058,-4.37));
#12366=CARTESIAN_POINT('',(2.6,0.904074003371058,-4.37));
#12367=CARTESIAN_POINT('',(-1.35,0.904074003371058,-4.37));
#12368=CARTESIAN_POINT('',(-1.35,0.904074003371058,-4.37));
#12369=CARTESIAN_POINT('',(2.6,0.904074003371058,-4.37));
#12370=CARTESIAN_POINT('',(2.6,1.,-4.37));
#12371=CARTESIAN_POINT('',(-2.15,1.,-4.37));
#12372=CARTESIAN_POINT('',(-2.35,1.,-4.37));
#12373=CARTESIAN_POINT('',(-2.15,0.904074003371058,-4.37));
#12374=CARTESIAN_POINT('',(-2.15,0.904074003371058,-4.37));
#12375=CARTESIAN_POINT('',(2.6,0.904074003371058,-4.37));
#12376=CARTESIAN_POINT('',(-2.35,0.904074003371058,-4.37));
#12377=CARTESIAN_POINT('',(-2.35,0.904074003371058,-4.37));
#12378=CARTESIAN_POINT('',(2.6,1.85,-4.37));
#12379=CARTESIAN_POINT('',(2.6,1.85,-3.6));
#12380=CARTESIAN_POINT('',(-1.85,1.85,-3.6));
#12381=CARTESIAN_POINT('',(2.6,1.85,-3.5));
#12382=CARTESIAN_POINT('',(2.6,1.85,-3.6));
#12383=CARTESIAN_POINT('',(2.35,1.85,-3.6));
#12384=CARTESIAN_POINT('',(2.35,1.85,-4.37));
#12385=CARTESIAN_POINT('',(2.35,1.85,-4.20452994616207));
#12386=CARTESIAN_POINT('',(2.6,1.85,-4.20452994616207));
#12387=CARTESIAN_POINT('',(2.15,1.85,-4.20452994616207));
#12388=CARTESIAN_POINT('',(2.15,1.85,-4.37));
#12389=CARTESIAN_POINT('',(2.15,1.85,-3.6));
#12390=CARTESIAN_POINT('',(2.6,1.85,-3.6));
#12391=CARTESIAN_POINT('',(1.35,1.85,-3.6));
#12392=CARTESIAN_POINT('',(1.35,1.85,-4.37));
#12393=CARTESIAN_POINT('',(1.35,1.85,-4.20452994616207));
#12394=CARTESIAN_POINT('',(2.6,1.85,-4.20452994616207));
#12395=CARTESIAN_POINT('',(1.15,1.85,-4.20452994616207));
#12396=CARTESIAN_POINT('',(1.15,1.85,-4.37));
#12397=CARTESIAN_POINT('',(1.15,1.85,-3.6));
#12398=CARTESIAN_POINT('',(2.6,1.85,-3.6));
#12399=CARTESIAN_POINT('',(0.35,1.85,-3.6));
#12400=CARTESIAN_POINT('',(0.35,1.85,-4.37));
#12401=CARTESIAN_POINT('',(0.35,1.85,-4.20452994616207));
#12402=CARTESIAN_POINT('',(2.6,1.85,-4.20452994616207));
#12403=CARTESIAN_POINT('',(0.15,1.85,-4.20452994616207));
#12404=CARTESIAN_POINT('',(0.15,1.85,-4.37));
#12405=CARTESIAN_POINT('',(0.150000000000001,1.85,-3.6));
#12406=CARTESIAN_POINT('',(2.6,1.85,-3.6));
#12407=CARTESIAN_POINT('',(-0.65,1.85,-3.6));
#12408=CARTESIAN_POINT('',(-0.65,1.85,-4.37));
#12409=CARTESIAN_POINT('',(-0.65,1.85,-4.20452994616207));
#12410=CARTESIAN_POINT('',(2.6,1.85,-4.20452994616207));
#12411=CARTESIAN_POINT('',(-0.850000000000001,1.85,-4.20452994616207));
#12412=CARTESIAN_POINT('',(-0.850000000000001,1.85,-4.37));
#12413=CARTESIAN_POINT('',(-0.85,1.85,-3.6));
#12414=CARTESIAN_POINT('',(2.6,1.85,-3.6));
#12415=CARTESIAN_POINT('',(-1.65,1.85,-3.6));
#12416=CARTESIAN_POINT('',(-1.65,1.85,-4.37));
#12417=CARTESIAN_POINT('',(-1.65,1.85,-4.20452994616207));
#12418=CARTESIAN_POINT('',(2.6,1.85,-4.20452994616207));
#12419=CARTESIAN_POINT('',(-1.85,1.85,-4.20452994616207));
#12420=CARTESIAN_POINT('',(-1.85,1.85,-4.37));
#12421=CARTESIAN_POINT('',(2.6,1.09592599662894,-4.37));
#12422=CARTESIAN_POINT('',(-1.85,1.09592599662894,-4.37));
#12423=CARTESIAN_POINT('',(-1.85,1.81,-4.87));
#12424=CARTESIAN_POINT('',(2.6,1.81,-4.87));
#12425=CARTESIAN_POINT('',(-1.65,1.81,-4.87));
#12426=CARTESIAN_POINT('',(-1.65,1.09592599662894,-4.37));
#12427=CARTESIAN_POINT('',(2.6,1.09592599662894,-4.37));
#12428=CARTESIAN_POINT('',(-0.850000000000001,1.09592599662894,-4.37));
#12429=CARTESIAN_POINT('',(-0.850000000000001,1.81,-4.87));
#12430=CARTESIAN_POINT('',(2.6,1.81,-4.87));
#12431=CARTESIAN_POINT('',(-0.65,1.81,-4.87));
#12432=CARTESIAN_POINT('',(-0.65,1.09592599662894,-4.37));
#12433=CARTESIAN_POINT('',(2.6,1.09592599662894,-4.37));
#12434=CARTESIAN_POINT('',(0.15,1.09592599662894,-4.37));
#12435=CARTESIAN_POINT('',(0.15,1.81,-4.87));
#12436=CARTESIAN_POINT('',(2.6,1.81,-4.87));
#12437=CARTESIAN_POINT('',(0.35,1.81,-4.87));
#12438=CARTESIAN_POINT('',(0.35,1.09592599662894,-4.37));
#12439=CARTESIAN_POINT('',(2.6,1.09592599662894,-4.37));
#12440=CARTESIAN_POINT('',(1.15,1.09592599662894,-4.37));
#12441=CARTESIAN_POINT('',(1.15,1.81,-4.87));
#12442=CARTESIAN_POINT('',(2.6,1.81,-4.87));
#12443=CARTESIAN_POINT('',(1.35,1.81,-4.87));
#12444=CARTESIAN_POINT('',(1.35,1.09592599662894,-4.37));
#12445=CARTESIAN_POINT('',(2.6,1.09592599662894,-4.37));
#12446=CARTESIAN_POINT('',(2.15,1.09592599662894,-4.37));
#12447=CARTESIAN_POINT('',(2.15,1.81,-4.87));
#12448=CARTESIAN_POINT('',(2.6,1.81,-4.87));
#12449=CARTESIAN_POINT('',(2.35,1.81,-4.87));
#12450=CARTESIAN_POINT('',(2.35,1.09592599662894,-4.37));
#12451=CARTESIAN_POINT('',(2.6,1.81,-4.87));
#12452=CARTESIAN_POINT('',(-1.85,1.81,-4.87));
#12453=CARTESIAN_POINT('',(-1.85,2.51,-4.87));
#12454=CARTESIAN_POINT('',(2.6,2.51,-4.87));
#12455=CARTESIAN_POINT('',(-1.65,2.51,-4.87));
#12456=CARTESIAN_POINT('',(-1.65,1.81,-4.87));
#12457=CARTESIAN_POINT('',(2.6,1.81,-4.87));
#12458=CARTESIAN_POINT('',(-0.850000000000001,1.81,-4.87));
#12459=CARTESIAN_POINT('',(-0.850000000000001,2.51,-4.87));
#12460=CARTESIAN_POINT('',(2.6,2.51,-4.87));
#12461=CARTESIAN_POINT('',(-0.65,2.51,-4.87));
#12462=CARTESIAN_POINT('',(-0.65,1.81,-4.87));
#12463=CARTESIAN_POINT('',(2.6,1.81,-4.87));
#12464=CARTESIAN_POINT('',(0.15,1.81,-4.87));
#12465=CARTESIAN_POINT('',(0.15,2.51,-4.87));
#12466=CARTESIAN_POINT('',(2.6,2.51,-4.87));
#12467=CARTESIAN_POINT('',(0.35,2.51,-4.87));
#12468=CARTESIAN_POINT('',(0.35,1.81,-4.87));
#12469=CARTESIAN_POINT('',(2.6,1.81,-4.87));
#12470=CARTESIAN_POINT('',(1.15,1.81,-4.87));
#12471=CARTESIAN_POINT('',(1.15,2.51,-4.87));
#12472=CARTESIAN_POINT('',(2.6,2.51,-4.87));
#12473=CARTESIAN_POINT('',(1.35,2.51,-4.87));
#12474=CARTESIAN_POINT('',(1.35,1.81,-4.87));
#12475=CARTESIAN_POINT('',(2.6,1.81,-4.87));
#12476=CARTESIAN_POINT('',(2.15,1.81,-4.87));
#12477=CARTESIAN_POINT('',(2.15,2.51,-4.87));
#12478=CARTESIAN_POINT('',(2.6,2.51,-4.87));
#12479=CARTESIAN_POINT('',(2.35,2.51,-4.87));
#12480=CARTESIAN_POINT('',(2.35,1.81,-4.87));
#12481=CARTESIAN_POINT('',(2.6,2.51,-4.87));
#12482=CARTESIAN_POINT('',(-1.85,2.51,-4.87));
#12483=CARTESIAN_POINT('',(-1.85,2.51,-4.75878620458412));
#12484=CARTESIAN_POINT('',(2.6,2.51,-4.75878620458412));
#12485=CARTESIAN_POINT('',(-1.65,2.51,-4.75878620458412));
#12486=CARTESIAN_POINT('',(-1.65,2.51,-4.87));
#12487=CARTESIAN_POINT('',(2.6,2.51,-4.87));
#12488=CARTESIAN_POINT('',(-0.850000000000001,2.51,-4.87));
#12489=CARTESIAN_POINT('',(-0.850000000000001,2.51,-4.75878620458412));
#12490=CARTESIAN_POINT('',(2.6,2.51,-4.75878620458412));
#12491=CARTESIAN_POINT('',(-0.65,2.51,-4.75878620458412));
#12492=CARTESIAN_POINT('',(-0.65,2.51,-4.87));
#12493=CARTESIAN_POINT('',(2.6,2.51,-4.87));
#12494=CARTESIAN_POINT('',(0.15,2.51,-4.87));
#12495=CARTESIAN_POINT('',(0.15,2.51,-4.75878620458412));
#12496=CARTESIAN_POINT('',(2.6,2.51,-4.75878620458412));
#12497=CARTESIAN_POINT('',(0.35,2.51,-4.75878620458412));
#12498=CARTESIAN_POINT('',(0.35,2.51,-4.87));
#12499=CARTESIAN_POINT('',(2.6,2.51,-4.87));
#12500=CARTESIAN_POINT('',(1.15,2.51,-4.87));
#12501=CARTESIAN_POINT('',(1.15,2.51,-4.75878620458412));
#12502=CARTESIAN_POINT('',(2.6,2.51,-4.75878620458412));
#12503=CARTESIAN_POINT('',(1.35,2.51,-4.75878620458412));
#12504=CARTESIAN_POINT('',(1.35,2.51,-4.87));
#12505=CARTESIAN_POINT('',(2.6,2.51,-4.87));
#12506=CARTESIAN_POINT('',(2.15,2.51,-4.87));
#12507=CARTESIAN_POINT('',(2.15,2.51,-4.75878620458412));
#12508=CARTESIAN_POINT('',(2.6,2.51,-4.75878620458412));
#12509=CARTESIAN_POINT('',(2.35,2.51,-4.75878620458412));
#12510=CARTESIAN_POINT('',(2.35,2.51,-4.87));
#12511=CARTESIAN_POINT('',(2.6,2.41,-4.75878620458412));
#12512=CARTESIAN_POINT('',(-1.85,2.41,-4.75878620458412));
#12513=CARTESIAN_POINT('',(-1.85,2.46,-4.67218366420567));
#12514=CARTESIAN_POINT('',(2.6,2.46,-4.67218366420567));
#12515=CARTESIAN_POINT('',(-1.65,2.46,-4.67218366420567));
#12516=CARTESIAN_POINT('',(-1.65,2.41,-4.75878620458412));
#12517=CARTESIAN_POINT('',(2.6,2.41,-4.75878620458412));
#12518=CARTESIAN_POINT('',(-0.850000000000001,2.41,-4.75878620458412));
#12519=CARTESIAN_POINT('',(-0.850000000000001,2.46,-4.67218366420567));
#12520=CARTESIAN_POINT('',(2.6,2.46,-4.67218366420567));
#12521=CARTESIAN_POINT('',(-0.65,2.46,-4.67218366420567));
#12522=CARTESIAN_POINT('',(-0.65,2.41,-4.75878620458412));
#12523=CARTESIAN_POINT('',(2.6,2.41,-4.75878620458412));
#12524=CARTESIAN_POINT('',(0.15,2.41,-4.75878620458412));
#12525=CARTESIAN_POINT('',(0.15,2.46,-4.67218366420567));
#12526=CARTESIAN_POINT('',(2.6,2.46,-4.67218366420567));
#12527=CARTESIAN_POINT('',(0.35,2.46,-4.67218366420567));
#12528=CARTESIAN_POINT('',(0.35,2.41,-4.75878620458412));
#12529=CARTESIAN_POINT('',(2.6,2.41,-4.75878620458412));
#12530=CARTESIAN_POINT('',(1.15,2.41,-4.75878620458412));
#12531=CARTESIAN_POINT('',(1.15,2.46,-4.67218366420567));
#12532=CARTESIAN_POINT('',(2.6,2.46,-4.67218366420567));
#12533=CARTESIAN_POINT('',(1.35,2.46,-4.67218366420567));
#12534=CARTESIAN_POINT('',(1.35,2.41,-4.75878620458412));
#12535=CARTESIAN_POINT('',(2.6,2.41,-4.75878620458412));
#12536=CARTESIAN_POINT('',(2.15,2.41,-4.75878620458412));
#12537=CARTESIAN_POINT('',(2.15,2.46,-4.67218366420567));
#12538=CARTESIAN_POINT('',(2.6,2.46,-4.67218366420567));
#12539=CARTESIAN_POINT('',(2.35,2.46,-4.67218366420567));
#12540=CARTESIAN_POINT('',(2.35,2.41,-4.75878620458412));
#12541=CARTESIAN_POINT('',(2.6,2.46,-4.67218366420567));
#12542=CARTESIAN_POINT('',(-1.85,2.46,-4.67218366420567));
#12543=CARTESIAN_POINT('',(-1.85,1.95,-4.37773502691896));
#12544=CARTESIAN_POINT('',(2.6,1.95,-4.37773502691896));
#12545=CARTESIAN_POINT('',(-1.65,1.95,-4.37773502691896));
#12546=CARTESIAN_POINT('',(-1.65,2.46,-4.67218366420567));
#12547=CARTESIAN_POINT('',(2.6,2.46,-4.67218366420567));
#12548=CARTESIAN_POINT('',(-0.850000000000001,2.46,-4.67218366420567));
#12549=CARTESIAN_POINT('',(-0.850000000000001,1.95,-4.37773502691896));
#12550=CARTESIAN_POINT('',(2.6,1.95,-4.37773502691896));
#12551=CARTESIAN_POINT('',(-0.65,1.95,-4.37773502691896));
#12552=CARTESIAN_POINT('',(-0.65,2.46,-4.67218366420567));
#12553=CARTESIAN_POINT('',(2.6,2.46,-4.67218366420567));
#12554=CARTESIAN_POINT('',(0.15,2.46,-4.67218366420567));
#12555=CARTESIAN_POINT('',(0.15,1.95,-4.37773502691896));
#12556=CARTESIAN_POINT('',(2.6,1.95,-4.37773502691896));
#12557=CARTESIAN_POINT('',(0.35,1.95,-4.37773502691896));
#12558=CARTESIAN_POINT('',(0.35,2.46,-4.67218366420567));
#12559=CARTESIAN_POINT('',(2.6,2.46,-4.67218366420567));
#12560=CARTESIAN_POINT('',(1.15,2.46,-4.67218366420567));
#12561=CARTESIAN_POINT('',(1.15,1.95,-4.37773502691896));
#12562=CARTESIAN_POINT('',(2.6,1.95,-4.37773502691896));
#12563=CARTESIAN_POINT('',(1.35,1.95,-4.37773502691896));
#12564=CARTESIAN_POINT('',(1.35,2.46,-4.67218366420567));
#12565=CARTESIAN_POINT('',(2.6,2.46,-4.67218366420567));
#12566=CARTESIAN_POINT('',(2.15,2.46,-4.67218366420567));
#12567=CARTESIAN_POINT('',(2.15,1.95,-4.37773502691896));
#12568=CARTESIAN_POINT('',(2.6,1.95,-4.37773502691896));
#12569=CARTESIAN_POINT('',(2.35,1.95,-4.37773502691896));
#12570=CARTESIAN_POINT('',(2.35,2.46,-4.67218366420567));
#12571=CARTESIAN_POINT('',(2.6,2.05,-4.20452994616207));
#12572=CARTESIAN_POINT('',(-1.85,2.05,-4.20452994616207));
#12573=CARTESIAN_POINT('',(-1.65,2.05,-4.20452994616207));
#12574=CARTESIAN_POINT('',(2.6,2.05,-4.20452994616207));
#12575=CARTESIAN_POINT('',(-0.850000000000001,2.05,-4.20452994616207));
#12576=CARTESIAN_POINT('',(-0.65,2.05,-4.20452994616207));
#12577=CARTESIAN_POINT('',(2.6,2.05,-4.20452994616207));
#12578=CARTESIAN_POINT('',(0.15,2.05,-4.20452994616207));
#12579=CARTESIAN_POINT('',(0.35,2.05,-4.20452994616207));
#12580=CARTESIAN_POINT('',(2.6,2.05,-4.20452994616207));
#12581=CARTESIAN_POINT('',(1.15,2.05,-4.20452994616207));
#12582=CARTESIAN_POINT('',(1.35,2.05,-4.20452994616207));
#12583=CARTESIAN_POINT('',(2.6,2.05,-4.20452994616207));
#12584=CARTESIAN_POINT('',(2.15,2.05,-4.20452994616207));
#12585=CARTESIAN_POINT('',(2.35,2.05,-4.20452994616207));
#12586=CARTESIAN_POINT('',(0.,1.,0.));
#12587=CARTESIAN_POINT('',(2.15,1.,-3.6));
#12588=CARTESIAN_POINT('',(2.15,1.,-3.6));
#12589=CARTESIAN_POINT('',(2.35,1.,-6.09));
#12590=CARTESIAN_POINT('',(2.35,1.,-3.6));
#12591=CARTESIAN_POINT('',(1.85,1.,-3.6));
#12592=CARTESIAN_POINT('',(0.,1.,0.));
#12593=CARTESIAN_POINT('',(1.15,1.,-3.6));
#12594=CARTESIAN_POINT('',(1.15,1.,-3.6));
#12595=CARTESIAN_POINT('',(1.35,1.,-6.09));
#12596=CARTESIAN_POINT('',(1.35,1.,-3.6));
#12597=CARTESIAN_POINT('',(0.85,1.,-3.6));
#12598=CARTESIAN_POINT('',(0.,1.,0.));
#12599=CARTESIAN_POINT('',(0.150000000000001,1.,-3.6));
#12600=CARTESIAN_POINT('',(0.150000000000001,1.,-3.6));
#12601=CARTESIAN_POINT('',(0.35,1.,-6.09));
#12602=CARTESIAN_POINT('',(0.35,1.,-3.6));
#12603=CARTESIAN_POINT('',(-0.15,1.,-3.6));
#12604=CARTESIAN_POINT('',(0.,1.,0.));
#12605=CARTESIAN_POINT('',(-0.85,1.,-3.6));
#12606=CARTESIAN_POINT('',(-0.85,1.,-3.6));
#12607=CARTESIAN_POINT('',(-0.65,1.,-6.09));
#12608=CARTESIAN_POINT('',(-0.65,1.,-3.6));
#12609=CARTESIAN_POINT('',(-1.15,1.,-3.6));
#12610=CARTESIAN_POINT('',(0.,1.,0.));
#12611=CARTESIAN_POINT('',(-1.85,1.,-3.6));
#12612=CARTESIAN_POINT('',(-1.85,1.,-3.6));
#12613=CARTESIAN_POINT('',(-1.65,1.,-6.09));
#12614=CARTESIAN_POINT('',(-1.65,1.,-3.6));
#12615=CARTESIAN_POINT('',(-2.15,1.,-3.6));
#12616=CARTESIAN_POINT('',(2.6,0.338134935154338,-2.05413779737137));
#12617=CARTESIAN_POINT('',(2.6,0.202889517051119,-3.6));
#12618=CARTESIAN_POINT('',(-2.35,0.202889517051119,-3.6));
#12619=CARTESIAN_POINT('',(-2.35,0.338134935154338,-2.05413779737137));
#12620=CARTESIAN_POINT('',(-2.35,0.15,-4.20452994616207));
#12621=CARTESIAN_POINT('',(2.6,0.15,-4.20452994616207));
#12622=CARTESIAN_POINT('',(-2.15,0.15,-4.20452994616207));
#12623=CARTESIAN_POINT('',(-2.15,0.338134935154338,-2.05413779737137));
#12624=CARTESIAN_POINT('',(-2.15,0.202889517051119,-3.6));
#12625=CARTESIAN_POINT('',(2.6,0.202889517051119,-3.6));
#12626=CARTESIAN_POINT('',(-1.35,0.202889517051119,-3.6));
#12627=CARTESIAN_POINT('',(-1.35,0.338134935154338,-2.05413779737137));
#12628=CARTESIAN_POINT('',(-1.35,0.15,-4.20452994616207));
#12629=CARTESIAN_POINT('',(2.6,0.15,-4.20452994616207));
#12630=CARTESIAN_POINT('',(-1.15,0.15,-4.20452994616207));
#12631=CARTESIAN_POINT('',(-1.15,0.338134935154338,-2.05413779737137));
#12632=CARTESIAN_POINT('',(-1.15,0.202889517051119,-3.6));
#12633=CARTESIAN_POINT('',(2.6,0.202889517051119,-3.6));
#12634=CARTESIAN_POINT('',(-0.35,0.202889517051119,-3.6));
#12635=CARTESIAN_POINT('',(-0.35,0.338134935154338,-2.05413779737137));
#12636=CARTESIAN_POINT('',(-0.35,0.15,-4.20452994616207));
#12637=CARTESIAN_POINT('',(2.6,0.15,-4.20452994616207));
#12638=CARTESIAN_POINT('',(-0.15,0.15,-4.20452994616207));
#12639=CARTESIAN_POINT('',(-0.15,0.338134935154338,-2.05413779737137));
#12640=CARTESIAN_POINT('',(-0.15,0.202889517051119,-3.6));
#12641=CARTESIAN_POINT('',(2.6,0.202889517051119,-3.6));
#12642=CARTESIAN_POINT('',(0.65,0.202889517051119,-3.6));
#12643=CARTESIAN_POINT('',(0.65,0.338134935154338,-2.05413779737137));
#12644=CARTESIAN_POINT('',(0.65,0.15,-4.20452994616207));
#12645=CARTESIAN_POINT('',(2.6,0.15,-4.20452994616207));
#12646=CARTESIAN_POINT('',(0.85,0.15,-4.20452994616207));
#12647=CARTESIAN_POINT('',(0.85,0.338134935154338,-2.05413779737137));
#12648=CARTESIAN_POINT('',(0.85,0.202889517051119,-3.6));
#12649=CARTESIAN_POINT('',(2.6,0.202889517051119,-3.6));
#12650=CARTESIAN_POINT('',(1.65,0.202889517051119,-3.6));
#12651=CARTESIAN_POINT('',(1.65,0.338134935154338,-2.05413779737137));
#12652=CARTESIAN_POINT('',(1.65,0.15,-4.20452994616207));
#12653=CARTESIAN_POINT('',(2.6,0.15,-4.20452994616207));
#12654=CARTESIAN_POINT('',(1.85,0.15,-4.20452994616207));
#12655=CARTESIAN_POINT('',(1.85,0.338134935154338,-2.05413779737137));
#12656=CARTESIAN_POINT('',(1.85,0.202889517051119,-3.6));
#12657=CARTESIAN_POINT('',(2.6,0.202889517051119,-3.6));
#12658=CARTESIAN_POINT('',(2.6,0.255382715166673,-3.));
#12659=CARTESIAN_POINT('',(2.35,0.255382715166673,-3.));
#12660=CARTESIAN_POINT('',(2.35,0.338134935154338,-2.05413779737137));
#12661=CARTESIAN_POINT('',(2.35,0.338134935154338,-2.05413779737137));
#12662=CARTESIAN_POINT('',(2.6,0.338134935154338,-2.05413779737137));
#12663=CARTESIAN_POINT('',(2.15,0.338134935154338,-2.05413779737137));
#12664=CARTESIAN_POINT('',(2.15,0.338134935154338,-2.05413779737137));
#12665=CARTESIAN_POINT('',(2.15,0.255382715166673,-3.));
#12666=CARTESIAN_POINT('',(2.6,0.255382715166673,-3.));
#12667=CARTESIAN_POINT('',(1.85,0.255382715166673,-3.));
#12668=CARTESIAN_POINT('',(1.85,0.338134935154338,-2.05413779737137));
#12669=CARTESIAN_POINT('',(1.85,0.338134935154338,-2.05413779737137));
#12670=CARTESIAN_POINT('',(2.6,0.338134935154338,-2.05413779737137));
#12671=CARTESIAN_POINT('',(1.65,0.338134935154338,-2.05413779737137));
#12672=CARTESIAN_POINT('',(1.65,0.338134935154338,-2.05413779737137));
#12673=CARTESIAN_POINT('',(1.65,0.255382715166673,-3.));
#12674=CARTESIAN_POINT('',(2.6,0.255382715166673,-3.));
#12675=CARTESIAN_POINT('',(1.35,0.255382715166673,-3.));
#12676=CARTESIAN_POINT('',(1.35,0.338134935154338,-2.05413779737137));
#12677=CARTESIAN_POINT('',(1.35,0.338134935154338,-2.05413779737137));
#12678=CARTESIAN_POINT('',(2.6,0.338134935154338,-2.05413779737137));
#12679=CARTESIAN_POINT('',(1.15,0.338134935154338,-2.05413779737137));
#12680=CARTESIAN_POINT('',(1.15,0.338134935154338,-2.05413779737137));
#12681=CARTESIAN_POINT('',(1.15,0.255382715166673,-3.));
#12682=CARTESIAN_POINT('',(2.6,0.255382715166673,-3.));
#12683=CARTESIAN_POINT('',(0.85,0.255382715166673,-3.));
#12684=CARTESIAN_POINT('',(0.85,0.338134935154338,-2.05413779737137));
#12685=CARTESIAN_POINT('',(0.85,0.338134935154338,-2.05413779737137));
#12686=CARTESIAN_POINT('',(2.6,0.338134935154338,-2.05413779737137));
#12687=CARTESIAN_POINT('',(0.65,0.338134935154338,-2.05413779737137));
#12688=CARTESIAN_POINT('',(0.65,0.338134935154338,-2.05413779737137));
#12689=CARTESIAN_POINT('',(0.65,0.255382715166673,-3.));
#12690=CARTESIAN_POINT('',(2.6,0.255382715166673,-3.));
#12691=CARTESIAN_POINT('',(0.35,0.255382715166673,-3.));
#12692=CARTESIAN_POINT('',(0.35,0.338134935154338,-2.05413779737137));
#12693=CARTESIAN_POINT('',(0.35,0.338134935154338,-2.05413779737137));
#12694=CARTESIAN_POINT('',(2.6,0.338134935154338,-2.05413779737137));
#12695=CARTESIAN_POINT('',(0.15,0.338134935154338,-2.05413779737137));
#12696=CARTESIAN_POINT('',(0.15,0.338134935154338,-2.05413779737137));
#12697=CARTESIAN_POINT('',(0.15,0.255382715166673,-3.));
#12698=CARTESIAN_POINT('',(2.6,0.255382715166673,-3.));
#12699=CARTESIAN_POINT('',(-0.15,0.255382715166673,-3.));
#12700=CARTESIAN_POINT('',(-0.15,0.338134935154338,-2.05413779737137));
#12701=CARTESIAN_POINT('',(-0.15,0.338134935154338,-2.05413779737137));
#12702=CARTESIAN_POINT('',(2.6,0.338134935154338,-2.05413779737137));
#12703=CARTESIAN_POINT('',(-0.35,0.338134935154338,-2.05413779737137));
#12704=CARTESIAN_POINT('',(-0.35,0.338134935154338,-2.05413779737137));
#12705=CARTESIAN_POINT('',(-0.35,0.255382715166673,-3.));
#12706=CARTESIAN_POINT('',(2.6,0.255382715166673,-3.));
#12707=CARTESIAN_POINT('',(-0.65,0.255382715166673,-3.));
#12708=CARTESIAN_POINT('',(-0.65,0.338134935154338,-2.05413779737137));
#12709=CARTESIAN_POINT('',(-0.65,0.338134935154338,-2.05413779737137));
#12710=CARTESIAN_POINT('',(2.6,0.338134935154338,-2.05413779737137));
#12711=CARTESIAN_POINT('',(-0.85,0.338134935154338,-2.05413779737137));
#12712=CARTESIAN_POINT('',(-0.85,0.338134935154338,-2.05413779737137));
#12713=CARTESIAN_POINT('',(-0.85,0.255382715166673,-3.));
#12714=CARTESIAN_POINT('',(2.6,0.255382715166673,-3.));
#12715=CARTESIAN_POINT('',(-1.15,0.255382715166673,-3.));
#12716=CARTESIAN_POINT('',(-1.15,0.338134935154338,-2.05413779737137));
#12717=CARTESIAN_POINT('',(-1.15,0.338134935154338,-2.05413779737137));
#12718=CARTESIAN_POINT('',(2.6,0.338134935154338,-2.05413779737137));
#12719=CARTESIAN_POINT('',(-1.35,0.338134935154338,-2.05413779737137));
#12720=CARTESIAN_POINT('',(-1.35,0.338134935154338,-2.05413779737137));
#12721=CARTESIAN_POINT('',(-1.35,0.255382715166673,-3.));
#12722=CARTESIAN_POINT('',(2.6,0.255382715166673,-3.));
#12723=CARTESIAN_POINT('',(-1.65,0.255382715166673,-3.));
#12724=CARTESIAN_POINT('',(-1.65,0.338134935154338,-2.05413779737137));
#12725=CARTESIAN_POINT('',(-1.65,0.338134935154338,-2.05413779737137));
#12726=CARTESIAN_POINT('',(2.6,0.338134935154338,-2.05413779737137));
#12727=CARTESIAN_POINT('',(-1.85,0.338134935154338,-2.05413779737137));
#12728=CARTESIAN_POINT('',(-1.85,0.338134935154338,-2.05413779737137));
#12729=CARTESIAN_POINT('',(-1.85,0.255382715166673,-3.));
#12730=CARTESIAN_POINT('',(2.6,0.255382715166673,-3.));
#12731=CARTESIAN_POINT('',(-2.15,0.255382715166673,-3.));
#12732=CARTESIAN_POINT('',(-2.15,0.338134935154338,-2.05413779737137));
#12733=CARTESIAN_POINT('',(-2.15,0.338134935154338,-2.05413779737137));
#12734=CARTESIAN_POINT('',(2.6,0.338134935154338,-2.05413779737137));
#12735=CARTESIAN_POINT('',(-2.35,0.338134935154338,-2.05413779737137));
#12736=CARTESIAN_POINT('',(-2.35,0.338134935154338,-2.05413779737137));
#12737=CARTESIAN_POINT('',(-2.35,0.255382715166673,-3.));
#12738=CARTESIAN_POINT('',(2.6,0.255382715166673,-3.));
#12739=CARTESIAN_POINT('',(2.6,-0.0500000000000016,-4.20452994616207));
#12740=CARTESIAN_POINT('',(-2.35,-0.0500000000000016,-4.20452994616207));
#12741=CARTESIAN_POINT('',(-2.35,0.0499999999999996,-4.37773502691896));
#12742=CARTESIAN_POINT('',(2.6,0.0499999999999996,-4.37773502691896));
#12743=CARTESIAN_POINT('',(-2.15,0.0499999999999996,-4.37773502691896));
#12744=CARTESIAN_POINT('',(-2.15,-0.0500000000000016,-4.20452994616207));
#12745=CARTESIAN_POINT('',(2.6,-0.0500000000000016,-4.20452994616207));
#12746=CARTESIAN_POINT('',(-1.35,-0.0500000000000016,-4.20452994616207));
#12747=CARTESIAN_POINT('',(-1.35,0.0499999999999996,-4.37773502691896));
#12748=CARTESIAN_POINT('',(2.6,0.0499999999999996,-4.37773502691896));
#12749=CARTESIAN_POINT('',(-1.15,0.0499999999999996,-4.37773502691896));
#12750=CARTESIAN_POINT('',(-1.15,-0.0500000000000016,-4.20452994616207));
#12751=CARTESIAN_POINT('',(2.6,-0.0500000000000016,-4.20452994616207));
#12752=CARTESIAN_POINT('',(-0.35,-0.0500000000000016,-4.20452994616207));
#12753=CARTESIAN_POINT('',(-0.35,0.0499999999999996,-4.37773502691896));
#12754=CARTESIAN_POINT('',(2.6,0.0499999999999996,-4.37773502691896));
#12755=CARTESIAN_POINT('',(-0.15,0.0499999999999996,-4.37773502691896));
#12756=CARTESIAN_POINT('',(-0.15,-0.0500000000000016,-4.20452994616207));
#12757=CARTESIAN_POINT('',(2.6,-0.0500000000000016,-4.20452994616207));
#12758=CARTESIAN_POINT('',(0.65,-0.0500000000000016,-4.20452994616207));
#12759=CARTESIAN_POINT('',(0.65,0.0499999999999996,-4.37773502691896));
#12760=CARTESIAN_POINT('',(2.6,0.0499999999999996,-4.37773502691896));
#12761=CARTESIAN_POINT('',(0.85,0.0499999999999996,-4.37773502691896));
#12762=CARTESIAN_POINT('',(0.85,-0.0500000000000016,-4.20452994616207));
#12763=CARTESIAN_POINT('',(2.6,-0.0500000000000016,-4.20452994616207));
#12764=CARTESIAN_POINT('',(1.65,-0.0500000000000016,-4.20452994616207));
#12765=CARTESIAN_POINT('',(1.65,0.0499999999999996,-4.37773502691896));
#12766=CARTESIAN_POINT('',(2.6,0.0499999999999996,-4.37773502691896));
#12767=CARTESIAN_POINT('',(1.85,0.0499999999999996,-4.37773502691896));
#12768=CARTESIAN_POINT('',(1.85,-0.0500000000000016,-4.20452994616207));
#12769=CARTESIAN_POINT('',(2.6,0.0499999999999997,-4.37773502691896));
#12770=CARTESIAN_POINT('',(-2.35,0.0499999999999997,-4.37773502691896));
#12771=CARTESIAN_POINT('',(-2.35,-0.46,-4.67218366420567));
#12772=CARTESIAN_POINT('',(2.6,-0.46,-4.67218366420567));
#12773=CARTESIAN_POINT('',(-2.15,-0.46,-4.67218366420567));
#12774=CARTESIAN_POINT('',(-2.15,0.0499999999999997,-4.37773502691896));
#12775=CARTESIAN_POINT('',(2.6,0.0499999999999997,-4.37773502691896));
#12776=CARTESIAN_POINT('',(-1.35,0.0499999999999997,-4.37773502691896));
#12777=CARTESIAN_POINT('',(-1.35,-0.46,-4.67218366420567));
#12778=CARTESIAN_POINT('',(2.6,-0.46,-4.67218366420567));
#12779=CARTESIAN_POINT('',(-1.15,-0.46,-4.67218366420567));
#12780=CARTESIAN_POINT('',(-1.15,0.0499999999999997,-4.37773502691896));
#12781=CARTESIAN_POINT('',(2.6,0.0499999999999997,-4.37773502691896));
#12782=CARTESIAN_POINT('',(-0.35,0.0499999999999997,-4.37773502691896));
#12783=CARTESIAN_POINT('',(-0.35,-0.46,-4.67218366420567));
#12784=CARTESIAN_POINT('',(2.6,-0.46,-4.67218366420567));
#12785=CARTESIAN_POINT('',(-0.15,-0.46,-4.67218366420567));
#12786=CARTESIAN_POINT('',(-0.15,0.0499999999999997,-4.37773502691896));
#12787=CARTESIAN_POINT('',(2.6,0.0499999999999997,-4.37773502691896));
#12788=CARTESIAN_POINT('',(0.65,0.0499999999999997,-4.37773502691896));
#12789=CARTESIAN_POINT('',(0.65,-0.46,-4.67218366420567));
#12790=CARTESIAN_POINT('',(2.6,-0.46,-4.67218366420567));
#12791=CARTESIAN_POINT('',(0.85,-0.46,-4.67218366420567));
#12792=CARTESIAN_POINT('',(0.85,0.0499999999999997,-4.37773502691896));
#12793=CARTESIAN_POINT('',(2.6,0.0499999999999997,-4.37773502691896));
#12794=CARTESIAN_POINT('',(1.65,0.0499999999999997,-4.37773502691896));
#12795=CARTESIAN_POINT('',(1.65,-0.46,-4.67218366420567));
#12796=CARTESIAN_POINT('',(2.6,-0.46,-4.67218366420567));
#12797=CARTESIAN_POINT('',(1.85,-0.46,-4.67218366420567));
#12798=CARTESIAN_POINT('',(1.85,0.0499999999999997,-4.37773502691896));
#12799=CARTESIAN_POINT('',(2.6,-0.410000000000001,-4.75878620458412));
#12800=CARTESIAN_POINT('',(-2.35,-0.410000000000001,-4.75878620458412));
#12801=CARTESIAN_POINT('',(-2.35,-0.51,-4.75878620458412));
#12802=CARTESIAN_POINT('',(2.6,-0.51,-4.75878620458412));
#12803=CARTESIAN_POINT('',(-2.15,-0.51,-4.75878620458412));
#12804=CARTESIAN_POINT('',(-2.15,-0.410000000000001,-4.75878620458412));
#12805=CARTESIAN_POINT('',(2.6,-0.410000000000001,-4.75878620458412));
#12806=CARTESIAN_POINT('',(-1.35,-0.410000000000001,-4.75878620458412));
#12807=CARTESIAN_POINT('',(-1.35,-0.51,-4.75878620458412));
#12808=CARTESIAN_POINT('',(2.6,-0.51,-4.75878620458412));
#12809=CARTESIAN_POINT('',(-1.15,-0.51,-4.75878620458412));
#12810=CARTESIAN_POINT('',(-1.15,-0.410000000000001,-4.75878620458412));
#12811=CARTESIAN_POINT('',(2.6,-0.410000000000001,-4.75878620458412));
#12812=CARTESIAN_POINT('',(-0.35,-0.410000000000001,-4.75878620458412));
#12813=CARTESIAN_POINT('',(-0.35,-0.51,-4.75878620458412));
#12814=CARTESIAN_POINT('',(2.6,-0.51,-4.75878620458412));
#12815=CARTESIAN_POINT('',(-0.15,-0.51,-4.75878620458412));
#12816=CARTESIAN_POINT('',(-0.15,-0.410000000000001,-4.75878620458412));
#12817=CARTESIAN_POINT('',(2.6,-0.410000000000001,-4.75878620458412));
#12818=CARTESIAN_POINT('',(0.65,-0.410000000000001,-4.75878620458412));
#12819=CARTESIAN_POINT('',(0.65,-0.51,-4.75878620458412));
#12820=CARTESIAN_POINT('',(2.6,-0.51,-4.75878620458412));
#12821=CARTESIAN_POINT('',(0.85,-0.51,-4.75878620458412));
#12822=CARTESIAN_POINT('',(0.85,-0.410000000000001,-4.75878620458412));
#12823=CARTESIAN_POINT('',(2.6,-0.410000000000001,-4.75878620458412));
#12824=CARTESIAN_POINT('',(1.65,-0.410000000000001,-4.75878620458412));
#12825=CARTESIAN_POINT('',(1.65,-0.51,-4.75878620458412));
#12826=CARTESIAN_POINT('',(2.6,-0.51,-4.75878620458412));
#12827=CARTESIAN_POINT('',(1.85,-0.51,-4.75878620458412));
#12828=CARTESIAN_POINT('',(1.85,-0.410000000000001,-4.75878620458412));
#12829=CARTESIAN_POINT('',(2.6,-0.51,-4.75878620458412));
#12830=CARTESIAN_POINT('',(-2.35,-0.51,-4.75878620458412));
#12831=CARTESIAN_POINT('',(-2.35,-0.51,-4.87));
#12832=CARTESIAN_POINT('',(2.6,-0.51,-4.87));
#12833=CARTESIAN_POINT('',(-2.15,-0.51,-4.87));
#12834=CARTESIAN_POINT('',(-2.15,-0.51,-4.75878620458412));
#12835=CARTESIAN_POINT('',(2.6,-0.51,-4.75878620458412));
#12836=CARTESIAN_POINT('',(-1.35,-0.51,-4.75878620458412));
#12837=CARTESIAN_POINT('',(-1.35,-0.51,-4.87));
#12838=CARTESIAN_POINT('',(2.6,-0.51,-4.87));
#12839=CARTESIAN_POINT('',(-1.15,-0.51,-4.87));
#12840=CARTESIAN_POINT('',(-1.15,-0.51,-4.75878620458412));
#12841=CARTESIAN_POINT('',(2.6,-0.51,-4.75878620458412));
#12842=CARTESIAN_POINT('',(-0.35,-0.51,-4.75878620458412));
#12843=CARTESIAN_POINT('',(-0.35,-0.51,-4.87));
#12844=CARTESIAN_POINT('',(2.6,-0.51,-4.87));
#12845=CARTESIAN_POINT('',(-0.15,-0.51,-4.87));
#12846=CARTESIAN_POINT('',(-0.15,-0.51,-4.75878620458412));
#12847=CARTESIAN_POINT('',(2.6,-0.51,-4.75878620458412));
#12848=CARTESIAN_POINT('',(0.65,-0.51,-4.75878620458412));
#12849=CARTESIAN_POINT('',(0.65,-0.51,-4.87));
#12850=CARTESIAN_POINT('',(2.6,-0.51,-4.87));
#12851=CARTESIAN_POINT('',(0.85,-0.51,-4.87));
#12852=CARTESIAN_POINT('',(0.85,-0.51,-4.75878620458412));
#12853=CARTESIAN_POINT('',(2.6,-0.51,-4.75878620458412));
#12854=CARTESIAN_POINT('',(1.65,-0.51,-4.75878620458412));
#12855=CARTESIAN_POINT('',(1.65,-0.51,-4.87));
#12856=CARTESIAN_POINT('',(2.6,-0.51,-4.87));
#12857=CARTESIAN_POINT('',(1.85,-0.51,-4.87));
#12858=CARTESIAN_POINT('',(1.85,-0.51,-4.75878620458412));
#12859=CARTESIAN_POINT('',(2.6,-0.51,-4.87));
#12860=CARTESIAN_POINT('',(-2.35,-0.51,-4.87));
#12861=CARTESIAN_POINT('',(-2.35,0.19,-4.87));
#12862=CARTESIAN_POINT('',(2.6,0.19,-4.87));
#12863=CARTESIAN_POINT('',(-2.15,0.19,-4.87));
#12864=CARTESIAN_POINT('',(-2.15,-0.51,-4.87));
#12865=CARTESIAN_POINT('',(2.6,-0.51,-4.87));
#12866=CARTESIAN_POINT('',(-1.35,-0.51,-4.87));
#12867=CARTESIAN_POINT('',(-1.35,0.19,-4.87));
#12868=CARTESIAN_POINT('',(2.6,0.19,-4.87));
#12869=CARTESIAN_POINT('',(-1.15,0.19,-4.87));
#12870=CARTESIAN_POINT('',(-1.15,-0.51,-4.87));
#12871=CARTESIAN_POINT('',(2.6,-0.51,-4.87));
#12872=CARTESIAN_POINT('',(-0.35,-0.51,-4.87));
#12873=CARTESIAN_POINT('',(-0.35,0.19,-4.87));
#12874=CARTESIAN_POINT('',(2.6,0.19,-4.87));
#12875=CARTESIAN_POINT('',(-0.15,0.19,-4.87));
#12876=CARTESIAN_POINT('',(-0.15,-0.51,-4.87));
#12877=CARTESIAN_POINT('',(2.6,-0.51,-4.87));
#12878=CARTESIAN_POINT('',(0.65,-0.51,-4.87));
#12879=CARTESIAN_POINT('',(0.65,0.19,-4.87));
#12880=CARTESIAN_POINT('',(2.6,0.19,-4.87));
#12881=CARTESIAN_POINT('',(0.85,0.19,-4.87));
#12882=CARTESIAN_POINT('',(0.85,-0.51,-4.87));
#12883=CARTESIAN_POINT('',(2.6,-0.51,-4.87));
#12884=CARTESIAN_POINT('',(1.65,-0.51,-4.87));
#12885=CARTESIAN_POINT('',(1.65,0.19,-4.87));
#12886=CARTESIAN_POINT('',(2.6,0.19,-4.87));
#12887=CARTESIAN_POINT('',(1.85,0.19,-4.87));
#12888=CARTESIAN_POINT('',(1.85,-0.51,-4.87));
#12889=CARTESIAN_POINT('',(2.6,0.19,-4.87));
#12890=CARTESIAN_POINT('',(-2.35,0.19,-4.87));
#12891=CARTESIAN_POINT('',(-2.15,0.19,-4.87));
#12892=CARTESIAN_POINT('',(2.6,0.19,-4.87));
#12893=CARTESIAN_POINT('',(-1.35,0.19,-4.87));
#12894=CARTESIAN_POINT('',(-1.15,0.19,-4.87));
#12895=CARTESIAN_POINT('',(2.6,0.19,-4.87));
#12896=CARTESIAN_POINT('',(-0.35,0.19,-4.87));
#12897=CARTESIAN_POINT('',(-0.15,0.19,-4.87));
#12898=CARTESIAN_POINT('',(2.6,0.19,-4.87));
#12899=CARTESIAN_POINT('',(0.65,0.19,-4.87));
#12900=CARTESIAN_POINT('',(0.85,0.19,-4.87));
#12901=CARTESIAN_POINT('',(2.6,0.19,-4.87));
#12902=CARTESIAN_POINT('',(1.65,0.19,-4.87));
#12903=CARTESIAN_POINT('',(1.85,0.19,-4.87));
#12904=CARTESIAN_POINT('',(2.6,0.655,-1.5));
#12905=CARTESIAN_POINT('',(2.35,0.655,-1.5));
#12906=CARTESIAN_POINT('',(2.35,0.655,-1.5));
#12907=CARTESIAN_POINT('',(2.35,0.486615710455559,-1.5));
#12908=CARTESIAN_POINT('',(2.6,0.655,-1.5));
#12909=CARTESIAN_POINT('',(2.15,0.655,-1.5));
#12910=CARTESIAN_POINT('',(2.15,0.655,-1.5));
#12911=CARTESIAN_POINT('',(2.15,0.486615710455559,-1.5));
#12912=CARTESIAN_POINT('',(2.6,0.486615710455559,-1.5));
#12913=CARTESIAN_POINT('',(2.6,0.655,-1.5));
#12914=CARTESIAN_POINT('',(1.85,0.655,-1.5));
#12915=CARTESIAN_POINT('',(1.85,0.655,-1.5));
#12916=CARTESIAN_POINT('',(1.85,0.486615710455559,-1.5));
#12917=CARTESIAN_POINT('',(2.6,0.655,-1.5));
#12918=CARTESIAN_POINT('',(1.65,0.655,-1.5));
#12919=CARTESIAN_POINT('',(1.65,0.655,-1.5));
#12920=CARTESIAN_POINT('',(1.65,0.486615710455559,-1.5));
#12921=CARTESIAN_POINT('',(2.6,0.486615710455559,-1.5));
#12922=CARTESIAN_POINT('',(2.6,0.655,-1.5));
#12923=CARTESIAN_POINT('',(1.35,0.655,-1.5));
#12924=CARTESIAN_POINT('',(1.35,0.655,-1.5));
#12925=CARTESIAN_POINT('',(1.35,0.486615710455559,-1.5));
#12926=CARTESIAN_POINT('',(2.6,0.655,-1.5));
#12927=CARTESIAN_POINT('',(1.15,0.655,-1.5));
#12928=CARTESIAN_POINT('',(1.15,0.655,-1.5));
#12929=CARTESIAN_POINT('',(1.15,0.486615710455559,-1.5));
#12930=CARTESIAN_POINT('',(2.6,0.486615710455559,-1.5));
#12931=CARTESIAN_POINT('',(2.6,0.655,-1.5));
#12932=CARTESIAN_POINT('',(0.85,0.655,-1.5));
#12933=CARTESIAN_POINT('',(0.85,0.655,-1.5));
#12934=CARTESIAN_POINT('',(0.85,0.486615710455559,-1.5));
#12935=CARTESIAN_POINT('',(2.6,0.655,-1.5));
#12936=CARTESIAN_POINT('',(0.65,0.655,-1.5));
#12937=CARTESIAN_POINT('',(0.65,0.655,-1.5));
#12938=CARTESIAN_POINT('',(0.65,0.486615710455559,-1.5));
#12939=CARTESIAN_POINT('',(2.6,0.486615710455559,-1.5));
#12940=CARTESIAN_POINT('',(2.6,0.655,-1.5));
#12941=CARTESIAN_POINT('',(0.35,0.655,-1.5));
#12942=CARTESIAN_POINT('',(0.35,0.655,-1.5));
#12943=CARTESIAN_POINT('',(0.35,0.486615710455559,-1.5));
#12944=CARTESIAN_POINT('',(2.6,0.655,-1.5));
#12945=CARTESIAN_POINT('',(0.15,0.655,-1.5));
#12946=CARTESIAN_POINT('',(0.15,0.655,-1.5));
#12947=CARTESIAN_POINT('',(0.15,0.486615710455559,-1.5));
#12948=CARTESIAN_POINT('',(2.6,0.486615710455559,-1.5));
#12949=CARTESIAN_POINT('',(2.6,0.655,-1.5));
#12950=CARTESIAN_POINT('',(-0.15,0.655,-1.5));
#12951=CARTESIAN_POINT('',(-0.15,0.655,-1.5));
#12952=CARTESIAN_POINT('',(-0.15,0.486615710455559,-1.5));
#12953=CARTESIAN_POINT('',(2.6,0.655,-1.5));
#12954=CARTESIAN_POINT('',(-0.35,0.655,-1.5));
#12955=CARTESIAN_POINT('',(-0.35,0.655,-1.5));
#12956=CARTESIAN_POINT('',(-0.35,0.486615710455559,-1.5));
#12957=CARTESIAN_POINT('',(2.6,0.486615710455559,-1.5));
#12958=CARTESIAN_POINT('',(2.6,0.655,-1.5));
#12959=CARTESIAN_POINT('',(-0.65,0.655,-1.5));
#12960=CARTESIAN_POINT('',(-0.65,0.655,-1.5));
#12961=CARTESIAN_POINT('',(-0.65,0.486615710455559,-1.5));
#12962=CARTESIAN_POINT('',(2.6,0.655,-1.5));
#12963=CARTESIAN_POINT('',(-0.85,0.655,-1.5));
#12964=CARTESIAN_POINT('',(-0.85,0.655,-1.5));
#12965=CARTESIAN_POINT('',(-0.85,0.486615710455559,-1.5));
#12966=CARTESIAN_POINT('',(2.6,0.486615710455559,-1.5));
#12967=CARTESIAN_POINT('',(2.6,0.655,-1.5));
#12968=CARTESIAN_POINT('',(-1.15,0.655,-1.5));
#12969=CARTESIAN_POINT('',(-1.15,0.655,-1.5));
#12970=CARTESIAN_POINT('',(-1.15,0.486615710455559,-1.5));
#12971=CARTESIAN_POINT('',(2.6,0.655,-1.5));
#12972=CARTESIAN_POINT('',(-1.35,0.655,-1.5));
#12973=CARTESIAN_POINT('',(-1.35,0.655,-1.5));
#12974=CARTESIAN_POINT('',(-1.35,0.486615710455559,-1.5));
#12975=CARTESIAN_POINT('',(2.6,0.486615710455559,-1.5));
#12976=CARTESIAN_POINT('',(2.6,0.655,-1.5));
#12977=CARTESIAN_POINT('',(-1.65,0.655,-1.5));
#12978=CARTESIAN_POINT('',(-1.65,0.655,-1.5));
#12979=CARTESIAN_POINT('',(-1.65,0.486615710455559,-1.5));
#12980=CARTESIAN_POINT('',(2.6,0.655,-1.5));
#12981=CARTESIAN_POINT('',(-1.85,0.655,-1.5));
#12982=CARTESIAN_POINT('',(-1.85,0.655,-1.5));
#12983=CARTESIAN_POINT('',(-1.85,0.486615710455559,-1.5));
#12984=CARTESIAN_POINT('',(2.6,0.486615710455559,-1.5));
#12985=CARTESIAN_POINT('',(2.6,0.655,-1.5));
#12986=CARTESIAN_POINT('',(-2.15,0.655,-1.5));
#12987=CARTESIAN_POINT('',(-2.15,0.655,-1.5));
#12988=CARTESIAN_POINT('',(-2.15,0.486615710455559,-1.5));
#12989=CARTESIAN_POINT('',(2.6,0.655,-1.5));
#12990=CARTESIAN_POINT('',(-2.35,0.655,-1.5));
#12991=CARTESIAN_POINT('',(-2.35,0.655,-1.5));
#12992=CARTESIAN_POINT('',(-2.35,0.486615710455559,-1.5));
#12993=CARTESIAN_POINT('',(2.6,0.486615710455559,-1.5));
#12994=CARTESIAN_POINT('',(2.6,0.486615710455559,-1.5));
#12995=CARTESIAN_POINT('',(2.35,0.486615710455559,-1.5));
#12996=CARTESIAN_POINT('',(2.15,0.486615710455559,-1.5));
#12997=CARTESIAN_POINT('',(2.6,0.486615710455559,-1.5));
#12998=CARTESIAN_POINT('',(1.85,0.486615710455559,-1.5));
#12999=CARTESIAN_POINT('',(1.65,0.486615710455559,-1.5));
#13000=CARTESIAN_POINT('',(2.6,0.486615710455559,-1.5));
#13001=CARTESIAN_POINT('',(1.35,0.486615710455559,-1.5));
#13002=CARTESIAN_POINT('',(1.15,0.486615710455559,-1.5));
#13003=CARTESIAN_POINT('',(2.6,0.486615710455559,-1.5));
#13004=CARTESIAN_POINT('',(0.85,0.486615710455559,-1.5));
#13005=CARTESIAN_POINT('',(0.65,0.486615710455559,-1.5));
#13006=CARTESIAN_POINT('',(2.6,0.486615710455559,-1.5));
#13007=CARTESIAN_POINT('',(0.35,0.486615710455559,-1.5));
#13008=CARTESIAN_POINT('',(0.15,0.486615710455559,-1.5));
#13009=CARTESIAN_POINT('',(2.6,0.486615710455559,-1.5));
#13010=CARTESIAN_POINT('',(-0.15,0.486615710455559,-1.5));
#13011=CARTESIAN_POINT('',(-0.35,0.486615710455559,-1.5));
#13012=CARTESIAN_POINT('',(2.6,0.486615710455559,-1.5));
#13013=CARTESIAN_POINT('',(-0.65,0.486615710455559,-1.5));
#13014=CARTESIAN_POINT('',(-0.85,0.486615710455559,-1.5));
#13015=CARTESIAN_POINT('',(2.6,0.486615710455559,-1.5));
#13016=CARTESIAN_POINT('',(-1.15,0.486615710455559,-1.5));
#13017=CARTESIAN_POINT('',(-1.35,0.486615710455559,-1.5));
#13018=CARTESIAN_POINT('',(2.6,0.486615710455559,-1.5));
#13019=CARTESIAN_POINT('',(-1.65,0.486615710455559,-1.5));
#13020=CARTESIAN_POINT('',(-1.85,0.486615710455559,-1.5));
#13021=CARTESIAN_POINT('',(2.6,0.486615710455559,-1.5));
#13022=CARTESIAN_POINT('',(-2.15,0.486615710455559,-1.5));
#13023=CARTESIAN_POINT('',(-2.35,0.486615710455559,-1.5));
#13024=CARTESIAN_POINT('',(2.6,0.693968225382753,-3.5));
#13025=CARTESIAN_POINT('',(2.6,0.782131715736986,-3.));
#13026=CARTESIAN_POINT('',(2.35,0.782131715736986,-3.));
#13027=CARTESIAN_POINT('',(2.6,0.693968225382754,-3.5));
#13028=CARTESIAN_POINT('',(2.6,0.782131715736986,-3.));
#13029=CARTESIAN_POINT('',(-2.35,0.782131715736986,-3.));
#13030=CARTESIAN_POINT('',(-2.35,0.693968225382753,-3.5));
#13031=CARTESIAN_POINT('',(-2.35,0.955,-2.01961524227066));
#13032=CARTESIAN_POINT('',(2.6,0.955,-2.01961524227066));
#13033=CARTESIAN_POINT('',(-2.15,0.955,-2.01961524227066));
#13034=CARTESIAN_POINT('',(-2.15,0.693968225382753,-3.5));
#13035=CARTESIAN_POINT('',(-2.15,0.782131715736986,-3.));
#13036=CARTESIAN_POINT('',(2.6,0.782131715736986,-3.));
#13037=CARTESIAN_POINT('',(-1.85,0.782131715736986,-3.));
#13038=CARTESIAN_POINT('',(-1.85,0.693968225382753,-3.5));
#13039=CARTESIAN_POINT('',(-1.85,0.955,-2.01961524227066));
#13040=CARTESIAN_POINT('',(2.6,0.955,-2.01961524227066));
#13041=CARTESIAN_POINT('',(-1.65,0.955,-2.01961524227066));
#13042=CARTESIAN_POINT('',(-1.65,0.693968225382753,-3.5));
#13043=CARTESIAN_POINT('',(-1.65,0.782131715736986,-3.));
#13044=CARTESIAN_POINT('',(2.6,0.782131715736986,-3.));
#13045=CARTESIAN_POINT('',(-1.35,0.782131715736986,-3.));
#13046=CARTESIAN_POINT('',(-1.35,0.693968225382753,-3.5));
#13047=CARTESIAN_POINT('',(-1.35,0.955,-2.01961524227066));
#13048=CARTESIAN_POINT('',(2.6,0.955,-2.01961524227066));
#13049=CARTESIAN_POINT('',(-1.15,0.955,-2.01961524227066));
#13050=CARTESIAN_POINT('',(-1.15,0.693968225382753,-3.5));
#13051=CARTESIAN_POINT('',(-1.15,0.782131715736986,-3.));
#13052=CARTESIAN_POINT('',(2.6,0.782131715736986,-3.));
#13053=CARTESIAN_POINT('',(-0.85,0.782131715736986,-3.));
#13054=CARTESIAN_POINT('',(-0.85,0.693968225382753,-3.5));
#13055=CARTESIAN_POINT('',(-0.85,0.955,-2.01961524227066));
#13056=CARTESIAN_POINT('',(2.6,0.955,-2.01961524227066));
#13057=CARTESIAN_POINT('',(-0.65,0.955,-2.01961524227066));
#13058=CARTESIAN_POINT('',(-0.65,0.693968225382753,-3.5));
#13059=CARTESIAN_POINT('',(-0.65,0.782131715736986,-3.));
#13060=CARTESIAN_POINT('',(2.6,0.782131715736986,-3.));
#13061=CARTESIAN_POINT('',(-0.35,0.782131715736986,-3.));
#13062=CARTESIAN_POINT('',(-0.35,0.693968225382753,-3.5));
#13063=CARTESIAN_POINT('',(-0.35,0.955,-2.01961524227066));
#13064=CARTESIAN_POINT('',(2.6,0.955,-2.01961524227066));
#13065=CARTESIAN_POINT('',(-0.15,0.955,-2.01961524227066));
#13066=CARTESIAN_POINT('',(-0.15,0.693968225382753,-3.5));
#13067=CARTESIAN_POINT('',(-0.15,0.782131715736986,-3.));
#13068=CARTESIAN_POINT('',(2.6,0.782131715736986,-3.));
#13069=CARTESIAN_POINT('',(0.15,0.782131715736986,-3.));
#13070=CARTESIAN_POINT('',(0.15,0.693968225382753,-3.5));
#13071=CARTESIAN_POINT('',(0.15,0.955,-2.01961524227066));
#13072=CARTESIAN_POINT('',(2.6,0.955,-2.01961524227066));
#13073=CARTESIAN_POINT('',(0.35,0.955,-2.01961524227066));
#13074=CARTESIAN_POINT('',(0.35,0.693968225382753,-3.5));
#13075=CARTESIAN_POINT('',(0.35,0.782131715736986,-3.));
#13076=CARTESIAN_POINT('',(2.6,0.782131715736986,-3.));
#13077=CARTESIAN_POINT('',(0.65,0.782131715736986,-3.));
#13078=CARTESIAN_POINT('',(0.65,0.693968225382753,-3.5));
#13079=CARTESIAN_POINT('',(0.65,0.955,-2.01961524227066));
#13080=CARTESIAN_POINT('',(2.6,0.955,-2.01961524227066));
#13081=CARTESIAN_POINT('',(0.85,0.955,-2.01961524227066));
#13082=CARTESIAN_POINT('',(0.85,0.693968225382753,-3.5));
#13083=CARTESIAN_POINT('',(0.85,0.782131715736986,-3.));
#13084=CARTESIAN_POINT('',(2.6,0.782131715736986,-3.));
#13085=CARTESIAN_POINT('',(1.15,0.782131715736986,-3.));
#13086=CARTESIAN_POINT('',(1.15,0.693968225382753,-3.5));
#13087=CARTESIAN_POINT('',(1.15,0.955,-2.01961524227066));
#13088=CARTESIAN_POINT('',(2.6,0.955,-2.01961524227066));
#13089=CARTESIAN_POINT('',(1.35,0.955,-2.01961524227066));
#13090=CARTESIAN_POINT('',(1.35,0.693968225382753,-3.5));
#13091=CARTESIAN_POINT('',(1.35,0.782131715736986,-3.));
#13092=CARTESIAN_POINT('',(2.6,0.782131715736986,-3.));
#13093=CARTESIAN_POINT('',(1.65,0.782131715736986,-3.));
#13094=CARTESIAN_POINT('',(1.65,0.693968225382753,-3.5));
#13095=CARTESIAN_POINT('',(1.65,0.955,-2.01961524227066));
#13096=CARTESIAN_POINT('',(2.6,0.955,-2.01961524227066));
#13097=CARTESIAN_POINT('',(1.85,0.955,-2.01961524227066));
#13098=CARTESIAN_POINT('',(1.85,0.693968225382753,-3.5));
#13099=CARTESIAN_POINT('',(1.85,0.782131715736986,-3.));
#13100=CARTESIAN_POINT('',(2.6,0.782131715736986,-3.));
#13101=CARTESIAN_POINT('',(2.15,0.782131715736986,-3.));
#13102=CARTESIAN_POINT('',(2.15,0.693968225382753,-3.5));
#13103=CARTESIAN_POINT('',(2.15,0.955,-2.01961524227066));
#13104=CARTESIAN_POINT('',(2.6,0.955,-2.01961524227066));
#13105=CARTESIAN_POINT('',(2.35,0.955,-2.01961524227066));
#13106=CARTESIAN_POINT('',(2.35,0.693968225382753,-3.5));
#13107=CARTESIAN_POINT('',(2.6,0.955,-2.01961524227066));
#13108=CARTESIAN_POINT('',(2.35,0.955,-2.01961524227066));
#13109=CARTESIAN_POINT('',(2.15,0.955,-2.01961524227066));
#13110=CARTESIAN_POINT('',(2.6,0.955,-2.01961524227066));
#13111=CARTESIAN_POINT('',(1.85,0.955,-2.01961524227066));
#13112=CARTESIAN_POINT('',(1.65,0.955,-2.01961524227066));
#13113=CARTESIAN_POINT('',(2.6,0.955,-2.01961524227066));
#13114=CARTESIAN_POINT('',(1.35,0.955,-2.01961524227066));
#13115=CARTESIAN_POINT('',(1.15,0.955,-2.01961524227066));
#13116=CARTESIAN_POINT('',(2.6,0.955,-2.01961524227066));
#13117=CARTESIAN_POINT('',(0.85,0.955,-2.01961524227066));
#13118=CARTESIAN_POINT('',(0.65,0.955,-2.01961524227066));
#13119=CARTESIAN_POINT('',(2.6,0.955,-2.01961524227066));
#13120=CARTESIAN_POINT('',(0.35,0.955,-2.01961524227066));
#13121=CARTESIAN_POINT('',(0.15,0.955,-2.01961524227066));
#13122=CARTESIAN_POINT('',(2.6,0.955,-2.01961524227066));
#13123=CARTESIAN_POINT('',(-0.15,0.955,-2.01961524227066));
#13124=CARTESIAN_POINT('',(-0.35,0.955,-2.01961524227066));
#13125=CARTESIAN_POINT('',(2.6,0.955,-2.01961524227066));
#13126=CARTESIAN_POINT('',(-0.65,0.955,-2.01961524227066));
#13127=CARTESIAN_POINT('',(-0.85,0.955,-2.01961524227066));
#13128=CARTESIAN_POINT('',(2.6,0.955,-2.01961524227066));
#13129=CARTESIAN_POINT('',(-1.15,0.955,-2.01961524227066));
#13130=CARTESIAN_POINT('',(-1.35,0.955,-2.01961524227066));
#13131=CARTESIAN_POINT('',(2.6,0.955,-2.01961524227066));
#13132=CARTESIAN_POINT('',(-1.65,0.955,-2.01961524227066));
#13133=CARTESIAN_POINT('',(-1.85,0.955,-2.01961524227066));
#13134=CARTESIAN_POINT('',(2.6,0.955,-2.01961524227066));
#13135=CARTESIAN_POINT('',(-2.15,0.955,-2.01961524227066));
#13136=CARTESIAN_POINT('',(-2.35,0.955,-2.01961524227066));
#13137=CARTESIAN_POINT('',(2.6,1.85,-3.5));
#13138=CARTESIAN_POINT('',(-2.35,2.,-3.));
#13139=CARTESIAN_POINT('',(-2.35,2.,-3.));
#13140=CARTESIAN_POINT('',(-2.35,2.,-0.51));
#13141=CARTESIAN_POINT('',(2.65,2.,-3.));
#13142=CARTESIAN_POINT('',(2.35,2.,-3.));
#13143=CARTESIAN_POINT('',(2.35,2.,-3.));
#13144=CARTESIAN_POINT('',(-1.85,2.,-0.51));
#13145=CARTESIAN_POINT('',(-1.85,2.,-3.));
#13146=CARTESIAN_POINT('',(-2.15,2.,-3.));
#13147=CARTESIAN_POINT('',(-2.15,2.,-3.));
#13148=CARTESIAN_POINT('',(-1.85,2.,-3.));
#13149=CARTESIAN_POINT('',(-1.35,2.,-0.51));
#13150=CARTESIAN_POINT('',(-1.35,2.,-3.));
#13151=CARTESIAN_POINT('',(-1.65,2.,-3.));
#13152=CARTESIAN_POINT('',(-1.65,2.,-3.));
#13153=CARTESIAN_POINT('',(-1.35,2.,-3.));
#13154=CARTESIAN_POINT('',(-0.85,2.,-0.51));
#13155=CARTESIAN_POINT('',(-0.85,2.,-3.));
#13156=CARTESIAN_POINT('',(-1.15,2.,-3.));
#13157=CARTESIAN_POINT('',(-1.15,2.,-3.));
#13158=CARTESIAN_POINT('',(-0.85,2.,-3.));
#13159=CARTESIAN_POINT('',(-0.35,2.,-0.51));
#13160=CARTESIAN_POINT('',(-0.35,2.,-3.));
#13161=CARTESIAN_POINT('',(-0.65,2.,-3.));
#13162=CARTESIAN_POINT('',(-0.65,2.,-3.));
#13163=CARTESIAN_POINT('',(-0.35,2.,-3.));
#13164=CARTESIAN_POINT('',(0.15,2.,-0.51));
#13165=CARTESIAN_POINT('',(0.15,2.,-3.));
#13166=CARTESIAN_POINT('',(-0.15,2.,-3.));
#13167=CARTESIAN_POINT('',(-0.15,2.,-3.));
#13168=CARTESIAN_POINT('',(0.15,2.,-3.));
#13169=CARTESIAN_POINT('',(0.65,2.,-0.51));
#13170=CARTESIAN_POINT('',(0.65,2.,-3.));
#13171=CARTESIAN_POINT('',(0.35,2.,-3.));
#13172=CARTESIAN_POINT('',(0.35,2.,-3.));
#13173=CARTESIAN_POINT('',(0.65,2.,-3.));
#13174=CARTESIAN_POINT('',(1.15,2.,-0.51));
#13175=CARTESIAN_POINT('',(1.15,2.,-3.));
#13176=CARTESIAN_POINT('',(0.85,2.,-3.));
#13177=CARTESIAN_POINT('',(0.85,2.,-3.));
#13178=CARTESIAN_POINT('',(1.15,2.,-3.));
#13179=CARTESIAN_POINT('',(1.65,2.,-0.51));
#13180=CARTESIAN_POINT('',(1.65,2.,-3.));
#13181=CARTESIAN_POINT('',(1.35,2.,-3.));
#13182=CARTESIAN_POINT('',(1.35,2.,-3.));
#13183=CARTESIAN_POINT('',(1.65,2.,-3.));
#13184=CARTESIAN_POINT('',(2.15,2.,-3.));
#13185=CARTESIAN_POINT('',(2.15,2.,-3.));
#13186=CARTESIAN_POINT('',(1.85,2.,-3.));
#13187=CARTESIAN_POINT('',(2.15,2.,-0.51));
#13188=CARTESIAN_POINT('',(1.85,2.,-3.));
#13189=CARTESIAN_POINT('',(1.85,1.,-6.09));
#13190=CARTESIAN_POINT('',(1.85,1.,-6.09));
#13191=CARTESIAN_POINT('',(1.85,1.,-3.6));
#13192=CARTESIAN_POINT('',(1.85,1.,-3.6));
#13193=CARTESIAN_POINT('',(0.85,1.,-6.09));
#13194=CARTESIAN_POINT('',(0.85,1.,-6.09));
#13195=CARTESIAN_POINT('',(0.85,1.,-3.6));
#13196=CARTESIAN_POINT('',(0.85,1.,-3.6));
#13197=CARTESIAN_POINT('',(1.65,1.,-3.6));
#13198=CARTESIAN_POINT('',(1.65,1.,-3.6));
#13199=CARTESIAN_POINT('',(1.65,1.,-3.6));
#13200=CARTESIAN_POINT('',(1.65,1.,-3.6));
#13201=CARTESIAN_POINT('',(-0.15,1.,-6.09));
#13202=CARTESIAN_POINT('',(-0.15,1.,-6.09));
#13203=CARTESIAN_POINT('',(-0.15,1.,-3.6));
#13204=CARTESIAN_POINT('',(-0.15,1.,-3.6));
#13205=CARTESIAN_POINT('',(0.65,1.,-3.6));
#13206=CARTESIAN_POINT('',(0.65,1.,-3.6));
#13207=CARTESIAN_POINT('',(0.65,1.,-3.6));
#13208=CARTESIAN_POINT('',(0.65,1.,-3.6));
#13209=CARTESIAN_POINT('',(-1.15,1.,-6.09));
#13210=CARTESIAN_POINT('',(-1.15,1.,-6.09));
#13211=CARTESIAN_POINT('',(-1.15,1.,-3.6));
#13212=CARTESIAN_POINT('',(-1.15,1.,-3.6));
#13213=CARTESIAN_POINT('',(-0.35,1.,-3.6));
#13214=CARTESIAN_POINT('',(-0.35,1.,-3.6));
#13215=CARTESIAN_POINT('',(-0.35,1.,-3.6));
#13216=CARTESIAN_POINT('',(-0.35,1.,-3.6));
#13217=CARTESIAN_POINT('',(-2.15,1.,-6.09));
#13218=CARTESIAN_POINT('',(-2.15,1.,-6.09));
#13219=CARTESIAN_POINT('',(-2.15,1.,-3.6));
#13220=CARTESIAN_POINT('',(-2.15,1.,-3.6));
#13221=CARTESIAN_POINT('',(-1.35,1.,-3.6));
#13222=CARTESIAN_POINT('',(-1.35,1.,-3.6));
#13223=CARTESIAN_POINT('',(-1.35,1.,-3.6));
#13224=CARTESIAN_POINT('',(-1.35,1.,-3.6));
#13225=CARTESIAN_POINT('',(-2.15,1.,-3.6));
#13226=CARTESIAN_POINT('',(-2.65,1.,-3.6));
#13227=CARTESIAN_POINT('',(-2.35,1.,-3.6));
#13228=CARTESIAN_POINT('',(-2.35,1.,-3.6));
#13229=CARTESIAN_POINT('',(-1.85,3.,-3.6));
#13230=CARTESIAN_POINT('',(-1.65,3.,-3.6));
#13231=CARTESIAN_POINT('',(-0.85,3.,-3.6));
#13232=CARTESIAN_POINT('',(-0.65,3.,-3.6));
#13233=CARTESIAN_POINT('',(0.150000000000001,3.,-3.6));
#13234=CARTESIAN_POINT('',(0.35,3.,-3.6));
#13235=CARTESIAN_POINT('',(1.15,3.,-3.6));
#13236=CARTESIAN_POINT('',(1.35,3.,-3.6));
#13237=CARTESIAN_POINT('',(2.15,3.,-3.6));
#13238=CARTESIAN_POINT('',(2.35,3.,-3.6));
#13239=CARTESIAN_POINT('',(1.35,1.,-3.6));
#13240=CARTESIAN_POINT('',(0.35,1.,-3.6));
#13241=CARTESIAN_POINT('',(-0.65,1.,-3.6));
#13242=CARTESIAN_POINT('',(-1.65,1.,-3.6));
#13243=CARTESIAN_POINT('',(-2.35,1.,-3.6));
#13244=CARTESIAN_POINT('',(-2.35,1.,-3.6));
#13245=CARTESIAN_POINT('',(0.,1.,0.));
#13246=CARTESIAN_POINT('',(-1.85,3.,-3.6));
#13247=CARTESIAN_POINT('',(-1.65,3.,-6.09));
#13248=CARTESIAN_POINT('',(0.,1.,0.));
#13249=CARTESIAN_POINT('',(-0.85,3.,-3.6));
#13250=CARTESIAN_POINT('',(-0.65,3.,-6.09));
#13251=CARTESIAN_POINT('',(0.,1.,0.));
#13252=CARTESIAN_POINT('',(0.150000000000001,3.,-3.6));
#13253=CARTESIAN_POINT('',(0.35,3.,-6.09));
#13254=CARTESIAN_POINT('',(0.,1.,0.));
#13255=CARTESIAN_POINT('',(1.15,3.,-3.6));
#13256=CARTESIAN_POINT('',(1.35,3.,-6.09));
#13257=CARTESIAN_POINT('',(0.,1.,0.));
#13258=CARTESIAN_POINT('',(2.15,3.,-3.6));
#13259=CARTESIAN_POINT('',(2.35,3.,-6.09));
#13260=CARTESIAN_POINT('',(0.,0.,0.));
#13261=MECHANICAL_DESIGN_GEOMETRIC_PRESENTATION_REPRESENTATION('',(#7118,
#7119,#7120,#7121,#7122,#7123,#7124,#7125,#7126,#7127,#7128,#7129,#7130,
#7131,#7132,#7133,#7134,#7135,#7136,#7137,#7138,#7139,#7140,#7141,#7142,
#7143,#7144,#7145,#7146,#7147,#7148,#7149,#7150,#7151,#7152,#7153,#7154,
#7155,#7156,#7157,#7158,#7159,#7160,#7161,#7162,#7163,#7164,#7165,#7166,
#7167,#7168,#7169,#7170,#7171,#7172,#7173,#7174,#7175,#7176,#7177,#7178,
#7179,#7180,#7181,#7182,#7183,#7184,#7185,#7186,#7187,#7188,#7189,#7190,
#7191,#7192,#7193,#7194,#7195,#7196,#7197,#7198,#7199,#7200,#7201,#7202,
#7203,#7204,#7205,#7206,#7207,#7208,#7209,#7210,#7211,#7212,#7213,#7214,
#7215,#7216,#7217,#7218,#7219,#7220,#7221,#7222,#7223,#7224,#7225,#7226,
#7227,#7228,#7229,#7230,#7231,#7232,#7233,#7234,#7235,#7236,#7237,#7238,
#7239,#7240,#7241,#7242,#7243,#7244,#7245,#7246,#7247,#7248,#7249,#7250,
#7251,#7252,#7253,#7254,#7255,#7256,#7257,#7258,#7259,#7260,#7261,#7262,
#7263,#7264,#7265,#7266,#7267,#7268,#7269,#7270,#7271,#7272,#7273,#7274,
#7275,#7276,#7277,#7278,#7279,#7280,#7281,#7282,#7283,#7284,#7285,#7286,
#7287,#7288,#7289,#7290,#7291,#7292,#7293,#7294,#7295,#7296,#7297,#7298,
#7299,#7300,#7301,#7302,#7303,#7304,#7305,#7306,#7307,#7308,#7309,#7310,
#7311,#7312,#7313),#13262);
#13262=(
GEOMETRIC_REPRESENTATION_CONTEXT(3)
GLOBAL_UNCERTAINTY_ASSIGNED_CONTEXT((#13265))
GLOBAL_UNIT_ASSIGNED_CONTEXT((#13270,#13269,#13268))
REPRESENTATION_CONTEXT('ZF5S-10-03-T-WT','TOP_LEVEL_ASSEMBLY_PART')
);
#13263=(
GEOMETRIC_REPRESENTATION_CONTEXT(3)
GLOBAL_UNCERTAINTY_ASSIGNED_CONTEXT((#13266))
GLOBAL_UNIT_ASSIGNED_CONTEXT((#13270,#13269,#13268))
REPRESENTATION_CONTEXT('ZF5S-10-03-WT_socket','COMPONENT_PART')
);
#13264=(
GEOMETRIC_REPRESENTATION_CONTEXT(3)
GLOBAL_UNCERTAINTY_ASSIGNED_CONTEXT((#13267))
GLOBAL_UNIT_ASSIGNED_CONTEXT((#13270,#13269,#13268))
REPRESENTATION_CONTEXT('C-297-10-03_pins','COMPONENT_PART')
);
#13265=UNCERTAINTY_MEASURE_WITH_UNIT(LENGTH_MEASURE(0.005),#13270,
'DISTANCE_ACCURACY_VALUE','Maximum Tolerance applied to model');
#13266=UNCERTAINTY_MEASURE_WITH_UNIT(LENGTH_MEASURE(0.005),#13270,
'DISTANCE_ACCURACY_VALUE','Maximum Tolerance applied to model');
#13267=UNCERTAINTY_MEASURE_WITH_UNIT(LENGTH_MEASURE(0.005),#13270,
'DISTANCE_ACCURACY_VALUE','Maximum Tolerance applied to model');
#13268=(
NAMED_UNIT(*)
SI_UNIT($,.STERADIAN.)
SOLID_ANGLE_UNIT()
);
#13269=(
NAMED_UNIT(*)
PLANE_ANGLE_UNIT()
SI_UNIT($,.RADIAN.)
);
#13270=(
LENGTH_UNIT()
NAMED_UNIT(*)
SI_UNIT(.MILLI.,.METRE.)
);
#13271=PRODUCT_DEFINITION_SHAPE('','',#13276);
#13272=PRODUCT_DEFINITION_SHAPE('','',#13277);
#13273=PRODUCT_DEFINITION_SHAPE(' ','NAUO PRDDFN',#20);
#13274=PRODUCT_DEFINITION_SHAPE('','',#13278);
#13275=PRODUCT_DEFINITION_SHAPE(' ','NAUO PRDDFN',#21);
#13276=PRODUCT_DEFINITION('','',#13282,#13279);
#13277=PRODUCT_DEFINITION('','',#13283,#13280);
#13278=PRODUCT_DEFINITION('','',#13284,#13281);
#13279=PRODUCT_DEFINITION_CONTEXT('',#13298,'design');
#13280=PRODUCT_DEFINITION_CONTEXT('',#13298,'design');
#13281=PRODUCT_DEFINITION_CONTEXT('',#13298,'design');
#13282=PRODUCT_DEFINITION_FORMATION_WITH_SPECIFIED_SOURCE('','',#13288,
 .NOT_KNOWN.);
#13283=PRODUCT_DEFINITION_FORMATION_WITH_SPECIFIED_SOURCE('','',#13289,
 .NOT_KNOWN.);
#13284=PRODUCT_DEFINITION_FORMATION_WITH_SPECIFIED_SOURCE('','',#13290,
 .NOT_KNOWN.);
#13285=PRODUCT_RELATED_PRODUCT_CATEGORY('','',(#13288));
#13286=PRODUCT_RELATED_PRODUCT_CATEGORY('','',(#13289));
#13287=PRODUCT_RELATED_PRODUCT_CATEGORY('','',(#13290));
#13288=PRODUCT('ZF5S-10-03-T-WT','ZF5S-10-03-T-WT','ZF5S-10-03-T-WT',(#13294));
#13289=PRODUCT('ZF5S-10-03-WT_socket','ZF5S-10-03-WT_socket',
'ZF5S-10-03-WT_socket',(#13295));
#13290=PRODUCT('C-297-10-03_pins','C-297-10-03_pins','C-297-10-03_pins',
(#13296));
#13291=PRODUCT_CATEGORY('','');
#13292=PRODUCT_CATEGORY('','');
#13293=PRODUCT_CATEGORY('','');
#13294=PRODUCT_CONTEXT('',#13298,'mechanical');
#13295=PRODUCT_CONTEXT('',#13298,'mechanical');
#13296=PRODUCT_CONTEXT('',#13298,'mechanical');
#13297=APPLICATION_PROTOCOL_DEFINITION('international standard',
'automotive_design',2010,#13298);
#13298=APPLICATION_CONTEXT(
'core data for automotive mechanical design processes');
ENDSEC;
END-ISO-10303-21;
