ISO-10303-21;
HEADER;
FILE_DESCRIPTION(('STEP AP242'),'1');
FILE_NAME('413631-1.stp','2025-03-26T03:38:04',('TraceParts'),('TraceParts S.A.'),'Spatial InterOp 3D',' ',' ');
FILE_SCHEMA(('AP242_MANAGED_MODEL_BASED_3D_ENGINEERING_MIM_LF  {1 0 10303 442 1 1 4}'));
ENDSEC;
DATA;
#1=PRODUCT_DEFINITION_CONTEXT('',#9,'design');
#2=APPLICATION_PROTOCOL_DEFINITION('INTERNATIONAL STANDARD','ap242_managed_model_based_3d_engineering',2014,#9);
#3=PRODUCT_CATEGORY_RELATIONSHIP('NONE','NONE',#10,#11);
#4=SHAPE_DEFINITION_REPRESENTATION(#12,#13);
#5= (GEOMETRIC_REPRESENTATION_CONTEXT(3)GLOBAL_UNCERTAINTY_ASSIGNED_CONTEXT((#16))GLOBAL_UNIT_ASSIGNED_CONTEXT((#18,#19,#20))REPRESENTATION_CONTEXT('NONE','WORKSPACE'));
#9=APPLICATION_CONTEXT('managed model based 3d engineering');
#10=PRODUCT_CATEGORY('part','NONE');
#11=PRODUCT_RELATED_PRODUCT_CATEGORY('detail',' ',(#22));
#12=PRODUCT_DEFINITION_SHAPE('NONE','NONE',#23);
#13=ADVANCED_BREP_SHAPE_REPRESENTATION('413631-1',(#24,#25),#5);
#16=UNCERTAINTY_MEASURE_WITH_UNIT(LENGTH_MEASURE(1.0E-06),#18,'','');
#18= (CONVERSION_BASED_UNIT('MILLIMETRE',#28)LENGTH_UNIT()NAMED_UNIT(#31));
#19= (NAMED_UNIT(#33)PLANE_ANGLE_UNIT()SI_UNIT($,.RADIAN.));
#20= (NAMED_UNIT(#33)SOLID_ANGLE_UNIT()SI_UNIT($,.STERADIAN.));
#22=PRODUCT('413631-1','413631-1','PART-413631-1-DESC',(#39));
#23=PRODUCT_DEFINITION('','NONE',#40,#1);
#24=MANIFOLD_SOLID_BREP('413631-1',#41);
#25=AXIS2_PLACEMENT_3D('',#42,#43,#44);
#28=LENGTH_MEASURE_WITH_UNIT(LENGTH_MEASURE(1.0),#45);
#31=DIMENSIONAL_EXPONENTS(1.0,0.0,0.0,0.0,0.0,0.0,0.0);
#33=DIMENSIONAL_EXPONENTS(0.0,0.0,0.0,0.0,0.0,0.0,0.0);
#39=PRODUCT_CONTEXT('',#9,'mechanical');
#40=PRODUCT_DEFINITION_FORMATION_WITH_SPECIFIED_SOURCE(' ','NONE',#22,.NOT_KNOWN.);
#41=CLOSED_SHELL('',(#46,#47,#48,#49,#50,#51,#52,#53,#54,#55,#56,#57,#58,#59,#60,#61,#62,#63,#64,#65,#66,#67,#68,#69,#70,#71,#72,#73,#74,#75,#76,#77,#78,#79,#80,#81,#82,#83,#84,#85,#86,#87,#88,#89,#90,#91,#92,#93,#94,#95,#96,#97,#98,#99,#100,#101,#102,#103,#104,#105,#106,#107,#108,#109,#110,#111,#112,#113,#114,#115,#116,#117,#118,#119,#120,#121,#122,#123,#124,#125,#126));
#42=CARTESIAN_POINT('',(0.0,0.0,0.0));
#43=DIRECTION('',(0.0,0.0,1.0));
#44=DIRECTION('',(1.0,0.0,0.0));
#45= (NAMED_UNIT(#31)LENGTH_UNIT()SI_UNIT(.MILLI.,.METRE.));
#46=ADVANCED_FACE('',(#128),#129,.T.);
#47=ADVANCED_FACE('',(#130),#131,.T.);
#48=ADVANCED_FACE('',(#132,#133),#134,.F.);
#49=ADVANCED_FACE('',(#135),#136,.F.);
#50=ADVANCED_FACE('',(#137),#138,.F.);
#51=ADVANCED_FACE('',(#139,#140),#141,.F.);
#52=ADVANCED_FACE('',(#142),#143,.F.);
#53=ADVANCED_FACE('',(#144),#145,.F.);
#54=ADVANCED_FACE('',(#146,#147),#148,.F.);
#55=ADVANCED_FACE('',(#149),#150,.T.);
#56=ADVANCED_FACE('',(#151),#152,.T.);
#57=ADVANCED_FACE('',(#153,#154),#155,.F.);
#58=ADVANCED_FACE('',(#156),#157,.F.);
#59=ADVANCED_FACE('',(#158),#159,.F.);
#60=ADVANCED_FACE('',(#160,#161),#162,.F.);
#61=ADVANCED_FACE('',(#163),#164,.F.);
#62=ADVANCED_FACE('',(#165),#166,.F.);
#63=ADVANCED_FACE('',(#167),#168,.F.);
#64=ADVANCED_FACE('',(#169),#170,.F.);
#65=ADVANCED_FACE('',(#171),#172,.T.);
#66=ADVANCED_FACE('',(#173),#174,.T.);
#67=ADVANCED_FACE('',(#175),#176,.T.);
#68=ADVANCED_FACE('',(#177),#178,.T.);
#69=ADVANCED_FACE('',(#179),#180,.T.);
#70=ADVANCED_FACE('',(#181),#182,.T.);
#71=ADVANCED_FACE('',(#183),#184,.T.);
#72=ADVANCED_FACE('',(#185),#186,.T.);
#73=ADVANCED_FACE('',(#187),#188,.T.);
#74=ADVANCED_FACE('',(#189),#190,.T.);
#75=ADVANCED_FACE('',(#191),#192,.T.);
#76=ADVANCED_FACE('',(#193),#194,.T.);
#77=ADVANCED_FACE('',(#195),#196,.T.);
#78=ADVANCED_FACE('',(#197),#198,.T.);
#79=ADVANCED_FACE('',(#199),#200,.T.);
#80=ADVANCED_FACE('',(#201),#202,.F.);
#81=ADVANCED_FACE('',(#203),#204,.T.);
#82=ADVANCED_FACE('',(#205),#206,.T.);
#83=ADVANCED_FACE('',(#207),#208,.T.);
#84=ADVANCED_FACE('',(#209),#210,.T.);
#85=ADVANCED_FACE('',(#211),#212,.T.);
#86=ADVANCED_FACE('',(#213),#214,.T.);
#87=ADVANCED_FACE('',(#215),#216,.F.);
#88=ADVANCED_FACE('',(#217),#218,.T.);
#89=ADVANCED_FACE('',(#219),#220,.T.);
#90=ADVANCED_FACE('',(#221,#222),#223,.T.);
#91=ADVANCED_FACE('',(#224),#225,.F.);
#92=ADVANCED_FACE('',(#226),#227,.F.);
#93=ADVANCED_FACE('',(#228,#229),#230,.T.);
#94=ADVANCED_FACE('',(#231),#232,.T.);
#95=ADVANCED_FACE('',(#233),#234,.T.);
#96=ADVANCED_FACE('',(#235),#236,.T.);
#97=ADVANCED_FACE('',(#237),#238,.T.);
#98=ADVANCED_FACE('',(#239),#240,.T.);
#99=ADVANCED_FACE('',(#241),#242,.T.);
#100=ADVANCED_FACE('',(#243),#244,.T.);
#101=ADVANCED_FACE('',(#245),#246,.T.);
#102=ADVANCED_FACE('',(#247),#248,.T.);
#103=ADVANCED_FACE('',(#249),#250,.F.);
#104=ADVANCED_FACE('',(#251),#252,.T.);
#105=ADVANCED_FACE('',(#253),#254,.T.);
#106=ADVANCED_FACE('',(#255),#256,.T.);
#107=ADVANCED_FACE('',(#257),#258,.F.);
#108=ADVANCED_FACE('',(#259),#260,.T.);
#109=ADVANCED_FACE('',(#261),#262,.T.);
#110=ADVANCED_FACE('',(#263),#264,.T.);
#111=ADVANCED_FACE('',(#265),#266,.T.);
#112=ADVANCED_FACE('',(#267),#268,.T.);
#113=ADVANCED_FACE('',(#269),#270,.T.);
#114=ADVANCED_FACE('',(#271),#272,.F.);
#115=ADVANCED_FACE('',(#273),#274,.F.);
#116=ADVANCED_FACE('',(#275),#276,.T.);
#117=ADVANCED_FACE('',(#277),#278,.F.);
#118=ADVANCED_FACE('',(#279),#280,.T.);
#119=ADVANCED_FACE('',(#281),#282,.T.);
#120=ADVANCED_FACE('',(#283),#284,.T.);
#121=ADVANCED_FACE('',(#285),#286,.T.);
#122=ADVANCED_FACE('',(#287),#288,.T.);
#123=ADVANCED_FACE('',(#289),#290,.F.);
#124=ADVANCED_FACE('',(#291),#292,.F.);
#125=ADVANCED_FACE('',(#293),#294,.T.);
#126=ADVANCED_FACE('',(#295),#296,.T.);
#128=FACE_OUTER_BOUND('',#297,.T.);
#129=CYLINDRICAL_SURFACE('',#298,5.2578);
#130=FACE_OUTER_BOUND('',#299,.T.);
#131=CYLINDRICAL_SURFACE('',#300,4.826);
#132=FACE_OUTER_BOUND('',#301,.T.);
#133=FACE_BOUND('',#302,.T.);
#134=PLANE('',#303);
#135=FACE_OUTER_BOUND('',#304,.T.);
#136=CYLINDRICAL_SURFACE('',#305,4.064);
#137=FACE_OUTER_BOUND('',#306,.T.);
#138=CYLINDRICAL_SURFACE('',#307,4.064);
#139=FACE_OUTER_BOUND('',#308,.T.);
#140=FACE_BOUND('',#309,.T.);
#141=PLANE('',#310);
#142=FACE_OUTER_BOUND('',#311,.T.);
#143=CYLINDRICAL_SURFACE('',#312,3.556);
#144=FACE_OUTER_BOUND('',#313,.T.);
#145=CYLINDRICAL_SURFACE('',#314,3.556);
#146=FACE_OUTER_BOUND('',#315,.T.);
#147=FACE_BOUND('',#316,.T.);
#148=PLANE('',#317);
#149=FACE_OUTER_BOUND('',#318,.T.);
#150=CYLINDRICAL_SURFACE('',#319,2.3368);
#151=FACE_OUTER_BOUND('',#320,.T.);
#152=CYLINDRICAL_SURFACE('',#321,2.3368);
#153=FACE_OUTER_BOUND('',#322,.T.);
#154=FACE_BOUND('',#323,.T.);
#155=PLANE('',#324);
#156=FACE_OUTER_BOUND('',#325,.T.);
#157=CYLINDRICAL_SURFACE('',#326,1.1049);
#158=FACE_OUTER_BOUND('',#327,.T.);
#159=CYLINDRICAL_SURFACE('',#328,1.1049);
#160=FACE_OUTER_BOUND('',#329,.T.);
#161=FACE_BOUND('',#330,.T.);
#162=PLANE('',#331);
#163=FACE_OUTER_BOUND('',#332,.T.);
#164=CYLINDRICAL_SURFACE('',#333,0.508);
#165=FACE_OUTER_BOUND('',#334,.T.);
#166=CYLINDRICAL_SURFACE('',#335,0.508);
#167=FACE_OUTER_BOUND('',#336,.T.);
#168=PLANE('',#337);
#169=FACE_OUTER_BOUND('',#338,.T.);
#170=PLANE('',#339);
#171=FACE_OUTER_BOUND('',#340,.T.);
#172=CYLINDRICAL_SURFACE('',#341,4.826);
#173=FACE_OUTER_BOUND('',#342,.T.);
#174=CYLINDRICAL_SURFACE('',#343,4.826);
#175=FACE_OUTER_BOUND('',#344,.T.);
#176=CYLINDRICAL_SURFACE('',#345,0.9906);
#177=FACE_OUTER_BOUND('',#346,.T.);
#178=CYLINDRICAL_SURFACE('',#347,0.9906);
#179=FACE_OUTER_BOUND('',#348,.T.);
#180=PLANE('',#349);
#181=FACE_OUTER_BOUND('',#350,.T.);
#182=CYLINDRICAL_SURFACE('',#351,5.2578);
#183=FACE_OUTER_BOUND('',#352,.T.);
#184=PLANE('',#353);
#185=FACE_OUTER_BOUND('',#354,.T.);
#186=PLANE('',#355);
#187=FACE_OUTER_BOUND('',#356,.T.);
#188=PLANE('',#357);
#189=FACE_OUTER_BOUND('',#358,.T.);
#190=PLANE('',#359);
#191=FACE_OUTER_BOUND('',#360,.T.);
#192=PLANE('',#361);
#193=FACE_OUTER_BOUND('',#362,.T.);
#194=PLANE('',#363);
#195=FACE_OUTER_BOUND('',#364,.T.);
#196=PLANE('',#365);
#197=FACE_OUTER_BOUND('',#366,.T.);
#198=PLANE('',#367);
#199=FACE_OUTER_BOUND('',#368,.T.);
#200=PLANE('',#369);
#201=FACE_OUTER_BOUND('',#370,.T.);
#202=CYLINDRICAL_SURFACE('',#371,4.1275);
#203=FACE_OUTER_BOUND('',#372,.T.);
#204=PLANE('',#373);
#205=FACE_OUTER_BOUND('',#374,.T.);
#206=PLANE('',#375);
#207=FACE_OUTER_BOUND('',#376,.T.);
#208=PLANE('',#377);
#209=FACE_OUTER_BOUND('',#378,.T.);
#210=PLANE('',#379);
#211=FACE_OUTER_BOUND('',#380,.T.);
#212=PLANE('',#381);
#213=FACE_OUTER_BOUND('',#382,.T.);
#214=PLANE('',#383);
#215=FACE_OUTER_BOUND('',#384,.T.);
#216=CYLINDRICAL_SURFACE('',#385,4.1275);
#217=FACE_OUTER_BOUND('',#386,.T.);
#218=PLANE('',#387);
#219=FACE_OUTER_BOUND('',#388,.T.);
#220=PLANE('',#389);
#221=FACE_OUTER_BOUND('',#390,.T.);
#222=FACE_BOUND('',#391,.T.);
#223=PLANE('',#392);
#224=FACE_OUTER_BOUND('',#393,.T.);
#225=CYLINDRICAL_SURFACE('',#394,3.556);
#226=FACE_OUTER_BOUND('',#395,.T.);
#227=CYLINDRICAL_SURFACE('',#396,3.556);
#228=FACE_OUTER_BOUND('',#397,.T.);
#229=FACE_BOUND('',#398,.T.);
#230=PLANE('',#399);
#231=FACE_OUTER_BOUND('',#400,.T.);
#232=CYLINDRICAL_SURFACE('',#401,0.4826);
#233=FACE_OUTER_BOUND('',#402,.T.);
#234=CYLINDRICAL_SURFACE('',#403,0.4826);
#235=FACE_OUTER_BOUND('',#404,.T.);
#236=CONICAL_SURFACE('',#405,0.33655,0.6108652381979);
#237=FACE_OUTER_BOUND('',#406,.T.);
#238=CONICAL_SURFACE('',#407,0.33655,0.6108652381979);
#239=FACE_OUTER_BOUND('',#408,.T.);
#240=PLANE('',#409);
#241=FACE_OUTER_BOUND('',#410,.T.);
#242=PLANE('',#411);
#243=FACE_OUTER_BOUND('',#412,.T.);
#244=PLANE('',#413);
#245=FACE_OUTER_BOUND('',#414,.T.);
#246=PLANE('',#415);
#247=FACE_OUTER_BOUND('',#416,.T.);
#248=PLANE('',#417);
#249=FACE_OUTER_BOUND('',#418,.T.);
#250=CYLINDRICAL_SURFACE('',#419,4.1275);
#251=FACE_OUTER_BOUND('',#420,.T.);
#252=PLANE('',#421);
#253=FACE_OUTER_BOUND('',#422,.T.);
#254=PLANE('',#423);
#255=FACE_OUTER_BOUND('',#424,.T.);
#256=PLANE('',#425);
#257=FACE_OUTER_BOUND('',#426,.T.);
#258=PLANE('',#427);
#259=FACE_OUTER_BOUND('',#428,.T.);
#260=PLANE('',#429);
#261=FACE_OUTER_BOUND('',#430,.T.);
#262=CYLINDRICAL_SURFACE('',#431,4.826);
#263=FACE_OUTER_BOUND('',#432,.T.);
#264=CYLINDRICAL_SURFACE('',#433,4.826);
#265=FACE_OUTER_BOUND('',#434,.T.);
#266=PLANE('',#435);
#267=FACE_OUTER_BOUND('',#436,.T.);
#268=CONICAL_SURFACE('',#437,5.0419,0.5235987755982);
#269=FACE_OUTER_BOUND('',#438,.T.);
#270=CONICAL_SURFACE('',#439,5.0419,0.5235987755982);
#271=FACE_OUTER_BOUND('',#440,.T.);
#272=CYLINDRICAL_SURFACE('',#441,4.826);
#273=FACE_OUTER_BOUND('',#442,.T.);
#274=CYLINDRICAL_SURFACE('',#443,4.826);
#275=FACE_OUTER_BOUND('',#444,.T.);
#276=PLANE('',#445);
#277=FACE_OUTER_BOUND('',#446,.T.);
#278=CYLINDRICAL_SURFACE('',#447,4.1275);
#279=FACE_OUTER_BOUND('',#448,.T.);
#280=PLANE('',#449);
#281=FACE_OUTER_BOUND('',#450,.T.);
#282=PLANE('',#451);
#283=FACE_OUTER_BOUND('',#452,.T.);
#284=PLANE('',#453);
#285=FACE_OUTER_BOUND('',#454,.T.);
#286=CYLINDRICAL_SURFACE('',#455,0.9906);
#287=FACE_OUTER_BOUND('',#456,.T.);
#288=CYLINDRICAL_SURFACE('',#457,0.9906);
#289=FACE_OUTER_BOUND('',#458,.T.);
#290=PLANE('',#459);
#291=FACE_OUTER_BOUND('',#460,.T.);
#292=PLANE('',#461);
#293=FACE_OUTER_BOUND('',#462,.T.);
#294=PLANE('',#463);
#295=FACE_OUTER_BOUND('',#464,.T.);
#296=PLANE('',#465);
#297=EDGE_LOOP('',(#466,#467,#468,#469,#470,#471,#472,#473,#474,#475,#476,#477,#478,#479,#480,#481,#482,#483,#484,#485,#486));
#298=AXIS2_PLACEMENT_3D('',#487,#488,#489);
#299=EDGE_LOOP('',(#490,#491,#492,#493,#494,#495,#496,#497,#498,#499,#500,#501,#502,#503,#504,#505,#506,#507,#508));
#300=AXIS2_PLACEMENT_3D('',#509,#510,#511);
#301=EDGE_LOOP('',(#512,#513,#514,#515,#516,#517));
#302=EDGE_LOOP('',(#518,#519));
#303=AXIS2_PLACEMENT_3D('',#520,#521,#522);
#304=EDGE_LOOP('',(#523,#524,#525,#526));
#305=AXIS2_PLACEMENT_3D('',#527,#528,#529);
#306=EDGE_LOOP('',(#530,#531,#532,#533));
#307=AXIS2_PLACEMENT_3D('',#534,#535,#536);
#308=EDGE_LOOP('',(#537,#538));
#309=EDGE_LOOP('',(#539,#540));
#310=AXIS2_PLACEMENT_3D('',#541,#542,#543);
#311=EDGE_LOOP('',(#544,#545,#546,#547));
#312=AXIS2_PLACEMENT_3D('',#548,#549,#550);
#313=EDGE_LOOP('',(#551,#552,#553,#554));
#314=AXIS2_PLACEMENT_3D('',#555,#556,#557);
#315=EDGE_LOOP('',(#558,#559));
#316=EDGE_LOOP('',(#560,#561));
#317=AXIS2_PLACEMENT_3D('',#562,#563,#564);
#318=EDGE_LOOP('',(#565,#566,#567,#568));
#319=AXIS2_PLACEMENT_3D('',#569,#570,#571);
#320=EDGE_LOOP('',(#572,#573,#574,#575));
#321=AXIS2_PLACEMENT_3D('',#576,#577,#578);
#322=EDGE_LOOP('',(#579,#580));
#323=EDGE_LOOP('',(#581,#582));
#324=AXIS2_PLACEMENT_3D('',#583,#584,#585);
#325=EDGE_LOOP('',(#586,#587,#588,#589));
#326=AXIS2_PLACEMENT_3D('',#590,#591,#592);
#327=EDGE_LOOP('',(#593,#594,#595,#596));
#328=AXIS2_PLACEMENT_3D('',#597,#598,#599);
#329=EDGE_LOOP('',(#600,#601));
#330=EDGE_LOOP('',(#602,#603));
#331=AXIS2_PLACEMENT_3D('',#604,#605,#606);
#332=EDGE_LOOP('',(#607,#608,#609,#610));
#333=AXIS2_PLACEMENT_3D('',#611,#612,#613);
#334=EDGE_LOOP('',(#614,#615,#616,#617));
#335=AXIS2_PLACEMENT_3D('',#618,#619,#620);
#336=EDGE_LOOP('',(#621,#622));
#337=AXIS2_PLACEMENT_3D('',#623,#624,#625);
#338=EDGE_LOOP('',(#626,#627,#628,#629));
#339=AXIS2_PLACEMENT_3D('',#630,#631,#632);
#340=EDGE_LOOP('',(#633,#634,#635,#636));
#341=AXIS2_PLACEMENT_3D('',#637,#638,#639);
#342=EDGE_LOOP('',(#640,#641,#642,#643,#644,#645,#646,#647,#648,#649,#650,#651,#652,#653,#654,#655,#656));
#343=AXIS2_PLACEMENT_3D('',#657,#658,#659);
#344=EDGE_LOOP('',(#660,#661,#662,#663));
#345=AXIS2_PLACEMENT_3D('',#664,#665,#666);
#346=EDGE_LOOP('',(#667,#668,#669,#670));
#347=AXIS2_PLACEMENT_3D('',#671,#672,#673);
#348=EDGE_LOOP('',(#674,#675));
#349=AXIS2_PLACEMENT_3D('',#676,#677,#678);
#350=EDGE_LOOP('',(#679,#680,#681,#682,#683,#684,#685,#686,#687,#688,#689,#690,#691,#692,#693,#694,#695,#696,#697,#698,#699));
#351=AXIS2_PLACEMENT_3D('',#700,#701,#702);
#352=EDGE_LOOP('',(#703,#704,#705,#706));
#353=AXIS2_PLACEMENT_3D('',#707,#708,#709);
#354=EDGE_LOOP('',(#710,#711,#712,#713));
#355=AXIS2_PLACEMENT_3D('',#714,#715,#716);
#356=EDGE_LOOP('',(#717,#718,#719,#720));
#357=AXIS2_PLACEMENT_3D('',#721,#722,#723);
#358=EDGE_LOOP('',(#724,#725,#726,#727));
#359=AXIS2_PLACEMENT_3D('',#728,#729,#730);
#360=EDGE_LOOP('',(#731,#732,#733,#734));
#361=AXIS2_PLACEMENT_3D('',#735,#736,#737);
#362=EDGE_LOOP('',(#738,#739,#740,#741));
#363=AXIS2_PLACEMENT_3D('',#742,#743,#744);
#364=EDGE_LOOP('',(#745,#746,#747,#748));
#365=AXIS2_PLACEMENT_3D('',#749,#750,#751);
#366=EDGE_LOOP('',(#752,#753,#754,#755));
#367=AXIS2_PLACEMENT_3D('',#756,#757,#758);
#368=EDGE_LOOP('',(#759,#760,#761,#762));
#369=AXIS2_PLACEMENT_3D('',#763,#764,#765);
#370=EDGE_LOOP('',(#766,#767,#768,#769,#770,#771,#772,#773));
#371=AXIS2_PLACEMENT_3D('',#774,#775,#776);
#372=EDGE_LOOP('',(#777,#778,#779,#780));
#373=AXIS2_PLACEMENT_3D('',#781,#782,#783);
#374=EDGE_LOOP('',(#784,#785,#786,#787));
#375=AXIS2_PLACEMENT_3D('',#788,#789,#790);
#376=EDGE_LOOP('',(#791,#792,#793,#794));
#377=AXIS2_PLACEMENT_3D('',#795,#796,#797);
#378=EDGE_LOOP('',(#798,#799,#800,#801));
#379=AXIS2_PLACEMENT_3D('',#802,#803,#804);
#380=EDGE_LOOP('',(#805,#806,#807,#808));
#381=AXIS2_PLACEMENT_3D('',#809,#810,#811);
#382=EDGE_LOOP('',(#812,#813,#814,#815));
#383=AXIS2_PLACEMENT_3D('',#816,#817,#818);
#384=EDGE_LOOP('',(#819,#820,#821,#822,#823,#824,#825,#826));
#385=AXIS2_PLACEMENT_3D('',#827,#828,#829);
#386=EDGE_LOOP('',(#830,#831,#832,#833));
#387=AXIS2_PLACEMENT_3D('',#834,#835,#836);
#388=EDGE_LOOP('',(#837,#838,#839,#840));
#389=AXIS2_PLACEMENT_3D('',#841,#842,#843);
#390=EDGE_LOOP('',(#844,#845,#846,#847,#848,#849,#850,#851,#852,#853,#854,#855,#856,#857,#858,#859,#860,#861,#862));
#391=EDGE_LOOP('',(#863,#864));
#392=AXIS2_PLACEMENT_3D('',#865,#866,#867);
#393=EDGE_LOOP('',(#868,#869,#870,#871));
#394=AXIS2_PLACEMENT_3D('',#872,#873,#874);
#395=EDGE_LOOP('',(#875,#876,#877,#878));
#396=AXIS2_PLACEMENT_3D('',#879,#880,#881);
#397=EDGE_LOOP('',(#882,#883));
#398=EDGE_LOOP('',(#884,#885));
#399=AXIS2_PLACEMENT_3D('',#886,#887,#888);
#400=EDGE_LOOP('',(#889,#890,#891,#892));
#401=AXIS2_PLACEMENT_3D('',#893,#894,#895);
#402=EDGE_LOOP('',(#896,#897,#898,#899));
#403=AXIS2_PLACEMENT_3D('',#900,#901,#902);
#404=EDGE_LOOP('',(#903,#904,#905,#906));
#405=AXIS2_PLACEMENT_3D('',#907,#908,#909);
#406=EDGE_LOOP('',(#910,#911,#912,#913));
#407=AXIS2_PLACEMENT_3D('',#914,#915,#916);
#408=EDGE_LOOP('',(#917,#918));
#409=AXIS2_PLACEMENT_3D('',#919,#920,#921);
#410=EDGE_LOOP('',(#922,#923,#924,#925));
#411=AXIS2_PLACEMENT_3D('',#926,#927,#928);
#412=EDGE_LOOP('',(#929,#930,#931,#932));
#413=AXIS2_PLACEMENT_3D('',#933,#934,#935);
#414=EDGE_LOOP('',(#936,#937,#938,#939));
#415=AXIS2_PLACEMENT_3D('',#940,#941,#942);
#416=EDGE_LOOP('',(#943,#944,#945,#946));
#417=AXIS2_PLACEMENT_3D('',#947,#948,#949);
#418=EDGE_LOOP('',(#950,#951,#952,#953,#954,#955,#956,#957));
#419=AXIS2_PLACEMENT_3D('',#958,#959,#960);
#420=EDGE_LOOP('',(#961,#962,#963,#964));
#421=AXIS2_PLACEMENT_3D('',#965,#966,#967);
#422=EDGE_LOOP('',(#968,#969,#970,#971));
#423=AXIS2_PLACEMENT_3D('',#972,#973,#974);
#424=EDGE_LOOP('',(#975,#976,#977,#978));
#425=AXIS2_PLACEMENT_3D('',#979,#980,#981);
#426=EDGE_LOOP('',(#982,#983,#984,#985,#986,#987,#988));
#427=AXIS2_PLACEMENT_3D('',#989,#990,#991);
#428=EDGE_LOOP('',(#992,#993,#994,#995));
#429=AXIS2_PLACEMENT_3D('',#996,#997,#998);
#430=EDGE_LOOP('',(#999,#1000,#1001));
#431=AXIS2_PLACEMENT_3D('',#1002,#1003,#1004);
#432=EDGE_LOOP('',(#1005,#1006,#1007));
#433=AXIS2_PLACEMENT_3D('',#1008,#1009,#1010);
#434=EDGE_LOOP('',(#1011,#1012,#1013,#1014));
#435=AXIS2_PLACEMENT_3D('',#1015,#1016,#1017);
#436=EDGE_LOOP('',(#1018,#1019,#1020,#1021,#1022));
#437=AXIS2_PLACEMENT_3D('',#1023,#1024,#1025);
#438=EDGE_LOOP('',(#1026,#1027,#1028,#1029,#1030));
#439=AXIS2_PLACEMENT_3D('',#1031,#1032,#1033);
#440=EDGE_LOOP('',(#1034,#1035,#1036));
#441=AXIS2_PLACEMENT_3D('',#1037,#1038,#1039);
#442=EDGE_LOOP('',(#1040,#1041,#1042));
#443=AXIS2_PLACEMENT_3D('',#1043,#1044,#1045);
#444=EDGE_LOOP('',(#1046,#1047,#1048,#1049));
#445=AXIS2_PLACEMENT_3D('',#1050,#1051,#1052);
#446=EDGE_LOOP('',(#1053,#1054,#1055,#1056,#1057,#1058,#1059,#1060));
#447=AXIS2_PLACEMENT_3D('',#1061,#1062,#1063);
#448=EDGE_LOOP('',(#1064,#1065,#1066,#1067));
#449=AXIS2_PLACEMENT_3D('',#1068,#1069,#1070);
#450=EDGE_LOOP('',(#1071,#1072,#1073,#1074));
#451=AXIS2_PLACEMENT_3D('',#1075,#1076,#1077);
#452=EDGE_LOOP('',(#1078,#1079,#1080,#1081));
#453=AXIS2_PLACEMENT_3D('',#1082,#1083,#1084);
#454=EDGE_LOOP('',(#1085,#1086,#1087,#1088));
#455=AXIS2_PLACEMENT_3D('',#1089,#1090,#1091);
#456=EDGE_LOOP('',(#1092,#1093,#1094,#1095));
#457=AXIS2_PLACEMENT_3D('',#1096,#1097,#1098);
#458=EDGE_LOOP('',(#1099,#1100));
#459=AXIS2_PLACEMENT_3D('',#1101,#1102,#1103);
#460=EDGE_LOOP('',(#1104,#1105,#1106,#1107));
#461=AXIS2_PLACEMENT_3D('',#1108,#1109,#1110);
#462=EDGE_LOOP('',(#1111,#1112));
#463=AXIS2_PLACEMENT_3D('',#1113,#1114,#1115);
#464=EDGE_LOOP('',(#1116,#1117));
#465=AXIS2_PLACEMENT_3D('',#1118,#1119,#1120);
#466=ORIENTED_EDGE('',*,*,#1121,.F.);
#467=ORIENTED_EDGE('',*,*,#1122,.T.);
#468=ORIENTED_EDGE('',*,*,#1123,.F.);
#469=ORIENTED_EDGE('',*,*,#1124,.T.);
#470=ORIENTED_EDGE('',*,*,#1125,.F.);
#471=ORIENTED_EDGE('',*,*,#1126,.T.);
#472=ORIENTED_EDGE('',*,*,#1127,.F.);
#473=ORIENTED_EDGE('',*,*,#1128,.T.);
#474=ORIENTED_EDGE('',*,*,#1129,.F.);
#475=ORIENTED_EDGE('',*,*,#1130,.F.);
#476=ORIENTED_EDGE('',*,*,#1131,.F.);
#477=ORIENTED_EDGE('',*,*,#1132,.F.);
#478=ORIENTED_EDGE('',*,*,#1133,.F.);
#479=ORIENTED_EDGE('',*,*,#1134,.T.);
#480=ORIENTED_EDGE('',*,*,#1135,.F.);
#481=ORIENTED_EDGE('',*,*,#1136,.T.);
#482=ORIENTED_EDGE('',*,*,#1137,.F.);
#483=ORIENTED_EDGE('',*,*,#1138,.F.);
#484=ORIENTED_EDGE('',*,*,#1139,.F.);
#485=ORIENTED_EDGE('',*,*,#1140,.F.);
#486=ORIENTED_EDGE('',*,*,#1141,.F.);
#487=CARTESIAN_POINT('',(0.0,1.309804515644,-22.6314));
#488=DIRECTION('',(0.0,1.0,-0.0));
#489=DIRECTION('',(0.0,0.0,1.0));
#490=ORIENTED_EDGE('',*,*,#1142,.F.);
#491=ORIENTED_EDGE('',*,*,#1143,.F.);
#492=ORIENTED_EDGE('',*,*,#1144,.F.);
#493=ORIENTED_EDGE('',*,*,#1145,.F.);
#494=ORIENTED_EDGE('',*,*,#1146,.T.);
#495=ORIENTED_EDGE('',*,*,#1147,.T.);
#496=ORIENTED_EDGE('',*,*,#1148,.T.);
#497=ORIENTED_EDGE('',*,*,#1149,.F.);
#498=ORIENTED_EDGE('',*,*,#1150,.T.);
#499=ORIENTED_EDGE('',*,*,#1151,.T.);
#500=ORIENTED_EDGE('',*,*,#1152,.F.);
#501=ORIENTED_EDGE('',*,*,#1153,.T.);
#502=ORIENTED_EDGE('',*,*,#1154,.F.);
#503=ORIENTED_EDGE('',*,*,#1155,.F.);
#504=ORIENTED_EDGE('',*,*,#1156,.F.);
#505=ORIENTED_EDGE('',*,*,#1157,.F.);
#506=ORIENTED_EDGE('',*,*,#1158,.F.);
#507=ORIENTED_EDGE('',*,*,#1159,.T.);
#508=ORIENTED_EDGE('',*,*,#1160,.T.);
#509=CARTESIAN_POINT('',(0.0,0.0,0.0));
#510=DIRECTION('',(-0.0,0.0,1.0));
#511=DIRECTION('',(0.0,1.0,0.0));
#512=ORIENTED_EDGE('',*,*,#1146,.F.);
#513=ORIENTED_EDGE('',*,*,#1161,.F.);
#514=ORIENTED_EDGE('',*,*,#1162,.F.);
#515=ORIENTED_EDGE('',*,*,#1163,.F.);
#516=ORIENTED_EDGE('',*,*,#1150,.F.);
#517=ORIENTED_EDGE('',*,*,#1164,.F.);
#518=ORIENTED_EDGE('',*,*,#1165,.T.);
#519=ORIENTED_EDGE('',*,*,#1166,.T.);
#520=CARTESIAN_POINT('',(0.0,0.0,0.0));
#521=DIRECTION('',(0.0,0.0,-1.0));
#522=DIRECTION('',(0.0,-1.0,0.0));
#523=ORIENTED_EDGE('',*,*,#1167,.F.);
#524=ORIENTED_EDGE('',*,*,#1168,.T.);
#525=ORIENTED_EDGE('',*,*,#1169,.T.);
#526=ORIENTED_EDGE('',*,*,#1166,.F.);
#527=CARTESIAN_POINT('',(0.0,0.0,0.42926));
#528=DIRECTION('',(-0.0,0.0,1.0));
#529=DIRECTION('',(1.0,0.0,0.0));
#530=ORIENTED_EDGE('',*,*,#1169,.F.);
#531=ORIENTED_EDGE('',*,*,#1170,.F.);
#532=ORIENTED_EDGE('',*,*,#1167,.T.);
#533=ORIENTED_EDGE('',*,*,#1165,.F.);
#534=CARTESIAN_POINT('',(0.0,0.0,0.42926));
#535=DIRECTION('',(-0.0,0.0,1.0));
#536=DIRECTION('',(1.0,0.0,0.0));
#537=ORIENTED_EDGE('',*,*,#1168,.F.);
#538=ORIENTED_EDGE('',*,*,#1170,.T.);
#539=ORIENTED_EDGE('',*,*,#1171,.F.);
#540=ORIENTED_EDGE('',*,*,#1172,.T.);
#541=CARTESIAN_POINT('',(0.0,0.0,-8.4074));
#542=DIRECTION('',(0.0,0.0,-1.0));
#543=DIRECTION('',(0.0,-1.0,0.0));
#544=ORIENTED_EDGE('',*,*,#1173,.T.);
#545=ORIENTED_EDGE('',*,*,#1174,.T.);
#546=ORIENTED_EDGE('',*,*,#1172,.F.);
#547=ORIENTED_EDGE('',*,*,#1175,.F.);
#548=CARTESIAN_POINT('',(0.0,0.0,0.42926));
#549=DIRECTION('',(-0.0,0.0,1.0));
#550=DIRECTION('',(1.0,0.0,0.0));
#551=ORIENTED_EDGE('',*,*,#1171,.T.);
#552=ORIENTED_EDGE('',*,*,#1174,.F.);
#553=ORIENTED_EDGE('',*,*,#1176,.F.);
#554=ORIENTED_EDGE('',*,*,#1175,.T.);
#555=CARTESIAN_POINT('',(0.0,0.0,0.42926));
#556=DIRECTION('',(-0.0,0.0,1.0));
#557=DIRECTION('',(1.0,0.0,0.0));
#558=ORIENTED_EDGE('',*,*,#1173,.F.);
#559=ORIENTED_EDGE('',*,*,#1176,.T.);
#560=ORIENTED_EDGE('',*,*,#1177,.F.);
#561=ORIENTED_EDGE('',*,*,#1178,.T.);
#562=CARTESIAN_POINT('',(0.0,0.0,-8.5852));
#563=DIRECTION('',(0.0,0.0,-1.0));
#564=DIRECTION('',(0.0,-1.0,0.0));
#565=ORIENTED_EDGE('',*,*,#1179,.T.);
#566=ORIENTED_EDGE('',*,*,#1180,.T.);
#567=ORIENTED_EDGE('',*,*,#1178,.F.);
#568=ORIENTED_EDGE('',*,*,#1181,.F.);
#569=CARTESIAN_POINT('',(0.0,0.0,0.42926));
#570=DIRECTION('',(-0.0,0.0,1.0));
#571=DIRECTION('',(1.0,0.0,0.0));
#572=ORIENTED_EDGE('',*,*,#1177,.T.);
#573=ORIENTED_EDGE('',*,*,#1180,.F.);
#574=ORIENTED_EDGE('',*,*,#1182,.F.);
#575=ORIENTED_EDGE('',*,*,#1181,.T.);
#576=CARTESIAN_POINT('',(0.0,0.0,0.42926));
#577=DIRECTION('',(-0.0,0.0,1.0));
#578=DIRECTION('',(1.0,0.0,0.0));
#579=ORIENTED_EDGE('',*,*,#1179,.F.);
#580=ORIENTED_EDGE('',*,*,#1182,.T.);
#581=ORIENTED_EDGE('',*,*,#1183,.F.);
#582=ORIENTED_EDGE('',*,*,#1184,.T.);
#583=CARTESIAN_POINT('',(0.0,0.0,-3.3782));
#584=DIRECTION('',(0.0,0.0,-1.0));
#585=DIRECTION('',(0.0,-1.0,0.0));
#586=ORIENTED_EDGE('',*,*,#1185,.T.);
#587=ORIENTED_EDGE('',*,*,#1186,.T.);
#588=ORIENTED_EDGE('',*,*,#1184,.F.);
#589=ORIENTED_EDGE('',*,*,#1187,.F.);
#590=CARTESIAN_POINT('',(0.0,0.0,0.42926));
#591=DIRECTION('',(-0.0,0.0,1.0));
#592=DIRECTION('',(1.0,0.0,0.0));
#593=ORIENTED_EDGE('',*,*,#1183,.T.);
#594=ORIENTED_EDGE('',*,*,#1186,.F.);
#595=ORIENTED_EDGE('',*,*,#1188,.F.);
#596=ORIENTED_EDGE('',*,*,#1187,.T.);
#597=CARTESIAN_POINT('',(0.0,0.0,0.42926));
#598=DIRECTION('',(-0.0,0.0,1.0));
#599=DIRECTION('',(1.0,0.0,0.0));
#600=ORIENTED_EDGE('',*,*,#1185,.F.);
#601=ORIENTED_EDGE('',*,*,#1188,.T.);
#602=ORIENTED_EDGE('',*,*,#1189,.F.);
#603=ORIENTED_EDGE('',*,*,#1190,.T.);
#604=CARTESIAN_POINT('',(0.0,0.0,-3.429));
#605=DIRECTION('',(0.0,0.0,-1.0));
#606=DIRECTION('',(0.0,-1.0,0.0));
#607=ORIENTED_EDGE('',*,*,#1191,.T.);
#608=ORIENTED_EDGE('',*,*,#1192,.T.);
#609=ORIENTED_EDGE('',*,*,#1190,.F.);
#610=ORIENTED_EDGE('',*,*,#1193,.F.);
#611=CARTESIAN_POINT('',(0.0,0.0,0.42926));
#612=DIRECTION('',(-0.0,0.0,1.0));
#613=DIRECTION('',(1.0,0.0,0.0));
#614=ORIENTED_EDGE('',*,*,#1189,.T.);
#615=ORIENTED_EDGE('',*,*,#1192,.F.);
#616=ORIENTED_EDGE('',*,*,#1194,.F.);
#617=ORIENTED_EDGE('',*,*,#1193,.T.);
#618=CARTESIAN_POINT('',(0.0,0.0,0.42926));
#619=DIRECTION('',(-0.0,0.0,1.0));
#620=DIRECTION('',(1.0,0.0,0.0));
#621=ORIENTED_EDGE('',*,*,#1191,.F.);
#622=ORIENTED_EDGE('',*,*,#1194,.T.);
#623=CARTESIAN_POINT('',(0.0,0.0,-4.428998));
#624=DIRECTION('',(0.0,0.0,-1.0));
#625=DIRECTION('',(0.0,-1.0,0.0));
#626=ORIENTED_EDGE('',*,*,#1149,.T.);
#627=ORIENTED_EDGE('',*,*,#1195,.F.);
#628=ORIENTED_EDGE('',*,*,#1147,.F.);
#629=ORIENTED_EDGE('',*,*,#1164,.T.);
#630=CARTESIAN_POINT('',(4.6609,1.251513959171,0.0));
#631=DIRECTION('',(-1.0,0.0,0.0));
#632=DIRECTION('',(0.0,0.0,1.0));
#633=ORIENTED_EDGE('',*,*,#1142,.T.);
#634=ORIENTED_EDGE('',*,*,#1196,.T.);
#635=ORIENTED_EDGE('',*,*,#1197,.T.);
#636=ORIENTED_EDGE('',*,*,#1198,.T.);
#637=CARTESIAN_POINT('',(0.0,0.0,0.0));
#638=DIRECTION('',(-0.0,0.0,1.0));
#639=DIRECTION('',(0.0,1.0,0.0));
#640=ORIENTED_EDGE('',*,*,#1163,.T.);
#641=ORIENTED_EDGE('',*,*,#1199,.T.);
#642=ORIENTED_EDGE('',*,*,#1200,.T.);
#643=ORIENTED_EDGE('',*,*,#1201,.F.);
#644=ORIENTED_EDGE('',*,*,#1161,.T.);
#645=ORIENTED_EDGE('',*,*,#1145,.T.);
#646=ORIENTED_EDGE('',*,*,#1202,.F.);
#647=ORIENTED_EDGE('',*,*,#1143,.T.);
#648=ORIENTED_EDGE('',*,*,#1198,.F.);
#649=ORIENTED_EDGE('',*,*,#1203,.F.);
#650=ORIENTED_EDGE('',*,*,#1204,.F.);
#651=ORIENTED_EDGE('',*,*,#1205,.F.);
#652=ORIENTED_EDGE('',*,*,#1206,.F.);
#653=ORIENTED_EDGE('',*,*,#1122,.F.);
#654=ORIENTED_EDGE('',*,*,#1153,.F.);
#655=ORIENTED_EDGE('',*,*,#1207,.F.);
#656=ORIENTED_EDGE('',*,*,#1151,.F.);
#657=CARTESIAN_POINT('',(0.0,0.0,0.0));
#658=DIRECTION('',(-0.0,0.0,1.0));
#659=DIRECTION('',(0.0,1.0,0.0));
#660=ORIENTED_EDGE('',*,*,#1208,.F.);
#661=ORIENTED_EDGE('',*,*,#1209,.T.);
#662=ORIENTED_EDGE('',*,*,#1210,.T.);
#663=ORIENTED_EDGE('',*,*,#1207,.T.);
#664=CARTESIAN_POINT('',(0.0,6.06298,-4.2418));
#665=DIRECTION('',(0.0,1.0,-0.0));
#666=DIRECTION('',(0.0,0.0,1.0));
#667=ORIENTED_EDGE('',*,*,#1210,.F.);
#668=ORIENTED_EDGE('',*,*,#1211,.F.);
#669=ORIENTED_EDGE('',*,*,#1208,.T.);
#670=ORIENTED_EDGE('',*,*,#1152,.T.);
#671=CARTESIAN_POINT('',(0.0,6.06298,-4.2418));
#672=DIRECTION('',(0.0,1.0,-0.0));
#673=DIRECTION('',(0.0,0.0,1.0));
#674=ORIENTED_EDGE('',*,*,#1209,.F.);
#675=ORIENTED_EDGE('',*,*,#1211,.T.);
#676=CARTESIAN_POINT('',(0.0,-5.5118,-4.2418));
#677=DIRECTION('',(0.0,-1.0,0.0));
#678=DIRECTION('',(0.0,0.0,-1.0));
#679=ORIENTED_EDGE('',*,*,#1121,.T.);
#680=ORIENTED_EDGE('',*,*,#1212,.F.);
#681=ORIENTED_EDGE('',*,*,#1213,.T.);
#682=ORIENTED_EDGE('',*,*,#1214,.F.);
#683=ORIENTED_EDGE('',*,*,#1215,.T.);
#684=ORIENTED_EDGE('',*,*,#1216,.F.);
#685=ORIENTED_EDGE('',*,*,#1217,.F.);
#686=ORIENTED_EDGE('',*,*,#1218,.F.);
#687=ORIENTED_EDGE('',*,*,#1219,.F.);
#688=ORIENTED_EDGE('',*,*,#1220,.F.);
#689=ORIENTED_EDGE('',*,*,#1221,.T.);
#690=ORIENTED_EDGE('',*,*,#1222,.F.);
#691=ORIENTED_EDGE('',*,*,#1223,.T.);
#692=ORIENTED_EDGE('',*,*,#1224,.F.);
#693=ORIENTED_EDGE('',*,*,#1225,.F.);
#694=ORIENTED_EDGE('',*,*,#1226,.F.);
#695=ORIENTED_EDGE('',*,*,#1227,.F.);
#696=ORIENTED_EDGE('',*,*,#1228,.F.);
#697=ORIENTED_EDGE('',*,*,#1229,.F.);
#698=ORIENTED_EDGE('',*,*,#1230,.T.);
#699=ORIENTED_EDGE('',*,*,#1154,.T.);
#700=CARTESIAN_POINT('',(0.0,1.309804515644,-22.6314));
#701=DIRECTION('',(0.0,1.0,-0.0));
#702=DIRECTION('',(0.0,0.0,1.0));
#703=ORIENTED_EDGE('',*,*,#1231,.T.);
#704=ORIENTED_EDGE('',*,*,#1232,.T.);
#705=ORIENTED_EDGE('',*,*,#1139,.T.);
#706=ORIENTED_EDGE('',*,*,#1233,.F.);
#707=CARTESIAN_POINT('',(0.0,-6.1468,0.0));
#708=DIRECTION('',(0.0,-1.0,0.0));
#709=DIRECTION('',(0.0,0.0,-1.0));
#710=ORIENTED_EDGE('',*,*,#1135,.T.);
#711=ORIENTED_EDGE('',*,*,#1234,.T.);
#712=ORIENTED_EDGE('',*,*,#1235,.T.);
#713=ORIENTED_EDGE('',*,*,#1236,.F.);
#714=CARTESIAN_POINT('',(0.0,-6.1468,0.0));
#715=DIRECTION('',(0.0,-1.0,0.0));
#716=DIRECTION('',(0.0,0.0,-1.0));
#717=ORIENTED_EDGE('',*,*,#1237,.T.);
#718=ORIENTED_EDGE('',*,*,#1238,.T.);
#719=ORIENTED_EDGE('',*,*,#1218,.T.);
#720=ORIENTED_EDGE('',*,*,#1239,.F.);
#721=CARTESIAN_POINT('',(0.0,-6.1468,0.0));
#722=DIRECTION('',(0.0,-1.0,0.0));
#723=DIRECTION('',(0.0,0.0,-1.0));
#724=ORIENTED_EDGE('',*,*,#1214,.T.);
#725=ORIENTED_EDGE('',*,*,#1240,.T.);
#726=ORIENTED_EDGE('',*,*,#1241,.T.);
#727=ORIENTED_EDGE('',*,*,#1242,.F.);
#728=CARTESIAN_POINT('',(0.0,-6.1468,0.0));
#729=DIRECTION('',(0.0,-1.0,0.0));
#730=DIRECTION('',(0.0,0.0,-1.0));
#731=ORIENTED_EDGE('',*,*,#1243,.T.);
#732=ORIENTED_EDGE('',*,*,#1244,.T.);
#733=ORIENTED_EDGE('',*,*,#1131,.T.);
#734=ORIENTED_EDGE('',*,*,#1245,.F.);
#735=CARTESIAN_POINT('',(0.0,-6.1468,0.0));
#736=DIRECTION('',(0.0,-1.0,0.0));
#737=DIRECTION('',(0.0,0.0,-1.0));
#738=ORIENTED_EDGE('',*,*,#1127,.T.);
#739=ORIENTED_EDGE('',*,*,#1246,.T.);
#740=ORIENTED_EDGE('',*,*,#1247,.T.);
#741=ORIENTED_EDGE('',*,*,#1248,.F.);
#742=CARTESIAN_POINT('',(0.0,-6.1468,0.0));
#743=DIRECTION('',(0.0,-1.0,0.0));
#744=DIRECTION('',(0.0,0.0,-1.0));
#745=ORIENTED_EDGE('',*,*,#1249,.T.);
#746=ORIENTED_EDGE('',*,*,#1250,.T.);
#747=ORIENTED_EDGE('',*,*,#1226,.T.);
#748=ORIENTED_EDGE('',*,*,#1251,.F.);
#749=CARTESIAN_POINT('',(0.0,-6.1468,0.0));
#750=DIRECTION('',(0.0,-1.0,0.0));
#751=DIRECTION('',(0.0,0.0,-1.0));
#752=ORIENTED_EDGE('',*,*,#1222,.T.);
#753=ORIENTED_EDGE('',*,*,#1252,.T.);
#754=ORIENTED_EDGE('',*,*,#1253,.T.);
#755=ORIENTED_EDGE('',*,*,#1254,.F.);
#756=CARTESIAN_POINT('',(0.0,-6.1468,0.0));
#757=DIRECTION('',(0.0,-1.0,0.0));
#758=DIRECTION('',(0.0,0.0,-1.0));
#759=ORIENTED_EDGE('',*,*,#1138,.T.);
#760=ORIENTED_EDGE('',*,*,#1255,.F.);
#761=ORIENTED_EDGE('',*,*,#1256,.F.);
#762=ORIENTED_EDGE('',*,*,#1233,.T.);
#763=CARTESIAN_POINT('',(-2.434824156224,-6.1468,-19.29855023167));
#764=DIRECTION('',(0.707106781186548,0.0,0.707106781186548));
#765=DIRECTION('',(0.0,-1.0,0.0));
#766=ORIENTED_EDGE('',*,*,#1257,.F.);
#767=ORIENTED_EDGE('',*,*,#1258,.F.);
#768=ORIENTED_EDGE('',*,*,#1259,.T.);
#769=ORIENTED_EDGE('',*,*,#1231,.F.);
#770=ORIENTED_EDGE('',*,*,#1256,.T.);
#771=ORIENTED_EDGE('',*,*,#1260,.F.);
#772=ORIENTED_EDGE('',*,*,#1261,.F.);
#773=ORIENTED_EDGE('',*,*,#1235,.F.);
#774=CARTESIAN_POINT('',(0.0,-5.3848,-22.6314));
#775=DIRECTION('',(0.0,1.0,0.0));
#776=DIRECTION('',(0.0,0.0,-1.0));
#777=ORIENTED_EDGE('',*,*,#1261,.T.);
#778=ORIENTED_EDGE('',*,*,#1262,.F.);
#779=ORIENTED_EDGE('',*,*,#1136,.F.);
#780=ORIENTED_EDGE('',*,*,#1236,.T.);
#781=CARTESIAN_POINT('',(-4.139624939562,-6.1468,-19.38980067254));
#782=DIRECTION('',(-0.707106781186548,0.0,-0.707106781186548));
#783=DIRECTION('',(-0.707106781186548,0.0,0.707106781186548));
#784=ORIENTED_EDGE('',*,*,#1137,.T.);
#785=ORIENTED_EDGE('',*,*,#1262,.T.);
#786=ORIENTED_EDGE('',*,*,#1260,.T.);
#787=ORIENTED_EDGE('',*,*,#1255,.T.);
#788=CARTESIAN_POINT('',(0.0,-9.4742,0.0));
#789=DIRECTION('',(0.0,-1.0,0.0));
#790=DIRECTION('',(0.0,0.0,-1.0));
#791=ORIENTED_EDGE('',*,*,#1216,.T.);
#792=ORIENTED_EDGE('',*,*,#1263,.T.);
#793=ORIENTED_EDGE('',*,*,#1264,.T.);
#794=ORIENTED_EDGE('',*,*,#1265,.T.);
#795=CARTESIAN_POINT('',(0.0,-9.4742,0.0));
#796=DIRECTION('',(0.0,-1.0,0.0));
#797=DIRECTION('',(0.0,0.0,-1.0));
#798=ORIENTED_EDGE('',*,*,#1129,.T.);
#799=ORIENTED_EDGE('',*,*,#1266,.T.);
#800=ORIENTED_EDGE('',*,*,#1267,.T.);
#801=ORIENTED_EDGE('',*,*,#1268,.T.);
#802=CARTESIAN_POINT('',(0.0,-9.4742,0.0));
#803=DIRECTION('',(0.0,-1.0,0.0));
#804=DIRECTION('',(0.0,0.0,-1.0));
#805=ORIENTED_EDGE('',*,*,#1224,.T.);
#806=ORIENTED_EDGE('',*,*,#1269,.T.);
#807=ORIENTED_EDGE('',*,*,#1270,.T.);
#808=ORIENTED_EDGE('',*,*,#1271,.T.);
#809=CARTESIAN_POINT('',(0.0,-9.4742,0.0));
#810=DIRECTION('',(0.0,-1.0,0.0));
#811=DIRECTION('',(0.0,0.0,-1.0));
#812=ORIENTED_EDGE('',*,*,#1217,.T.);
#813=ORIENTED_EDGE('',*,*,#1265,.F.);
#814=ORIENTED_EDGE('',*,*,#1272,.F.);
#815=ORIENTED_EDGE('',*,*,#1239,.T.);
#816=CARTESIAN_POINT('',(3.332849768331,-6.1468,-20.19657584378));
#817=DIRECTION('',(0.707106781186548,0.0,-0.707106781186548));
#818=DIRECTION('',(0.0,-1.0,0.0));
#819=ORIENTED_EDGE('',*,*,#1273,.F.);
#820=ORIENTED_EDGE('',*,*,#1274,.F.);
#821=ORIENTED_EDGE('',*,*,#1275,.T.);
#822=ORIENTED_EDGE('',*,*,#1237,.F.);
#823=ORIENTED_EDGE('',*,*,#1272,.T.);
#824=ORIENTED_EDGE('',*,*,#1264,.F.);
#825=ORIENTED_EDGE('',*,*,#1276,.F.);
#826=ORIENTED_EDGE('',*,*,#1241,.F.);
#827=CARTESIAN_POINT('',(0.0,-5.3848,-22.6314));
#828=DIRECTION('',(0.0,1.0,0.0));
#829=DIRECTION('',(0.0,0.0,-1.0));
#830=ORIENTED_EDGE('',*,*,#1276,.T.);
#831=ORIENTED_EDGE('',*,*,#1263,.F.);
#832=ORIENTED_EDGE('',*,*,#1215,.F.);
#833=ORIENTED_EDGE('',*,*,#1242,.T.);
#834=CARTESIAN_POINT('',(3.241599327455,-6.1468,-18.49177506044));
#835=DIRECTION('',(-0.707106781186498,0.0,0.707106781186598));
#836=DIRECTION('',(0.0,1.0,0.0));
#837=ORIENTED_EDGE('',*,*,#1219,.T.);
#838=ORIENTED_EDGE('',*,*,#1238,.F.);
#839=ORIENTED_EDGE('',*,*,#1275,.F.);
#840=ORIENTED_EDGE('',*,*,#1277,.T.);
#841=CARTESIAN_POINT('',(3.816608851454,-5.3848,-21.05985517881));
#842=DIRECTION('',(0.707106781186498,0.0,-0.707106781186598));
#843=DIRECTION('',(0.0,-1.0,0.0));
#844=ORIENTED_EDGE('',*,*,#1133,.T.);
#845=ORIENTED_EDGE('',*,*,#1278,.F.);
#846=ORIENTED_EDGE('',*,*,#1279,.T.);
#847=ORIENTED_EDGE('',*,*,#1280,.F.);
#848=ORIENTED_EDGE('',*,*,#1125,.T.);
#849=ORIENTED_EDGE('',*,*,#1281,.F.);
#850=ORIENTED_EDGE('',*,*,#1228,.T.);
#851=ORIENTED_EDGE('',*,*,#1282,.F.);
#852=ORIENTED_EDGE('',*,*,#1283,.T.);
#853=ORIENTED_EDGE('',*,*,#1284,.F.);
#854=ORIENTED_EDGE('',*,*,#1220,.T.);
#855=ORIENTED_EDGE('',*,*,#1277,.F.);
#856=ORIENTED_EDGE('',*,*,#1274,.T.);
#857=ORIENTED_EDGE('',*,*,#1285,.F.);
#858=ORIENTED_EDGE('',*,*,#1212,.T.);
#859=ORIENTED_EDGE('',*,*,#1141,.T.);
#860=ORIENTED_EDGE('',*,*,#1286,.F.);
#861=ORIENTED_EDGE('',*,*,#1258,.T.);
#862=ORIENTED_EDGE('',*,*,#1287,.F.);
#863=ORIENTED_EDGE('',*,*,#1288,.F.);
#864=ORIENTED_EDGE('',*,*,#1289,.F.);
#865=CARTESIAN_POINT('',(0.0,-5.3848,-22.6314));
#866=DIRECTION('',(0.0,-1.0,0.0));
#867=DIRECTION('',(0.0,0.0,-1.0));
#868=ORIENTED_EDGE('',*,*,#1290,.T.);
#869=ORIENTED_EDGE('',*,*,#1291,.F.);
#870=ORIENTED_EDGE('',*,*,#1292,.F.);
#871=ORIENTED_EDGE('',*,*,#1289,.T.);
#872=CARTESIAN_POINT('',(0.0,-5.3848,-22.6314));
#873=DIRECTION('',(0.0,1.0,0.0));
#874=DIRECTION('',(0.0,0.0,-1.0));
#875=ORIENTED_EDGE('',*,*,#1292,.T.);
#876=ORIENTED_EDGE('',*,*,#1293,.F.);
#877=ORIENTED_EDGE('',*,*,#1290,.F.);
#878=ORIENTED_EDGE('',*,*,#1288,.T.);
#879=CARTESIAN_POINT('',(0.0,-5.3848,-22.6314));
#880=DIRECTION('',(0.0,1.0,0.0));
#881=DIRECTION('',(0.0,0.0,-1.0));
#882=ORIENTED_EDGE('',*,*,#1293,.T.);
#883=ORIENTED_EDGE('',*,*,#1291,.T.);
#884=ORIENTED_EDGE('',*,*,#1294,.T.);
#885=ORIENTED_EDGE('',*,*,#1295,.T.);
#886=CARTESIAN_POINT('',(0.0,-5.1308,0.0));
#887=DIRECTION('',(0.0,-1.0,0.0));
#888=DIRECTION('',(0.0,0.0,-1.0));
#889=ORIENTED_EDGE('',*,*,#1296,.T.);
#890=ORIENTED_EDGE('',*,*,#1297,.T.);
#891=ORIENTED_EDGE('',*,*,#1295,.F.);
#892=ORIENTED_EDGE('',*,*,#1298,.T.);
#893=CARTESIAN_POINT('',(0.0,1.309804515644,-22.6314));
#894=DIRECTION('',(0.0,1.0,-0.0));
#895=DIRECTION('',(0.0,0.0,1.0));
#896=ORIENTED_EDGE('',*,*,#1299,.F.);
#897=ORIENTED_EDGE('',*,*,#1298,.F.);
#898=ORIENTED_EDGE('',*,*,#1294,.F.);
#899=ORIENTED_EDGE('',*,*,#1297,.F.);
#900=CARTESIAN_POINT('',(0.0,1.309804515644,-22.6314));
#901=DIRECTION('',(0.0,1.0,-0.0));
#902=DIRECTION('',(0.0,0.0,1.0));
#903=ORIENTED_EDGE('',*,*,#1299,.T.);
#904=ORIENTED_EDGE('',*,*,#1300,.F.);
#905=ORIENTED_EDGE('',*,*,#1301,.F.);
#906=ORIENTED_EDGE('',*,*,#1302,.T.);
#907=CARTESIAN_POINT('',(0.0,-10.28161898362,-22.6314));
#908=DIRECTION('',(-0.0,1.0,0.0));
#909=DIRECTION('',(0.0,0.0,-1.0));
#910=ORIENTED_EDGE('',*,*,#1303,.T.);
#911=ORIENTED_EDGE('',*,*,#1300,.T.);
#912=ORIENTED_EDGE('',*,*,#1296,.F.);
#913=ORIENTED_EDGE('',*,*,#1302,.F.);
#914=CARTESIAN_POINT('',(0.0,-10.28161898362,-22.6314));
#915=DIRECTION('',(-0.0,1.0,0.0));
#916=DIRECTION('',(0.0,0.0,-1.0));
#917=ORIENTED_EDGE('',*,*,#1301,.T.);
#918=ORIENTED_EDGE('',*,*,#1303,.F.);
#919=CARTESIAN_POINT('',(0.0,-10.4902,-22.6314));
#920=DIRECTION('',(0.0,-1.0,0.0));
#921=DIRECTION('',(0.0,0.0,-1.0));
#922=ORIENTED_EDGE('',*,*,#1257,.T.);
#923=ORIENTED_EDGE('',*,*,#1234,.F.);
#924=ORIENTED_EDGE('',*,*,#1134,.F.);
#925=ORIENTED_EDGE('',*,*,#1287,.T.);
#926=CARTESIAN_POINT('',(-4.666844684044,-5.3848,-20.20961934622));
#927=DIRECTION('',(-0.707106781186498,0.0,-0.707106781186598));
#928=DIRECTION('',(-0.707106781186598,0.0,0.707106781186498));
#929=ORIENTED_EDGE('',*,*,#1140,.T.);
#930=ORIENTED_EDGE('',*,*,#1232,.F.);
#931=ORIENTED_EDGE('',*,*,#1259,.F.);
#932=ORIENTED_EDGE('',*,*,#1286,.T.);
#933=CARTESIAN_POINT('',(-1.571544821187,-5.3848,-18.81479114855));
#934=DIRECTION('',(0.707106781186548,0.0,0.707106781186548));
#935=DIRECTION('',(0.0,-1.0,0.0));
#936=ORIENTED_EDGE('',*,*,#1273,.T.);
#937=ORIENTED_EDGE('',*,*,#1240,.F.);
#938=ORIENTED_EDGE('',*,*,#1213,.F.);
#939=ORIENTED_EDGE('',*,*,#1285,.T.);
#940=CARTESIAN_POINT('',(2.421780653777,-5.3848,-17.96455531596));
#941=DIRECTION('',(-0.707106781186548,0.0,0.707106781186548));
#942=DIRECTION('',(0.0,1.0,0.0));
#943=ORIENTED_EDGE('',*,*,#1304,.T.);
#944=ORIENTED_EDGE('',*,*,#1252,.F.);
#945=ORIENTED_EDGE('',*,*,#1221,.F.);
#946=ORIENTED_EDGE('',*,*,#1284,.T.);
#947=CARTESIAN_POINT('',(4.666844684044,-5.3848,-25.05318065378));
#948=DIRECTION('',(0.707106781186548,0.0,0.707106781186548));
#949=DIRECTION('',(0.0,-1.0,0.0));
#950=ORIENTED_EDGE('',*,*,#1304,.F.);
#951=ORIENTED_EDGE('',*,*,#1283,.F.);
#952=ORIENTED_EDGE('',*,*,#1305,.T.);
#953=ORIENTED_EDGE('',*,*,#1249,.F.);
#954=ORIENTED_EDGE('',*,*,#1306,.T.);
#955=ORIENTED_EDGE('',*,*,#1270,.F.);
#956=ORIENTED_EDGE('',*,*,#1307,.F.);
#957=ORIENTED_EDGE('',*,*,#1253,.F.);
#958=CARTESIAN_POINT('',(0.0,-5.3848,-22.6314));
#959=DIRECTION('',(0.0,1.0,0.0));
#960=DIRECTION('',(0.0,0.0,-1.0));
#961=ORIENTED_EDGE('',*,*,#1307,.T.);
#962=ORIENTED_EDGE('',*,*,#1269,.F.);
#963=ORIENTED_EDGE('',*,*,#1223,.F.);
#964=ORIENTED_EDGE('',*,*,#1254,.T.);
#965=CARTESIAN_POINT('',(4.139624939562,-6.1468,-25.87299932746));
#966=DIRECTION('',(0.707106781186548,0.0,0.707106781186548));
#967=DIRECTION('',(0.0,-1.0,0.0));
#968=ORIENTED_EDGE('',*,*,#1225,.T.);
#969=ORIENTED_EDGE('',*,*,#1271,.F.);
#970=ORIENTED_EDGE('',*,*,#1306,.F.);
#971=ORIENTED_EDGE('',*,*,#1251,.T.);
#972=CARTESIAN_POINT('',(2.434824156224,-6.1468,-25.96424976833));
#973=DIRECTION('',(-0.707106781186498,0.0,-0.707106781186598));
#974=DIRECTION('',(-0.707106781186598,0.0,0.707106781186498));
#975=ORIENTED_EDGE('',*,*,#1227,.T.);
#976=ORIENTED_EDGE('',*,*,#1250,.F.);
#977=ORIENTED_EDGE('',*,*,#1305,.F.);
#978=ORIENTED_EDGE('',*,*,#1282,.T.);
#979=CARTESIAN_POINT('',(1.571544821187,-5.3848,-26.44800885145));
#980=DIRECTION('',(-0.707106781186548,0.0,-0.707106781186548));
#981=DIRECTION('',(-0.707106781186548,0.0,0.707106781186548));
#982=ORIENTED_EDGE('',*,*,#1281,.T.);
#983=ORIENTED_EDGE('',*,*,#1124,.F.);
#984=ORIENTED_EDGE('',*,*,#1308,.T.);
#985=ORIENTED_EDGE('',*,*,#1196,.F.);
#986=ORIENTED_EDGE('',*,*,#1160,.F.);
#987=ORIENTED_EDGE('',*,*,#1309,.F.);
#988=ORIENTED_EDGE('',*,*,#1229,.T.);
#989=CARTESIAN_POINT('',(1.614449255938,-5.3848,-27.6352));
#990=DIRECTION('',(0.0,0.0,1.0));
#991=DIRECTION('',(1.0,0.0,0.0));
#992=ORIENTED_EDGE('',*,*,#1310,.F.);
#993=ORIENTED_EDGE('',*,*,#1309,.T.);
#994=ORIENTED_EDGE('',*,*,#1159,.F.);
#995=ORIENTED_EDGE('',*,*,#1311,.T.);
#996=CARTESIAN_POINT('',(1.614449255938,0.0,-27.17934784491));
#997=DIRECTION('',(1.0,0.0,0.0));
#998=DIRECTION('',(0.0,1.0,0.0));
#999=ORIENTED_EDGE('',*,*,#1312,.F.);
#1000=ORIENTED_EDGE('',*,*,#1203,.T.);
#1001=ORIENTED_EDGE('',*,*,#1313,.T.);
#1002=CARTESIAN_POINT('',(0.0,0.0,-22.6314));
#1003=DIRECTION('',(0.0,1.0,0.0));
#1004=DIRECTION('',(0.0,0.0,-1.0));
#1005=ORIENTED_EDGE('',*,*,#1158,.T.);
#1006=ORIENTED_EDGE('',*,*,#1314,.F.);
#1007=ORIENTED_EDGE('',*,*,#1311,.F.);
#1008=CARTESIAN_POINT('',(0.0,0.0,-22.6314));
#1009=DIRECTION('',(0.0,1.0,0.0));
#1010=DIRECTION('',(0.0,0.0,-1.0));
#1011=ORIENTED_EDGE('',*,*,#1197,.F.);
#1012=ORIENTED_EDGE('',*,*,#1308,.F.);
#1013=ORIENTED_EDGE('',*,*,#1315,.F.);
#1014=ORIENTED_EDGE('',*,*,#1313,.F.);
#1015=CARTESIAN_POINT('',(-1.614449255938,0.0,-27.6352));
#1016=DIRECTION('',(-1.0,0.0,0.0));
#1017=DIRECTION('',(0.0,0.0,1.0));
#1018=ORIENTED_EDGE('',*,*,#1123,.T.);
#1019=ORIENTED_EDGE('',*,*,#1206,.T.);
#1020=ORIENTED_EDGE('',*,*,#1316,.F.);
#1021=ORIENTED_EDGE('',*,*,#1312,.T.);
#1022=ORIENTED_EDGE('',*,*,#1315,.T.);
#1023=CARTESIAN_POINT('',(0.0,0.3739497693541,-22.6314));
#1024=DIRECTION('',(-0.0,-1.0,0.0));
#1025=DIRECTION('',(0.0,0.0,1.0));
#1026=ORIENTED_EDGE('',*,*,#1314,.T.);
#1027=ORIENTED_EDGE('',*,*,#1317,.T.);
#1028=ORIENTED_EDGE('',*,*,#1155,.T.);
#1029=ORIENTED_EDGE('',*,*,#1230,.F.);
#1030=ORIENTED_EDGE('',*,*,#1310,.T.);
#1031=CARTESIAN_POINT('',(0.0,0.3739497693541,-22.6314));
#1032=DIRECTION('',(-0.0,-1.0,0.0));
#1033=DIRECTION('',(0.0,0.0,1.0));
#1034=ORIENTED_EDGE('',*,*,#1316,.T.);
#1035=ORIENTED_EDGE('',*,*,#1205,.T.);
#1036=ORIENTED_EDGE('',*,*,#1204,.T.);
#1037=CARTESIAN_POINT('',(0.0,1.309804515644,-22.6314));
#1038=DIRECTION('',(0.0,1.0,-0.0));
#1039=DIRECTION('',(0.0,0.0,1.0));
#1040=ORIENTED_EDGE('',*,*,#1156,.T.);
#1041=ORIENTED_EDGE('',*,*,#1317,.F.);
#1042=ORIENTED_EDGE('',*,*,#1157,.T.);
#1043=CARTESIAN_POINT('',(0.0,1.309804515644,-22.6314));
#1044=DIRECTION('',(0.0,1.0,-0.0));
#1045=DIRECTION('',(0.0,0.0,1.0));
#1046=ORIENTED_EDGE('',*,*,#1318,.T.);
#1047=ORIENTED_EDGE('',*,*,#1246,.F.);
#1048=ORIENTED_EDGE('',*,*,#1126,.F.);
#1049=ORIENTED_EDGE('',*,*,#1280,.T.);
#1050=CARTESIAN_POINT('',(-2.421780653777,-5.3848,-27.29824468404));
#1051=DIRECTION('',(0.707106781186548,0.0,-0.707106781186548));
#1052=DIRECTION('',(0.0,-1.0,0.0));
#1053=ORIENTED_EDGE('',*,*,#1318,.F.);
#1054=ORIENTED_EDGE('',*,*,#1279,.F.);
#1055=ORIENTED_EDGE('',*,*,#1319,.T.);
#1056=ORIENTED_EDGE('',*,*,#1243,.F.);
#1057=ORIENTED_EDGE('',*,*,#1320,.T.);
#1058=ORIENTED_EDGE('',*,*,#1267,.F.);
#1059=ORIENTED_EDGE('',*,*,#1321,.F.);
#1060=ORIENTED_EDGE('',*,*,#1247,.F.);
#1061=CARTESIAN_POINT('',(0.0,-5.3848,-22.6314));
#1062=DIRECTION('',(0.0,1.0,0.0));
#1063=DIRECTION('',(0.0,0.0,-1.0));
#1064=ORIENTED_EDGE('',*,*,#1321,.T.);
#1065=ORIENTED_EDGE('',*,*,#1266,.F.);
#1066=ORIENTED_EDGE('',*,*,#1128,.F.);
#1067=ORIENTED_EDGE('',*,*,#1248,.T.);
#1068=CARTESIAN_POINT('',(-3.241599327455,-6.1468,-26.77102493956));
#1069=DIRECTION('',(0.707106781186548,0.0,-0.707106781186548));
#1070=DIRECTION('',(0.0,-1.0,0.0));
#1071=ORIENTED_EDGE('',*,*,#1130,.T.);
#1072=ORIENTED_EDGE('',*,*,#1268,.F.);
#1073=ORIENTED_EDGE('',*,*,#1320,.F.);
#1074=ORIENTED_EDGE('',*,*,#1245,.T.);
#1075=CARTESIAN_POINT('',(-3.332849768331,-6.1468,-25.06622415622));
#1076=DIRECTION('',(-0.707106781186548,0.0,0.707106781186548));
#1077=DIRECTION('',(0.0,1.0,0.0));
#1078=ORIENTED_EDGE('',*,*,#1132,.T.);
#1079=ORIENTED_EDGE('',*,*,#1244,.F.);
#1080=ORIENTED_EDGE('',*,*,#1319,.F.);
#1081=ORIENTED_EDGE('',*,*,#1278,.T.);
#1082=CARTESIAN_POINT('',(-3.816608851454,-5.3848,-24.20294482119));
#1083=DIRECTION('',(-0.707106781186548,0.0,0.707106781186548));
#1084=DIRECTION('',(0.0,1.0,0.0));
#1085=ORIENTED_EDGE('',*,*,#1322,.T.);
#1086=ORIENTED_EDGE('',*,*,#1323,.F.);
#1087=ORIENTED_EDGE('',*,*,#1324,.F.);
#1088=ORIENTED_EDGE('',*,*,#1202,.T.);
#1089=CARTESIAN_POINT('',(0.0,6.06298,-4.2418));
#1090=DIRECTION('',(0.0,1.0,-0.0));
#1091=DIRECTION('',(0.0,0.0,1.0));
#1092=ORIENTED_EDGE('',*,*,#1324,.T.);
#1093=ORIENTED_EDGE('',*,*,#1325,.T.);
#1094=ORIENTED_EDGE('',*,*,#1322,.F.);
#1095=ORIENTED_EDGE('',*,*,#1144,.T.);
#1096=CARTESIAN_POINT('',(0.0,6.06298,-4.2418));
#1097=DIRECTION('',(0.0,1.0,-0.0));
#1098=DIRECTION('',(0.0,0.0,1.0));
#1099=ORIENTED_EDGE('',*,*,#1325,.F.);
#1100=ORIENTED_EDGE('',*,*,#1323,.T.);
#1101=CARTESIAN_POINT('',(0.0,5.5118,-4.2418));
#1102=DIRECTION('',(0.0,-1.0,0.0));
#1103=DIRECTION('',(0.0,0.0,-1.0));
#1104=ORIENTED_EDGE('',*,*,#1201,.T.);
#1105=ORIENTED_EDGE('',*,*,#1326,.F.);
#1106=ORIENTED_EDGE('',*,*,#1199,.F.);
#1107=ORIENTED_EDGE('',*,*,#1162,.T.);
#1108=CARTESIAN_POINT('',(-4.6609,-1.251513959171,0.0));
#1109=DIRECTION('',(1.0,0.0,0.0));
#1110=DIRECTION('',(0.0,1.0,0.0));
#1111=ORIENTED_EDGE('',*,*,#1195,.T.);
#1112=ORIENTED_EDGE('',*,*,#1148,.F.);
#1113=CARTESIAN_POINT('',(0.0,0.0,-19.05));
#1114=DIRECTION('',(0.0,0.0,1.0));
#1115=DIRECTION('',(1.0,0.0,0.0));
#1116=ORIENTED_EDGE('',*,*,#1326,.T.);
#1117=ORIENTED_EDGE('',*,*,#1200,.F.);
#1118=CARTESIAN_POINT('',(0.0,0.0,-19.05));
#1119=DIRECTION('',(0.0,0.0,1.0));
#1120=DIRECTION('',(1.0,0.0,0.0));
#1121=EDGE_CURVE('',#1327,#1328,#1329,.T.);
#1122=EDGE_CURVE('',#1327,#1330,#1331,.T.);
#1123=EDGE_CURVE('',#1332,#1330,#1333,.T.);
#1124=EDGE_CURVE('',#1332,#1334,#1335,.T.);
#1125=EDGE_CURVE('',#1336,#1334,#1337,.T.);
#1126=EDGE_CURVE('',#1336,#1338,#1339,.T.);
#1127=EDGE_CURVE('',#1340,#1338,#1341,.T.);
#1128=EDGE_CURVE('',#1340,#1342,#1343,.T.);
#1129=EDGE_CURVE('',#1344,#1342,#1345,.T.);
#1130=EDGE_CURVE('',#1346,#1344,#1347,.T.);
#1131=EDGE_CURVE('',#1348,#1346,#1349,.T.);
#1132=EDGE_CURVE('',#1350,#1348,#1351,.T.);
#1133=EDGE_CURVE('',#1352,#1350,#1353,.T.);
#1134=EDGE_CURVE('',#1352,#1354,#1355,.T.);
#1135=EDGE_CURVE('',#1356,#1354,#1357,.T.);
#1136=EDGE_CURVE('',#1356,#1358,#1359,.T.);
#1137=EDGE_CURVE('',#1360,#1358,#1361,.T.);
#1138=EDGE_CURVE('',#1362,#1360,#1363,.T.);
#1139=EDGE_CURVE('',#1364,#1362,#1365,.T.);
#1140=EDGE_CURVE('',#1366,#1364,#1367,.T.);
#1141=EDGE_CURVE('',#1328,#1366,#1368,.T.);
#1142=EDGE_CURVE('',#1369,#1370,#1371,.T.);
#1143=EDGE_CURVE('',#1372,#1369,#1373,.T.);
#1144=EDGE_CURVE('',#1374,#1372,#1375,.T.);
#1145=EDGE_CURVE('',#1376,#1374,#1377,.T.);
#1146=EDGE_CURVE('',#1376,#1378,#1379,.T.);
#1147=EDGE_CURVE('',#1378,#1380,#1381,.T.);
#1148=EDGE_CURVE('',#1380,#1382,#1383,.T.);
#1149=EDGE_CURVE('',#1384,#1382,#1385,.T.);
#1150=EDGE_CURVE('',#1384,#1386,#1387,.T.);
#1151=EDGE_CURVE('',#1386,#1388,#1389,.T.);
#1152=EDGE_CURVE('',#1390,#1388,#1391,.T.);
#1153=EDGE_CURVE('',#1390,#1327,#1392,.T.);
#1154=EDGE_CURVE('',#1393,#1327,#1394,.T.);
#1155=EDGE_CURVE('',#1395,#1393,#1396,.T.);
#1156=EDGE_CURVE('',#1397,#1395,#1398,.T.);
#1157=EDGE_CURVE('',#1399,#1397,#1400,.T.);
#1158=EDGE_CURVE('',#1401,#1399,#1402,.T.);
#1159=EDGE_CURVE('',#1401,#1403,#1404,.T.);
#1160=EDGE_CURVE('',#1403,#1370,#1405,.T.);
#1161=EDGE_CURVE('',#1406,#1376,#1407,.T.);
#1162=EDGE_CURVE('',#1408,#1406,#1409,.T.);
#1163=EDGE_CURVE('',#1386,#1408,#1410,.T.);
#1164=EDGE_CURVE('',#1378,#1384,#1411,.T.);
#1165=EDGE_CURVE('',#1412,#1413,#1414,.T.);
#1166=EDGE_CURVE('',#1413,#1412,#1415,.T.);
#1167=EDGE_CURVE('',#1416,#1413,#1417,.T.);
#1168=EDGE_CURVE('',#1416,#1418,#1419,.T.);
#1169=EDGE_CURVE('',#1418,#1412,#1420,.T.);
#1170=EDGE_CURVE('',#1416,#1418,#1421,.T.);
#1171=EDGE_CURVE('',#1422,#1423,#1424,.T.);
#1172=EDGE_CURVE('',#1422,#1423,#1425,.T.);
#1173=EDGE_CURVE('',#1426,#1427,#1428,.T.);
#1174=EDGE_CURVE('',#1427,#1423,#1429,.T.);
#1175=EDGE_CURVE('',#1426,#1422,#1430,.T.);
#1176=EDGE_CURVE('',#1426,#1427,#1431,.T.);
#1177=EDGE_CURVE('',#1432,#1433,#1434,.T.);
#1178=EDGE_CURVE('',#1432,#1433,#1435,.T.);
#1179=EDGE_CURVE('',#1436,#1437,#1438,.T.);
#1180=EDGE_CURVE('',#1437,#1433,#1439,.T.);
#1181=EDGE_CURVE('',#1436,#1432,#1440,.T.);
#1182=EDGE_CURVE('',#1436,#1437,#1441,.T.);
#1183=EDGE_CURVE('',#1442,#1443,#1444,.T.);
#1184=EDGE_CURVE('',#1442,#1443,#1445,.T.);
#1185=EDGE_CURVE('',#1446,#1447,#1448,.T.);
#1186=EDGE_CURVE('',#1447,#1443,#1449,.T.);
#1187=EDGE_CURVE('',#1446,#1442,#1450,.T.);
#1188=EDGE_CURVE('',#1446,#1447,#1451,.T.);
#1189=EDGE_CURVE('',#1452,#1453,#1454,.T.);
#1190=EDGE_CURVE('',#1452,#1453,#1455,.T.);
#1191=EDGE_CURVE('',#1456,#1457,#1458,.T.);
#1192=EDGE_CURVE('',#1457,#1453,#1459,.T.);
#1193=EDGE_CURVE('',#1456,#1452,#1460,.T.);
#1194=EDGE_CURVE('',#1456,#1457,#1461,.T.);
#1195=EDGE_CURVE('',#1380,#1382,#1462,.T.);
#1196=EDGE_CURVE('',#1370,#1463,#1464,.T.);
#1197=EDGE_CURVE('',#1463,#1465,#1466,.T.);
#1198=EDGE_CURVE('',#1465,#1369,#1467,.T.);
#1199=EDGE_CURVE('',#1408,#1468,#1469,.T.);
#1200=EDGE_CURVE('',#1468,#1470,#1471,.T.);
#1201=EDGE_CURVE('',#1406,#1470,#1472,.T.);
#1202=EDGE_CURVE('',#1372,#1374,#1473,.T.);
#1203=EDGE_CURVE('',#1474,#1465,#1475,.T.);
#1204=EDGE_CURVE('',#1476,#1474,#1477,.T.);
#1205=EDGE_CURVE('',#1478,#1476,#1479,.T.);
#1206=EDGE_CURVE('',#1330,#1478,#1480,.T.);
#1207=EDGE_CURVE('',#1388,#1390,#1481,.T.);
#1208=EDGE_CURVE('',#1482,#1390,#1483,.T.);
#1209=EDGE_CURVE('',#1482,#1484,#1485,.T.);
#1210=EDGE_CURVE('',#1484,#1388,#1486,.T.);
#1211=EDGE_CURVE('',#1482,#1484,#1487,.T.);
#1212=EDGE_CURVE('',#1488,#1328,#1489,.T.);
#1213=EDGE_CURVE('',#1488,#1490,#1491,.T.);
#1214=EDGE_CURVE('',#1492,#1490,#1493,.T.);
#1215=EDGE_CURVE('',#1492,#1494,#1495,.T.);
#1216=EDGE_CURVE('',#1496,#1494,#1497,.T.);
#1217=EDGE_CURVE('',#1498,#1496,#1499,.T.);
#1218=EDGE_CURVE('',#1500,#1498,#1501,.T.);
#1219=EDGE_CURVE('',#1502,#1500,#1503,.T.);
#1220=EDGE_CURVE('',#1504,#1502,#1505,.T.);
#1221=EDGE_CURVE('',#1504,#1506,#1507,.T.);
#1222=EDGE_CURVE('',#1508,#1506,#1509,.T.);
#1223=EDGE_CURVE('',#1508,#1510,#1511,.T.);
#1224=EDGE_CURVE('',#1512,#1510,#1513,.T.);
#1225=EDGE_CURVE('',#1514,#1512,#1515,.T.);
#1226=EDGE_CURVE('',#1516,#1514,#1517,.T.);
#1227=EDGE_CURVE('',#1518,#1516,#1519,.T.);
#1228=EDGE_CURVE('',#1520,#1518,#1521,.T.);
#1229=EDGE_CURVE('',#1522,#1520,#1523,.T.);
#1230=EDGE_CURVE('',#1522,#1393,#1524,.T.);
#1231=EDGE_CURVE('',#1525,#1526,#1527,.T.);
#1232=EDGE_CURVE('',#1526,#1364,#1528,.T.);
#1233=EDGE_CURVE('',#1525,#1362,#1529,.T.);
#1234=EDGE_CURVE('',#1354,#1530,#1531,.T.);
#1235=EDGE_CURVE('',#1530,#1532,#1533,.T.);
#1236=EDGE_CURVE('',#1356,#1532,#1534,.T.);
#1237=EDGE_CURVE('',#1535,#1536,#1537,.T.);
#1238=EDGE_CURVE('',#1536,#1500,#1538,.T.);
#1239=EDGE_CURVE('',#1535,#1498,#1539,.T.);
#1240=EDGE_CURVE('',#1490,#1540,#1541,.T.);
#1241=EDGE_CURVE('',#1540,#1542,#1543,.T.);
#1242=EDGE_CURVE('',#1492,#1542,#1544,.T.);
#1243=EDGE_CURVE('',#1545,#1546,#1547,.T.);
#1244=EDGE_CURVE('',#1546,#1348,#1548,.T.);
#1245=EDGE_CURVE('',#1545,#1346,#1549,.T.);
#1246=EDGE_CURVE('',#1338,#1550,#1551,.T.);
#1247=EDGE_CURVE('',#1550,#1552,#1553,.T.);
#1248=EDGE_CURVE('',#1340,#1552,#1554,.T.);
#1249=EDGE_CURVE('',#1555,#1556,#1557,.T.);
#1250=EDGE_CURVE('',#1556,#1516,#1558,.T.);
#1251=EDGE_CURVE('',#1555,#1514,#1559,.T.);
#1252=EDGE_CURVE('',#1506,#1560,#1561,.T.);
#1253=EDGE_CURVE('',#1560,#1562,#1563,.T.);
#1254=EDGE_CURVE('',#1508,#1562,#1564,.T.);
#1255=EDGE_CURVE('',#1565,#1360,#1566,.T.);
#1256=EDGE_CURVE('',#1525,#1565,#1567,.T.);
#1257=EDGE_CURVE('',#1568,#1530,#1569,.T.);
#1258=EDGE_CURVE('',#1570,#1568,#1571,.T.);
#1259=EDGE_CURVE('',#1570,#1526,#1572,.T.);
#1260=EDGE_CURVE('',#1573,#1565,#1574,.T.);
#1261=EDGE_CURVE('',#1532,#1573,#1575,.T.);
#1262=EDGE_CURVE('',#1358,#1573,#1576,.T.);
#1263=EDGE_CURVE('',#1494,#1577,#1578,.T.);
#1264=EDGE_CURVE('',#1577,#1579,#1580,.T.);
#1265=EDGE_CURVE('',#1579,#1496,#1581,.T.);
#1266=EDGE_CURVE('',#1342,#1582,#1583,.T.);
#1267=EDGE_CURVE('',#1582,#1584,#1585,.T.);
#1268=EDGE_CURVE('',#1584,#1344,#1586,.T.);
#1269=EDGE_CURVE('',#1510,#1587,#1588,.T.);
#1270=EDGE_CURVE('',#1587,#1589,#1590,.T.);
#1271=EDGE_CURVE('',#1589,#1512,#1591,.T.);
#1272=EDGE_CURVE('',#1535,#1579,#1592,.T.);
#1273=EDGE_CURVE('',#1593,#1540,#1594,.T.);
#1274=EDGE_CURVE('',#1595,#1593,#1596,.T.);
#1275=EDGE_CURVE('',#1595,#1536,#1597,.T.);
#1276=EDGE_CURVE('',#1542,#1577,#1598,.T.);
#1277=EDGE_CURVE('',#1595,#1502,#1599,.T.);
#1278=EDGE_CURVE('',#1600,#1350,#1601,.T.);
#1279=EDGE_CURVE('',#1600,#1602,#1603,.T.);
#1280=EDGE_CURVE('',#1336,#1602,#1604,.T.);
#1281=EDGE_CURVE('',#1520,#1334,#1605,.T.);
#1282=EDGE_CURVE('',#1606,#1518,#1607,.T.);
#1283=EDGE_CURVE('',#1606,#1608,#1609,.T.);
#1284=EDGE_CURVE('',#1504,#1608,#1610,.T.);
#1285=EDGE_CURVE('',#1488,#1593,#1611,.T.);
#1286=EDGE_CURVE('',#1570,#1366,#1612,.T.);
#1287=EDGE_CURVE('',#1352,#1568,#1613,.T.);
#1288=EDGE_CURVE('',#1614,#1615,#1616,.T.);
#1289=EDGE_CURVE('',#1615,#1614,#1617,.T.);
#1290=EDGE_CURVE('',#1614,#1618,#1619,.T.);
#1291=EDGE_CURVE('',#1620,#1618,#1621,.T.);
#1292=EDGE_CURVE('',#1615,#1620,#1622,.T.);
#1293=EDGE_CURVE('',#1618,#1620,#1623,.T.);
#1294=EDGE_CURVE('',#1624,#1625,#1626,.T.);
#1295=EDGE_CURVE('',#1625,#1624,#1627,.T.);
#1296=EDGE_CURVE('',#1628,#1629,#1630,.T.);
#1297=EDGE_CURVE('',#1629,#1624,#1631,.T.);
#1298=EDGE_CURVE('',#1625,#1628,#1632,.T.);
#1299=EDGE_CURVE('',#1628,#1629,#1633,.T.);
#1300=EDGE_CURVE('',#1634,#1629,#1635,.T.);
#1301=EDGE_CURVE('',#1636,#1634,#1637,.T.);
#1302=EDGE_CURVE('',#1636,#1628,#1638,.T.);
#1303=EDGE_CURVE('',#1636,#1634,#1639,.T.);
#1304=EDGE_CURVE('',#1608,#1560,#1640,.T.);
#1305=EDGE_CURVE('',#1606,#1556,#1641,.T.);
#1306=EDGE_CURVE('',#1555,#1589,#1642,.T.);
#1307=EDGE_CURVE('',#1562,#1587,#1643,.T.);
#1308=EDGE_CURVE('',#1332,#1463,#1644,.T.);
#1309=EDGE_CURVE('',#1522,#1403,#1645,.T.);
#1310=EDGE_CURVE('',#1522,#1646,#1647,.T.);
#1311=EDGE_CURVE('',#1401,#1646,#1648,.T.);
#1312=EDGE_CURVE('',#1474,#1649,#1650,.T.);
#1313=EDGE_CURVE('',#1465,#1649,#1651,.T.);
#1314=EDGE_CURVE('',#1646,#1399,#1652,.T.);
#1315=EDGE_CURVE('',#1649,#1332,#1653,.T.);
#1316=EDGE_CURVE('',#1474,#1478,#1654,.T.);
#1317=EDGE_CURVE('',#1399,#1395,#1655,.T.);
#1318=EDGE_CURVE('',#1602,#1550,#1656,.T.);
#1319=EDGE_CURVE('',#1600,#1546,#1657,.T.);
#1320=EDGE_CURVE('',#1545,#1584,#1658,.T.);
#1321=EDGE_CURVE('',#1552,#1582,#1659,.T.);
#1322=EDGE_CURVE('',#1374,#1660,#1661,.T.);
#1323=EDGE_CURVE('',#1662,#1660,#1663,.T.);
#1324=EDGE_CURVE('',#1372,#1662,#1664,.T.);
#1325=EDGE_CURVE('',#1662,#1660,#1665,.T.);
#1326=EDGE_CURVE('',#1468,#1470,#1666,.T.);
#1327=VERTEX_POINT('',#1667);
#1328=VERTEX_POINT('',#1668);
#1329=LINE('',#1669,#1670);
#1330=VERTEX_POINT('',#1671);
#1331=B_SPLINE_CURVE_WITH_KNOTS('',3,(#1672,#1673,#1674,#1675,#1676,#1677,#1678,#1679,#1680,#1681,#1682,#1683,#1684,#1685,#1686,#1687,#1688,#1689),.UNSPECIFIED.,.F.,.F.,(4,1,1,1,1,1,1,1,1,1,1,1,1,1,1,4),(0.0,0.06666666666667,0.1333333333333,0.2,0.2666666666667,0.3333333333333,0.4,0.4666666666667,0.5333333333333,0.6,0.6666666666667,0.7333333333333,0.8,0.8666666666667,0.9333333333333,1.0),.UNSPECIFIED.);
#1332=VERTEX_POINT('',#1690);
#1333=CIRCLE('',#1691,5.2578);
#1334=VERTEX_POINT('',#1692);
#1335=LINE('',#1693,#1694);
#1336=VERTEX_POINT('',#1695);
#1337=CIRCLE('',#1696,5.2578);
#1338=VERTEX_POINT('',#1697);
#1339=LINE('',#1698,#1699);
#1340=VERTEX_POINT('',#1700);
#1341=CIRCLE('',#1701,5.2578);
#1342=VERTEX_POINT('',#1702);
#1343=LINE('',#1703,#1704);
#1344=VERTEX_POINT('',#1705);
#1345=CIRCLE('',#1706,5.2578);
#1346=VERTEX_POINT('',#1707);
#1347=LINE('',#1708,#1709);
#1348=VERTEX_POINT('',#1710);
#1349=CIRCLE('',#1711,5.2578);
#1350=VERTEX_POINT('',#1712);
#1351=LINE('',#1713,#1714);
#1352=VERTEX_POINT('',#1715);
#1353=CIRCLE('',#1716,5.2578);
#1354=VERTEX_POINT('',#1717);
#1355=LINE('',#1718,#1719);
#1356=VERTEX_POINT('',#1720);
#1357=CIRCLE('',#1721,5.2578);
#1358=VERTEX_POINT('',#1722);
#1359=LINE('',#1723,#1724);
#1360=VERTEX_POINT('',#1725);
#1361=CIRCLE('',#1726,5.2578);
#1362=VERTEX_POINT('',#1727);
#1363=LINE('',#1728,#1729);
#1364=VERTEX_POINT('',#1730);
#1365=CIRCLE('',#1731,5.2578);
#1366=VERTEX_POINT('',#1732);
#1367=LINE('',#1733,#1734);
#1368=CIRCLE('',#1735,5.2578);
#1369=VERTEX_POINT('',#1736);
#1370=VERTEX_POINT('',#1737);
#1371=LINE('',#1738,#1739);
#1372=VERTEX_POINT('',#1740);
#1373=LINE('',#1741,#1742);
#1374=VERTEX_POINT('',#1743);
#1375=B_SPLINE_CURVE_WITH_KNOTS('',3,(#1744,#1745,#1746,#1747,#1748,#1749,#1750,#1751,#1752,#1753,#1754,#1755,#1756,#1757,#1758,#1759,#1760,#1761),.UNSPECIFIED.,.F.,.F.,(4,1,1,1,1,1,1,1,1,1,1,1,1,1,1,4),(0.0,0.06666666666667,0.1333333333333,0.2,0.2666666666667,0.3333333333333,0.4,0.4666666666667,0.5333333333333,0.6,0.6666666666667,0.7333333333333,0.8,0.8666666666667,0.9333333333333,1.0),.UNSPECIFIED.);
#1376=VERTEX_POINT('',#1762);
#1377=LINE('',#1763,#1764);
#1378=VERTEX_POINT('',#1765);
#1379=CIRCLE('',#1766,4.826);
#1380=VERTEX_POINT('',#1767);
#1381=LINE('',#1768,#1769);
#1382=VERTEX_POINT('',#1770);
#1383=CIRCLE('',#1771,4.826);
#1384=VERTEX_POINT('',#1772);
#1385=LINE('',#1773,#1774);
#1386=VERTEX_POINT('',#1775);
#1387=CIRCLE('',#1776,4.826);
#1388=VERTEX_POINT('',#1777);
#1389=LINE('',#1778,#1779);
#1390=VERTEX_POINT('',#1780);
#1391=B_SPLINE_CURVE_WITH_KNOTS('',3,(#1781,#1782,#1783,#1784,#1785,#1786,#1787,#1788,#1789,#1790,#1791,#1792,#1793,#1794,#1795,#1796,#1797,#1798),.UNSPECIFIED.,.F.,.F.,(4,1,1,1,1,1,1,1,1,1,1,1,1,1,1,4),(0.0,0.06666666666667,0.1333333333333,0.2,0.2666666666667,0.3333333333333,0.4,0.4666666666667,0.5333333333333,0.6,0.6666666666667,0.7333333333333,0.8,0.8666666666667,0.9333333333333,1.0),.UNSPECIFIED.);
#1392=LINE('',#1799,#1800);
#1393=VERTEX_POINT('',#1801);
#1394=B_SPLINE_CURVE_WITH_KNOTS('',3,(#1802,#1803,#1804,#1805,#1806,#1807,#1808,#1809,#1810,#1811,#1812,#1813,#1814,#1815,#1816,#1817,#1818,#1819),.UNSPECIFIED.,.F.,.F.,(4,1,1,1,1,1,1,1,1,1,1,1,1,1,1,4),(0.0,0.06666666666667,0.1333333333333,0.2,0.2666666666667,0.3333333333333,0.4,0.4666666666667,0.5333333333333,0.6,0.6666666666667,0.7333333333333,0.8,0.8666666666667,0.9333333333333,1.0),.UNSPECIFIED.);
#1395=VERTEX_POINT('',#1820);
#1396=B_SPLINE_CURVE_WITH_KNOTS('',3,(#1821,#1822,#1823,#1824,#1825,#1826,#1827,#1828,#1829,#1830),.UNSPECIFIED.,.F.,.F.,(4,1,1,1,1,1,1,4),(0.0,0.1428571428571,0.2857142857143,0.4285714285714,0.5714285714286,0.7142857142857,0.8571428571429,1.0),.UNSPECIFIED.);
#1397=VERTEX_POINT('',#1831);
#1398=B_SPLINE_CURVE_WITH_KNOTS('',3,(#1832,#1833,#1834,#1835,#1836,#1837),.UNSPECIFIED.,.F.,.F.,(4,1,1,4),(0.0,0.3333333333333,0.6666666666667,1.0),.UNSPECIFIED.);
#1399=VERTEX_POINT('',#1838);
#1400=B_SPLINE_CURVE_WITH_KNOTS('',3,(#1839,#1840,#1841,#1842,#1843,#1844),.UNSPECIFIED.,.F.,.F.,(4,1,1,4),(0.0,0.3333333333333,0.6666666666667,1.0),.UNSPECIFIED.);
#1401=VERTEX_POINT('',#1845);
#1402=B_SPLINE_CURVE_WITH_KNOTS('',3,(#1846,#1847,#1848,#1849,#1850,#1851,#1852,#1853,#1854,#1855,#1856),.UNSPECIFIED.,.F.,.F.,(4,1,1,1,1,1,1,1,4),(0.0,0.125,0.25,0.375,0.5,0.625,0.75,0.875,1.0),.UNSPECIFIED.);
#1403=VERTEX_POINT('',#1857);
#1404=LINE('',#1858,#1859);
#1405=CIRCLE('',#1860,4.826);
#1406=VERTEX_POINT('',#1861);
#1407=CIRCLE('',#1862,4.826);
#1408=VERTEX_POINT('',#1863);
#1409=LINE('',#1864,#1865);
#1410=CIRCLE('',#1866,4.826);
#1411=LINE('',#1867,#1868);
#1412=VERTEX_POINT('',#1869);
#1413=VERTEX_POINT('',#1870);
#1414=CIRCLE('',#1871,4.064);
#1415=CIRCLE('',#1872,4.064);
#1416=VERTEX_POINT('',#1873);
#1417=LINE('',#1874,#1875);
#1418=VERTEX_POINT('',#1876);
#1419=CIRCLE('',#1877,4.064);
#1420=LINE('',#1878,#1879);
#1421=CIRCLE('',#1880,4.064);
#1422=VERTEX_POINT('',#1881);
#1423=VERTEX_POINT('',#1882);
#1424=CIRCLE('',#1883,3.556);
#1425=CIRCLE('',#1884,3.556);
#1426=VERTEX_POINT('',#1885);
#1427=VERTEX_POINT('',#1886);
#1428=CIRCLE('',#1887,3.556);
#1429=LINE('',#1888,#1889);
#1430=LINE('',#1890,#1891);
#1431=CIRCLE('',#1892,3.556);
#1432=VERTEX_POINT('',#1893);
#1433=VERTEX_POINT('',#1894);
#1434=CIRCLE('',#1895,2.3368);
#1435=CIRCLE('',#1896,2.3368);
#1436=VERTEX_POINT('',#1897);
#1437=VERTEX_POINT('',#1898);
#1438=CIRCLE('',#1899,2.3368);
#1439=LINE('',#1900,#1901);
#1440=LINE('',#1902,#1903);
#1441=CIRCLE('',#1904,2.3368);
#1442=VERTEX_POINT('',#1905);
#1443=VERTEX_POINT('',#1906);
#1444=CIRCLE('',#1907,1.1049);
#1445=CIRCLE('',#1908,1.1049);
#1446=VERTEX_POINT('',#1909);
#1447=VERTEX_POINT('',#1910);
#1448=CIRCLE('',#1911,1.1049);
#1449=LINE('',#1912,#1913);
#1450=LINE('',#1914,#1915);
#1451=CIRCLE('',#1916,1.1049);
#1452=VERTEX_POINT('',#1917);
#1453=VERTEX_POINT('',#1918);
#1454=CIRCLE('',#1919,0.508);
#1455=CIRCLE('',#1920,0.508);
#1456=VERTEX_POINT('',#1921);
#1457=VERTEX_POINT('',#1922);
#1458=CIRCLE('',#1923,0.508);
#1459=LINE('',#1924,#1925);
#1460=LINE('',#1926,#1927);
#1461=CIRCLE('',#1928,0.508);
#1462=LINE('',#1929,#1930);
#1463=VERTEX_POINT('',#1931);
#1464=CIRCLE('',#1932,4.826);
#1465=VERTEX_POINT('',#1933);
#1466=LINE('',#1934,#1935);
#1467=B_SPLINE_CURVE_WITH_KNOTS('',3,(#1936,#1937,#1938,#1939,#1940,#1941),.UNSPECIFIED.,.F.,.F.,(4,1,1,4),(0.0,0.3333333333333,0.6666666666667,1.0),.UNSPECIFIED.);
#1468=VERTEX_POINT('',#1942);
#1469=LINE('',#1943,#1944);
#1470=VERTEX_POINT('',#1945);
#1471=CIRCLE('',#1946,4.826);
#1472=LINE('',#1947,#1948);
#1473=B_SPLINE_CURVE_WITH_KNOTS('',3,(#1949,#1950,#1951,#1952,#1953,#1954,#1955,#1956,#1957,#1958,#1959,#1960,#1961,#1962,#1963,#1964,#1965,#1966),.UNSPECIFIED.,.F.,.F.,(4,1,1,1,1,1,1,1,1,1,1,1,1,1,1,4),(0.0,0.06666666666667,0.1333333333333,0.2,0.2666666666667,0.3333333333333,0.4,0.4666666666667,0.5333333333333,0.6,0.6666666666667,0.7333333333333,0.8,0.8666666666667,0.9333333333333,1.0),.UNSPECIFIED.);
#1474=VERTEX_POINT('',#1967);
#1475=B_SPLINE_CURVE_WITH_KNOTS('',3,(#1968,#1969,#1970,#1971,#1972,#1973,#1974,#1975,#1976,#1977,#1978),.UNSPECIFIED.,.F.,.F.,(4,1,1,1,1,1,1,1,4),(0.0,0.125,0.25,0.375,0.5,0.625,0.75,0.875,1.0),.UNSPECIFIED.);
#1476=VERTEX_POINT('',#1979);
#1477=B_SPLINE_CURVE_WITH_KNOTS('',3,(#1980,#1981,#1982,#1983,#1984,#1985),.UNSPECIFIED.,.F.,.F.,(4,1,1,4),(0.0,0.3333333333333,0.6666666666667,1.0),.UNSPECIFIED.);
#1478=VERTEX_POINT('',#1986);
#1479=B_SPLINE_CURVE_WITH_KNOTS('',3,(#1987,#1988,#1989,#1990,#1991,#1992),.UNSPECIFIED.,.F.,.F.,(4,1,1,4),(0.0,0.3333333333333,0.6666666666667,1.0),.UNSPECIFIED.);
#1480=B_SPLINE_CURVE_WITH_KNOTS('',3,(#1993,#1994,#1995,#1996,#1997,#1998,#1999,#2000,#2001,#2002),.UNSPECIFIED.,.F.,.F.,(4,1,1,1,1,1,1,4),(0.0,0.1428571428571,0.2857142857143,0.4285714285714,0.5714285714286,0.7142857142857,0.8571428571429,1.0),.UNSPECIFIED.);
#1481=B_SPLINE_CURVE_WITH_KNOTS('',3,(#2003,#2004,#2005,#2006,#2007,#2008,#2009,#2010,#2011,#2012,#2013,#2014,#2015,#2016,#2017,#2018,#2019,#2020),.UNSPECIFIED.,.F.,.F.,(4,1,1,1,1,1,1,1,1,1,1,1,1,1,1,4),(0.0,0.06666666666667,0.1333333333333,0.2,0.2666666666667,0.3333333333333,0.4,0.4666666666667,0.5333333333333,0.6,0.6666666666667,0.7333333333333,0.8,0.8666666666667,0.9333333333333,1.0),.UNSPECIFIED.);
#1482=VERTEX_POINT('',#2021);
#1483=LINE('',#2022,#2023);
#1484=VERTEX_POINT('',#2024);
#1485=CIRCLE('',#2025,0.9906);
#1486=LINE('',#2026,#2027);
#1487=CIRCLE('',#2028,0.9906);
#1488=VERTEX_POINT('',#2029);
#1489=CIRCLE('',#2030,5.2578);
#1490=VERTEX_POINT('',#2031);
#1491=LINE('',#2032,#2033);
#1492=VERTEX_POINT('',#2034);
#1493=CIRCLE('',#2035,5.2578);
#1494=VERTEX_POINT('',#2036);
#1495=LINE('',#2037,#2038);
#1496=VERTEX_POINT('',#2039);
#1497=CIRCLE('',#2040,5.2578);
#1498=VERTEX_POINT('',#2041);
#1499=LINE('',#2042,#2043);
#1500=VERTEX_POINT('',#2044);
#1501=CIRCLE('',#2045,5.2578);
#1502=VERTEX_POINT('',#2046);
#1503=LINE('',#2047,#2048);
#1504=VERTEX_POINT('',#2049);
#1505=CIRCLE('',#2050,5.2578);
#1506=VERTEX_POINT('',#2051);
#1507=LINE('',#2052,#2053);
#1508=VERTEX_POINT('',#2054);
#1509=CIRCLE('',#2055,5.2578);
#1510=VERTEX_POINT('',#2056);
#1511=LINE('',#2057,#2058);
#1512=VERTEX_POINT('',#2059);
#1513=CIRCLE('',#2060,5.2578);
#1514=VERTEX_POINT('',#2061);
#1515=LINE('',#2062,#2063);
#1516=VERTEX_POINT('',#2064);
#1517=CIRCLE('',#2065,5.2578);
#1518=VERTEX_POINT('',#2066);
#1519=LINE('',#2067,#2068);
#1520=VERTEX_POINT('',#2069);
#1521=CIRCLE('',#2070,5.2578);
#1522=VERTEX_POINT('',#2071);
#1523=LINE('',#2072,#2073);
#1524=CIRCLE('',#2074,5.2578);
#1525=VERTEX_POINT('',#2075);
#1526=VERTEX_POINT('',#2076);
#1527=CIRCLE('',#2077,4.1275);
#1528=LINE('',#2078,#2079);
#1529=LINE('',#2080,#2081);
#1530=VERTEX_POINT('',#2082);
#1531=LINE('',#2083,#2084);
#1532=VERTEX_POINT('',#2085);
#1533=CIRCLE('',#2086,4.1275);
#1534=LINE('',#2087,#2088);
#1535=VERTEX_POINT('',#2089);
#1536=VERTEX_POINT('',#2090);
#1537=CIRCLE('',#2091,4.1275);
#1538=LINE('',#2092,#2093);
#1539=LINE('',#2094,#2095);
#1540=VERTEX_POINT('',#2096);
#1541=LINE('',#2097,#2098);
#1542=VERTEX_POINT('',#2099);
#1543=CIRCLE('',#2100,4.1275);
#1544=LINE('',#2101,#2102);
#1545=VERTEX_POINT('',#2103);
#1546=VERTEX_POINT('',#2104);
#1547=CIRCLE('',#2105,4.1275);
#1548=LINE('',#2106,#2107);
#1549=LINE('',#2108,#2109);
#1550=VERTEX_POINT('',#2110);
#1551=LINE('',#2111,#2112);
#1552=VERTEX_POINT('',#2113);
#1553=CIRCLE('',#2114,4.1275);
#1554=LINE('',#2115,#2116);
#1555=VERTEX_POINT('',#2117);
#1556=VERTEX_POINT('',#2118);
#1557=CIRCLE('',#2119,4.1275);
#1558=LINE('',#2120,#2121);
#1559=LINE('',#2122,#2123);
#1560=VERTEX_POINT('',#2124);
#1561=LINE('',#2125,#2126);
#1562=VERTEX_POINT('',#2127);
#1563=CIRCLE('',#2128,4.1275);
#1564=LINE('',#2129,#2130);
#1565=VERTEX_POINT('',#2131);
#1566=LINE('',#2132,#2133);
#1567=LINE('',#2134,#2135);
#1568=VERTEX_POINT('',#2136);
#1569=LINE('',#2137,#2138);
#1570=VERTEX_POINT('',#2139);
#1571=CIRCLE('',#2140,4.1275);
#1572=LINE('',#2141,#2142);
#1573=VERTEX_POINT('',#2143);
#1574=CIRCLE('',#2144,4.1275);
#1575=LINE('',#2145,#2146);
#1576=LINE('',#2147,#2148);
#1577=VERTEX_POINT('',#2149);
#1578=LINE('',#2150,#2151);
#1579=VERTEX_POINT('',#2152);
#1580=CIRCLE('',#2153,4.1275);
#1581=LINE('',#2154,#2155);
#1582=VERTEX_POINT('',#2156);
#1583=LINE('',#2157,#2158);
#1584=VERTEX_POINT('',#2159);
#1585=CIRCLE('',#2160,4.1275);
#1586=LINE('',#2161,#2162);
#1587=VERTEX_POINT('',#2163);
#1588=LINE('',#2164,#2165);
#1589=VERTEX_POINT('',#2166);
#1590=CIRCLE('',#2167,4.1275);
#1591=LINE('',#2168,#2169);
#1592=LINE('',#2170,#2171);
#1593=VERTEX_POINT('',#2172);
#1594=LINE('',#2173,#2174);
#1595=VERTEX_POINT('',#2175);
#1596=CIRCLE('',#2176,4.1275);
#1597=LINE('',#2177,#2178);
#1598=LINE('',#2179,#2180);
#1599=LINE('',#2181,#2182);
#1600=VERTEX_POINT('',#2183);
#1601=LINE('',#2184,#2185);
#1602=VERTEX_POINT('',#2186);
#1603=CIRCLE('',#2187,4.1275);
#1604=LINE('',#2188,#2189);
#1605=LINE('',#2190,#2191);
#1606=VERTEX_POINT('',#2192);
#1607=LINE('',#2193,#2194);
#1608=VERTEX_POINT('',#2195);
#1609=CIRCLE('',#2196,4.1275);
#1610=LINE('',#2197,#2198);
#1611=LINE('',#2199,#2200);
#1612=LINE('',#2201,#2202);
#1613=LINE('',#2203,#2204);
#1614=VERTEX_POINT('',#2205);
#1615=VERTEX_POINT('',#2206);
#1616=CIRCLE('',#2207,3.556);
#1617=CIRCLE('',#2208,3.556);
#1618=VERTEX_POINT('',#2209);
#1619=LINE('',#2210,#2211);
#1620=VERTEX_POINT('',#2212);
#1621=CIRCLE('',#2213,3.556);
#1622=LINE('',#2214,#2215);
#1623=CIRCLE('',#2216,3.556);
#1624=VERTEX_POINT('',#2217);
#1625=VERTEX_POINT('',#2218);
#1626=CIRCLE('',#2219,0.4826);
#1627=CIRCLE('',#2220,0.4826);
#1628=VERTEX_POINT('',#2221);
#1629=VERTEX_POINT('',#2222);
#1630=CIRCLE('',#2223,0.4826);
#1631=LINE('',#2224,#2225);
#1632=LINE('',#2226,#2227);
#1633=CIRCLE('',#2228,0.4826);
#1634=VERTEX_POINT('',#2229);
#1635=LINE('',#2230,#2231);
#1636=VERTEX_POINT('',#2232);
#1637=CIRCLE('',#2233,0.1905);
#1638=LINE('',#2234,#2235);
#1639=CIRCLE('',#2236,0.1905);
#1640=LINE('',#2237,#2238);
#1641=LINE('',#2239,#2240);
#1642=LINE('',#2241,#2242);
#1643=LINE('',#2243,#2244);
#1644=LINE('',#2245,#2246);
#1645=LINE('',#2247,#2248);
#1646=VERTEX_POINT('',#2249);
#1647=B_SPLINE_CURVE_WITH_KNOTS('',3,(#2250,#2251,#2252,#2253,#2254,#2255),.UNSPECIFIED.,.F.,.F.,(4,1,1,4),(0.0,0.3333333333333,0.6666666666667,1.0),.UNSPECIFIED.);
#1648=LINE('',#2256,#2257);
#1649=VERTEX_POINT('',#2258);
#1650=CIRCLE('',#2259,4.826);
#1651=LINE('',#2260,#2261);
#1652=CIRCLE('',#2262,4.826);
#1653=B_SPLINE_CURVE_WITH_KNOTS('',3,(#2263,#2264,#2265,#2266,#2267,#2268),.UNSPECIFIED.,.F.,.F.,(4,1,1,4),(0.0,0.3333333333333,0.6666666666667,1.0),.UNSPECIFIED.);
#1654=CIRCLE('',#2269,4.826);
#1655=CIRCLE('',#2270,4.826);
#1656=LINE('',#2271,#2272);
#1657=LINE('',#2273,#2274);
#1658=LINE('',#2275,#2276);
#1659=LINE('',#2277,#2278);
#1660=VERTEX_POINT('',#2279);
#1661=LINE('',#2280,#2281);
#1662=VERTEX_POINT('',#2282);
#1663=CIRCLE('',#2283,0.9906);
#1664=LINE('',#2284,#2285);
#1665=CIRCLE('',#2286,0.9906);
#1666=LINE('',#2287,#2288);
#1667=CARTESIAN_POINT('',(0.0,-4.826,-17.3736));
#1668=CARTESIAN_POINT('',(-6.4387352871273E-16,-5.3848,-17.3736));
#1669=CARTESIAN_POINT('',(-6.4387352871273E-16,-4.7366,-17.3736));
#1670=VECTOR('',#2289,1.0);
#1671=CARTESIAN_POINT('',(-4.826,0.0,-20.54473164111));
#1672=CARTESIAN_POINT('',(0.0,-4.826,-17.3736));
#1673=CARTESIAN_POINT('',(-0.200125121363,-4.826,-17.3736));
#1674=CARTESIAN_POINT('',(-0.6095716076928,-4.801399934796,-17.39619541476));
#1675=CARTESIAN_POINT('',(-1.249909020201,-4.676842675383,-17.51031381481));
#1676=CARTESIAN_POINT('',(-1.874871978402,-4.463331314358,-17.70475638495));
#1677=CARTESIAN_POINT('',(-2.477775336961,-4.160664553313,-17.97769037462));
#1678=CARTESIAN_POINT('',(-3.046189151913,-3.762804014126,-18.33033290748));
#1679=CARTESIAN_POINT('',(-3.493986504721,-3.344510364782,-18.6912883755));
#1680=CARTESIAN_POINT('',(-3.825757219224,-2.954311129622,-19.01663911301));
#1681=CARTESIAN_POINT('',(-4.078556778927,-2.590938837058,-19.30709346472));
#1682=CARTESIAN_POINT('',(-4.275271182425,-2.249374995367,-19.56600260816));
#1683=CARTESIAN_POINT('',(-4.432971490856,-1.918744134954,-19.80005837331));
#1684=CARTESIAN_POINT('',(-4.562729281464,-1.586125050945,-20.01505581168));
#1685=CARTESIAN_POINT('',(-4.672424328094,-1.227913549841,-20.21720712995));
#1686=CARTESIAN_POINT('',(-4.757768852726,-0.8424446594319,-20.39143393909));
#1687=CARTESIAN_POINT('',(-4.81341204892,-0.4258203365716,-20.51522611788));
#1688=CARTESIAN_POINT('',(-4.826,-0.1431900445166,-20.54473164111));
#1689=CARTESIAN_POINT('',(-4.826,0.0,-20.54473164111));
#1690=CARTESIAN_POINT('',(-1.614449255938,0.0,-27.6352));
#1691=AXIS2_PLACEMENT_3D('',#2290,#2291,#2292);
#1692=CARTESIAN_POINT('',(-1.614449255938,-5.3848,-27.6352));
#1693=CARTESIAN_POINT('',(-1.614449255938,0.0,-27.6352));
#1694=VECTOR('',#2293,5.3848);
#1695=CARTESIAN_POINT('',(-2.421780653777,-5.3848,-27.29824468404));
#1696=AXIS2_PLACEMENT_3D('',#2294,#2295,#2296);
#1697=CARTESIAN_POINT('',(-2.421780653777,-6.1468,-27.29824468404));
#1698=CARTESIAN_POINT('',(-2.421780653777,-5.3848,-27.29824468404));
#1699=VECTOR('',#2297,0.762);
#1700=CARTESIAN_POINT('',(-3.241599327455,-6.1468,-26.77102493956));
#1701=AXIS2_PLACEMENT_3D('',#2298,#2299,#2300);
#1702=CARTESIAN_POINT('',(-3.241599327455,-9.4742,-26.77102493956));
#1703=CARTESIAN_POINT('',(-3.241599327455,-6.1468,-26.77102493956));
#1704=VECTOR('',#2301,3.3274);
#1705=CARTESIAN_POINT('',(-4.139624939562,-9.4742,-25.87299932746));
#1706=AXIS2_PLACEMENT_3D('',#2302,#2303,#2304);
#1707=CARTESIAN_POINT('',(-4.139624939562,-6.1468,-25.87299932746));
#1708=CARTESIAN_POINT('',(-4.139624939562,-6.1468,-25.87299932746));
#1709=VECTOR('',#2305,3.3274);
#1710=CARTESIAN_POINT('',(-4.666844684044,-6.1468,-25.05318065378));
#1711=AXIS2_PLACEMENT_3D('',#2306,#2307,#2308);
#1712=CARTESIAN_POINT('',(-4.666844684044,-5.3848,-25.05318065378));
#1713=CARTESIAN_POINT('',(-4.666844684044,-5.3848,-25.05318065378));
#1714=VECTOR('',#2309,0.762);
#1715=CARTESIAN_POINT('',(-4.666844684044,-5.3848,-20.20961934622));
#1716=AXIS2_PLACEMENT_3D('',#2310,#2311,#2312);
#1717=CARTESIAN_POINT('',(-4.666844684044,-6.1468,-20.20961934622));
#1718=CARTESIAN_POINT('',(-4.666844684044,-5.3848,-20.20961934622));
#1719=VECTOR('',#2313,0.762);
#1720=CARTESIAN_POINT('',(-4.139624939562,-6.1468,-19.38980067254));
#1721=AXIS2_PLACEMENT_3D('',#2314,#2315,#2316);
#1722=CARTESIAN_POINT('',(-4.139624939562,-9.4742,-19.38980067254));
#1723=CARTESIAN_POINT('',(-4.139624939562,-6.1468,-19.38980067254));
#1724=VECTOR('',#2317,3.3274);
#1725=CARTESIAN_POINT('',(-3.241599327455,-9.4742,-18.49177506044));
#1726=AXIS2_PLACEMENT_3D('',#2318,#2319,#2320);
#1727=CARTESIAN_POINT('',(-3.241599327455,-6.1468,-18.49177506044));
#1728=CARTESIAN_POINT('',(-3.241599327455,-6.1468,-18.49177506044));
#1729=VECTOR('',#2321,3.3274);
#1730=CARTESIAN_POINT('',(-2.421780653777,-6.1468,-17.96455531596));
#1731=AXIS2_PLACEMENT_3D('',#2322,#2323,#2324);
#1732=CARTESIAN_POINT('',(-2.421780653777,-5.3848,-17.96455531596));
#1733=CARTESIAN_POINT('',(-2.421780653777,-5.3848,-17.96455531596));
#1734=VECTOR('',#2325,0.762);
#1735=AXIS2_PLACEMENT_3D('',#2326,#2327,#2328);
#1736=CARTESIAN_POINT('',(0.0,4.826,-27.45739998168));
#1737=CARTESIAN_POINT('',(5.90995026354679E-16,4.826,-27.6352));
#1738=CARTESIAN_POINT('',(5.90995026354679E-16,4.826,0.0));
#1739=VECTOR('',#2329,1.0);
#1740=CARTESIAN_POINT('',(0.0,4.826,-5.2324));
#1741=CARTESIAN_POINT('',(0.0,4.826,-5.2324));
#1742=VECTOR('',#2330,22.22499998168);
#1743=CARTESIAN_POINT('',(0.0,4.826,-3.2512));
#1744=CARTESIAN_POINT('',(0.0,4.826,-3.2512));
#1745=CARTESIAN_POINT('',(0.06996707539709,4.826,-3.2512));
#1746=CARTESIAN_POINT('',(0.2066795449197,4.822999559299,-3.26566798349));
#1747=CARTESIAN_POINT('',(0.4059110034426,4.81018504511,-3.330124517164));
#1748=CARTESIAN_POINT('',(0.5865073896515,4.791222817285,-3.434596275136));
#1749=CARTESIAN_POINT('',(0.7406919744941,4.769513680473,-3.573142960486));
#1750=CARTESIAN_POINT('',(0.863766580976,4.748461670375,-3.74224488516));
#1751=CARTESIAN_POINT('',(0.9484364137485,4.732028681934,-3.931490618023));
#1752=CARTESIAN_POINT('',(0.9924515700505,4.72285748693,-4.1375208418));
#1753=CARTESIAN_POINT('',(0.9925312482552,4.722840730303,-4.345421266363));
#1754=CARTESIAN_POINT('',(0.9485940179616,4.73199624174,-4.551629028805));
#1755=CARTESIAN_POINT('',(0.8640521510864,4.748410085677,-4.740882709238));
#1756=CARTESIAN_POINT('',(0.7408784062278,4.769484098794,-4.910257372236));
#1757=CARTESIAN_POINT('',(0.5868274247482,4.791184311814,-5.048776447144));
#1758=CARTESIAN_POINT('',(0.406032789988,4.810175609454,-5.153430318332));
#1759=CARTESIAN_POINT('',(0.2068972361766,4.822989947895,-5.217883680471));
#1760=CARTESIAN_POINT('',(0.07005076901773,4.826,-5.2324));
#1761=CARTESIAN_POINT('',(0.0,4.826,-5.2324));
#1762=CARTESIAN_POINT('',(0.0,4.826,0.0));
#1763=CARTESIAN_POINT('',(0.0,4.826,0.0));
#1764=VECTOR('',#2331,3.2512);
#1765=CARTESIAN_POINT('',(4.6609,1.251513959171,0.0));
#1766=AXIS2_PLACEMENT_3D('',#2332,#2333,#2334);
#1767=CARTESIAN_POINT('',(4.660899999567,1.251513960783,-19.05));
#1768=CARTESIAN_POINT('',(4.6609,1.251513959171,0.0));
#1769=VECTOR('',#2335,19.05);
#1770=CARTESIAN_POINT('',(4.660899999567,-1.251513960783,-19.05));
#1771=AXIS2_PLACEMENT_3D('',#2336,#2337,#2338);
#1772=CARTESIAN_POINT('',(4.6609,-1.251513959171,0.0));
#1773=CARTESIAN_POINT('',(4.6609,-1.251513959171,0.0));
#1774=VECTOR('',#2339,19.05);
#1775=CARTESIAN_POINT('',(0.0,-4.826,0.0));
#1776=AXIS2_PLACEMENT_3D('',#2340,#2341,#2342);
#1777=CARTESIAN_POINT('',(0.0,-4.826,-3.2512));
#1778=CARTESIAN_POINT('',(0.0,-4.826,0.0));
#1779=VECTOR('',#2343,3.2512);
#1780=CARTESIAN_POINT('',(0.0,-4.826,-5.2324));
#1781=CARTESIAN_POINT('',(0.0,-4.826,-5.2324));
#1782=CARTESIAN_POINT('',(0.07089014319215,-4.826,-5.2324));
#1783=CARTESIAN_POINT('',(0.2093028449934,-4.822918500608,-5.217542756518));
#1784=CARTESIAN_POINT('',(0.4105923479388,-4.809814214238,-5.151580153285));
#1785=CARTESIAN_POINT('',(0.5928773788355,-4.790452134178,-5.044552170131));
#1786=CARTESIAN_POINT('',(0.7475054829769,-4.768450456703,-4.903087382779));
#1787=CARTESIAN_POINT('',(0.8702139022908,-4.747277258292,-4.730414991452));
#1788=CARTESIAN_POINT('',(0.953275089446,-4.731044942106,-4.537586172031));
#1789=CARTESIAN_POINT('',(0.9943699716704,-4.722447913685,-4.32796031991));
#1790=CARTESIAN_POINT('',(0.9903259914818,-4.723311585361,-4.118268219635));
#1791=CARTESIAN_POINT('',(0.9420593167427,-4.73332122091,-3.91279772442));
#1792=CARTESIAN_POINT('',(0.854532455118,-4.75014731677,-3.726977183089));
#1793=CARTESIAN_POINT('',(0.7306448131916,-4.771060055575,-3.562555336551));
#1794=CARTESIAN_POINT('',(0.5776242428974,-4.792282033184,-3.428523503722));
#1795=CARTESIAN_POINT('',(0.3991443596767,-4.810713836568,-3.327418532561));
#1796=CARTESIAN_POINT('',(0.2032358884553,-4.823097608161,-3.265201925415));
#1797=CARTESIAN_POINT('',(0.06877299731297,-4.826,-3.2512));
#1798=CARTESIAN_POINT('',(0.0,-4.826,-3.2512));
#1799=CARTESIAN_POINT('',(0.0,-4.826,-5.2324));
#1800=VECTOR('',#2344,12.1412);
#1801=CARTESIAN_POINT('',(4.826,0.0,-20.54473164111));
#1802=CARTESIAN_POINT('',(4.826,0.0,-20.54473164111));
#1803=CARTESIAN_POINT('',(4.826,-0.1432444295,-20.54473164111));
#1804=CARTESIAN_POINT('',(4.813400364754,-0.4259559510859,-20.51519940747));
#1805=CARTESIAN_POINT('',(4.757752368862,-0.8425379813738,-20.39139789181));
#1806=CARTESIAN_POINT('',(4.67238858737,-1.228048116346,-20.21713840037));
#1807=CARTESIAN_POINT('',(4.562694656619,-1.586233997697,-20.01499222588));
#1808=CARTESIAN_POINT('',(4.432824318473,-1.91910013626,-19.7998218062));
#1809=CARTESIAN_POINT('',(4.275026366997,-2.249845759381,-19.56565627569));
#1810=CARTESIAN_POINT('',(4.078377128751,-2.591176114847,-19.30689914314));
#1811=CARTESIAN_POINT('',(3.826293558055,-2.953561042482,-19.0172407929));
#1812=CARTESIAN_POINT('',(3.495753876697,-3.342462063314,-18.6930077161));
#1813=CARTESIAN_POINT('',(3.051491784235,-3.758346701564,-18.33422652219));
#1814=CARTESIAN_POINT('',(2.484165258478,-4.156871261337,-17.98109046288));
#1815=CARTESIAN_POINT('',(1.881426577145,-4.460607527301,-17.70722729546));
#1816=CARTESIAN_POINT('',(1.25544915016,-4.675452332882,-17.51158615053));
#1817=CARTESIAN_POINT('',(0.6128385877061,-4.801108518659,-17.39646316927));
#1818=CARTESIAN_POINT('',(0.2013050459201,-4.826,-17.3736));
#1819=CARTESIAN_POINT('',(0.0,-4.826,-17.3736));
#1820=CARTESIAN_POINT('',(4.767695699182,0.7478995387083,-21.88350046129));
#1821=CARTESIAN_POINT('',(4.767695699182,0.7478995387083,-21.88350046129));
#1822=CARTESIAN_POINT('',(4.771641361601,0.7227468052566,-21.81494693286));
#1823=CARTESIAN_POINT('',(4.779882893813,0.6675928598625,-21.68001078427));
#1824=CARTESIAN_POINT('',(4.79215970767,0.5733931683088,-21.48261894891));
#1825=CARTESIAN_POINT('',(4.803392743251,0.4706489198682,-21.29004611093));
#1826=CARTESIAN_POINT('',(4.812936301826,0.3608124146057,-21.10060483917));
#1827=CARTESIAN_POINT('',(4.820239457712,0.2453873060004,-20.91384306129));
#1828=CARTESIAN_POINT('',(4.824896534037,0.1251131907757,-20.72872932911));
#1829=CARTESIAN_POINT('',(4.826,0.04210568096444,-20.60598511154));
#1830=CARTESIAN_POINT('',(4.826,0.0,-20.54473164111));
#1831=CARTESIAN_POINT('',(4.826,0.0,-22.6314));
#1832=CARTESIAN_POINT('',(4.826,0.0,-22.6314));
#1833=CARTESIAN_POINT('',(4.826,0.08388336374398,-22.54751663626));
#1834=CARTESIAN_POINT('',(4.821626678103,0.2512394163745,-22.38016058363));
#1835=CARTESIAN_POINT('',(4.802124535425,0.5006849409681,-22.13071505903));
#1836=CARTESIAN_POINT('',(4.780583830617,0.6657405245204,-21.96565947548));
#1837=CARTESIAN_POINT('',(4.767695699182,0.7478995387083,-21.88350046129));
#1838=CARTESIAN_POINT('',(4.767695699182,0.7478995387082,-23.37929953871));
#1839=CARTESIAN_POINT('',(4.767695699182,0.7478995387082,-23.37929953871));
#1840=CARTESIAN_POINT('',(4.780583830617,0.6657405245204,-23.29714052452));
#1841=CARTESIAN_POINT('',(4.802124535425,0.5006849409681,-23.13208494097));
#1842=CARTESIAN_POINT('',(4.821626678103,0.2512394163745,-22.88263941637));
#1843=CARTESIAN_POINT('',(4.826,0.08388336374398,-22.71528336374));
#1844=CARTESIAN_POINT('',(4.826,0.0,-22.6314));
#1845=CARTESIAN_POINT('',(1.614449255938,4.547947844908,-27.17934784491));
#1846=CARTESIAN_POINT('',(1.614449255938,4.547947844908,-27.17934784491));
#1847=CARTESIAN_POINT('',(1.782027920752,4.488460080328,-27.11986008033));
#1848=CARTESIAN_POINT('',(2.118686117571,4.347970861448,-26.97937086145));
#1849=CARTESIAN_POINT('',(2.614742583562,4.070153679288,-26.70155367929));
#1850=CARTESIAN_POINT('',(3.097877272235,3.717411596829,-26.34881159683));
#1851=CARTESIAN_POINT('',(3.556923357879,3.28312658115,-25.91452658115));
#1852=CARTESIAN_POINT('',(3.975614686471,2.764093319807,-25.39549331981));
#1853=CARTESIAN_POINT('',(4.334324248502,2.162302284304,-24.7937022843));
#1854=CARTESIAN_POINT('',(4.611757514014,1.484816132759,-24.11621613276));
#1855=CARTESIAN_POINT('',(4.728296819824,0.9990587625674,-23.63045876257));
#1856=CARTESIAN_POINT('',(4.767695699182,0.7478995387082,-23.37929953871));
#1857=CARTESIAN_POINT('',(1.614449255938,4.547947844908,-27.6352));
#1858=CARTESIAN_POINT('',(1.614449255938,4.547947844908,-27.17934784491));
#1859=VECTOR('',#2345,0.4558521550924);
#1860=AXIS2_PLACEMENT_3D('',#2346,#2347,#2348);
#1861=CARTESIAN_POINT('',(-4.6609,1.251513959171,0.0));
#1862=AXIS2_PLACEMENT_3D('',#2349,#2350,#2351);
#1863=CARTESIAN_POINT('',(-4.6609,-1.251513959171,0.0));
#1864=CARTESIAN_POINT('',(-4.6609,-1.251513959171,0.0));
#1865=VECTOR('',#2352,2.503027918342);
#1866=AXIS2_PLACEMENT_3D('',#2353,#2354,#2355);
#1867=CARTESIAN_POINT('',(4.6609,1.251513959171,0.0));
#1868=VECTOR('',#2356,2.503027918342);
#1869=CARTESIAN_POINT('',(4.064,0.0,0.0));
#1870=CARTESIAN_POINT('',(-4.064,0.0,0.0));
#1871=AXIS2_PLACEMENT_3D('',#2357,#2358,#2359);
#1872=AXIS2_PLACEMENT_3D('',#2360,#2361,#2362);
#1873=CARTESIAN_POINT('',(-4.064,0.0,-8.4074));
#1874=CARTESIAN_POINT('',(-4.064,0.0,-8.4074));
#1875=VECTOR('',#2363,8.4074);
#1876=CARTESIAN_POINT('',(4.064,0.0,-8.4074));
#1877=AXIS2_PLACEMENT_3D('',#2364,#2365,#2366);
#1878=CARTESIAN_POINT('',(4.064,0.0,-8.4074));
#1879=VECTOR('',#2367,8.4074);
#1880=AXIS2_PLACEMENT_3D('',#2368,#2369,#2370);
#1881=CARTESIAN_POINT('',(-3.556,0.0,-8.4074));
#1882=CARTESIAN_POINT('',(3.556,0.0,-8.4074));
#1883=AXIS2_PLACEMENT_3D('',#2371,#2372,#2373);
#1884=AXIS2_PLACEMENT_3D('',#2374,#2375,#2376);
#1885=CARTESIAN_POINT('',(-3.556,0.0,-8.5852));
#1886=CARTESIAN_POINT('',(3.556,0.0,-8.5852));
#1887=AXIS2_PLACEMENT_3D('',#2377,#2378,#2379);
#1888=CARTESIAN_POINT('',(3.556,0.0,-8.5852));
#1889=VECTOR('',#2380,0.1778);
#1890=CARTESIAN_POINT('',(-3.556,0.0,-8.5852));
#1891=VECTOR('',#2381,0.1778);
#1892=AXIS2_PLACEMENT_3D('',#2382,#2383,#2384);
#1893=CARTESIAN_POINT('',(-2.3368,0.0,-8.5852));
#1894=CARTESIAN_POINT('',(2.3368,0.0,-8.5852));
#1895=AXIS2_PLACEMENT_3D('',#2385,#2386,#2387);
#1896=AXIS2_PLACEMENT_3D('',#2388,#2389,#2390);
#1897=CARTESIAN_POINT('',(-2.3368,0.0,-3.3782));
#1898=CARTESIAN_POINT('',(2.3368,0.0,-3.3782));
#1899=AXIS2_PLACEMENT_3D('',#2391,#2392,#2393);
#1900=CARTESIAN_POINT('',(2.3368,0.0,-3.3782));
#1901=VECTOR('',#2394,5.207);
#1902=CARTESIAN_POINT('',(-2.3368,0.0,-3.3782));
#1903=VECTOR('',#2395,5.207);
#1904=AXIS2_PLACEMENT_3D('',#2396,#2397,#2398);
#1905=CARTESIAN_POINT('',(-1.1049,0.0,-3.3782));
#1906=CARTESIAN_POINT('',(1.1049,0.0,-3.3782));
#1907=AXIS2_PLACEMENT_3D('',#2399,#2400,#2401);
#1908=AXIS2_PLACEMENT_3D('',#2402,#2403,#2404);
#1909=CARTESIAN_POINT('',(-1.1049,0.0,-3.429));
#1910=CARTESIAN_POINT('',(1.1049,0.0,-3.429));
#1911=AXIS2_PLACEMENT_3D('',#2405,#2406,#2407);
#1912=CARTESIAN_POINT('',(1.1049,0.0,-3.429));
#1913=VECTOR('',#2408,0.0508);
#1914=CARTESIAN_POINT('',(-1.1049,0.0,-3.429));
#1915=VECTOR('',#2409,0.0508);
#1916=AXIS2_PLACEMENT_3D('',#2410,#2411,#2412);
#1917=CARTESIAN_POINT('',(-0.508,0.0,-3.429));
#1918=CARTESIAN_POINT('',(0.508,0.0,-3.429));
#1919=AXIS2_PLACEMENT_3D('',#2413,#2414,#2415);
#1920=AXIS2_PLACEMENT_3D('',#2416,#2417,#2418);
#1921=CARTESIAN_POINT('',(-0.508,0.0,-4.428998));
#1922=CARTESIAN_POINT('',(0.508,0.0,-4.428998));
#1923=AXIS2_PLACEMENT_3D('',#2419,#2420,#2421);
#1924=CARTESIAN_POINT('',(0.508,0.0,-4.428998));
#1925=VECTOR('',#2422,0.999998);
#1926=CARTESIAN_POINT('',(-0.508,0.0,-4.428998));
#1927=VECTOR('',#2423,0.999998);
#1928=AXIS2_PLACEMENT_3D('',#2424,#2425,#2426);
#1929=CARTESIAN_POINT('',(4.6609,1.251513959747,-19.05));
#1930=VECTOR('',#2427,2.503027919494);
#1931=CARTESIAN_POINT('',(-1.614449255938,4.547947844908,-27.6352));
#1932=AXIS2_PLACEMENT_3D('',#2428,#2429,#2430);
#1933=CARTESIAN_POINT('',(-1.614449255938,4.547947844908,-27.17934784491));
#1934=CARTESIAN_POINT('',(-1.614449255938,4.547947844908,-27.6352));
#1935=VECTOR('',#2431,0.4558521550924);
#1936=CARTESIAN_POINT('',(-1.614449255938,4.547947844908,-27.17934784491));
#1937=CARTESIAN_POINT('',(-1.437466111375,4.61077405044,-27.24207301132));
#1938=CARTESIAN_POINT('',(-1.079229407525,4.714778325228,-27.34629121437));
#1939=CARTESIAN_POINT('',(-0.533069911809,4.806809337115,-27.43796578379));
#1940=CARTESIAN_POINT('',(-0.17615851521,4.826,-27.45789303166));
#1941=CARTESIAN_POINT('',(0.0,4.826,-27.45739998168));
#1942=CARTESIAN_POINT('',(-4.660899999567,-1.251513960783,-19.05));
#1943=CARTESIAN_POINT('',(-4.6609,-1.251513959171,0.0));
#1944=VECTOR('',#2432,19.05);
#1945=CARTESIAN_POINT('',(-4.660899999567,1.251513960783,-19.05));
#1946=AXIS2_PLACEMENT_3D('',#2433,#2434,#2435);
#1947=CARTESIAN_POINT('',(-4.6609,1.251513959171,0.0));
#1948=VECTOR('',#2436,19.05);
#1949=CARTESIAN_POINT('',(0.0,4.826,-5.2324));
#1950=CARTESIAN_POINT('',(-0.06877006996579,4.826,-5.2324));
#1951=CARTESIAN_POINT('',(-0.203233179238,4.823098054039,-5.218400310093));
#1952=CARTESIAN_POINT('',(-0.3991798919245,4.810711367399,-5.156169125372));
#1953=CARTESIAN_POINT('',(-0.5776761482601,4.792275701342,-5.055040124006));
#1954=CARTESIAN_POINT('',(-0.7306691414689,4.771055844394,-4.921012620618));
#1955=CARTESIAN_POINT('',(-0.8545010517319,4.750152570863,-4.756660522759));
#1956=CARTESIAN_POINT('',(-0.9419963299893,4.733333753327,-4.570956101541));
#1957=CARTESIAN_POINT('',(-0.9902857958,4.723320131515,-4.365607774447));
#1958=CARTESIAN_POINT('',(-0.9943983840718,4.722441838064,-4.155943578883));
#1959=CARTESIAN_POINT('',(-0.9533517347354,4.73102934236,-3.946244528243));
#1960=CARTESIAN_POINT('',(-0.8703096220008,4.747259603485,-3.753350018819));
#1961=CARTESIAN_POINT('',(-0.7476126676179,4.768433594303,-3.580630673482));
#1962=CARTESIAN_POINT('',(-0.5929803180615,4.790439583075,-3.439120440608));
#1963=CARTESIAN_POINT('',(-0.4106685066361,4.809808189728,-3.332050642829));
#1964=CARTESIAN_POINT('',(-0.2093407004724,4.822917407108,-3.266062458104));
#1965=CARTESIAN_POINT('',(-0.07090309071007,4.826,-3.2512));
#1966=CARTESIAN_POINT('',(0.0,4.826,-3.2512));
#1967=CARTESIAN_POINT('',(-4.767695699182,0.7478995387082,-23.37929953871));
#1968=CARTESIAN_POINT('',(-4.767695699182,0.7478995387082,-23.37929953871));
#1969=CARTESIAN_POINT('',(-4.728296819824,0.9990587625674,-23.63045876257));
#1970=CARTESIAN_POINT('',(-4.611757514014,1.484816132759,-24.11621613276));
#1971=CARTESIAN_POINT('',(-4.334324248502,2.162302284304,-24.7937022843));
#1972=CARTESIAN_POINT('',(-3.975614686471,2.764093319807,-25.39549331981));
#1973=CARTESIAN_POINT('',(-3.556923357879,3.28312658115,-25.91452658115));
#1974=CARTESIAN_POINT('',(-3.097877272235,3.717411596829,-26.34881159683));
#1975=CARTESIAN_POINT('',(-2.614742583562,4.070153679288,-26.70155367929));
#1976=CARTESIAN_POINT('',(-2.118686117571,4.347970861448,-26.97937086145));
#1977=CARTESIAN_POINT('',(-1.782027920752,4.488460080328,-27.11986008033));
#1978=CARTESIAN_POINT('',(-1.614449255938,4.547947844908,-27.17934784491));
#1979=CARTESIAN_POINT('',(-4.826,0.0,-22.6314));
#1980=CARTESIAN_POINT('',(-4.826,0.0,-22.6314));
#1981=CARTESIAN_POINT('',(-4.826,0.08388336374398,-22.71528336374));
#1982=CARTESIAN_POINT('',(-4.821626678103,0.2512394163745,-22.88263941637));
#1983=CARTESIAN_POINT('',(-4.802124535425,0.5006849409681,-23.13208494097));
#1984=CARTESIAN_POINT('',(-4.780583830617,0.6657405245204,-23.29714052452));
#1985=CARTESIAN_POINT('',(-4.767695699182,0.7478995387082,-23.37929953871));
#1986=CARTESIAN_POINT('',(-4.767695699182,0.7478995387083,-21.88350046129));
#1987=CARTESIAN_POINT('',(-4.767695699182,0.7478995387083,-21.88350046129));
#1988=CARTESIAN_POINT('',(-4.780583830617,0.6657405245204,-21.96565947548));
#1989=CARTESIAN_POINT('',(-4.802124535425,0.5006849409681,-22.13071505903));
#1990=CARTESIAN_POINT('',(-4.821626678103,0.2512394163745,-22.38016058363));
#1991=CARTESIAN_POINT('',(-4.826,0.08388336374398,-22.54751663626));
#1992=CARTESIAN_POINT('',(-4.826,0.0,-22.6314));
#1993=CARTESIAN_POINT('',(-4.826,0.0,-20.54473164111));
#1994=CARTESIAN_POINT('',(-4.826,0.04240236633555,-20.60641671621));
#1995=CARTESIAN_POINT('',(-4.824880787619,0.1258664948433,-20.72985444431));
#1996=CARTESIAN_POINT('',(-4.820188903404,0.2463921866203,-20.9154224301));
#1997=CARTESIAN_POINT('',(-4.812862199828,0.3617839074557,-21.10222735068));
#1998=CARTESIAN_POINT('',(-4.803317863003,0.4713918304974,-21.29138785155));
#1999=CARTESIAN_POINT('',(-4.792103253129,0.5738466879429,-21.4835330736));
#2000=CARTESIAN_POINT('',(-4.779860119986,0.6677448529873,-21.68037763963));
#2001=CARTESIAN_POINT('',(-4.77163479997,0.7227886342166,-21.81506093729));
#2002=CARTESIAN_POINT('',(-4.767695699182,0.7478995387083,-21.88350046129));
#2003=CARTESIAN_POINT('',(0.0,-4.826,-3.2512));
#2004=CARTESIAN_POINT('',(-0.07072501142422,-4.826,-3.2512));
#2005=CARTESIAN_POINT('',(-0.208829645717,-4.822932612497,-3.265989928201));
#2006=CARTESIAN_POINT('',(-0.4096947414859,-4.80988568772,-3.331653751949));
#2007=CARTESIAN_POINT('',(-0.5916880275488,-4.790596707131,-3.438212327319));
#2008=CARTESIAN_POINT('',(-0.7462061405405,-4.768653911002,-3.579095579277));
#2009=CARTESIAN_POINT('',(-0.8690112626495,-4.747499049184,-3.751119977779));
#2010=CARTESIAN_POINT('',(-0.9523674623985,-4.73122981111,-3.943237035203));
#2011=CARTESIAN_POINT('',(-0.9940331902585,-4.722519943459,-4.152200267738));
#2012=CARTESIAN_POINT('',(-0.9907739525088,-4.723215975202,-4.361570875642));
#2013=CARTESIAN_POINT('',(-0.9433208652416,-4.733066331786,-4.56720946949));
#2014=CARTESIAN_POINT('',(-0.8563158207861,-4.749823496362,-4.753726620203));
#2015=CARTESIAN_POINT('',(-0.7325507103348,-4.770768618957,-4.919061749777));
#2016=CARTESIAN_POINT('',(-0.5792973507445,-4.792083888795,-5.053943227716));
#2017=CARTESIAN_POINT('',(-0.4004136930197,-4.810615384714,-5.155678106936));
#2018=CARTESIAN_POINT('',(-0.2038799136493,-4.823079425371,-5.218311601138));
#2019=CARTESIAN_POINT('',(-0.06899591977787,-4.826,-5.2324));
#2020=CARTESIAN_POINT('',(0.0,-4.826,-5.2324));
#2021=CARTESIAN_POINT('',(0.0,-5.5118,-5.2324));
#2022=CARTESIAN_POINT('',(0.0,-5.5118,-5.2324));
#2023=VECTOR('',#2437,0.6858);
#2024=CARTESIAN_POINT('',(0.0,-5.5118,-3.2512));
#2025=AXIS2_PLACEMENT_3D('',#2438,#2439,#2440);
#2026=CARTESIAN_POINT('',(0.0,-5.5118,-3.2512));
#2027=VECTOR('',#2441,0.6858);
#2028=AXIS2_PLACEMENT_3D('',#2442,#2443,#2444);
#2029=CARTESIAN_POINT('',(2.421780653777,-5.3848,-17.96455531596));
#2030=AXIS2_PLACEMENT_3D('',#2445,#2446,#2447);
#2031=CARTESIAN_POINT('',(2.421780653777,-6.1468,-17.96455531596));
#2032=CARTESIAN_POINT('',(2.421780653777,-5.3848,-17.96455531596));
#2033=VECTOR('',#2448,0.762);
#2034=CARTESIAN_POINT('',(3.241599327455,-6.1468,-18.49177506044));
#2035=AXIS2_PLACEMENT_3D('',#2449,#2450,#2451);
#2036=CARTESIAN_POINT('',(3.241599327455,-9.4742,-18.49177506044));
#2037=CARTESIAN_POINT('',(3.241599327455,-6.1468,-18.49177506044));
#2038=VECTOR('',#2452,3.3274);
#2039=CARTESIAN_POINT('',(4.139624939562,-9.4742,-19.38980067254));
#2040=AXIS2_PLACEMENT_3D('',#2453,#2454,#2455);
#2041=CARTESIAN_POINT('',(4.139624939562,-6.1468,-19.38980067254));
#2042=CARTESIAN_POINT('',(4.139624939562,-6.1468,-19.38980067254));
#2043=VECTOR('',#2456,3.3274);
#2044=CARTESIAN_POINT('',(4.666844684044,-6.1468,-20.20961934622));
#2045=AXIS2_PLACEMENT_3D('',#2457,#2458,#2459);
#2046=CARTESIAN_POINT('',(4.666844684044,-5.3848,-20.20961934622));
#2047=CARTESIAN_POINT('',(4.666844684044,-5.3848,-20.20961934622));
#2048=VECTOR('',#2460,0.762);
#2049=CARTESIAN_POINT('',(4.666844684044,-5.3848,-25.05318065378));
#2050=AXIS2_PLACEMENT_3D('',#2461,#2462,#2463);
#2051=CARTESIAN_POINT('',(4.666844684044,-6.1468,-25.05318065378));
#2052=CARTESIAN_POINT('',(4.666844684044,-5.3848,-25.05318065378));
#2053=VECTOR('',#2464,0.762);
#2054=CARTESIAN_POINT('',(4.139624939562,-6.1468,-25.87299932746));
#2055=AXIS2_PLACEMENT_3D('',#2465,#2466,#2467);
#2056=CARTESIAN_POINT('',(4.139624939562,-9.4742,-25.87299932746));
#2057=CARTESIAN_POINT('',(4.139624939562,-6.1468,-25.87299932746));
#2058=VECTOR('',#2468,3.3274);
#2059=CARTESIAN_POINT('',(3.241599327455,-9.4742,-26.77102493956));
#2060=AXIS2_PLACEMENT_3D('',#2469,#2470,#2471);
#2061=CARTESIAN_POINT('',(3.241599327455,-6.1468,-26.77102493956));
#2062=CARTESIAN_POINT('',(3.241599327455,-6.1468,-26.77102493956));
#2063=VECTOR('',#2472,3.3274);
#2064=CARTESIAN_POINT('',(2.421780653777,-6.1468,-27.29824468404));
#2065=AXIS2_PLACEMENT_3D('',#2473,#2474,#2475);
#2066=CARTESIAN_POINT('',(2.421780653777,-5.3848,-27.29824468404));
#2067=CARTESIAN_POINT('',(2.421780653777,-5.3848,-27.29824468404));
#2068=VECTOR('',#2476,0.762);
#2069=CARTESIAN_POINT('',(1.614449255938,-5.3848,-27.6352));
#2070=AXIS2_PLACEMENT_3D('',#2477,#2478,#2479);
#2071=CARTESIAN_POINT('',(1.614449255938,0.0,-27.6352));
#2072=CARTESIAN_POINT('',(1.614449255938,0.0,-27.6352));
#2073=VECTOR('',#2480,5.3848);
#2074=AXIS2_PLACEMENT_3D('',#2481,#2482,#2483);
#2075=CARTESIAN_POINT('',(-2.434824156224,-6.1468,-19.29855023167));
#2076=CARTESIAN_POINT('',(-1.571544821187,-6.1468,-18.81479114855));
#2077=AXIS2_PLACEMENT_3D('',#2484,#2485,#2486);
#2078=CARTESIAN_POINT('',(-1.571544821187,-6.1468,-18.81479114855));
#2079=VECTOR('',#2487,1.202415045664);
#2080=CARTESIAN_POINT('',(-2.434824156224,-6.1468,-19.29855023167));
#2081=VECTOR('',#2488,1.14095238894);
#2082=CARTESIAN_POINT('',(-3.816608851454,-6.1468,-21.05985517881));
#2083=CARTESIAN_POINT('',(-4.666844684044,-6.1468,-20.20961934622));
#2084=VECTOR('',#2489,1.202415045664);
#2085=CARTESIAN_POINT('',(-3.332849768331,-6.1468,-20.19657584378));
#2086=AXIS2_PLACEMENT_3D('',#2490,#2491,#2492);
#2087=CARTESIAN_POINT('',(-4.139624939562,-6.1468,-19.38980067254));
#2088=VECTOR('',#2493,1.14095238894);
#2089=CARTESIAN_POINT('',(3.332849768331,-6.1468,-20.19657584378));
#2090=CARTESIAN_POINT('',(3.816608851454,-6.1468,-21.05985517881));
#2091=AXIS2_PLACEMENT_3D('',#2494,#2495,#2496);
#2092=CARTESIAN_POINT('',(3.816608851454,-6.1468,-21.05985517881));
#2093=VECTOR('',#2497,1.202415045664);
#2094=CARTESIAN_POINT('',(3.332849768331,-6.1468,-20.19657584378));
#2095=VECTOR('',#2498,1.14095238894);
#2096=CARTESIAN_POINT('',(1.571544821187,-6.1468,-18.81479114855));
#2097=CARTESIAN_POINT('',(2.421780653777,-6.1468,-17.96455531596));
#2098=VECTOR('',#2499,1.202415045664);
#2099=CARTESIAN_POINT('',(2.434824156224,-6.1468,-19.29855023167));
#2100=AXIS2_PLACEMENT_3D('',#2500,#2501,#2502);
#2101=CARTESIAN_POINT('',(3.241599327455,-6.1468,-18.49177506044));
#2102=VECTOR('',#2503,1.14095238894);
#2103=CARTESIAN_POINT('',(-3.332849768331,-6.1468,-25.06622415622));
#2104=CARTESIAN_POINT('',(-3.816608851454,-6.1468,-24.20294482119));
#2105=AXIS2_PLACEMENT_3D('',#2504,#2505,#2506);
#2106=CARTESIAN_POINT('',(-3.816608851454,-6.1468,-24.20294482119));
#2107=VECTOR('',#2507,1.202415045664);
#2108=CARTESIAN_POINT('',(-3.332849768331,-6.1468,-25.06622415622));
#2109=VECTOR('',#2508,1.14095238894);
#2110=CARTESIAN_POINT('',(-1.571544821187,-6.1468,-26.44800885145));
#2111=CARTESIAN_POINT('',(-2.421780653777,-6.1468,-27.29824468404));
#2112=VECTOR('',#2509,1.202415045664);
#2113=CARTESIAN_POINT('',(-2.434824156224,-6.1468,-25.96424976833));
#2114=AXIS2_PLACEMENT_3D('',#2510,#2511,#2512);
#2115=CARTESIAN_POINT('',(-3.241599327455,-6.1468,-26.77102493956));
#2116=VECTOR('',#2513,1.14095238894);
#2117=CARTESIAN_POINT('',(2.434824156224,-6.1468,-25.96424976833));
#2118=CARTESIAN_POINT('',(1.571544821187,-6.1468,-26.44800885145));
#2119=AXIS2_PLACEMENT_3D('',#2514,#2515,#2516);
#2120=CARTESIAN_POINT('',(1.571544821187,-6.1468,-26.44800885145));
#2121=VECTOR('',#2517,1.202415045664);
#2122=CARTESIAN_POINT('',(2.434824156224,-6.1468,-25.96424976833));
#2123=VECTOR('',#2518,1.14095238894);
#2124=CARTESIAN_POINT('',(3.816608851454,-6.1468,-24.20294482119));
#2125=CARTESIAN_POINT('',(4.666844684044,-6.1468,-25.05318065378));
#2126=VECTOR('',#2519,1.202415045664);
#2127=CARTESIAN_POINT('',(3.332849768331,-6.1468,-25.06622415622));
#2128=AXIS2_PLACEMENT_3D('',#2520,#2521,#2522);
#2129=CARTESIAN_POINT('',(4.139624939562,-6.1468,-25.87299932746));
#2130=VECTOR('',#2523,1.14095238894);
#2131=CARTESIAN_POINT('',(-2.434824156224,-9.4742,-19.29855023167));
#2132=CARTESIAN_POINT('',(-2.434824156224,-9.4742,-19.29855023167));
#2133=VECTOR('',#2524,1.14095238894);
#2134=CARTESIAN_POINT('',(-2.434824156224,-6.1468,-19.29855023167));
#2135=VECTOR('',#2525,3.3274);
#2136=CARTESIAN_POINT('',(-3.816608851454,-5.3848,-21.05985517881));
#2137=CARTESIAN_POINT('',(-3.816608851454,-5.3848,-21.05985517881));
#2138=VECTOR('',#2526,0.762);
#2139=CARTESIAN_POINT('',(-1.571544821187,-5.3848,-18.81479114855));
#2140=AXIS2_PLACEMENT_3D('',#2527,#2528,#2529);
#2141=CARTESIAN_POINT('',(-1.571544821187,-5.3848,-18.81479114855));
#2142=VECTOR('',#2530,0.762);
#2143=CARTESIAN_POINT('',(-3.332849768331,-9.4742,-20.19657584378));
#2144=AXIS2_PLACEMENT_3D('',#2531,#2532,#2533);
#2145=CARTESIAN_POINT('',(-3.332849768331,-6.1468,-20.19657584378));
#2146=VECTOR('',#2534,3.3274);
#2147=CARTESIAN_POINT('',(-4.139624939562,-9.4742,-19.38980067254));
#2148=VECTOR('',#2535,1.14095238894);
#2149=CARTESIAN_POINT('',(2.434824156224,-9.4742,-19.29855023167));
#2150=CARTESIAN_POINT('',(3.241599327455,-9.4742,-18.49177506044));
#2151=VECTOR('',#2536,1.14095238894);
#2152=CARTESIAN_POINT('',(3.332849768331,-9.4742,-20.19657584378));
#2153=AXIS2_PLACEMENT_3D('',#2537,#2538,#2539);
#2154=CARTESIAN_POINT('',(3.332849768331,-9.4742,-20.19657584378));
#2155=VECTOR('',#2540,1.14095238894);
#2156=CARTESIAN_POINT('',(-2.434824156224,-9.4742,-25.96424976833));
#2157=CARTESIAN_POINT('',(-3.241599327455,-9.4742,-26.77102493956));
#2158=VECTOR('',#2541,1.14095238894);
#2159=CARTESIAN_POINT('',(-3.332849768331,-9.4742,-25.06622415622));
#2160=AXIS2_PLACEMENT_3D('',#2542,#2543,#2544);
#2161=CARTESIAN_POINT('',(-3.332849768331,-9.4742,-25.06622415622));
#2162=VECTOR('',#2545,1.14095238894);
#2163=CARTESIAN_POINT('',(3.332849768331,-9.4742,-25.06622415622));
#2164=CARTESIAN_POINT('',(4.139624939562,-9.4742,-25.87299932746));
#2165=VECTOR('',#2546,1.14095238894);
#2166=CARTESIAN_POINT('',(2.434824156224,-9.4742,-25.96424976833));
#2167=AXIS2_PLACEMENT_3D('',#2547,#2548,#2549);
#2168=CARTESIAN_POINT('',(2.434824156224,-9.4742,-25.96424976833));
#2169=VECTOR('',#2550,1.14095238894);
#2170=CARTESIAN_POINT('',(3.332849768331,-6.1468,-20.19657584378));
#2171=VECTOR('',#2551,3.3274);
#2172=CARTESIAN_POINT('',(1.571544821187,-5.3848,-18.81479114855));
#2173=CARTESIAN_POINT('',(1.571544821187,-5.3848,-18.81479114855));
#2174=VECTOR('',#2552,0.762);
#2175=CARTESIAN_POINT('',(3.816608851454,-5.3848,-21.05985517881));
#2176=AXIS2_PLACEMENT_3D('',#2553,#2554,#2555);
#2177=CARTESIAN_POINT('',(3.816608851454,-5.3848,-21.05985517881));
#2178=VECTOR('',#2556,0.762);
#2179=CARTESIAN_POINT('',(2.434824156224,-6.1468,-19.29855023167));
#2180=VECTOR('',#2557,3.3274);
#2181=CARTESIAN_POINT('',(3.816608851454,-5.3848,-21.05985517881));
#2182=VECTOR('',#2558,1.202415045664);
#2183=CARTESIAN_POINT('',(-3.816608851454,-5.3848,-24.20294482119));
#2184=CARTESIAN_POINT('',(-3.816608851454,-5.3848,-24.20294482119));
#2185=VECTOR('',#2559,1.202415045664);
#2186=CARTESIAN_POINT('',(-1.571544821187,-5.3848,-26.44800885145));
#2187=AXIS2_PLACEMENT_3D('',#2560,#2561,#2562);
#2188=CARTESIAN_POINT('',(-2.421780653777,-5.3848,-27.29824468404));
#2189=VECTOR('',#2563,1.202415045664);
#2190=CARTESIAN_POINT('',(1.614449255938,-5.3848,-27.6352));
#2191=VECTOR('',#2564,3.228898511877);
#2192=CARTESIAN_POINT('',(1.571544821187,-5.3848,-26.44800885145));
#2193=CARTESIAN_POINT('',(1.571544821187,-5.3848,-26.44800885145));
#2194=VECTOR('',#2565,1.202415045664);
#2195=CARTESIAN_POINT('',(3.816608851454,-5.3848,-24.20294482119));
#2196=AXIS2_PLACEMENT_3D('',#2566,#2567,#2568);
#2197=CARTESIAN_POINT('',(4.666844684044,-5.3848,-25.05318065378));
#2198=VECTOR('',#2569,1.202415045664);
#2199=CARTESIAN_POINT('',(2.421780653777,-5.3848,-17.96455531596));
#2200=VECTOR('',#2570,1.202415045664);
#2201=CARTESIAN_POINT('',(-1.571544821187,-5.3848,-18.81479114855));
#2202=VECTOR('',#2571,1.202415045664);
#2203=CARTESIAN_POINT('',(-4.666844684044,-5.3848,-20.20961934622));
#2204=VECTOR('',#2572,1.202415045664);
#2205=CARTESIAN_POINT('',(0.0,-5.3848,-19.0754));
#2206=CARTESIAN_POINT('',(0.0,-5.3848,-26.1874));
#2207=AXIS2_PLACEMENT_3D('',#2573,#2574,#2575);
#2208=AXIS2_PLACEMENT_3D('',#2576,#2577,#2578);
#2209=CARTESIAN_POINT('',(0.0,-5.1308,-19.0754));
#2210=CARTESIAN_POINT('',(0.0,-5.3848,-19.0754));
#2211=VECTOR('',#2579,0.254);
#2212=CARTESIAN_POINT('',(0.0,-5.1308,-26.1874));
#2213=AXIS2_PLACEMENT_3D('',#2580,#2581,#2582);
#2214=CARTESIAN_POINT('',(0.0,-5.3848,-26.1874));
#2215=VECTOR('',#2583,0.254);
#2216=AXIS2_PLACEMENT_3D('',#2584,#2585,#2586);
#2217=CARTESIAN_POINT('',(0.0,-5.1308,-22.1488));
#2218=CARTESIAN_POINT('',(0.0,-5.1308,-23.114));
#2219=AXIS2_PLACEMENT_3D('',#2587,#2588,#2589);
#2220=AXIS2_PLACEMENT_3D('',#2590,#2591,#2592);
#2221=CARTESIAN_POINT('',(0.0,-10.07303796723,-23.114));
#2222=CARTESIAN_POINT('',(0.0,-10.07303796723,-22.1488));
#2223=AXIS2_PLACEMENT_3D('',#2593,#2594,#2595);
#2224=CARTESIAN_POINT('',(0.0,-10.07303796723,-22.1488));
#2225=VECTOR('',#2596,4.942237967231);
#2226=CARTESIAN_POINT('',(0.0,-5.1308,-23.114));
#2227=VECTOR('',#2597,4.942237967231);
#2228=AXIS2_PLACEMENT_3D('',#2598,#2599,#2600);
#2229=CARTESIAN_POINT('',(0.0,-10.4902,-22.4409));
#2230=CARTESIAN_POINT('',(0.0,-10.4902,-22.4409));
#2231=VECTOR('',#2601,0.5092608090009);
#2232=CARTESIAN_POINT('',(0.0,-10.4902,-22.8219));
#2233=AXIS2_PLACEMENT_3D('',#2602,#2603,#2604);
#2234=CARTESIAN_POINT('',(0.0,-10.4902,-22.8219));
#2235=VECTOR('',#2605,0.5092608090009);
#2236=AXIS2_PLACEMENT_3D('',#2606,#2607,#2608);
#2237=CARTESIAN_POINT('',(3.816608851454,-5.3848,-24.20294482119));
#2238=VECTOR('',#2609,0.762);
#2239=CARTESIAN_POINT('',(1.571544821187,-5.3848,-26.44800885145));
#2240=VECTOR('',#2610,0.762);
#2241=CARTESIAN_POINT('',(2.434824156224,-6.1468,-25.96424976833));
#2242=VECTOR('',#2611,3.3274);
#2243=CARTESIAN_POINT('',(3.332849768331,-6.1468,-25.06622415622));
#2244=VECTOR('',#2612,3.3274);
#2245=CARTESIAN_POINT('',(-1.614449255938,0.0,-27.6352));
#2246=VECTOR('',#2613,4.547947844908);
#2247=CARTESIAN_POINT('',(1.614449255938,0.0,-27.6352));
#2248=VECTOR('',#2614,4.547947844908);
#2249=CARTESIAN_POINT('',(1.614449255938,0.7478995387083,-27.17934784491));
#2250=CARTESIAN_POINT('',(1.614449255938,0.0,-27.6352));
#2251=CARTESIAN_POINT('',(1.614449255938,0.08515453892041,-27.58354036972));
#2252=CARTESIAN_POINT('',(1.614449255938,0.2540970386118,-27.48089933969));
#2253=CARTESIAN_POINT('',(1.614449255938,0.503397560456,-27.32895963495));
#2254=CARTESIAN_POINT('',(1.614449255938,0.6668573347935,-27.22899821129));
#2255=CARTESIAN_POINT('',(1.614449255938,0.7478995387083,-27.17934784491));
#2256=CARTESIAN_POINT('',(1.614449255938,4.547947844908,-27.17934784491));
#2257=VECTOR('',#2615,3.800048306199);
#2258=CARTESIAN_POINT('',(-1.614449255938,0.7478995387083,-27.17934784491));
#2259=AXIS2_PLACEMENT_3D('',#2616,#2617,#2618);
#2260=CARTESIAN_POINT('',(-1.614449255938,4.547947844908,-27.17934784491));
#2261=VECTOR('',#2619,3.800048306199);
#2262=AXIS2_PLACEMENT_3D('',#2620,#2621,#2622);
#2263=CARTESIAN_POINT('',(-1.614449255938,0.7478995387083,-27.17934784491));
#2264=CARTESIAN_POINT('',(-1.614449255938,0.6668838417195,-27.22898197186));
#2265=CARTESIAN_POINT('',(-1.614449255938,0.503459471777,-27.32892182204));
#2266=CARTESIAN_POINT('',(-1.614449255938,0.2541598555463,-27.48086113433));
#2267=CARTESIAN_POINT('',(-1.614449255938,0.08518148309826,-27.58352402383));
#2268=CARTESIAN_POINT('',(-1.614449255938,0.0,-27.6352));
#2269=AXIS2_PLACEMENT_3D('',#2623,#2624,#2625);
#2270=AXIS2_PLACEMENT_3D('',#2626,#2627,#2628);
#2271=CARTESIAN_POINT('',(-1.571544821187,-5.3848,-26.44800885145));
#2272=VECTOR('',#2629,0.762);
#2273=CARTESIAN_POINT('',(-3.816608851454,-5.3848,-24.20294482119));
#2274=VECTOR('',#2630,0.762);
#2275=CARTESIAN_POINT('',(-3.332849768331,-6.1468,-25.06622415622));
#2276=VECTOR('',#2631,3.3274);
#2277=CARTESIAN_POINT('',(-2.434824156224,-6.1468,-25.96424976833));
#2278=VECTOR('',#2632,3.3274);
#2279=CARTESIAN_POINT('',(0.0,5.5118,-3.2512));
#2280=CARTESIAN_POINT('',(0.0,4.826,-3.2512));
#2281=VECTOR('',#2633,0.6858);
#2282=CARTESIAN_POINT('',(0.0,5.5118,-5.2324));
#2283=AXIS2_PLACEMENT_3D('',#2634,#2635,#2636);
#2284=CARTESIAN_POINT('',(0.0,4.826,-5.2324));
#2285=VECTOR('',#2637,0.6858);
#2286=AXIS2_PLACEMENT_3D('',#2638,#2639,#2640);
#2287=CARTESIAN_POINT('',(-4.6609,-1.251513959747,-19.05));
#2288=VECTOR('',#2641,2.503027919494);
#2289=DIRECTION('',(-0.0,-1.0,0.0));
#2290=CARTESIAN_POINT('',(0.0,0.0,-22.6314));
#2291=DIRECTION('',(0.0,1.0,0.0));
#2292=DIRECTION('',(-0.307057943614911,0.0,-0.951690821256033));
#2293=DIRECTION('',(0.0,-1.0,0.0));
#2294=CARTESIAN_POINT('',(0.0,-5.3848,-22.6314));
#2295=DIRECTION('',(0.0,-1.0,-0.0));
#2296=DIRECTION('',(-0.460607222369994,0.0,-0.887604070912588));
#2297=DIRECTION('',(0.0,-1.0,0.0));
#2298=CARTESIAN_POINT('',(0.0,-6.1468,-22.6314));
#2299=DIRECTION('',(0.0,-1.0,-0.0));
#2300=DIRECTION('',(-0.616531501284787,0.0,-0.787330240701783));
#2301=DIRECTION('',(0.0,-1.0,0.0));
#2302=CARTESIAN_POINT('',(0.0,-9.4742,-22.6314));
#2303=DIRECTION('',(0.0,-1.0,-0.0));
#2304=DIRECTION('',(-0.787330240701783,0.0,-0.616531501284787));
#2305=DIRECTION('',(0.0,-1.0,0.0));
#2306=CARTESIAN_POINT('',(0.0,-6.1468,-22.6314));
#2307=DIRECTION('',(0.0,-1.0,-0.0));
#2308=DIRECTION('',(-0.887604070912588,0.0,-0.460607222369994));
#2309=DIRECTION('',(0.0,-1.0,0.0));
#2310=CARTESIAN_POINT('',(0.0,-5.3848,-22.6314));
#2311=DIRECTION('',(0.0,-1.0,0.0));
#2312=DIRECTION('',(-0.887604070912588,0.0,0.460607222369994));
#2313=DIRECTION('',(0.0,-1.0,0.0));
#2314=CARTESIAN_POINT('',(0.0,-6.1468,-22.6314));
#2315=DIRECTION('',(0.0,-1.0,0.0));
#2316=DIRECTION('',(-0.787330240701783,0.0,0.616531501284787));
#2317=DIRECTION('',(0.0,-1.0,0.0));
#2318=CARTESIAN_POINT('',(0.0,-9.4742,-22.6314));
#2319=DIRECTION('',(0.0,-1.0,0.0));
#2320=DIRECTION('',(-0.616531501284787,0.0,0.787330240701783));
#2321=DIRECTION('',(0.0,-1.0,0.0));
#2322=CARTESIAN_POINT('',(0.0,-6.1468,-22.6314));
#2323=DIRECTION('',(0.0,-1.0,0.0));
#2324=DIRECTION('',(-0.460607222369994,0.0,0.887604070912588));
#2325=DIRECTION('',(0.0,-1.0,0.0));
#2326=CARTESIAN_POINT('',(0.0,-5.3848,-22.6314));
#2327=DIRECTION('',(0.0,-1.0,0.0));
#2328=DIRECTION('',(0.460607222369994,0.0,0.887604070912588));
#2329=DIRECTION('',(0.0,-0.0,-1.0));
#2330=DIRECTION('',(0.0,0.0,-1.0));
#2331=DIRECTION('',(0.0,0.0,-1.0));
#2332=CARTESIAN_POINT('',(0.0,0.0,0.0));
#2333=DIRECTION('',(0.0,0.0,-1.0));
#2334=DIRECTION('',(0.0,1.0,0.0));
#2335=DIRECTION('',(0.0,3.024155437589E-11,-1.0));
#2336=CARTESIAN_POINT('',(0.0,0.0,-19.05));
#2337=DIRECTION('',(0.0,0.0,-1.0));
#2338=DIRECTION('',(0.965789473594515,0.259327385160204,0.0));
#2339=DIRECTION('',(0.0,-3.024161265532E-11,-1.0));
#2340=CARTESIAN_POINT('',(0.0,0.0,0.0));
#2341=DIRECTION('',(0.0,0.0,-1.0));
#2342=DIRECTION('',(0.9657894736842,-0.2593273848262,0.0));
#2343=DIRECTION('',(0.0,0.0,-1.0));
#2344=DIRECTION('',(0.0,0.0,-1.0));
#2345=DIRECTION('',(0.0,0.0,-1.0));
#2346=CARTESIAN_POINT('',(0.0,0.0,-27.6352));
#2347=DIRECTION('',(0.0,-0.0,1.0));
#2348=DIRECTION('',(0.334531549096195,0.942384551369185,0.0));
#2349=CARTESIAN_POINT('',(0.0,0.0,0.0));
#2350=DIRECTION('',(0.0,0.0,-1.0));
#2351=DIRECTION('',(-0.9657894736842,0.2593273848262,0.0));
#2352=DIRECTION('',(0.0,1.0,0.0));
#2353=CARTESIAN_POINT('',(0.0,0.0,0.0));
#2354=DIRECTION('',(0.0,0.0,-1.0));
#2355=DIRECTION('',(0.0,-1.0,0.0));
#2356=DIRECTION('',(0.0,-1.0,0.0));
#2357=CARTESIAN_POINT('',(0.0,0.0,0.0));
#2358=DIRECTION('',(0.0,0.0,-1.0));
#2359=DIRECTION('',(1.0,0.0,0.0));
#2360=CARTESIAN_POINT('',(0.0,0.0,0.0));
#2361=DIRECTION('',(0.0,0.0,-1.0));
#2362=DIRECTION('',(-1.0,0.0,0.0));
#2363=DIRECTION('',(0.0,0.0,1.0));
#2364=CARTESIAN_POINT('',(0.0,0.0,-8.4074));
#2365=DIRECTION('',(0.0,0.0,-1.0));
#2366=DIRECTION('',(-1.0,0.0,0.0));
#2367=DIRECTION('',(0.0,0.0,1.0));
#2368=CARTESIAN_POINT('',(0.0,0.0,-8.4074));
#2369=DIRECTION('',(0.0,0.0,1.0));
#2370=DIRECTION('',(-1.0,0.0,0.0));
#2371=CARTESIAN_POINT('',(0.0,0.0,-8.4074));
#2372=DIRECTION('',(0.0,0.0,1.0));
#2373=DIRECTION('',(-1.0,0.0,0.0));
#2374=CARTESIAN_POINT('',(0.0,0.0,-8.4074));
#2375=DIRECTION('',(0.0,0.0,-1.0));
#2376=DIRECTION('',(-1.0,0.0,0.0));
#2377=CARTESIAN_POINT('',(0.0,0.0,-8.5852));
#2378=DIRECTION('',(0.0,0.0,-1.0));
#2379=DIRECTION('',(-1.0,0.0,0.0));
#2380=DIRECTION('',(0.0,0.0,1.0));
#2381=DIRECTION('',(0.0,0.0,1.0));
#2382=CARTESIAN_POINT('',(0.0,0.0,-8.5852));
#2383=DIRECTION('',(0.0,0.0,1.0));
#2384=DIRECTION('',(-1.0,0.0,0.0));
#2385=CARTESIAN_POINT('',(0.0,0.0,-8.5852));
#2386=DIRECTION('',(0.0,0.0,1.0));
#2387=DIRECTION('',(-1.0,0.0,0.0));
#2388=CARTESIAN_POINT('',(0.0,0.0,-8.5852));
#2389=DIRECTION('',(0.0,0.0,-1.0));
#2390=DIRECTION('',(-1.0,0.0,0.0));
#2391=CARTESIAN_POINT('',(0.0,0.0,-3.3782));
#2392=DIRECTION('',(0.0,0.0,-1.0));
#2393=DIRECTION('',(-1.0,0.0,0.0));
#2394=DIRECTION('',(0.0,0.0,-1.0));
#2395=DIRECTION('',(0.0,0.0,-1.0));
#2396=CARTESIAN_POINT('',(0.0,0.0,-3.3782));
#2397=DIRECTION('',(0.0,0.0,1.0));
#2398=DIRECTION('',(-1.0,0.0,0.0));
#2399=CARTESIAN_POINT('',(0.0,0.0,-3.3782));
#2400=DIRECTION('',(0.0,0.0,1.0));
#2401=DIRECTION('',(-1.0,0.0,0.0));
#2402=CARTESIAN_POINT('',(0.0,0.0,-3.3782));
#2403=DIRECTION('',(0.0,0.0,-1.0));
#2404=DIRECTION('',(-1.0,0.0,0.0));
#2405=CARTESIAN_POINT('',(0.0,0.0,-3.429));
#2406=DIRECTION('',(0.0,0.0,-1.0));
#2407=DIRECTION('',(-1.0,0.0,0.0));
#2408=DIRECTION('',(0.0,0.0,1.0));
#2409=DIRECTION('',(0.0,0.0,1.0));
#2410=CARTESIAN_POINT('',(0.0,0.0,-3.429));
#2411=DIRECTION('',(0.0,0.0,1.0));
#2412=DIRECTION('',(-1.0,0.0,0.0));
#2413=CARTESIAN_POINT('',(0.0,0.0,-3.429));
#2414=DIRECTION('',(0.0,0.0,1.0));
#2415=DIRECTION('',(-1.0,0.0,0.0));
#2416=CARTESIAN_POINT('',(0.0,0.0,-3.429));
#2417=DIRECTION('',(0.0,0.0,-1.0));
#2418=DIRECTION('',(-1.0,0.0,0.0));
#2419=CARTESIAN_POINT('',(0.0,0.0,-4.428998));
#2420=DIRECTION('',(0.0,0.0,-1.0));
#2421=DIRECTION('',(-1.0,0.0,0.0));
#2422=DIRECTION('',(0.0,0.0,1.0));
#2423=DIRECTION('',(0.0,0.0,1.0));
#2424=CARTESIAN_POINT('',(0.0,0.0,-4.428998));
#2425=DIRECTION('',(0.0,0.0,1.0));
#2426=DIRECTION('',(-1.0,0.0,0.0));
#2427=DIRECTION('',(0.0,-1.0,0.0));
#2428=CARTESIAN_POINT('',(0.0,0.0,-27.6352));
#2429=DIRECTION('',(0.0,-0.0,1.0));
#2430=DIRECTION('',(0.334531549096195,0.942384551369185,0.0));
#2431=DIRECTION('',(0.0,0.0,1.0));
#2432=DIRECTION('',(0.0,-3.024164762297E-11,-1.0));
#2433=CARTESIAN_POINT('',(0.0,0.0,-19.05));
#2434=DIRECTION('',(-0.0,0.0,-1.0));
#2435=DIRECTION('',(-0.965789473594515,-0.259327385160204,0.0));
#2436=DIRECTION('',(0.0,3.024161265532E-11,-1.0));
#2437=DIRECTION('',(0.0,1.0,0.0));
#2438=CARTESIAN_POINT('',(0.0,-5.5118,-4.2418));
#2439=DIRECTION('',(0.0,1.0,0.0));
#2440=DIRECTION('',(0.0,0.0,-1.0));
#2441=DIRECTION('',(0.0,1.0,0.0));
#2442=CARTESIAN_POINT('',(0.0,-5.5118,-4.2418));
#2443=DIRECTION('',(0.0,-1.0,0.0));
#2444=DIRECTION('',(0.0,0.0,-1.0));
#2445=CARTESIAN_POINT('',(0.0,-5.3848,-22.6314));
#2446=DIRECTION('',(0.0,-1.0,0.0));
#2447=DIRECTION('',(0.460607222369994,0.0,0.887604070912588));
#2448=DIRECTION('',(0.0,-1.0,0.0));
#2449=CARTESIAN_POINT('',(0.0,-6.1468,-22.6314));
#2450=DIRECTION('',(0.0,-1.0,0.0));
#2451=DIRECTION('',(0.616531501284787,0.0,0.787330240701783));
#2452=DIRECTION('',(0.0,-1.0,0.0));
#2453=CARTESIAN_POINT('',(0.0,-9.4742,-22.6314));
#2454=DIRECTION('',(0.0,-1.0,0.0));
#2455=DIRECTION('',(0.787330240701783,0.0,0.616531501284787));
#2456=DIRECTION('',(0.0,-1.0,0.0));
#2457=CARTESIAN_POINT('',(0.0,-6.1468,-22.6314));
#2458=DIRECTION('',(0.0,-1.0,0.0));
#2459=DIRECTION('',(0.887604070912588,0.0,0.460607222369994));
#2460=DIRECTION('',(0.0,-1.0,0.0));
#2461=CARTESIAN_POINT('',(0.0,-5.3848,-22.6314));
#2462=DIRECTION('',(0.0,-1.0,0.0));
#2463=DIRECTION('',(0.887604070912588,0.0,-0.460607222369994));
#2464=DIRECTION('',(0.0,-1.0,0.0));
#2465=CARTESIAN_POINT('',(0.0,-6.1468,-22.6314));
#2466=DIRECTION('',(0.0,-1.0,0.0));
#2467=DIRECTION('',(0.787330240701783,0.0,-0.616531501284787));
#2468=DIRECTION('',(0.0,-1.0,0.0));
#2469=CARTESIAN_POINT('',(0.0,-9.4742,-22.6314));
#2470=DIRECTION('',(0.0,-1.0,0.0));
#2471=DIRECTION('',(0.616531501284787,0.0,-0.787330240701783));
#2472=DIRECTION('',(0.0,-1.0,0.0));
#2473=CARTESIAN_POINT('',(0.0,-6.1468,-22.6314));
#2474=DIRECTION('',(0.0,-1.0,0.0));
#2475=DIRECTION('',(0.460607222369994,0.0,-0.887604070912588));
#2476=DIRECTION('',(0.0,-1.0,0.0));
#2477=CARTESIAN_POINT('',(0.0,-5.3848,-22.6314));
#2478=DIRECTION('',(0.0,-1.0,0.0));
#2479=DIRECTION('',(0.307057943614911,0.0,-0.951690821256033));
#2480=DIRECTION('',(0.0,-1.0,0.0));
#2481=CARTESIAN_POINT('',(0.0,0.0,-22.6314));
#2482=DIRECTION('',(0.0,-1.0,0.0));
#2483=DIRECTION('',(0.307057943614911,0.0,-0.951690821256033));
#2484=CARTESIAN_POINT('',(0.0,-6.1468,-22.6314));
#2485=DIRECTION('',(0.0,1.0,0.0));
#2486=DIRECTION('',(-0.589902884609171,0.0,0.80747420189736));
#2487=DIRECTION('',(-0.707106781186548,0.0,0.707106781186548));
#2488=DIRECTION('',(-0.707106781186548,0.0,0.707106781186548));
#2489=DIRECTION('',(0.707106781186548,0.0,-0.707106781186548));
#2490=CARTESIAN_POINT('',(0.0,-6.1468,-22.6314));
#2491=DIRECTION('',(0.0,1.0,0.0));
#2492=DIRECTION('',(-0.924678098474712,0.0,0.380749805254305));
#2493=DIRECTION('',(0.707106781186548,0.0,-0.707106781186548));
#2494=CARTESIAN_POINT('',(0.0,-6.1468,-22.6314));
#2495=DIRECTION('',(-0.0,1.0,0.0));
#2496=DIRECTION('',(0.80747420189736,0.0,0.589902884609171));
#2497=DIRECTION('',(0.707106781186598,0.0,0.707106781186498));
#2498=DIRECTION('',(0.707106781186548,0.0,0.707106781186548));
#2499=DIRECTION('',(-0.707106781186548,0.0,-0.707106781186548));
#2500=CARTESIAN_POINT('',(0.0,-6.1468,-22.6314));
#2501=DIRECTION('',(-0.0,1.0,0.0));
#2502=DIRECTION('',(0.380749805254305,0.0,0.924678098474712));
#2503=DIRECTION('',(-0.707106781186598,0.0,-0.707106781186498));
#2504=CARTESIAN_POINT('',(0.0,-6.1468,-22.6314));
#2505=DIRECTION('',(0.0,1.0,0.0));
#2506=DIRECTION('',(-0.80747420189736,0.0,-0.589902884609171));
#2507=DIRECTION('',(-0.707106781186548,0.0,-0.707106781186548));
#2508=DIRECTION('',(-0.707106781186548,0.0,-0.707106781186548));
#2509=DIRECTION('',(0.707106781186598,0.0,0.707106781186498));
#2510=CARTESIAN_POINT('',(0.0,-6.1468,-22.6314));
#2511=DIRECTION('',(0.0,1.0,0.0));
#2512=DIRECTION('',(-0.380749805254305,0.0,-0.924678098474712));
#2513=DIRECTION('',(0.707106781186548,0.0,0.707106781186548));
#2514=CARTESIAN_POINT('',(0.0,-6.1468,-22.6314));
#2515=DIRECTION('',(0.0,1.0,0.0));
#2516=DIRECTION('',(0.589902884609171,0.0,-0.80747420189736));
#2517=DIRECTION('',(0.707106781186598,0.0,-0.707106781186498));
#2518=DIRECTION('',(0.707106781186598,0.0,-0.707106781186498));
#2519=DIRECTION('',(-0.707106781186548,0.0,0.707106781186548));
#2520=CARTESIAN_POINT('',(0.0,-6.1468,-22.6314));
#2521=DIRECTION('',(0.0,1.0,0.0));
#2522=DIRECTION('',(0.924678098474712,0.0,-0.380749805254305));
#2523=DIRECTION('',(-0.707106781186498,0.0,0.707106781186598));
#2524=DIRECTION('',(-0.707106781186548,0.0,0.707106781186548));
#2525=DIRECTION('',(0.0,-1.0,0.0));
#2526=DIRECTION('',(0.0,-1.0,0.0));
#2527=CARTESIAN_POINT('',(0.0,-5.3848,-22.6314));
#2528=DIRECTION('',(0.0,-1.0,0.0));
#2529=DIRECTION('',(-0.380749805254305,0.0,0.924678098474712));
#2530=DIRECTION('',(0.0,-1.0,0.0));
#2531=CARTESIAN_POINT('',(0.0,-9.4742,-22.6314));
#2532=DIRECTION('',(0.0,1.0,0.0));
#2533=DIRECTION('',(-0.80747420189736,0.0,0.589902884609171));
#2534=DIRECTION('',(0.0,-1.0,0.0));
#2535=DIRECTION('',(0.707106781186548,0.0,-0.707106781186548));
#2536=DIRECTION('',(-0.707106781186598,0.0,-0.707106781186498));
#2537=CARTESIAN_POINT('',(0.0,-9.4742,-22.6314));
#2538=DIRECTION('',(-0.0,1.0,0.0));
#2539=DIRECTION('',(0.589902884609171,0.0,0.80747420189736));
#2540=DIRECTION('',(0.707106781186548,0.0,0.707106781186548));
#2541=DIRECTION('',(0.707106781186598,0.0,0.707106781186498));
#2542=CARTESIAN_POINT('',(0.0,-9.4742,-22.6314));
#2543=DIRECTION('',(0.0,1.0,0.0));
#2544=DIRECTION('',(-0.589902884609171,0.0,-0.80747420189736));
#2545=DIRECTION('',(-0.707106781186598,0.0,-0.707106781186498));
#2546=DIRECTION('',(-0.707106781186498,0.0,0.707106781186598));
#2547=CARTESIAN_POINT('',(0.0,-9.4742,-22.6314));
#2548=DIRECTION('',(0.0,1.0,0.0));
#2549=DIRECTION('',(0.80747420189736,0.0,-0.589902884609171));
#2550=DIRECTION('',(0.707106781186598,0.0,-0.707106781186498));
#2551=DIRECTION('',(0.0,-1.0,0.0));
#2552=DIRECTION('',(0.0,-1.0,0.0));
#2553=CARTESIAN_POINT('',(0.0,-5.3848,-22.6314));
#2554=DIRECTION('',(0.0,-1.0,0.0));
#2555=DIRECTION('',(0.924678098474712,0.0,0.380749805254305));
#2556=DIRECTION('',(0.0,-1.0,0.0));
#2557=DIRECTION('',(0.0,-1.0,0.0));
#2558=DIRECTION('',(0.707106781186598,0.0,0.707106781186498));
#2559=DIRECTION('',(-0.707106781186548,0.0,-0.707106781186548));
#2560=CARTESIAN_POINT('',(0.0,-5.3848,-22.6314));
#2561=DIRECTION('',(0.0,-1.0,-0.0));
#2562=DIRECTION('',(-0.924678098474712,0.0,-0.380749805254305));
#2563=DIRECTION('',(0.707106781186598,0.0,0.707106781186498));
#2564=DIRECTION('',(-1.0,0.0,0.0));
#2565=DIRECTION('',(0.707106781186598,0.0,-0.707106781186498));
#2566=CARTESIAN_POINT('',(0.0,-5.3848,-22.6314));
#2567=DIRECTION('',(0.0,-1.0,0.0));
#2568=DIRECTION('',(0.380749805254305,0.0,-0.924678098474712));
#2569=DIRECTION('',(-0.707106781186598,0.0,0.707106781186498));
#2570=DIRECTION('',(-0.707106781186548,0.0,-0.707106781186548));
#2571=DIRECTION('',(-0.707106781186548,0.0,0.707106781186548));
#2572=DIRECTION('',(0.707106781186598,0.0,-0.707106781186498));
#2573=CARTESIAN_POINT('',(0.0,-5.3848,-22.6314));
#2574=DIRECTION('',(0.0,-1.0,0.0));
#2575=DIRECTION('',(0.0,0.0,1.0));
#2576=CARTESIAN_POINT('',(0.0,-5.3848,-22.6314));
#2577=DIRECTION('',(0.0,-1.0,0.0));
#2578=DIRECTION('',(0.0,0.0,-1.0));
#2579=DIRECTION('',(0.0,1.0,0.0));
#2580=CARTESIAN_POINT('',(0.0,-5.1308,-22.6314));
#2581=DIRECTION('',(0.0,-1.0,0.0));
#2582=DIRECTION('',(0.0,0.0,-1.0));
#2583=DIRECTION('',(0.0,1.0,0.0));
#2584=CARTESIAN_POINT('',(0.0,-5.1308,-22.6314));
#2585=DIRECTION('',(0.0,-1.0,0.0));
#2586=DIRECTION('',(0.0,0.0,1.0));
#2587=CARTESIAN_POINT('',(0.0,-5.1308,-22.6314));
#2588=DIRECTION('',(0.0,1.0,0.0));
#2589=DIRECTION('',(0.0,0.0,1.0));
#2590=CARTESIAN_POINT('',(0.0,-5.1308,-22.6314));
#2591=DIRECTION('',(0.0,1.0,0.0));
#2592=DIRECTION('',(0.0,0.0,-1.0));
#2593=CARTESIAN_POINT('',(0.0,-10.07303796723,-22.6314));
#2594=DIRECTION('',(0.0,1.0,0.0));
#2595=DIRECTION('',(0.0,0.0,-1.0));
#2596=DIRECTION('',(0.0,1.0,0.0));
#2597=DIRECTION('',(0.0,-1.0,0.0));
#2598=CARTESIAN_POINT('',(0.0,-10.07303796723,-22.6314));
#2599=DIRECTION('',(0.0,-1.0,0.0));
#2600=DIRECTION('',(0.0,0.0,-1.0));
#2601=DIRECTION('',(0.0,0.819152044289016,0.573576436351011));
#2602=CARTESIAN_POINT('',(0.0,-10.4902,-22.6314));
#2603=DIRECTION('',(0.0,-1.0,0.0));
#2604=DIRECTION('',(0.0,0.0,-1.0));
#2605=DIRECTION('',(0.0,0.819152044289016,-0.573576436351011));
#2606=CARTESIAN_POINT('',(0.0,-10.4902,-22.6314));
#2607=DIRECTION('',(0.0,1.0,0.0));
#2608=DIRECTION('',(0.0,0.0,-1.0));
#2609=DIRECTION('',(0.0,-1.0,0.0));
#2610=DIRECTION('',(0.0,-1.0,0.0));
#2611=DIRECTION('',(0.0,-1.0,0.0));
#2612=DIRECTION('',(0.0,-1.0,0.0));
#2613=DIRECTION('',(0.0,1.0,0.0));
#2614=DIRECTION('',(0.0,1.0,0.0));
#2615=DIRECTION('',(0.0,-1.0,0.0));
#2616=CARTESIAN_POINT('',(0.0,0.7478995387083,-22.6314));
#2617=DIRECTION('',(0.0,-1.0,-0.0));
#2618=DIRECTION('',(-0.987918710978483,0.0,-0.154972966992997));
#2619=DIRECTION('',(0.0,-1.0,0.0));
#2620=CARTESIAN_POINT('',(0.0,0.7478995387083,-22.6314));
#2621=DIRECTION('',(0.0,-1.0,0.0));
#2622=DIRECTION('',(0.334531549096195,0.0,-0.942384551369185));
#2623=CARTESIAN_POINT('',(0.0,0.7478995387083,-22.6314));
#2624=DIRECTION('',(0.0,1.0,0.0));
#2625=DIRECTION('',(-0.987918710978483,0.0,-0.154972966992997));
#2626=CARTESIAN_POINT('',(0.0,0.7478995387083,-22.6314));
#2627=DIRECTION('',(0.0,-1.0,0.0));
#2628=DIRECTION('',(0.987918710978483,0.0,-0.154972966992997));
#2629=DIRECTION('',(0.0,-1.0,0.0));
#2630=DIRECTION('',(0.0,-1.0,0.0));
#2631=DIRECTION('',(0.0,-1.0,0.0));
#2632=DIRECTION('',(0.0,-1.0,0.0));
#2633=DIRECTION('',(0.0,1.0,0.0));
#2634=CARTESIAN_POINT('',(0.0,5.5118,-4.2418));
#2635=DIRECTION('',(0.0,1.0,0.0));
#2636=DIRECTION('',(0.0,0.0,-1.0));
#2637=DIRECTION('',(0.0,1.0,0.0));
#2638=CARTESIAN_POINT('',(0.0,5.5118,-4.2418));
#2639=DIRECTION('',(0.0,-1.0,0.0));
#2640=DIRECTION('',(0.0,0.0,-1.0));
#2641=DIRECTION('',(0.0,1.0,0.0));
ENDSEC;
END-ISO-10303-21;
