ISO-10303-21;
HEADER;
/* Generated by software containing ST-Developer
 * from STEP Tools, Inc. (www.steptools.com) 
 */
/* OPTION: using custom renumber hook */

FILE_DESCRIPTION(
/* description */ ('STEP AP214'),
/* implementation_level */ '2;1');

FILE_NAME(
/* name */ 'ZF5S-10-01-T-WT',
/* time_stamp */ '2025-03-24T22:10:29+01:00',
/* author */ ('License CC BY-ND 4.0'),
/* organization */ ('CADENAS'),
/* preprocessor_version */ 'ST-DEVELOPER v19.3',
/* originating_system */ 'PARTsolutions',
/* authorisation */ '  ');

FILE_SCHEMA (('AUTOMOTIVE_DESIGN {1 0 10303 214 3 1 1}'));
ENDSEC;

DATA;
#10=PROPERTY_DEFINITION_REPRESENTATION(#14,#12);
#11=PROPERTY_DEFINITION_REPRESENTATION(#15,#13);
#12=REPRESENTATION('',(#16),#14668);
#13=REPRESENTATION('',(#17),#14668);
#14=PROPERTY_DEFINITION('pmi validation property','',#14677);
#15=PROPERTY_DEFINITION('pmi validation property','',#14677);
#16=VALUE_REPRESENTATION_ITEM('number of annotations',COUNT_MEASURE(0.));
#17=VALUE_REPRESENTATION_ITEM('number of views',COUNT_MEASURE(0.));
#18=CONTEXT_DEPENDENT_SHAPE_REPRESENTATION(#22,#14679);
#19=CONTEXT_DEPENDENT_SHAPE_REPRESENTATION(#23,#14681);
#20=NEXT_ASSEMBLY_USAGE_OCCURRENCE('NAUO1','ZF5S-10-01-WT_socket',
'ZF5S-10-01-WT_socket',#14682,#14683,'');
#21=NEXT_ASSEMBLY_USAGE_OCCURRENCE('NAUO2','C-297-10-01_pins',
'C-297-10-01_pins',#14682,#14684,'');
#22=(
REPRESENTATION_RELATIONSHIP(' ',' ',#9727,#9726)
REPRESENTATION_RELATIONSHIP_WITH_TRANSFORMATION(#24)
SHAPE_REPRESENTATION_RELATIONSHIP()
);
#23=(
REPRESENTATION_RELATIONSHIP(' ',' ',#9728,#9726)
REPRESENTATION_RELATIONSHIP_WITH_TRANSFORMATION(#25)
SHAPE_REPRESENTATION_RELATIONSHIP()
);
#24=ITEM_DEFINED_TRANSFORMATION(' ',' ',#9729,#9929);
#25=ITEM_DEFINED_TRANSFORMATION(' ',' ',#9729,#10200);
#26=SHAPE_REPRESENTATION_RELATIONSHIP('','',#9727,#28);
#27=SHAPE_REPRESENTATION_RELATIONSHIP('','',#9728,#29);
#28=ADVANCED_BREP_SHAPE_REPRESENTATION('',(#9721),#14669);
#29=ADVANCED_BREP_SHAPE_REPRESENTATION('',(#9722),#14670);
#30=CYLINDRICAL_SURFACE('',#9795,0.499999999999999);
#31=CYLINDRICAL_SURFACE('',#9797,0.499999999999998);
#32=CYLINDRICAL_SURFACE('',#9966,0.0999999999999988);
#33=CYLINDRICAL_SURFACE('',#9969,0.0999999999999988);
#34=CYLINDRICAL_SURFACE('',#9972,0.0999999999999988);
#35=CYLINDRICAL_SURFACE('',#9975,0.0999999999999988);
#36=CYLINDRICAL_SURFACE('',#9978,0.0999999999999988);
#37=CYLINDRICAL_SURFACE('',#9981,0.0999999999999988);
#38=CYLINDRICAL_SURFACE('',#9984,0.0999999999999988);
#39=CYLINDRICAL_SURFACE('',#9987,0.0999999999999988);
#40=CYLINDRICAL_SURFACE('',#9990,0.0999999999999988);
#41=CYLINDRICAL_SURFACE('',#9993,0.0999999999999988);
#42=CYLINDRICAL_SURFACE('',#10026,0.0999999999999951);
#43=CYLINDRICAL_SURFACE('',#10029,0.0999999999999951);
#44=CYLINDRICAL_SURFACE('',#10032,0.0999999999999951);
#45=CYLINDRICAL_SURFACE('',#10035,0.0999999999999951);
#46=CYLINDRICAL_SURFACE('',#10038,0.0999999999999951);
#47=CYLINDRICAL_SURFACE('',#10041,0.0999999999999951);
#48=CYLINDRICAL_SURFACE('',#10044,0.0999999999999951);
#49=CYLINDRICAL_SURFACE('',#10047,0.0999999999999951);
#50=CYLINDRICAL_SURFACE('',#10050,0.0999999999999951);
#51=CYLINDRICAL_SURFACE('',#10053,0.0999999999999951);
#52=CYLINDRICAL_SURFACE('',#10076,0.0999999999999994);
#53=CYLINDRICAL_SURFACE('',#10079,0.0999999999999994);
#54=CYLINDRICAL_SURFACE('',#10082,0.0999999999999994);
#55=CYLINDRICAL_SURFACE('',#10085,0.0999999999999994);
#56=CYLINDRICAL_SURFACE('',#10088,0.0999999999999994);
#57=CYLINDRICAL_SURFACE('',#10091,0.0999999999999994);
#58=CYLINDRICAL_SURFACE('',#10094,0.0999999999999994);
#59=CYLINDRICAL_SURFACE('',#10097,0.0999999999999994);
#60=CYLINDRICAL_SURFACE('',#10100,0.0999999999999994);
#61=CYLINDRICAL_SURFACE('',#10103,0.0999999999999994);
#62=CIRCLE('',#9789,0.499999999999998);
#63=CIRCLE('',#9791,0.499999999999999);
#64=CIRCLE('',#9796,0.499999999999999);
#65=CIRCLE('',#9798,0.499999999999998);
#66=CIRCLE('',#9967,0.0999999999999988);
#67=CIRCLE('',#9968,0.0999999999999988);
#68=CIRCLE('',#9970,0.0999999999999988);
#69=CIRCLE('',#9971,0.0999999999999988);
#70=CIRCLE('',#9973,0.0999999999999988);
#71=CIRCLE('',#9974,0.0999999999999988);
#72=CIRCLE('',#9976,0.0999999999999988);
#73=CIRCLE('',#9977,0.0999999999999988);
#74=CIRCLE('',#9979,0.0999999999999988);
#75=CIRCLE('',#9980,0.0999999999999988);
#76=CIRCLE('',#9982,0.0999999999999988);
#77=CIRCLE('',#9983,0.0999999999999988);
#78=CIRCLE('',#9985,0.0999999999999988);
#79=CIRCLE('',#9986,0.0999999999999988);
#80=CIRCLE('',#9988,0.0999999999999988);
#81=CIRCLE('',#9989,0.0999999999999988);
#82=CIRCLE('',#9991,0.0999999999999988);
#83=CIRCLE('',#9992,0.0999999999999988);
#84=CIRCLE('',#9994,0.0999999999999988);
#85=CIRCLE('',#9995,0.0999999999999988);
#86=CIRCLE('',#10027,0.0999999999999951);
#87=CIRCLE('',#10028,0.0999999999999951);
#88=CIRCLE('',#10030,0.0999999999999951);
#89=CIRCLE('',#10031,0.0999999999999951);
#90=CIRCLE('',#10033,0.0999999999999951);
#91=CIRCLE('',#10034,0.0999999999999951);
#92=CIRCLE('',#10036,0.0999999999999951);
#93=CIRCLE('',#10037,0.0999999999999951);
#94=CIRCLE('',#10039,0.0999999999999951);
#95=CIRCLE('',#10040,0.0999999999999951);
#96=CIRCLE('',#10042,0.0999999999999951);
#97=CIRCLE('',#10043,0.0999999999999951);
#98=CIRCLE('',#10045,0.0999999999999951);
#99=CIRCLE('',#10046,0.0999999999999951);
#100=CIRCLE('',#10048,0.0999999999999951);
#101=CIRCLE('',#10049,0.0999999999999951);
#102=CIRCLE('',#10051,0.0999999999999951);
#103=CIRCLE('',#10052,0.0999999999999951);
#104=CIRCLE('',#10054,0.0999999999999951);
#105=CIRCLE('',#10055,0.0999999999999951);
#106=CIRCLE('',#10077,0.0999999999999994);
#107=CIRCLE('',#10078,0.0999999999999994);
#108=CIRCLE('',#10080,0.0999999999999994);
#109=CIRCLE('',#10081,0.0999999999999994);
#110=CIRCLE('',#10083,0.0999999999999994);
#111=CIRCLE('',#10084,0.0999999999999994);
#112=CIRCLE('',#10086,0.0999999999999994);
#113=CIRCLE('',#10087,0.0999999999999994);
#114=CIRCLE('',#10089,0.0999999999999994);
#115=CIRCLE('',#10090,0.0999999999999994);
#116=CIRCLE('',#10092,0.0999999999999994);
#117=CIRCLE('',#10093,0.0999999999999994);
#118=CIRCLE('',#10095,0.0999999999999994);
#119=CIRCLE('',#10096,0.0999999999999994);
#120=CIRCLE('',#10098,0.0999999999999994);
#121=CIRCLE('',#10099,0.0999999999999994);
#122=CIRCLE('',#10101,0.0999999999999994);
#123=CIRCLE('',#10102,0.0999999999999994);
#124=CIRCLE('',#10104,0.0999999999999994);
#125=CIRCLE('',#10105,0.0999999999999994);
#126=ORIENTED_EDGE('',*,*,#2512,.T.);
#127=ORIENTED_EDGE('',*,*,#2513,.T.);
#128=ORIENTED_EDGE('',*,*,#2514,.F.);
#129=ORIENTED_EDGE('',*,*,#2515,.F.);
#130=ORIENTED_EDGE('',*,*,#2516,.F.);
#131=ORIENTED_EDGE('',*,*,#2517,.T.);
#132=ORIENTED_EDGE('',*,*,#2518,.T.);
#133=ORIENTED_EDGE('',*,*,#2519,.T.);
#134=ORIENTED_EDGE('',*,*,#2520,.F.);
#135=ORIENTED_EDGE('',*,*,#2521,.T.);
#136=ORIENTED_EDGE('',*,*,#2522,.T.);
#137=ORIENTED_EDGE('',*,*,#2523,.T.);
#138=ORIENTED_EDGE('',*,*,#2524,.F.);
#139=ORIENTED_EDGE('',*,*,#2525,.T.);
#140=ORIENTED_EDGE('',*,*,#2526,.T.);
#141=ORIENTED_EDGE('',*,*,#2527,.T.);
#142=ORIENTED_EDGE('',*,*,#2528,.F.);
#143=ORIENTED_EDGE('',*,*,#2529,.T.);
#144=ORIENTED_EDGE('',*,*,#2530,.T.);
#145=ORIENTED_EDGE('',*,*,#2531,.T.);
#146=ORIENTED_EDGE('',*,*,#2532,.F.);
#147=ORIENTED_EDGE('',*,*,#2533,.T.);
#148=ORIENTED_EDGE('',*,*,#2534,.T.);
#149=ORIENTED_EDGE('',*,*,#2535,.T.);
#150=ORIENTED_EDGE('',*,*,#2536,.F.);
#151=ORIENTED_EDGE('',*,*,#2537,.T.);
#152=ORIENTED_EDGE('',*,*,#2538,.T.);
#153=ORIENTED_EDGE('',*,*,#2539,.T.);
#154=ORIENTED_EDGE('',*,*,#2540,.F.);
#155=ORIENTED_EDGE('',*,*,#2541,.T.);
#156=ORIENTED_EDGE('',*,*,#2542,.T.);
#157=ORIENTED_EDGE('',*,*,#2543,.T.);
#158=ORIENTED_EDGE('',*,*,#2544,.F.);
#159=ORIENTED_EDGE('',*,*,#2545,.T.);
#160=ORIENTED_EDGE('',*,*,#2546,.T.);
#161=ORIENTED_EDGE('',*,*,#2547,.T.);
#162=ORIENTED_EDGE('',*,*,#2548,.F.);
#163=ORIENTED_EDGE('',*,*,#2549,.T.);
#164=ORIENTED_EDGE('',*,*,#2550,.T.);
#165=ORIENTED_EDGE('',*,*,#2551,.T.);
#166=ORIENTED_EDGE('',*,*,#2552,.F.);
#167=ORIENTED_EDGE('',*,*,#2553,.F.);
#168=ORIENTED_EDGE('',*,*,#2554,.F.);
#169=ORIENTED_EDGE('',*,*,#2555,.F.);
#170=ORIENTED_EDGE('',*,*,#2556,.F.);
#171=ORIENTED_EDGE('',*,*,#2557,.F.);
#172=ORIENTED_EDGE('',*,*,#2558,.F.);
#173=ORIENTED_EDGE('',*,*,#2559,.F.);
#174=ORIENTED_EDGE('',*,*,#2560,.F.);
#175=ORIENTED_EDGE('',*,*,#2561,.F.);
#176=ORIENTED_EDGE('',*,*,#2562,.F.);
#177=ORIENTED_EDGE('',*,*,#2563,.F.);
#178=ORIENTED_EDGE('',*,*,#2564,.F.);
#179=ORIENTED_EDGE('',*,*,#2565,.F.);
#180=ORIENTED_EDGE('',*,*,#2566,.F.);
#181=ORIENTED_EDGE('',*,*,#2567,.F.);
#182=ORIENTED_EDGE('',*,*,#2568,.F.);
#183=ORIENTED_EDGE('',*,*,#2569,.F.);
#184=ORIENTED_EDGE('',*,*,#2570,.F.);
#185=ORIENTED_EDGE('',*,*,#2571,.F.);
#186=ORIENTED_EDGE('',*,*,#2572,.F.);
#187=ORIENTED_EDGE('',*,*,#2573,.F.);
#188=ORIENTED_EDGE('',*,*,#2574,.F.);
#189=ORIENTED_EDGE('',*,*,#2575,.F.);
#190=ORIENTED_EDGE('',*,*,#2576,.F.);
#191=ORIENTED_EDGE('',*,*,#2577,.F.);
#192=ORIENTED_EDGE('',*,*,#2578,.F.);
#193=ORIENTED_EDGE('',*,*,#2579,.F.);
#194=ORIENTED_EDGE('',*,*,#2580,.F.);
#195=ORIENTED_EDGE('',*,*,#2581,.F.);
#196=ORIENTED_EDGE('',*,*,#2582,.F.);
#197=ORIENTED_EDGE('',*,*,#2583,.F.);
#198=ORIENTED_EDGE('',*,*,#2584,.F.);
#199=ORIENTED_EDGE('',*,*,#2585,.F.);
#200=ORIENTED_EDGE('',*,*,#2586,.F.);
#201=ORIENTED_EDGE('',*,*,#2587,.F.);
#202=ORIENTED_EDGE('',*,*,#2588,.F.);
#203=ORIENTED_EDGE('',*,*,#2589,.F.);
#204=ORIENTED_EDGE('',*,*,#2590,.F.);
#205=ORIENTED_EDGE('',*,*,#2591,.F.);
#206=ORIENTED_EDGE('',*,*,#2592,.F.);
#207=ORIENTED_EDGE('',*,*,#2593,.F.);
#208=ORIENTED_EDGE('',*,*,#2594,.F.);
#209=ORIENTED_EDGE('',*,*,#2595,.F.);
#210=ORIENTED_EDGE('',*,*,#2596,.F.);
#211=ORIENTED_EDGE('',*,*,#2597,.F.);
#212=ORIENTED_EDGE('',*,*,#2598,.F.);
#213=ORIENTED_EDGE('',*,*,#2599,.F.);
#214=ORIENTED_EDGE('',*,*,#2600,.F.);
#215=ORIENTED_EDGE('',*,*,#2601,.F.);
#216=ORIENTED_EDGE('',*,*,#2602,.F.);
#217=ORIENTED_EDGE('',*,*,#2603,.T.);
#218=ORIENTED_EDGE('',*,*,#2604,.T.);
#219=ORIENTED_EDGE('',*,*,#2553,.T.);
#220=ORIENTED_EDGE('',*,*,#2605,.F.);
#221=ORIENTED_EDGE('',*,*,#2559,.T.);
#222=ORIENTED_EDGE('',*,*,#2606,.F.);
#223=ORIENTED_EDGE('',*,*,#2607,.T.);
#224=ORIENTED_EDGE('',*,*,#2608,.F.);
#225=ORIENTED_EDGE('',*,*,#2563,.T.);
#226=ORIENTED_EDGE('',*,*,#2609,.F.);
#227=ORIENTED_EDGE('',*,*,#2610,.T.);
#228=ORIENTED_EDGE('',*,*,#2611,.F.);
#229=ORIENTED_EDGE('',*,*,#2567,.T.);
#230=ORIENTED_EDGE('',*,*,#2612,.F.);
#231=ORIENTED_EDGE('',*,*,#2613,.T.);
#232=ORIENTED_EDGE('',*,*,#2614,.F.);
#233=ORIENTED_EDGE('',*,*,#2571,.T.);
#234=ORIENTED_EDGE('',*,*,#2615,.F.);
#235=ORIENTED_EDGE('',*,*,#2616,.T.);
#236=ORIENTED_EDGE('',*,*,#2617,.F.);
#237=ORIENTED_EDGE('',*,*,#2575,.T.);
#238=ORIENTED_EDGE('',*,*,#2618,.F.);
#239=ORIENTED_EDGE('',*,*,#2619,.T.);
#240=ORIENTED_EDGE('',*,*,#2620,.F.);
#241=ORIENTED_EDGE('',*,*,#2579,.T.);
#242=ORIENTED_EDGE('',*,*,#2621,.F.);
#243=ORIENTED_EDGE('',*,*,#2622,.T.);
#244=ORIENTED_EDGE('',*,*,#2623,.F.);
#245=ORIENTED_EDGE('',*,*,#2583,.T.);
#246=ORIENTED_EDGE('',*,*,#2624,.F.);
#247=ORIENTED_EDGE('',*,*,#2625,.T.);
#248=ORIENTED_EDGE('',*,*,#2626,.F.);
#249=ORIENTED_EDGE('',*,*,#2587,.T.);
#250=ORIENTED_EDGE('',*,*,#2627,.F.);
#251=ORIENTED_EDGE('',*,*,#2628,.T.);
#252=ORIENTED_EDGE('',*,*,#2629,.F.);
#253=ORIENTED_EDGE('',*,*,#2591,.T.);
#254=ORIENTED_EDGE('',*,*,#2630,.F.);
#255=ORIENTED_EDGE('',*,*,#2631,.T.);
#256=ORIENTED_EDGE('',*,*,#2632,.F.);
#257=ORIENTED_EDGE('',*,*,#2595,.T.);
#258=ORIENTED_EDGE('',*,*,#2633,.F.);
#259=ORIENTED_EDGE('',*,*,#2634,.T.);
#260=ORIENTED_EDGE('',*,*,#2635,.F.);
#261=ORIENTED_EDGE('',*,*,#2636,.T.);
#262=ORIENTED_EDGE('',*,*,#2637,.T.);
#263=ORIENTED_EDGE('',*,*,#2607,.F.);
#264=ORIENTED_EDGE('',*,*,#2638,.F.);
#265=ORIENTED_EDGE('',*,*,#2639,.T.);
#266=ORIENTED_EDGE('',*,*,#2640,.T.);
#267=ORIENTED_EDGE('',*,*,#2610,.F.);
#268=ORIENTED_EDGE('',*,*,#2641,.F.);
#269=ORIENTED_EDGE('',*,*,#2642,.T.);
#270=ORIENTED_EDGE('',*,*,#2643,.T.);
#271=ORIENTED_EDGE('',*,*,#2613,.F.);
#272=ORIENTED_EDGE('',*,*,#2644,.F.);
#273=ORIENTED_EDGE('',*,*,#2645,.T.);
#274=ORIENTED_EDGE('',*,*,#2646,.T.);
#275=ORIENTED_EDGE('',*,*,#2616,.F.);
#276=ORIENTED_EDGE('',*,*,#2647,.F.);
#277=ORIENTED_EDGE('',*,*,#2648,.T.);
#278=ORIENTED_EDGE('',*,*,#2649,.T.);
#279=ORIENTED_EDGE('',*,*,#2619,.F.);
#280=ORIENTED_EDGE('',*,*,#2650,.F.);
#281=ORIENTED_EDGE('',*,*,#2651,.T.);
#282=ORIENTED_EDGE('',*,*,#2652,.T.);
#283=ORIENTED_EDGE('',*,*,#2622,.F.);
#284=ORIENTED_EDGE('',*,*,#2653,.F.);
#285=ORIENTED_EDGE('',*,*,#2654,.T.);
#286=ORIENTED_EDGE('',*,*,#2655,.T.);
#287=ORIENTED_EDGE('',*,*,#2625,.F.);
#288=ORIENTED_EDGE('',*,*,#2656,.F.);
#289=ORIENTED_EDGE('',*,*,#2657,.T.);
#290=ORIENTED_EDGE('',*,*,#2658,.T.);
#291=ORIENTED_EDGE('',*,*,#2628,.F.);
#292=ORIENTED_EDGE('',*,*,#2659,.F.);
#293=ORIENTED_EDGE('',*,*,#2660,.T.);
#294=ORIENTED_EDGE('',*,*,#2661,.T.);
#295=ORIENTED_EDGE('',*,*,#2631,.F.);
#296=ORIENTED_EDGE('',*,*,#2662,.F.);
#297=ORIENTED_EDGE('',*,*,#2663,.T.);
#298=ORIENTED_EDGE('',*,*,#2664,.T.);
#299=ORIENTED_EDGE('',*,*,#2634,.F.);
#300=ORIENTED_EDGE('',*,*,#2665,.F.);
#301=ORIENTED_EDGE('',*,*,#2666,.T.);
#302=ORIENTED_EDGE('',*,*,#2667,.T.);
#303=ORIENTED_EDGE('',*,*,#2603,.F.);
#304=ORIENTED_EDGE('',*,*,#2668,.F.);
#305=ORIENTED_EDGE('',*,*,#2669,.F.);
#306=ORIENTED_EDGE('',*,*,#2670,.T.);
#307=ORIENTED_EDGE('',*,*,#2671,.T.);
#308=ORIENTED_EDGE('',*,*,#2672,.F.);
#309=ORIENTED_EDGE('',*,*,#2673,.F.);
#310=ORIENTED_EDGE('',*,*,#2674,.T.);
#311=ORIENTED_EDGE('',*,*,#2675,.T.);
#312=ORIENTED_EDGE('',*,*,#2676,.F.);
#313=ORIENTED_EDGE('',*,*,#2677,.F.);
#314=ORIENTED_EDGE('',*,*,#2678,.T.);
#315=ORIENTED_EDGE('',*,*,#2679,.T.);
#316=ORIENTED_EDGE('',*,*,#2680,.F.);
#317=ORIENTED_EDGE('',*,*,#2681,.F.);
#318=ORIENTED_EDGE('',*,*,#2682,.T.);
#319=ORIENTED_EDGE('',*,*,#2683,.T.);
#320=ORIENTED_EDGE('',*,*,#2684,.F.);
#321=ORIENTED_EDGE('',*,*,#2685,.F.);
#322=ORIENTED_EDGE('',*,*,#2686,.T.);
#323=ORIENTED_EDGE('',*,*,#2687,.T.);
#324=ORIENTED_EDGE('',*,*,#2688,.F.);
#325=ORIENTED_EDGE('',*,*,#2689,.F.);
#326=ORIENTED_EDGE('',*,*,#2690,.T.);
#327=ORIENTED_EDGE('',*,*,#2691,.T.);
#328=ORIENTED_EDGE('',*,*,#2692,.F.);
#329=ORIENTED_EDGE('',*,*,#2693,.F.);
#330=ORIENTED_EDGE('',*,*,#2694,.T.);
#331=ORIENTED_EDGE('',*,*,#2695,.T.);
#332=ORIENTED_EDGE('',*,*,#2696,.F.);
#333=ORIENTED_EDGE('',*,*,#2697,.F.);
#334=ORIENTED_EDGE('',*,*,#2698,.T.);
#335=ORIENTED_EDGE('',*,*,#2699,.T.);
#336=ORIENTED_EDGE('',*,*,#2700,.F.);
#337=ORIENTED_EDGE('',*,*,#2701,.F.);
#338=ORIENTED_EDGE('',*,*,#2702,.T.);
#339=ORIENTED_EDGE('',*,*,#2703,.T.);
#340=ORIENTED_EDGE('',*,*,#2704,.F.);
#341=ORIENTED_EDGE('',*,*,#2705,.F.);
#342=ORIENTED_EDGE('',*,*,#2706,.T.);
#343=ORIENTED_EDGE('',*,*,#2707,.T.);
#344=ORIENTED_EDGE('',*,*,#2708,.F.);
#345=ORIENTED_EDGE('',*,*,#2558,.T.);
#346=ORIENTED_EDGE('',*,*,#2709,.F.);
#347=ORIENTED_EDGE('',*,*,#2710,.F.);
#348=ORIENTED_EDGE('',*,*,#2711,.F.);
#349=ORIENTED_EDGE('',*,*,#2712,.F.);
#350=ORIENTED_EDGE('',*,*,#2713,.F.);
#351=ORIENTED_EDGE('',*,*,#2561,.T.);
#352=ORIENTED_EDGE('',*,*,#2714,.F.);
#353=ORIENTED_EDGE('',*,*,#2715,.F.);
#354=ORIENTED_EDGE('',*,*,#2716,.F.);
#355=ORIENTED_EDGE('',*,*,#2565,.T.);
#356=ORIENTED_EDGE('',*,*,#2717,.F.);
#357=ORIENTED_EDGE('',*,*,#2718,.F.);
#358=ORIENTED_EDGE('',*,*,#2719,.F.);
#359=ORIENTED_EDGE('',*,*,#2569,.T.);
#360=ORIENTED_EDGE('',*,*,#2720,.F.);
#361=ORIENTED_EDGE('',*,*,#2721,.F.);
#362=ORIENTED_EDGE('',*,*,#2722,.F.);
#363=ORIENTED_EDGE('',*,*,#2573,.T.);
#364=ORIENTED_EDGE('',*,*,#2723,.F.);
#365=ORIENTED_EDGE('',*,*,#2724,.F.);
#366=ORIENTED_EDGE('',*,*,#2725,.F.);
#367=ORIENTED_EDGE('',*,*,#2577,.T.);
#368=ORIENTED_EDGE('',*,*,#2726,.F.);
#369=ORIENTED_EDGE('',*,*,#2727,.F.);
#370=ORIENTED_EDGE('',*,*,#2728,.F.);
#371=ORIENTED_EDGE('',*,*,#2581,.T.);
#372=ORIENTED_EDGE('',*,*,#2729,.F.);
#373=ORIENTED_EDGE('',*,*,#2730,.F.);
#374=ORIENTED_EDGE('',*,*,#2731,.F.);
#375=ORIENTED_EDGE('',*,*,#2585,.T.);
#376=ORIENTED_EDGE('',*,*,#2732,.F.);
#377=ORIENTED_EDGE('',*,*,#2733,.F.);
#378=ORIENTED_EDGE('',*,*,#2734,.F.);
#379=ORIENTED_EDGE('',*,*,#2589,.T.);
#380=ORIENTED_EDGE('',*,*,#2735,.F.);
#381=ORIENTED_EDGE('',*,*,#2736,.F.);
#382=ORIENTED_EDGE('',*,*,#2737,.F.);
#383=ORIENTED_EDGE('',*,*,#2593,.T.);
#384=ORIENTED_EDGE('',*,*,#2738,.F.);
#385=ORIENTED_EDGE('',*,*,#2739,.F.);
#386=ORIENTED_EDGE('',*,*,#2740,.T.);
#387=ORIENTED_EDGE('',*,*,#2597,.T.);
#388=ORIENTED_EDGE('',*,*,#2741,.F.);
#389=ORIENTED_EDGE('',*,*,#2742,.T.);
#390=ORIENTED_EDGE('',*,*,#2710,.T.);
#391=ORIENTED_EDGE('',*,*,#2743,.T.);
#392=ORIENTED_EDGE('',*,*,#2744,.T.);
#393=ORIENTED_EDGE('',*,*,#2745,.T.);
#394=ORIENTED_EDGE('',*,*,#2739,.T.);
#395=ORIENTED_EDGE('',*,*,#2746,.T.);
#396=ORIENTED_EDGE('',*,*,#2747,.F.);
#397=ORIENTED_EDGE('',*,*,#2748,.T.);
#398=ORIENTED_EDGE('',*,*,#2736,.T.);
#399=ORIENTED_EDGE('',*,*,#2749,.T.);
#400=ORIENTED_EDGE('',*,*,#2750,.F.);
#401=ORIENTED_EDGE('',*,*,#2751,.T.);
#402=ORIENTED_EDGE('',*,*,#2733,.T.);
#403=ORIENTED_EDGE('',*,*,#2752,.T.);
#404=ORIENTED_EDGE('',*,*,#2753,.F.);
#405=ORIENTED_EDGE('',*,*,#2754,.T.);
#406=ORIENTED_EDGE('',*,*,#2730,.T.);
#407=ORIENTED_EDGE('',*,*,#2755,.T.);
#408=ORIENTED_EDGE('',*,*,#2756,.F.);
#409=ORIENTED_EDGE('',*,*,#2757,.T.);
#410=ORIENTED_EDGE('',*,*,#2727,.T.);
#411=ORIENTED_EDGE('',*,*,#2758,.T.);
#412=ORIENTED_EDGE('',*,*,#2759,.F.);
#413=ORIENTED_EDGE('',*,*,#2760,.T.);
#414=ORIENTED_EDGE('',*,*,#2724,.T.);
#415=ORIENTED_EDGE('',*,*,#2761,.T.);
#416=ORIENTED_EDGE('',*,*,#2762,.F.);
#417=ORIENTED_EDGE('',*,*,#2763,.T.);
#418=ORIENTED_EDGE('',*,*,#2721,.T.);
#419=ORIENTED_EDGE('',*,*,#2764,.T.);
#420=ORIENTED_EDGE('',*,*,#2765,.F.);
#421=ORIENTED_EDGE('',*,*,#2766,.T.);
#422=ORIENTED_EDGE('',*,*,#2718,.T.);
#423=ORIENTED_EDGE('',*,*,#2767,.T.);
#424=ORIENTED_EDGE('',*,*,#2768,.F.);
#425=ORIENTED_EDGE('',*,*,#2769,.T.);
#426=ORIENTED_EDGE('',*,*,#2715,.T.);
#427=ORIENTED_EDGE('',*,*,#2770,.T.);
#428=ORIENTED_EDGE('',*,*,#2771,.F.);
#429=ORIENTED_EDGE('',*,*,#2772,.T.);
#430=ORIENTED_EDGE('',*,*,#2712,.T.);
#431=ORIENTED_EDGE('',*,*,#2773,.T.);
#432=ORIENTED_EDGE('',*,*,#2774,.F.);
#433=ORIENTED_EDGE('',*,*,#2599,.T.);
#434=ORIENTED_EDGE('',*,*,#2775,.T.);
#435=ORIENTED_EDGE('',*,*,#2776,.T.);
#436=ORIENTED_EDGE('',*,*,#2777,.F.);
#437=ORIENTED_EDGE('',*,*,#2778,.T.);
#438=ORIENTED_EDGE('',*,*,#2779,.F.);
#439=ORIENTED_EDGE('',*,*,#2556,.T.);
#440=ORIENTED_EDGE('',*,*,#2780,.F.);
#441=ORIENTED_EDGE('',*,*,#2781,.T.);
#442=ORIENTED_EDGE('',*,*,#2782,.T.);
#443=ORIENTED_EDGE('',*,*,#2783,.T.);
#444=ORIENTED_EDGE('',*,*,#2784,.F.);
#445=ORIENTED_EDGE('',*,*,#2785,.F.);
#446=ORIENTED_EDGE('',*,*,#2786,.T.);
#447=ORIENTED_EDGE('',*,*,#2787,.T.);
#448=ORIENTED_EDGE('',*,*,#2788,.T.);
#449=ORIENTED_EDGE('',*,*,#2789,.T.);
#450=ORIENTED_EDGE('',*,*,#2790,.T.);
#451=ORIENTED_EDGE('',*,*,#2776,.F.);
#452=ORIENTED_EDGE('',*,*,#2791,.F.);
#453=ORIENTED_EDGE('',*,*,#2792,.F.);
#454=ORIENTED_EDGE('',*,*,#2793,.F.);
#455=ORIENTED_EDGE('',*,*,#2794,.F.);
#456=ORIENTED_EDGE('',*,*,#2783,.F.);
#457=ORIENTED_EDGE('',*,*,#2795,.T.);
#458=ORIENTED_EDGE('',*,*,#2787,.F.);
#459=ORIENTED_EDGE('',*,*,#2796,.F.);
#460=ORIENTED_EDGE('',*,*,#2797,.F.);
#461=ORIENTED_EDGE('',*,*,#2798,.F.);
#462=ORIENTED_EDGE('',*,*,#2799,.F.);
#463=ORIENTED_EDGE('',*,*,#2778,.F.);
#464=ORIENTED_EDGE('',*,*,#2800,.T.);
#465=ORIENTED_EDGE('',*,*,#2801,.T.);
#466=ORIENTED_EDGE('',*,*,#2802,.T.);
#467=ORIENTED_EDGE('',*,*,#2744,.F.);
#468=ORIENTED_EDGE('',*,*,#2803,.F.);
#469=ORIENTED_EDGE('',*,*,#2804,.F.);
#470=ORIENTED_EDGE('',*,*,#2805,.F.);
#471=ORIENTED_EDGE('',*,*,#2806,.F.);
#472=ORIENTED_EDGE('',*,*,#2807,.T.);
#473=ORIENTED_EDGE('',*,*,#2792,.T.);
#474=ORIENTED_EDGE('',*,*,#2797,.T.);
#475=ORIENTED_EDGE('',*,*,#2808,.F.);
#476=ORIENTED_EDGE('',*,*,#2809,.F.);
#477=ORIENTED_EDGE('',*,*,#2810,.T.);
#478=ORIENTED_EDGE('',*,*,#2796,.T.);
#479=ORIENTED_EDGE('',*,*,#2786,.F.);
#480=ORIENTED_EDGE('',*,*,#2811,.F.);
#481=ORIENTED_EDGE('',*,*,#2808,.T.);
#482=ORIENTED_EDGE('',*,*,#2794,.T.);
#483=ORIENTED_EDGE('',*,*,#2812,.F.);
#484=ORIENTED_EDGE('',*,*,#2813,.F.);
#485=ORIENTED_EDGE('',*,*,#2784,.T.);
#486=ORIENTED_EDGE('',*,*,#2793,.T.);
#487=ORIENTED_EDGE('',*,*,#2807,.F.);
#488=ORIENTED_EDGE('',*,*,#2814,.F.);
#489=ORIENTED_EDGE('',*,*,#2812,.T.);
#490=ORIENTED_EDGE('',*,*,#2815,.F.);
#491=ORIENTED_EDGE('',*,*,#2816,.T.);
#492=ORIENTED_EDGE('',*,*,#2798,.T.);
#493=ORIENTED_EDGE('',*,*,#2810,.F.);
#494=ORIENTED_EDGE('',*,*,#2809,.T.);
#495=ORIENTED_EDGE('',*,*,#2811,.T.);
#496=ORIENTED_EDGE('',*,*,#2785,.T.);
#497=ORIENTED_EDGE('',*,*,#2813,.T.);
#498=ORIENTED_EDGE('',*,*,#2814,.T.);
#499=ORIENTED_EDGE('',*,*,#2806,.T.);
#500=ORIENTED_EDGE('',*,*,#2817,.T.);
#501=ORIENTED_EDGE('',*,*,#2804,.T.);
#502=ORIENTED_EDGE('',*,*,#2818,.T.);
#503=ORIENTED_EDGE('',*,*,#2815,.T.);
#504=ORIENTED_EDGE('',*,*,#2819,.F.);
#505=ORIENTED_EDGE('',*,*,#2799,.T.);
#506=ORIENTED_EDGE('',*,*,#2820,.T.);
#507=ORIENTED_EDGE('',*,*,#2821,.T.);
#508=ORIENTED_EDGE('',*,*,#2822,.T.);
#509=ORIENTED_EDGE('',*,*,#2823,.F.);
#510=ORIENTED_EDGE('',*,*,#2824,.F.);
#511=ORIENTED_EDGE('',*,*,#2825,.T.);
#512=ORIENTED_EDGE('',*,*,#2826,.T.);
#513=ORIENTED_EDGE('',*,*,#2820,.F.);
#514=ORIENTED_EDGE('',*,*,#2816,.F.);
#515=ORIENTED_EDGE('',*,*,#2827,.F.);
#516=ORIENTED_EDGE('',*,*,#2828,.F.);
#517=ORIENTED_EDGE('',*,*,#2823,.T.);
#518=ORIENTED_EDGE('',*,*,#2818,.F.);
#519=ORIENTED_EDGE('',*,*,#2829,.F.);
#520=ORIENTED_EDGE('',*,*,#2830,.F.);
#521=ORIENTED_EDGE('',*,*,#2827,.T.);
#522=ORIENTED_EDGE('',*,*,#2803,.T.);
#523=ORIENTED_EDGE('',*,*,#2743,.F.);
#524=ORIENTED_EDGE('',*,*,#2709,.T.);
#525=ORIENTED_EDGE('',*,*,#2557,.T.);
#526=ORIENTED_EDGE('',*,*,#2779,.T.);
#527=ORIENTED_EDGE('',*,*,#2819,.T.);
#528=ORIENTED_EDGE('',*,*,#2831,.T.);
#529=ORIENTED_EDGE('',*,*,#2825,.F.);
#530=ORIENTED_EDGE('',*,*,#2832,.F.);
#531=ORIENTED_EDGE('',*,*,#2829,.T.);
#532=ORIENTED_EDGE('',*,*,#2824,.T.);
#533=ORIENTED_EDGE('',*,*,#2828,.T.);
#534=ORIENTED_EDGE('',*,*,#2830,.T.);
#535=ORIENTED_EDGE('',*,*,#2832,.T.);
#536=ORIENTED_EDGE('',*,*,#2822,.F.);
#537=ORIENTED_EDGE('',*,*,#2831,.F.);
#538=ORIENTED_EDGE('',*,*,#2821,.F.);
#539=ORIENTED_EDGE('',*,*,#2826,.F.);
#540=ORIENTED_EDGE('',*,*,#2833,.F.);
#541=ORIENTED_EDGE('',*,*,#2791,.T.);
#542=ORIENTED_EDGE('',*,*,#2834,.T.);
#543=ORIENTED_EDGE('',*,*,#2835,.T.);
#544=ORIENTED_EDGE('',*,*,#2836,.T.);
#545=ORIENTED_EDGE('',*,*,#2837,.F.);
#546=ORIENTED_EDGE('',*,*,#2838,.F.);
#547=ORIENTED_EDGE('',*,*,#2839,.T.);
#548=ORIENTED_EDGE('',*,*,#2740,.F.);
#549=ORIENTED_EDGE('',*,*,#2745,.F.);
#550=ORIENTED_EDGE('',*,*,#2802,.F.);
#551=ORIENTED_EDGE('',*,*,#2840,.F.);
#552=ORIENTED_EDGE('',*,*,#2841,.F.);
#553=ORIENTED_EDGE('',*,*,#2837,.T.);
#554=ORIENTED_EDGE('',*,*,#2842,.T.);
#555=ORIENTED_EDGE('',*,*,#2834,.F.);
#556=ORIENTED_EDGE('',*,*,#2775,.F.);
#557=ORIENTED_EDGE('',*,*,#2598,.T.);
#558=ORIENTED_EDGE('',*,*,#2817,.F.);
#559=ORIENTED_EDGE('',*,*,#2843,.F.);
#560=ORIENTED_EDGE('',*,*,#2844,.F.);
#561=ORIENTED_EDGE('',*,*,#2840,.T.);
#562=ORIENTED_EDGE('',*,*,#2845,.T.);
#563=ORIENTED_EDGE('',*,*,#2839,.F.);
#564=ORIENTED_EDGE('',*,*,#2846,.F.);
#565=ORIENTED_EDGE('',*,*,#2843,.T.);
#566=ORIENTED_EDGE('',*,*,#2805,.T.);
#567=ORIENTED_EDGE('',*,*,#2833,.T.);
#568=ORIENTED_EDGE('',*,*,#2838,.T.);
#569=ORIENTED_EDGE('',*,*,#2841,.T.);
#570=ORIENTED_EDGE('',*,*,#2844,.T.);
#571=ORIENTED_EDGE('',*,*,#2846,.T.);
#572=ORIENTED_EDGE('',*,*,#2836,.F.);
#573=ORIENTED_EDGE('',*,*,#2845,.F.);
#574=ORIENTED_EDGE('',*,*,#2835,.F.);
#575=ORIENTED_EDGE('',*,*,#2842,.F.);
#576=ORIENTED_EDGE('',*,*,#2774,.T.);
#577=ORIENTED_EDGE('',*,*,#2790,.F.);
#578=ORIENTED_EDGE('',*,*,#2847,.F.);
#579=ORIENTED_EDGE('',*,*,#2848,.T.);
#580=ORIENTED_EDGE('',*,*,#2849,.T.);
#581=ORIENTED_EDGE('',*,*,#2600,.T.);
#582=ORIENTED_EDGE('',*,*,#2850,.F.);
#583=ORIENTED_EDGE('',*,*,#2601,.T.);
#584=ORIENTED_EDGE('',*,*,#2849,.F.);
#585=ORIENTED_EDGE('',*,*,#2851,.T.);
#586=ORIENTED_EDGE('',*,*,#2852,.T.);
#587=ORIENTED_EDGE('',*,*,#2554,.T.);
#588=ORIENTED_EDGE('',*,*,#2853,.T.);
#589=ORIENTED_EDGE('',*,*,#2854,.F.);
#590=ORIENTED_EDGE('',*,*,#2777,.T.);
#591=ORIENTED_EDGE('',*,*,#2555,.T.);
#592=ORIENTED_EDGE('',*,*,#2852,.F.);
#593=ORIENTED_EDGE('',*,*,#2855,.T.);
#594=ORIENTED_EDGE('',*,*,#2856,.T.);
#595=ORIENTED_EDGE('',*,*,#2800,.F.);
#596=ORIENTED_EDGE('',*,*,#2801,.F.);
#597=ORIENTED_EDGE('',*,*,#2856,.F.);
#598=ORIENTED_EDGE('',*,*,#2857,.T.);
#599=ORIENTED_EDGE('',*,*,#2858,.T.);
#600=ORIENTED_EDGE('',*,*,#2795,.F.);
#601=ORIENTED_EDGE('',*,*,#2858,.F.);
#602=ORIENTED_EDGE('',*,*,#2859,.T.);
#603=ORIENTED_EDGE('',*,*,#2780,.T.);
#604=ORIENTED_EDGE('',*,*,#2788,.F.);
#605=ORIENTED_EDGE('',*,*,#2782,.F.);
#606=ORIENTED_EDGE('',*,*,#2860,.T.);
#607=ORIENTED_EDGE('',*,*,#2861,.T.);
#608=ORIENTED_EDGE('',*,*,#2789,.F.);
#609=ORIENTED_EDGE('',*,*,#2861,.F.);
#610=ORIENTED_EDGE('',*,*,#2862,.T.);
#611=ORIENTED_EDGE('',*,*,#2847,.T.);
#612=ORIENTED_EDGE('',*,*,#2857,.F.);
#613=ORIENTED_EDGE('',*,*,#2855,.F.);
#614=ORIENTED_EDGE('',*,*,#2851,.F.);
#615=ORIENTED_EDGE('',*,*,#2848,.F.);
#616=ORIENTED_EDGE('',*,*,#2862,.F.);
#617=ORIENTED_EDGE('',*,*,#2860,.F.);
#618=ORIENTED_EDGE('',*,*,#2781,.F.);
#619=ORIENTED_EDGE('',*,*,#2859,.F.);
#620=ORIENTED_EDGE('',*,*,#2863,.F.);
#621=ORIENTED_EDGE('',*,*,#2864,.T.);
#622=ORIENTED_EDGE('',*,*,#2865,.T.);
#623=ORIENTED_EDGE('',*,*,#2866,.T.);
#624=ORIENTED_EDGE('',*,*,#2867,.F.);
#625=ORIENTED_EDGE('',*,*,#2868,.T.);
#626=ORIENTED_EDGE('',*,*,#2548,.T.);
#627=ORIENTED_EDGE('',*,*,#2869,.T.);
#628=ORIENTED_EDGE('',*,*,#2666,.F.);
#629=ORIENTED_EDGE('',*,*,#2870,.F.);
#630=ORIENTED_EDGE('',*,*,#2514,.T.);
#631=ORIENTED_EDGE('',*,*,#2871,.T.);
#632=ORIENTED_EDGE('',*,*,#2872,.F.);
#633=ORIENTED_EDGE('',*,*,#2873,.T.);
#634=ORIENTED_EDGE('',*,*,#2516,.T.);
#635=ORIENTED_EDGE('',*,*,#2874,.T.);
#636=ORIENTED_EDGE('',*,*,#2875,.F.);
#637=ORIENTED_EDGE('',*,*,#2876,.T.);
#638=ORIENTED_EDGE('',*,*,#2520,.T.);
#639=ORIENTED_EDGE('',*,*,#2877,.T.);
#640=ORIENTED_EDGE('',*,*,#2878,.F.);
#641=ORIENTED_EDGE('',*,*,#2879,.T.);
#642=ORIENTED_EDGE('',*,*,#2524,.T.);
#643=ORIENTED_EDGE('',*,*,#2880,.T.);
#644=ORIENTED_EDGE('',*,*,#2881,.F.);
#645=ORIENTED_EDGE('',*,*,#2882,.T.);
#646=ORIENTED_EDGE('',*,*,#2528,.T.);
#647=ORIENTED_EDGE('',*,*,#2883,.T.);
#648=ORIENTED_EDGE('',*,*,#2884,.F.);
#649=ORIENTED_EDGE('',*,*,#2885,.T.);
#650=ORIENTED_EDGE('',*,*,#2532,.T.);
#651=ORIENTED_EDGE('',*,*,#2886,.T.);
#652=ORIENTED_EDGE('',*,*,#2887,.F.);
#653=ORIENTED_EDGE('',*,*,#2888,.T.);
#654=ORIENTED_EDGE('',*,*,#2536,.T.);
#655=ORIENTED_EDGE('',*,*,#2889,.T.);
#656=ORIENTED_EDGE('',*,*,#2890,.F.);
#657=ORIENTED_EDGE('',*,*,#2891,.T.);
#658=ORIENTED_EDGE('',*,*,#2540,.T.);
#659=ORIENTED_EDGE('',*,*,#2892,.T.);
#660=ORIENTED_EDGE('',*,*,#2893,.F.);
#661=ORIENTED_EDGE('',*,*,#2894,.T.);
#662=ORIENTED_EDGE('',*,*,#2544,.T.);
#663=ORIENTED_EDGE('',*,*,#2895,.T.);
#664=ORIENTED_EDGE('',*,*,#2896,.F.);
#665=ORIENTED_EDGE('',*,*,#2897,.T.);
#666=ORIENTED_EDGE('',*,*,#2863,.T.);
#667=ORIENTED_EDGE('',*,*,#2898,.T.);
#668=ORIENTED_EDGE('',*,*,#2899,.T.);
#669=ORIENTED_EDGE('',*,*,#2900,.T.);
#670=ORIENTED_EDGE('',*,*,#2512,.F.);
#671=ORIENTED_EDGE('',*,*,#2901,.F.);
#672=ORIENTED_EDGE('',*,*,#2854,.T.);
#673=ORIENTED_EDGE('',*,*,#2902,.T.);
#674=ORIENTED_EDGE('',*,*,#2550,.F.);
#675=ORIENTED_EDGE('',*,*,#2903,.T.);
#676=ORIENTED_EDGE('',*,*,#2904,.T.);
#677=ORIENTED_EDGE('',*,*,#2905,.T.);
#678=ORIENTED_EDGE('',*,*,#2865,.F.);
#679=ORIENTED_EDGE('',*,*,#2906,.T.);
#680=ORIENTED_EDGE('',*,*,#2907,.T.);
#681=ORIENTED_EDGE('',*,*,#2908,.T.);
#682=ORIENTED_EDGE('',*,*,#2546,.F.);
#683=ORIENTED_EDGE('',*,*,#2909,.T.);
#684=ORIENTED_EDGE('',*,*,#2910,.T.);
#685=ORIENTED_EDGE('',*,*,#2911,.T.);
#686=ORIENTED_EDGE('',*,*,#2542,.F.);
#687=ORIENTED_EDGE('',*,*,#2912,.T.);
#688=ORIENTED_EDGE('',*,*,#2913,.T.);
#689=ORIENTED_EDGE('',*,*,#2914,.T.);
#690=ORIENTED_EDGE('',*,*,#2538,.F.);
#691=ORIENTED_EDGE('',*,*,#2915,.T.);
#692=ORIENTED_EDGE('',*,*,#2916,.T.);
#693=ORIENTED_EDGE('',*,*,#2917,.T.);
#694=ORIENTED_EDGE('',*,*,#2534,.F.);
#695=ORIENTED_EDGE('',*,*,#2918,.T.);
#696=ORIENTED_EDGE('',*,*,#2919,.T.);
#697=ORIENTED_EDGE('',*,*,#2920,.T.);
#698=ORIENTED_EDGE('',*,*,#2530,.F.);
#699=ORIENTED_EDGE('',*,*,#2921,.T.);
#700=ORIENTED_EDGE('',*,*,#2922,.T.);
#701=ORIENTED_EDGE('',*,*,#2923,.T.);
#702=ORIENTED_EDGE('',*,*,#2526,.F.);
#703=ORIENTED_EDGE('',*,*,#2924,.T.);
#704=ORIENTED_EDGE('',*,*,#2925,.T.);
#705=ORIENTED_EDGE('',*,*,#2926,.T.);
#706=ORIENTED_EDGE('',*,*,#2522,.F.);
#707=ORIENTED_EDGE('',*,*,#2927,.T.);
#708=ORIENTED_EDGE('',*,*,#2928,.T.);
#709=ORIENTED_EDGE('',*,*,#2929,.T.);
#710=ORIENTED_EDGE('',*,*,#2518,.F.);
#711=ORIENTED_EDGE('',*,*,#2930,.T.);
#712=ORIENTED_EDGE('',*,*,#2515,.T.);
#713=ORIENTED_EDGE('',*,*,#2870,.T.);
#714=ORIENTED_EDGE('',*,*,#2665,.T.);
#715=ORIENTED_EDGE('',*,*,#2633,.T.);
#716=ORIENTED_EDGE('',*,*,#2850,.T.);
#717=ORIENTED_EDGE('',*,*,#2901,.T.);
#718=ORIENTED_EDGE('',*,*,#2551,.F.);
#719=ORIENTED_EDGE('',*,*,#2902,.F.);
#720=ORIENTED_EDGE('',*,*,#2853,.F.);
#721=ORIENTED_EDGE('',*,*,#2604,.F.);
#722=ORIENTED_EDGE('',*,*,#2667,.F.);
#723=ORIENTED_EDGE('',*,*,#2869,.F.);
#724=ORIENTED_EDGE('',*,*,#2738,.T.);
#725=ORIENTED_EDGE('',*,*,#2596,.T.);
#726=ORIENTED_EDGE('',*,*,#2632,.T.);
#727=ORIENTED_EDGE('',*,*,#2664,.F.);
#728=ORIENTED_EDGE('',*,*,#2931,.F.);
#729=ORIENTED_EDGE('',*,*,#2932,.T.);
#730=ORIENTED_EDGE('',*,*,#2671,.F.);
#731=ORIENTED_EDGE('',*,*,#2933,.F.);
#732=ORIENTED_EDGE('',*,*,#2934,.T.);
#733=ORIENTED_EDGE('',*,*,#2746,.F.);
#734=ORIENTED_EDGE('',*,*,#2669,.T.);
#735=ORIENTED_EDGE('',*,*,#2935,.T.);
#736=ORIENTED_EDGE('',*,*,#2936,.T.);
#737=ORIENTED_EDGE('',*,*,#2662,.T.);
#738=ORIENTED_EDGE('',*,*,#2630,.T.);
#739=ORIENTED_EDGE('',*,*,#2594,.T.);
#740=ORIENTED_EDGE('',*,*,#2737,.T.);
#741=ORIENTED_EDGE('',*,*,#2748,.F.);
#742=ORIENTED_EDGE('',*,*,#2937,.F.);
#743=ORIENTED_EDGE('',*,*,#2938,.F.);
#744=ORIENTED_EDGE('',*,*,#2735,.T.);
#745=ORIENTED_EDGE('',*,*,#2592,.T.);
#746=ORIENTED_EDGE('',*,*,#2629,.T.);
#747=ORIENTED_EDGE('',*,*,#2661,.F.);
#748=ORIENTED_EDGE('',*,*,#2939,.F.);
#749=ORIENTED_EDGE('',*,*,#2940,.T.);
#750=ORIENTED_EDGE('',*,*,#2675,.F.);
#751=ORIENTED_EDGE('',*,*,#2941,.F.);
#752=ORIENTED_EDGE('',*,*,#2942,.T.);
#753=ORIENTED_EDGE('',*,*,#2749,.F.);
#754=ORIENTED_EDGE('',*,*,#2673,.T.);
#755=ORIENTED_EDGE('',*,*,#2943,.T.);
#756=ORIENTED_EDGE('',*,*,#2944,.T.);
#757=ORIENTED_EDGE('',*,*,#2659,.T.);
#758=ORIENTED_EDGE('',*,*,#2627,.T.);
#759=ORIENTED_EDGE('',*,*,#2590,.T.);
#760=ORIENTED_EDGE('',*,*,#2734,.T.);
#761=ORIENTED_EDGE('',*,*,#2751,.F.);
#762=ORIENTED_EDGE('',*,*,#2945,.F.);
#763=ORIENTED_EDGE('',*,*,#2946,.F.);
#764=ORIENTED_EDGE('',*,*,#2732,.T.);
#765=ORIENTED_EDGE('',*,*,#2588,.T.);
#766=ORIENTED_EDGE('',*,*,#2626,.T.);
#767=ORIENTED_EDGE('',*,*,#2658,.F.);
#768=ORIENTED_EDGE('',*,*,#2947,.F.);
#769=ORIENTED_EDGE('',*,*,#2948,.T.);
#770=ORIENTED_EDGE('',*,*,#2679,.F.);
#771=ORIENTED_EDGE('',*,*,#2949,.F.);
#772=ORIENTED_EDGE('',*,*,#2950,.T.);
#773=ORIENTED_EDGE('',*,*,#2752,.F.);
#774=ORIENTED_EDGE('',*,*,#2677,.T.);
#775=ORIENTED_EDGE('',*,*,#2951,.T.);
#776=ORIENTED_EDGE('',*,*,#2952,.T.);
#777=ORIENTED_EDGE('',*,*,#2656,.T.);
#778=ORIENTED_EDGE('',*,*,#2624,.T.);
#779=ORIENTED_EDGE('',*,*,#2586,.T.);
#780=ORIENTED_EDGE('',*,*,#2731,.T.);
#781=ORIENTED_EDGE('',*,*,#2754,.F.);
#782=ORIENTED_EDGE('',*,*,#2953,.F.);
#783=ORIENTED_EDGE('',*,*,#2954,.F.);
#784=ORIENTED_EDGE('',*,*,#2729,.T.);
#785=ORIENTED_EDGE('',*,*,#2584,.T.);
#786=ORIENTED_EDGE('',*,*,#2623,.T.);
#787=ORIENTED_EDGE('',*,*,#2655,.F.);
#788=ORIENTED_EDGE('',*,*,#2955,.F.);
#789=ORIENTED_EDGE('',*,*,#2956,.T.);
#790=ORIENTED_EDGE('',*,*,#2683,.F.);
#791=ORIENTED_EDGE('',*,*,#2957,.F.);
#792=ORIENTED_EDGE('',*,*,#2958,.T.);
#793=ORIENTED_EDGE('',*,*,#2755,.F.);
#794=ORIENTED_EDGE('',*,*,#2681,.T.);
#795=ORIENTED_EDGE('',*,*,#2959,.T.);
#796=ORIENTED_EDGE('',*,*,#2960,.T.);
#797=ORIENTED_EDGE('',*,*,#2653,.T.);
#798=ORIENTED_EDGE('',*,*,#2621,.T.);
#799=ORIENTED_EDGE('',*,*,#2582,.T.);
#800=ORIENTED_EDGE('',*,*,#2728,.T.);
#801=ORIENTED_EDGE('',*,*,#2757,.F.);
#802=ORIENTED_EDGE('',*,*,#2961,.F.);
#803=ORIENTED_EDGE('',*,*,#2962,.F.);
#804=ORIENTED_EDGE('',*,*,#2726,.T.);
#805=ORIENTED_EDGE('',*,*,#2580,.T.);
#806=ORIENTED_EDGE('',*,*,#2620,.T.);
#807=ORIENTED_EDGE('',*,*,#2652,.F.);
#808=ORIENTED_EDGE('',*,*,#2963,.F.);
#809=ORIENTED_EDGE('',*,*,#2964,.T.);
#810=ORIENTED_EDGE('',*,*,#2687,.F.);
#811=ORIENTED_EDGE('',*,*,#2965,.F.);
#812=ORIENTED_EDGE('',*,*,#2966,.T.);
#813=ORIENTED_EDGE('',*,*,#2758,.F.);
#814=ORIENTED_EDGE('',*,*,#2685,.T.);
#815=ORIENTED_EDGE('',*,*,#2967,.T.);
#816=ORIENTED_EDGE('',*,*,#2968,.T.);
#817=ORIENTED_EDGE('',*,*,#2650,.T.);
#818=ORIENTED_EDGE('',*,*,#2618,.T.);
#819=ORIENTED_EDGE('',*,*,#2578,.T.);
#820=ORIENTED_EDGE('',*,*,#2725,.T.);
#821=ORIENTED_EDGE('',*,*,#2760,.F.);
#822=ORIENTED_EDGE('',*,*,#2969,.F.);
#823=ORIENTED_EDGE('',*,*,#2970,.F.);
#824=ORIENTED_EDGE('',*,*,#2723,.T.);
#825=ORIENTED_EDGE('',*,*,#2576,.T.);
#826=ORIENTED_EDGE('',*,*,#2617,.T.);
#827=ORIENTED_EDGE('',*,*,#2649,.F.);
#828=ORIENTED_EDGE('',*,*,#2971,.F.);
#829=ORIENTED_EDGE('',*,*,#2972,.T.);
#830=ORIENTED_EDGE('',*,*,#2691,.F.);
#831=ORIENTED_EDGE('',*,*,#2973,.F.);
#832=ORIENTED_EDGE('',*,*,#2974,.T.);
#833=ORIENTED_EDGE('',*,*,#2761,.F.);
#834=ORIENTED_EDGE('',*,*,#2689,.T.);
#835=ORIENTED_EDGE('',*,*,#2975,.T.);
#836=ORIENTED_EDGE('',*,*,#2976,.T.);
#837=ORIENTED_EDGE('',*,*,#2647,.T.);
#838=ORIENTED_EDGE('',*,*,#2615,.T.);
#839=ORIENTED_EDGE('',*,*,#2574,.T.);
#840=ORIENTED_EDGE('',*,*,#2722,.T.);
#841=ORIENTED_EDGE('',*,*,#2763,.F.);
#842=ORIENTED_EDGE('',*,*,#2977,.F.);
#843=ORIENTED_EDGE('',*,*,#2978,.F.);
#844=ORIENTED_EDGE('',*,*,#2720,.T.);
#845=ORIENTED_EDGE('',*,*,#2572,.T.);
#846=ORIENTED_EDGE('',*,*,#2614,.T.);
#847=ORIENTED_EDGE('',*,*,#2646,.F.);
#848=ORIENTED_EDGE('',*,*,#2979,.F.);
#849=ORIENTED_EDGE('',*,*,#2980,.T.);
#850=ORIENTED_EDGE('',*,*,#2695,.F.);
#851=ORIENTED_EDGE('',*,*,#2981,.F.);
#852=ORIENTED_EDGE('',*,*,#2982,.T.);
#853=ORIENTED_EDGE('',*,*,#2764,.F.);
#854=ORIENTED_EDGE('',*,*,#2693,.T.);
#855=ORIENTED_EDGE('',*,*,#2983,.T.);
#856=ORIENTED_EDGE('',*,*,#2984,.T.);
#857=ORIENTED_EDGE('',*,*,#2644,.T.);
#858=ORIENTED_EDGE('',*,*,#2612,.T.);
#859=ORIENTED_EDGE('',*,*,#2570,.T.);
#860=ORIENTED_EDGE('',*,*,#2719,.T.);
#861=ORIENTED_EDGE('',*,*,#2766,.F.);
#862=ORIENTED_EDGE('',*,*,#2985,.F.);
#863=ORIENTED_EDGE('',*,*,#2986,.F.);
#864=ORIENTED_EDGE('',*,*,#2717,.T.);
#865=ORIENTED_EDGE('',*,*,#2568,.T.);
#866=ORIENTED_EDGE('',*,*,#2611,.T.);
#867=ORIENTED_EDGE('',*,*,#2643,.F.);
#868=ORIENTED_EDGE('',*,*,#2987,.F.);
#869=ORIENTED_EDGE('',*,*,#2988,.T.);
#870=ORIENTED_EDGE('',*,*,#2699,.F.);
#871=ORIENTED_EDGE('',*,*,#2989,.F.);
#872=ORIENTED_EDGE('',*,*,#2990,.T.);
#873=ORIENTED_EDGE('',*,*,#2767,.F.);
#874=ORIENTED_EDGE('',*,*,#2697,.T.);
#875=ORIENTED_EDGE('',*,*,#2991,.T.);
#876=ORIENTED_EDGE('',*,*,#2992,.T.);
#877=ORIENTED_EDGE('',*,*,#2641,.T.);
#878=ORIENTED_EDGE('',*,*,#2609,.T.);
#879=ORIENTED_EDGE('',*,*,#2566,.T.);
#880=ORIENTED_EDGE('',*,*,#2716,.T.);
#881=ORIENTED_EDGE('',*,*,#2769,.F.);
#882=ORIENTED_EDGE('',*,*,#2993,.F.);
#883=ORIENTED_EDGE('',*,*,#2994,.F.);
#884=ORIENTED_EDGE('',*,*,#2714,.T.);
#885=ORIENTED_EDGE('',*,*,#2564,.T.);
#886=ORIENTED_EDGE('',*,*,#2608,.T.);
#887=ORIENTED_EDGE('',*,*,#2640,.F.);
#888=ORIENTED_EDGE('',*,*,#2995,.F.);
#889=ORIENTED_EDGE('',*,*,#2996,.T.);
#890=ORIENTED_EDGE('',*,*,#2703,.F.);
#891=ORIENTED_EDGE('',*,*,#2997,.F.);
#892=ORIENTED_EDGE('',*,*,#2998,.T.);
#893=ORIENTED_EDGE('',*,*,#2770,.F.);
#894=ORIENTED_EDGE('',*,*,#2701,.T.);
#895=ORIENTED_EDGE('',*,*,#2999,.T.);
#896=ORIENTED_EDGE('',*,*,#3000,.T.);
#897=ORIENTED_EDGE('',*,*,#2638,.T.);
#898=ORIENTED_EDGE('',*,*,#2606,.T.);
#899=ORIENTED_EDGE('',*,*,#2562,.T.);
#900=ORIENTED_EDGE('',*,*,#2713,.T.);
#901=ORIENTED_EDGE('',*,*,#2772,.F.);
#902=ORIENTED_EDGE('',*,*,#3001,.F.);
#903=ORIENTED_EDGE('',*,*,#3002,.F.);
#904=ORIENTED_EDGE('',*,*,#2705,.T.);
#905=ORIENTED_EDGE('',*,*,#3003,.T.);
#906=ORIENTED_EDGE('',*,*,#3004,.T.);
#907=ORIENTED_EDGE('',*,*,#2635,.T.);
#908=ORIENTED_EDGE('',*,*,#2602,.T.);
#909=ORIENTED_EDGE('',*,*,#2552,.T.);
#910=ORIENTED_EDGE('',*,*,#2708,.T.);
#911=ORIENTED_EDGE('',*,*,#2742,.F.);
#912=ORIENTED_EDGE('',*,*,#3005,.F.);
#913=ORIENTED_EDGE('',*,*,#3006,.F.);
#914=ORIENTED_EDGE('',*,*,#2711,.T.);
#915=ORIENTED_EDGE('',*,*,#2560,.T.);
#916=ORIENTED_EDGE('',*,*,#2605,.T.);
#917=ORIENTED_EDGE('',*,*,#2637,.F.);
#918=ORIENTED_EDGE('',*,*,#3007,.F.);
#919=ORIENTED_EDGE('',*,*,#3008,.T.);
#920=ORIENTED_EDGE('',*,*,#2707,.F.);
#921=ORIENTED_EDGE('',*,*,#3009,.F.);
#922=ORIENTED_EDGE('',*,*,#3010,.T.);
#923=ORIENTED_EDGE('',*,*,#2773,.F.);
#924=ORIENTED_EDGE('',*,*,#3006,.T.);
#925=ORIENTED_EDGE('',*,*,#3011,.T.);
#926=ORIENTED_EDGE('',*,*,#3009,.T.);
#927=ORIENTED_EDGE('',*,*,#2706,.F.);
#928=ORIENTED_EDGE('',*,*,#2741,.T.);
#929=ORIENTED_EDGE('',*,*,#3010,.F.);
#930=ORIENTED_EDGE('',*,*,#3011,.F.);
#931=ORIENTED_EDGE('',*,*,#3005,.T.);
#932=ORIENTED_EDGE('',*,*,#3002,.T.);
#933=ORIENTED_EDGE('',*,*,#3012,.T.);
#934=ORIENTED_EDGE('',*,*,#2997,.T.);
#935=ORIENTED_EDGE('',*,*,#2702,.F.);
#936=ORIENTED_EDGE('',*,*,#2771,.T.);
#937=ORIENTED_EDGE('',*,*,#2998,.F.);
#938=ORIENTED_EDGE('',*,*,#3012,.F.);
#939=ORIENTED_EDGE('',*,*,#3001,.T.);
#940=ORIENTED_EDGE('',*,*,#2994,.T.);
#941=ORIENTED_EDGE('',*,*,#3013,.T.);
#942=ORIENTED_EDGE('',*,*,#2989,.T.);
#943=ORIENTED_EDGE('',*,*,#2698,.F.);
#944=ORIENTED_EDGE('',*,*,#2768,.T.);
#945=ORIENTED_EDGE('',*,*,#2990,.F.);
#946=ORIENTED_EDGE('',*,*,#3013,.F.);
#947=ORIENTED_EDGE('',*,*,#2993,.T.);
#948=ORIENTED_EDGE('',*,*,#2986,.T.);
#949=ORIENTED_EDGE('',*,*,#3014,.T.);
#950=ORIENTED_EDGE('',*,*,#2981,.T.);
#951=ORIENTED_EDGE('',*,*,#2694,.F.);
#952=ORIENTED_EDGE('',*,*,#2765,.T.);
#953=ORIENTED_EDGE('',*,*,#2982,.F.);
#954=ORIENTED_EDGE('',*,*,#3014,.F.);
#955=ORIENTED_EDGE('',*,*,#2985,.T.);
#956=ORIENTED_EDGE('',*,*,#2978,.T.);
#957=ORIENTED_EDGE('',*,*,#3015,.T.);
#958=ORIENTED_EDGE('',*,*,#2973,.T.);
#959=ORIENTED_EDGE('',*,*,#2690,.F.);
#960=ORIENTED_EDGE('',*,*,#2762,.T.);
#961=ORIENTED_EDGE('',*,*,#2974,.F.);
#962=ORIENTED_EDGE('',*,*,#3015,.F.);
#963=ORIENTED_EDGE('',*,*,#2977,.T.);
#964=ORIENTED_EDGE('',*,*,#2970,.T.);
#965=ORIENTED_EDGE('',*,*,#3016,.T.);
#966=ORIENTED_EDGE('',*,*,#2965,.T.);
#967=ORIENTED_EDGE('',*,*,#2686,.F.);
#968=ORIENTED_EDGE('',*,*,#2759,.T.);
#969=ORIENTED_EDGE('',*,*,#2966,.F.);
#970=ORIENTED_EDGE('',*,*,#3016,.F.);
#971=ORIENTED_EDGE('',*,*,#2969,.T.);
#972=ORIENTED_EDGE('',*,*,#2962,.T.);
#973=ORIENTED_EDGE('',*,*,#3017,.T.);
#974=ORIENTED_EDGE('',*,*,#2957,.T.);
#975=ORIENTED_EDGE('',*,*,#2682,.F.);
#976=ORIENTED_EDGE('',*,*,#2756,.T.);
#977=ORIENTED_EDGE('',*,*,#2958,.F.);
#978=ORIENTED_EDGE('',*,*,#3017,.F.);
#979=ORIENTED_EDGE('',*,*,#2961,.T.);
#980=ORIENTED_EDGE('',*,*,#2954,.T.);
#981=ORIENTED_EDGE('',*,*,#3018,.T.);
#982=ORIENTED_EDGE('',*,*,#2949,.T.);
#983=ORIENTED_EDGE('',*,*,#2678,.F.);
#984=ORIENTED_EDGE('',*,*,#2753,.T.);
#985=ORIENTED_EDGE('',*,*,#2950,.F.);
#986=ORIENTED_EDGE('',*,*,#3018,.F.);
#987=ORIENTED_EDGE('',*,*,#2953,.T.);
#988=ORIENTED_EDGE('',*,*,#2946,.T.);
#989=ORIENTED_EDGE('',*,*,#3019,.T.);
#990=ORIENTED_EDGE('',*,*,#2941,.T.);
#991=ORIENTED_EDGE('',*,*,#2674,.F.);
#992=ORIENTED_EDGE('',*,*,#2750,.T.);
#993=ORIENTED_EDGE('',*,*,#2942,.F.);
#994=ORIENTED_EDGE('',*,*,#3019,.F.);
#995=ORIENTED_EDGE('',*,*,#2945,.T.);
#996=ORIENTED_EDGE('',*,*,#2938,.T.);
#997=ORIENTED_EDGE('',*,*,#3020,.T.);
#998=ORIENTED_EDGE('',*,*,#2933,.T.);
#999=ORIENTED_EDGE('',*,*,#2670,.F.);
#1000=ORIENTED_EDGE('',*,*,#2747,.T.);
#1001=ORIENTED_EDGE('',*,*,#2934,.F.);
#1002=ORIENTED_EDGE('',*,*,#3020,.F.);
#1003=ORIENTED_EDGE('',*,*,#2937,.T.);
#1004=ORIENTED_EDGE('',*,*,#2663,.F.);
#1005=ORIENTED_EDGE('',*,*,#2936,.F.);
#1006=ORIENTED_EDGE('',*,*,#3021,.T.);
#1007=ORIENTED_EDGE('',*,*,#2931,.T.);
#1008=ORIENTED_EDGE('',*,*,#2668,.T.);
#1009=ORIENTED_EDGE('',*,*,#2932,.F.);
#1010=ORIENTED_EDGE('',*,*,#3021,.F.);
#1011=ORIENTED_EDGE('',*,*,#2935,.F.);
#1012=ORIENTED_EDGE('',*,*,#2660,.F.);
#1013=ORIENTED_EDGE('',*,*,#2944,.F.);
#1014=ORIENTED_EDGE('',*,*,#3022,.T.);
#1015=ORIENTED_EDGE('',*,*,#2939,.T.);
#1016=ORIENTED_EDGE('',*,*,#2672,.T.);
#1017=ORIENTED_EDGE('',*,*,#2940,.F.);
#1018=ORIENTED_EDGE('',*,*,#3022,.F.);
#1019=ORIENTED_EDGE('',*,*,#2943,.F.);
#1020=ORIENTED_EDGE('',*,*,#2657,.F.);
#1021=ORIENTED_EDGE('',*,*,#2952,.F.);
#1022=ORIENTED_EDGE('',*,*,#3023,.T.);
#1023=ORIENTED_EDGE('',*,*,#2947,.T.);
#1024=ORIENTED_EDGE('',*,*,#2676,.T.);
#1025=ORIENTED_EDGE('',*,*,#2948,.F.);
#1026=ORIENTED_EDGE('',*,*,#3023,.F.);
#1027=ORIENTED_EDGE('',*,*,#2951,.F.);
#1028=ORIENTED_EDGE('',*,*,#2654,.F.);
#1029=ORIENTED_EDGE('',*,*,#2960,.F.);
#1030=ORIENTED_EDGE('',*,*,#3024,.T.);
#1031=ORIENTED_EDGE('',*,*,#2955,.T.);
#1032=ORIENTED_EDGE('',*,*,#2680,.T.);
#1033=ORIENTED_EDGE('',*,*,#2956,.F.);
#1034=ORIENTED_EDGE('',*,*,#3024,.F.);
#1035=ORIENTED_EDGE('',*,*,#2959,.F.);
#1036=ORIENTED_EDGE('',*,*,#2651,.F.);
#1037=ORIENTED_EDGE('',*,*,#2968,.F.);
#1038=ORIENTED_EDGE('',*,*,#3025,.T.);
#1039=ORIENTED_EDGE('',*,*,#2963,.T.);
#1040=ORIENTED_EDGE('',*,*,#2684,.T.);
#1041=ORIENTED_EDGE('',*,*,#2964,.F.);
#1042=ORIENTED_EDGE('',*,*,#3025,.F.);
#1043=ORIENTED_EDGE('',*,*,#2967,.F.);
#1044=ORIENTED_EDGE('',*,*,#2648,.F.);
#1045=ORIENTED_EDGE('',*,*,#2976,.F.);
#1046=ORIENTED_EDGE('',*,*,#3026,.T.);
#1047=ORIENTED_EDGE('',*,*,#2971,.T.);
#1048=ORIENTED_EDGE('',*,*,#2688,.T.);
#1049=ORIENTED_EDGE('',*,*,#2972,.F.);
#1050=ORIENTED_EDGE('',*,*,#3026,.F.);
#1051=ORIENTED_EDGE('',*,*,#2975,.F.);
#1052=ORIENTED_EDGE('',*,*,#2645,.F.);
#1053=ORIENTED_EDGE('',*,*,#2984,.F.);
#1054=ORIENTED_EDGE('',*,*,#3027,.T.);
#1055=ORIENTED_EDGE('',*,*,#2979,.T.);
#1056=ORIENTED_EDGE('',*,*,#2692,.T.);
#1057=ORIENTED_EDGE('',*,*,#2980,.F.);
#1058=ORIENTED_EDGE('',*,*,#3027,.F.);
#1059=ORIENTED_EDGE('',*,*,#2983,.F.);
#1060=ORIENTED_EDGE('',*,*,#2642,.F.);
#1061=ORIENTED_EDGE('',*,*,#2992,.F.);
#1062=ORIENTED_EDGE('',*,*,#3028,.T.);
#1063=ORIENTED_EDGE('',*,*,#2987,.T.);
#1064=ORIENTED_EDGE('',*,*,#2696,.T.);
#1065=ORIENTED_EDGE('',*,*,#2988,.F.);
#1066=ORIENTED_EDGE('',*,*,#3028,.F.);
#1067=ORIENTED_EDGE('',*,*,#2991,.F.);
#1068=ORIENTED_EDGE('',*,*,#2639,.F.);
#1069=ORIENTED_EDGE('',*,*,#3000,.F.);
#1070=ORIENTED_EDGE('',*,*,#3029,.T.);
#1071=ORIENTED_EDGE('',*,*,#2995,.T.);
#1072=ORIENTED_EDGE('',*,*,#2700,.T.);
#1073=ORIENTED_EDGE('',*,*,#2996,.F.);
#1074=ORIENTED_EDGE('',*,*,#3029,.F.);
#1075=ORIENTED_EDGE('',*,*,#2999,.F.);
#1076=ORIENTED_EDGE('',*,*,#2636,.F.);
#1077=ORIENTED_EDGE('',*,*,#3004,.F.);
#1078=ORIENTED_EDGE('',*,*,#3030,.T.);
#1079=ORIENTED_EDGE('',*,*,#3007,.T.);
#1080=ORIENTED_EDGE('',*,*,#2704,.T.);
#1081=ORIENTED_EDGE('',*,*,#3008,.F.);
#1082=ORIENTED_EDGE('',*,*,#3030,.F.);
#1083=ORIENTED_EDGE('',*,*,#3003,.F.);
#1084=ORIENTED_EDGE('',*,*,#3031,.F.);
#1085=ORIENTED_EDGE('',*,*,#3032,.F.);
#1086=ORIENTED_EDGE('',*,*,#3033,.T.);
#1087=ORIENTED_EDGE('',*,*,#2904,.F.);
#1088=ORIENTED_EDGE('',*,*,#2866,.F.);
#1089=ORIENTED_EDGE('',*,*,#2905,.F.);
#1090=ORIENTED_EDGE('',*,*,#3033,.F.);
#1091=ORIENTED_EDGE('',*,*,#3034,.F.);
#1092=ORIENTED_EDGE('',*,*,#2898,.F.);
#1093=ORIENTED_EDGE('',*,*,#3035,.F.);
#1094=ORIENTED_EDGE('',*,*,#3031,.T.);
#1095=ORIENTED_EDGE('',*,*,#2903,.F.);
#1096=ORIENTED_EDGE('',*,*,#2549,.F.);
#1097=ORIENTED_EDGE('',*,*,#2868,.F.);
#1098=ORIENTED_EDGE('',*,*,#2867,.T.);
#1099=ORIENTED_EDGE('',*,*,#3034,.T.);
#1100=ORIENTED_EDGE('',*,*,#3032,.T.);
#1101=ORIENTED_EDGE('',*,*,#3035,.T.);
#1102=ORIENTED_EDGE('',*,*,#3036,.F.);
#1103=ORIENTED_EDGE('',*,*,#3037,.T.);
#1104=ORIENTED_EDGE('',*,*,#2906,.F.);
#1105=ORIENTED_EDGE('',*,*,#2864,.F.);
#1106=ORIENTED_EDGE('',*,*,#2897,.F.);
#1107=ORIENTED_EDGE('',*,*,#3037,.F.);
#1108=ORIENTED_EDGE('',*,*,#3038,.F.);
#1109=ORIENTED_EDGE('',*,*,#3039,.T.);
#1110=ORIENTED_EDGE('',*,*,#2907,.F.);
#1111=ORIENTED_EDGE('',*,*,#2547,.F.);
#1112=ORIENTED_EDGE('',*,*,#2908,.F.);
#1113=ORIENTED_EDGE('',*,*,#3039,.F.);
#1114=ORIENTED_EDGE('',*,*,#3040,.F.);
#1115=ORIENTED_EDGE('',*,*,#2895,.F.);
#1116=ORIENTED_EDGE('',*,*,#2896,.T.);
#1117=ORIENTED_EDGE('',*,*,#3040,.T.);
#1118=ORIENTED_EDGE('',*,*,#3038,.T.);
#1119=ORIENTED_EDGE('',*,*,#3036,.T.);
#1120=ORIENTED_EDGE('',*,*,#3041,.F.);
#1121=ORIENTED_EDGE('',*,*,#3042,.T.);
#1122=ORIENTED_EDGE('',*,*,#2909,.F.);
#1123=ORIENTED_EDGE('',*,*,#2545,.F.);
#1124=ORIENTED_EDGE('',*,*,#2894,.F.);
#1125=ORIENTED_EDGE('',*,*,#3042,.F.);
#1126=ORIENTED_EDGE('',*,*,#3043,.F.);
#1127=ORIENTED_EDGE('',*,*,#3044,.T.);
#1128=ORIENTED_EDGE('',*,*,#2910,.F.);
#1129=ORIENTED_EDGE('',*,*,#2543,.F.);
#1130=ORIENTED_EDGE('',*,*,#2911,.F.);
#1131=ORIENTED_EDGE('',*,*,#3044,.F.);
#1132=ORIENTED_EDGE('',*,*,#3045,.F.);
#1133=ORIENTED_EDGE('',*,*,#2892,.F.);
#1134=ORIENTED_EDGE('',*,*,#2893,.T.);
#1135=ORIENTED_EDGE('',*,*,#3045,.T.);
#1136=ORIENTED_EDGE('',*,*,#3043,.T.);
#1137=ORIENTED_EDGE('',*,*,#3041,.T.);
#1138=ORIENTED_EDGE('',*,*,#3046,.F.);
#1139=ORIENTED_EDGE('',*,*,#3047,.T.);
#1140=ORIENTED_EDGE('',*,*,#2912,.F.);
#1141=ORIENTED_EDGE('',*,*,#2541,.F.);
#1142=ORIENTED_EDGE('',*,*,#2891,.F.);
#1143=ORIENTED_EDGE('',*,*,#3047,.F.);
#1144=ORIENTED_EDGE('',*,*,#3048,.F.);
#1145=ORIENTED_EDGE('',*,*,#3049,.T.);
#1146=ORIENTED_EDGE('',*,*,#2913,.F.);
#1147=ORIENTED_EDGE('',*,*,#2539,.F.);
#1148=ORIENTED_EDGE('',*,*,#2914,.F.);
#1149=ORIENTED_EDGE('',*,*,#3049,.F.);
#1150=ORIENTED_EDGE('',*,*,#3050,.F.);
#1151=ORIENTED_EDGE('',*,*,#2889,.F.);
#1152=ORIENTED_EDGE('',*,*,#2890,.T.);
#1153=ORIENTED_EDGE('',*,*,#3050,.T.);
#1154=ORIENTED_EDGE('',*,*,#3048,.T.);
#1155=ORIENTED_EDGE('',*,*,#3046,.T.);
#1156=ORIENTED_EDGE('',*,*,#3051,.F.);
#1157=ORIENTED_EDGE('',*,*,#3052,.T.);
#1158=ORIENTED_EDGE('',*,*,#2915,.F.);
#1159=ORIENTED_EDGE('',*,*,#2537,.F.);
#1160=ORIENTED_EDGE('',*,*,#2888,.F.);
#1161=ORIENTED_EDGE('',*,*,#3052,.F.);
#1162=ORIENTED_EDGE('',*,*,#3053,.F.);
#1163=ORIENTED_EDGE('',*,*,#3054,.T.);
#1164=ORIENTED_EDGE('',*,*,#2916,.F.);
#1165=ORIENTED_EDGE('',*,*,#2535,.F.);
#1166=ORIENTED_EDGE('',*,*,#2917,.F.);
#1167=ORIENTED_EDGE('',*,*,#3054,.F.);
#1168=ORIENTED_EDGE('',*,*,#3055,.F.);
#1169=ORIENTED_EDGE('',*,*,#2886,.F.);
#1170=ORIENTED_EDGE('',*,*,#2887,.T.);
#1171=ORIENTED_EDGE('',*,*,#3055,.T.);
#1172=ORIENTED_EDGE('',*,*,#3053,.T.);
#1173=ORIENTED_EDGE('',*,*,#3051,.T.);
#1174=ORIENTED_EDGE('',*,*,#3056,.F.);
#1175=ORIENTED_EDGE('',*,*,#3057,.T.);
#1176=ORIENTED_EDGE('',*,*,#2918,.F.);
#1177=ORIENTED_EDGE('',*,*,#2533,.F.);
#1178=ORIENTED_EDGE('',*,*,#2885,.F.);
#1179=ORIENTED_EDGE('',*,*,#3057,.F.);
#1180=ORIENTED_EDGE('',*,*,#3058,.F.);
#1181=ORIENTED_EDGE('',*,*,#3059,.T.);
#1182=ORIENTED_EDGE('',*,*,#2919,.F.);
#1183=ORIENTED_EDGE('',*,*,#2531,.F.);
#1184=ORIENTED_EDGE('',*,*,#2920,.F.);
#1185=ORIENTED_EDGE('',*,*,#3059,.F.);
#1186=ORIENTED_EDGE('',*,*,#3060,.F.);
#1187=ORIENTED_EDGE('',*,*,#2883,.F.);
#1188=ORIENTED_EDGE('',*,*,#2884,.T.);
#1189=ORIENTED_EDGE('',*,*,#3060,.T.);
#1190=ORIENTED_EDGE('',*,*,#3058,.T.);
#1191=ORIENTED_EDGE('',*,*,#3056,.T.);
#1192=ORIENTED_EDGE('',*,*,#3061,.F.);
#1193=ORIENTED_EDGE('',*,*,#3062,.T.);
#1194=ORIENTED_EDGE('',*,*,#2921,.F.);
#1195=ORIENTED_EDGE('',*,*,#2529,.F.);
#1196=ORIENTED_EDGE('',*,*,#2882,.F.);
#1197=ORIENTED_EDGE('',*,*,#3062,.F.);
#1198=ORIENTED_EDGE('',*,*,#3063,.F.);
#1199=ORIENTED_EDGE('',*,*,#3064,.T.);
#1200=ORIENTED_EDGE('',*,*,#2922,.F.);
#1201=ORIENTED_EDGE('',*,*,#2527,.F.);
#1202=ORIENTED_EDGE('',*,*,#2923,.F.);
#1203=ORIENTED_EDGE('',*,*,#3064,.F.);
#1204=ORIENTED_EDGE('',*,*,#3065,.F.);
#1205=ORIENTED_EDGE('',*,*,#2880,.F.);
#1206=ORIENTED_EDGE('',*,*,#2881,.T.);
#1207=ORIENTED_EDGE('',*,*,#3065,.T.);
#1208=ORIENTED_EDGE('',*,*,#3063,.T.);
#1209=ORIENTED_EDGE('',*,*,#3061,.T.);
#1210=ORIENTED_EDGE('',*,*,#3066,.F.);
#1211=ORIENTED_EDGE('',*,*,#3067,.T.);
#1212=ORIENTED_EDGE('',*,*,#2924,.F.);
#1213=ORIENTED_EDGE('',*,*,#2525,.F.);
#1214=ORIENTED_EDGE('',*,*,#2879,.F.);
#1215=ORIENTED_EDGE('',*,*,#3067,.F.);
#1216=ORIENTED_EDGE('',*,*,#3068,.F.);
#1217=ORIENTED_EDGE('',*,*,#3069,.T.);
#1218=ORIENTED_EDGE('',*,*,#2925,.F.);
#1219=ORIENTED_EDGE('',*,*,#2523,.F.);
#1220=ORIENTED_EDGE('',*,*,#2926,.F.);
#1221=ORIENTED_EDGE('',*,*,#3069,.F.);
#1222=ORIENTED_EDGE('',*,*,#3070,.F.);
#1223=ORIENTED_EDGE('',*,*,#2877,.F.);
#1224=ORIENTED_EDGE('',*,*,#2878,.T.);
#1225=ORIENTED_EDGE('',*,*,#3070,.T.);
#1226=ORIENTED_EDGE('',*,*,#3068,.T.);
#1227=ORIENTED_EDGE('',*,*,#3066,.T.);
#1228=ORIENTED_EDGE('',*,*,#3071,.F.);
#1229=ORIENTED_EDGE('',*,*,#3072,.T.);
#1230=ORIENTED_EDGE('',*,*,#2927,.F.);
#1231=ORIENTED_EDGE('',*,*,#2521,.F.);
#1232=ORIENTED_EDGE('',*,*,#2876,.F.);
#1233=ORIENTED_EDGE('',*,*,#3072,.F.);
#1234=ORIENTED_EDGE('',*,*,#3073,.F.);
#1235=ORIENTED_EDGE('',*,*,#3074,.T.);
#1236=ORIENTED_EDGE('',*,*,#2928,.F.);
#1237=ORIENTED_EDGE('',*,*,#2519,.F.);
#1238=ORIENTED_EDGE('',*,*,#2929,.F.);
#1239=ORIENTED_EDGE('',*,*,#3074,.F.);
#1240=ORIENTED_EDGE('',*,*,#3075,.F.);
#1241=ORIENTED_EDGE('',*,*,#2874,.F.);
#1242=ORIENTED_EDGE('',*,*,#2875,.T.);
#1243=ORIENTED_EDGE('',*,*,#3075,.T.);
#1244=ORIENTED_EDGE('',*,*,#3073,.T.);
#1245=ORIENTED_EDGE('',*,*,#3071,.T.);
#1246=ORIENTED_EDGE('',*,*,#2872,.T.);
#1247=ORIENTED_EDGE('',*,*,#3076,.T.);
#1248=ORIENTED_EDGE('',*,*,#3077,.T.);
#1249=ORIENTED_EDGE('',*,*,#3078,.T.);
#1250=ORIENTED_EDGE('',*,*,#2513,.F.);
#1251=ORIENTED_EDGE('',*,*,#2900,.F.);
#1252=ORIENTED_EDGE('',*,*,#3079,.F.);
#1253=ORIENTED_EDGE('',*,*,#3076,.F.);
#1254=ORIENTED_EDGE('',*,*,#2871,.F.);
#1255=ORIENTED_EDGE('',*,*,#3080,.F.);
#1256=ORIENTED_EDGE('',*,*,#3077,.F.);
#1257=ORIENTED_EDGE('',*,*,#3079,.T.);
#1258=ORIENTED_EDGE('',*,*,#2899,.F.);
#1259=ORIENTED_EDGE('',*,*,#3078,.F.);
#1260=ORIENTED_EDGE('',*,*,#3080,.T.);
#1261=ORIENTED_EDGE('',*,*,#2930,.F.);
#1262=ORIENTED_EDGE('',*,*,#2517,.F.);
#1263=ORIENTED_EDGE('',*,*,#2873,.F.);
#1264=ORIENTED_EDGE('',*,*,#3081,.F.);
#1265=ORIENTED_EDGE('',*,*,#3082,.F.);
#1266=ORIENTED_EDGE('',*,*,#3083,.T.);
#1267=ORIENTED_EDGE('',*,*,#3084,.F.);
#1268=ORIENTED_EDGE('',*,*,#3085,.F.);
#1269=ORIENTED_EDGE('',*,*,#3086,.F.);
#1270=ORIENTED_EDGE('',*,*,#3087,.T.);
#1271=ORIENTED_EDGE('',*,*,#3088,.F.);
#1272=ORIENTED_EDGE('',*,*,#3089,.F.);
#1273=ORIENTED_EDGE('',*,*,#3090,.F.);
#1274=ORIENTED_EDGE('',*,*,#3091,.T.);
#1275=ORIENTED_EDGE('',*,*,#3092,.F.);
#1276=ORIENTED_EDGE('',*,*,#3093,.F.);
#1277=ORIENTED_EDGE('',*,*,#3094,.F.);
#1278=ORIENTED_EDGE('',*,*,#3095,.T.);
#1279=ORIENTED_EDGE('',*,*,#3096,.F.);
#1280=ORIENTED_EDGE('',*,*,#3097,.F.);
#1281=ORIENTED_EDGE('',*,*,#3098,.F.);
#1282=ORIENTED_EDGE('',*,*,#3099,.T.);
#1283=ORIENTED_EDGE('',*,*,#3100,.F.);
#1284=ORIENTED_EDGE('',*,*,#3101,.F.);
#1285=ORIENTED_EDGE('',*,*,#3102,.F.);
#1286=ORIENTED_EDGE('',*,*,#3103,.T.);
#1287=ORIENTED_EDGE('',*,*,#3104,.F.);
#1288=ORIENTED_EDGE('',*,*,#3105,.F.);
#1289=ORIENTED_EDGE('',*,*,#3106,.F.);
#1290=ORIENTED_EDGE('',*,*,#3107,.T.);
#1291=ORIENTED_EDGE('',*,*,#3108,.F.);
#1292=ORIENTED_EDGE('',*,*,#3109,.F.);
#1293=ORIENTED_EDGE('',*,*,#3110,.F.);
#1294=ORIENTED_EDGE('',*,*,#3111,.T.);
#1295=ORIENTED_EDGE('',*,*,#3112,.F.);
#1296=ORIENTED_EDGE('',*,*,#3113,.F.);
#1297=ORIENTED_EDGE('',*,*,#3114,.F.);
#1298=ORIENTED_EDGE('',*,*,#3115,.T.);
#1299=ORIENTED_EDGE('',*,*,#3116,.F.);
#1300=ORIENTED_EDGE('',*,*,#3117,.F.);
#1301=ORIENTED_EDGE('',*,*,#3118,.F.);
#1302=ORIENTED_EDGE('',*,*,#3119,.T.);
#1303=ORIENTED_EDGE('',*,*,#3120,.F.);
#1304=ORIENTED_EDGE('',*,*,#3121,.F.);
#1305=ORIENTED_EDGE('',*,*,#3122,.T.);
#1306=ORIENTED_EDGE('',*,*,#3123,.F.);
#1307=ORIENTED_EDGE('',*,*,#3124,.F.);
#1308=ORIENTED_EDGE('',*,*,#3125,.F.);
#1309=ORIENTED_EDGE('',*,*,#3126,.F.);
#1310=ORIENTED_EDGE('',*,*,#3127,.F.);
#1311=ORIENTED_EDGE('',*,*,#3128,.F.);
#1312=ORIENTED_EDGE('',*,*,#3129,.F.);
#1313=ORIENTED_EDGE('',*,*,#3130,.F.);
#1314=ORIENTED_EDGE('',*,*,#3131,.F.);
#1315=ORIENTED_EDGE('',*,*,#3132,.F.);
#1316=ORIENTED_EDGE('',*,*,#3133,.F.);
#1317=ORIENTED_EDGE('',*,*,#3134,.F.);
#1318=ORIENTED_EDGE('',*,*,#3135,.F.);
#1319=ORIENTED_EDGE('',*,*,#3136,.F.);
#1320=ORIENTED_EDGE('',*,*,#3137,.F.);
#1321=ORIENTED_EDGE('',*,*,#3138,.F.);
#1322=ORIENTED_EDGE('',*,*,#3139,.F.);
#1323=ORIENTED_EDGE('',*,*,#3140,.F.);
#1324=ORIENTED_EDGE('',*,*,#3141,.F.);
#1325=ORIENTED_EDGE('',*,*,#3142,.F.);
#1326=ORIENTED_EDGE('',*,*,#3143,.F.);
#1327=ORIENTED_EDGE('',*,*,#3144,.F.);
#1328=ORIENTED_EDGE('',*,*,#3145,.F.);
#1329=ORIENTED_EDGE('',*,*,#3146,.F.);
#1330=ORIENTED_EDGE('',*,*,#3147,.F.);
#1331=ORIENTED_EDGE('',*,*,#3148,.F.);
#1332=ORIENTED_EDGE('',*,*,#3149,.F.);
#1333=ORIENTED_EDGE('',*,*,#3150,.F.);
#1334=ORIENTED_EDGE('',*,*,#3151,.F.);
#1335=ORIENTED_EDGE('',*,*,#3152,.F.);
#1336=ORIENTED_EDGE('',*,*,#3153,.F.);
#1337=ORIENTED_EDGE('',*,*,#3154,.F.);
#1338=ORIENTED_EDGE('',*,*,#3155,.F.);
#1339=ORIENTED_EDGE('',*,*,#3156,.F.);
#1340=ORIENTED_EDGE('',*,*,#3157,.F.);
#1341=ORIENTED_EDGE('',*,*,#3158,.F.);
#1342=ORIENTED_EDGE('',*,*,#3159,.F.);
#1343=ORIENTED_EDGE('',*,*,#3160,.F.);
#1344=ORIENTED_EDGE('',*,*,#3161,.F.);
#1345=ORIENTED_EDGE('',*,*,#3162,.F.);
#1346=ORIENTED_EDGE('',*,*,#3163,.F.);
#1347=ORIENTED_EDGE('',*,*,#3164,.F.);
#1348=ORIENTED_EDGE('',*,*,#3165,.F.);
#1349=ORIENTED_EDGE('',*,*,#3166,.F.);
#1350=ORIENTED_EDGE('',*,*,#3167,.F.);
#1351=ORIENTED_EDGE('',*,*,#3168,.F.);
#1352=ORIENTED_EDGE('',*,*,#3169,.T.);
#1353=ORIENTED_EDGE('',*,*,#3170,.F.);
#1354=ORIENTED_EDGE('',*,*,#3171,.F.);
#1355=ORIENTED_EDGE('',*,*,#3172,.F.);
#1356=ORIENTED_EDGE('',*,*,#3173,.T.);
#1357=ORIENTED_EDGE('',*,*,#3174,.F.);
#1358=ORIENTED_EDGE('',*,*,#3175,.F.);
#1359=ORIENTED_EDGE('',*,*,#3176,.F.);
#1360=ORIENTED_EDGE('',*,*,#3177,.T.);
#1361=ORIENTED_EDGE('',*,*,#3178,.F.);
#1362=ORIENTED_EDGE('',*,*,#3179,.F.);
#1363=ORIENTED_EDGE('',*,*,#3180,.F.);
#1364=ORIENTED_EDGE('',*,*,#3181,.T.);
#1365=ORIENTED_EDGE('',*,*,#3182,.F.);
#1366=ORIENTED_EDGE('',*,*,#3183,.F.);
#1367=ORIENTED_EDGE('',*,*,#3184,.F.);
#1368=ORIENTED_EDGE('',*,*,#3185,.T.);
#1369=ORIENTED_EDGE('',*,*,#3186,.F.);
#1370=ORIENTED_EDGE('',*,*,#3187,.F.);
#1371=ORIENTED_EDGE('',*,*,#3188,.F.);
#1372=ORIENTED_EDGE('',*,*,#3189,.T.);
#1373=ORIENTED_EDGE('',*,*,#3190,.F.);
#1374=ORIENTED_EDGE('',*,*,#3191,.F.);
#1375=ORIENTED_EDGE('',*,*,#3192,.F.);
#1376=ORIENTED_EDGE('',*,*,#3193,.T.);
#1377=ORIENTED_EDGE('',*,*,#3194,.F.);
#1378=ORIENTED_EDGE('',*,*,#3195,.F.);
#1379=ORIENTED_EDGE('',*,*,#3196,.F.);
#1380=ORIENTED_EDGE('',*,*,#3197,.T.);
#1381=ORIENTED_EDGE('',*,*,#3198,.F.);
#1382=ORIENTED_EDGE('',*,*,#3199,.F.);
#1383=ORIENTED_EDGE('',*,*,#3200,.F.);
#1384=ORIENTED_EDGE('',*,*,#3201,.T.);
#1385=ORIENTED_EDGE('',*,*,#3202,.F.);
#1386=ORIENTED_EDGE('',*,*,#3203,.F.);
#1387=ORIENTED_EDGE('',*,*,#3204,.F.);
#1388=ORIENTED_EDGE('',*,*,#3205,.T.);
#1389=ORIENTED_EDGE('',*,*,#3206,.F.);
#1390=ORIENTED_EDGE('',*,*,#3207,.F.);
#1391=ORIENTED_EDGE('',*,*,#3208,.T.);
#1392=ORIENTED_EDGE('',*,*,#3209,.F.);
#1393=ORIENTED_EDGE('',*,*,#3210,.F.);
#1394=ORIENTED_EDGE('',*,*,#3211,.F.);
#1395=ORIENTED_EDGE('',*,*,#3212,.F.);
#1396=ORIENTED_EDGE('',*,*,#3213,.F.);
#1397=ORIENTED_EDGE('',*,*,#3214,.F.);
#1398=ORIENTED_EDGE('',*,*,#3215,.F.);
#1399=ORIENTED_EDGE('',*,*,#3216,.F.);
#1400=ORIENTED_EDGE('',*,*,#3217,.F.);
#1401=ORIENTED_EDGE('',*,*,#3218,.F.);
#1402=ORIENTED_EDGE('',*,*,#3219,.F.);
#1403=ORIENTED_EDGE('',*,*,#3220,.F.);
#1404=ORIENTED_EDGE('',*,*,#3221,.F.);
#1405=ORIENTED_EDGE('',*,*,#3222,.F.);
#1406=ORIENTED_EDGE('',*,*,#3223,.F.);
#1407=ORIENTED_EDGE('',*,*,#3224,.F.);
#1408=ORIENTED_EDGE('',*,*,#3225,.F.);
#1409=ORIENTED_EDGE('',*,*,#3226,.F.);
#1410=ORIENTED_EDGE('',*,*,#3227,.F.);
#1411=ORIENTED_EDGE('',*,*,#3228,.F.);
#1412=ORIENTED_EDGE('',*,*,#3229,.F.);
#1413=ORIENTED_EDGE('',*,*,#3230,.F.);
#1414=ORIENTED_EDGE('',*,*,#3231,.F.);
#1415=ORIENTED_EDGE('',*,*,#3232,.F.);
#1416=ORIENTED_EDGE('',*,*,#3233,.F.);
#1417=ORIENTED_EDGE('',*,*,#3234,.F.);
#1418=ORIENTED_EDGE('',*,*,#3235,.F.);
#1419=ORIENTED_EDGE('',*,*,#3236,.F.);
#1420=ORIENTED_EDGE('',*,*,#3237,.F.);
#1421=ORIENTED_EDGE('',*,*,#3238,.F.);
#1422=ORIENTED_EDGE('',*,*,#3239,.F.);
#1423=ORIENTED_EDGE('',*,*,#3240,.F.);
#1424=ORIENTED_EDGE('',*,*,#3241,.F.);
#1425=ORIENTED_EDGE('',*,*,#3242,.F.);
#1426=ORIENTED_EDGE('',*,*,#3243,.F.);
#1427=ORIENTED_EDGE('',*,*,#3244,.F.);
#1428=ORIENTED_EDGE('',*,*,#3245,.F.);
#1429=ORIENTED_EDGE('',*,*,#3246,.F.);
#1430=ORIENTED_EDGE('',*,*,#3247,.F.);
#1431=ORIENTED_EDGE('',*,*,#3248,.F.);
#1432=ORIENTED_EDGE('',*,*,#3166,.T.);
#1433=ORIENTED_EDGE('',*,*,#3249,.T.);
#1434=ORIENTED_EDGE('',*,*,#3250,.T.);
#1435=ORIENTED_EDGE('',*,*,#3251,.T.);
#1436=ORIENTED_EDGE('',*,*,#3252,.T.);
#1437=ORIENTED_EDGE('',*,*,#3253,.T.);
#1438=ORIENTED_EDGE('',*,*,#3164,.T.);
#1439=ORIENTED_EDGE('',*,*,#3254,.T.);
#1440=ORIENTED_EDGE('',*,*,#3255,.F.);
#1441=ORIENTED_EDGE('',*,*,#3208,.F.);
#1442=ORIENTED_EDGE('',*,*,#3256,.F.);
#1443=ORIENTED_EDGE('',*,*,#3122,.F.);
#1444=ORIENTED_EDGE('',*,*,#3257,.F.);
#1445=ORIENTED_EDGE('',*,*,#3258,.F.);
#1446=ORIENTED_EDGE('',*,*,#3259,.F.);
#1447=ORIENTED_EDGE('',*,*,#3260,.F.);
#1448=ORIENTED_EDGE('',*,*,#3261,.F.);
#1449=ORIENTED_EDGE('',*,*,#3262,.T.);
#1450=ORIENTED_EDGE('',*,*,#3263,.F.);
#1451=ORIENTED_EDGE('',*,*,#3083,.F.);
#1452=ORIENTED_EDGE('',*,*,#3264,.F.);
#1453=ORIENTED_EDGE('',*,*,#3265,.T.);
#1454=ORIENTED_EDGE('',*,*,#3266,.F.);
#1455=ORIENTED_EDGE('',*,*,#3087,.F.);
#1456=ORIENTED_EDGE('',*,*,#3267,.F.);
#1457=ORIENTED_EDGE('',*,*,#3268,.T.);
#1458=ORIENTED_EDGE('',*,*,#3269,.F.);
#1459=ORIENTED_EDGE('',*,*,#3091,.F.);
#1460=ORIENTED_EDGE('',*,*,#3270,.F.);
#1461=ORIENTED_EDGE('',*,*,#3271,.T.);
#1462=ORIENTED_EDGE('',*,*,#3272,.F.);
#1463=ORIENTED_EDGE('',*,*,#3095,.F.);
#1464=ORIENTED_EDGE('',*,*,#3273,.F.);
#1465=ORIENTED_EDGE('',*,*,#3274,.T.);
#1466=ORIENTED_EDGE('',*,*,#3275,.F.);
#1467=ORIENTED_EDGE('',*,*,#3099,.F.);
#1468=ORIENTED_EDGE('',*,*,#3276,.F.);
#1469=ORIENTED_EDGE('',*,*,#3277,.T.);
#1470=ORIENTED_EDGE('',*,*,#3278,.F.);
#1471=ORIENTED_EDGE('',*,*,#3103,.F.);
#1472=ORIENTED_EDGE('',*,*,#3279,.F.);
#1473=ORIENTED_EDGE('',*,*,#3280,.T.);
#1474=ORIENTED_EDGE('',*,*,#3281,.F.);
#1475=ORIENTED_EDGE('',*,*,#3107,.F.);
#1476=ORIENTED_EDGE('',*,*,#3282,.F.);
#1477=ORIENTED_EDGE('',*,*,#3283,.T.);
#1478=ORIENTED_EDGE('',*,*,#3284,.F.);
#1479=ORIENTED_EDGE('',*,*,#3111,.F.);
#1480=ORIENTED_EDGE('',*,*,#3285,.F.);
#1481=ORIENTED_EDGE('',*,*,#3286,.T.);
#1482=ORIENTED_EDGE('',*,*,#3287,.F.);
#1483=ORIENTED_EDGE('',*,*,#3115,.F.);
#1484=ORIENTED_EDGE('',*,*,#3288,.F.);
#1485=ORIENTED_EDGE('',*,*,#3289,.T.);
#1486=ORIENTED_EDGE('',*,*,#3290,.F.);
#1487=ORIENTED_EDGE('',*,*,#3119,.F.);
#1488=ORIENTED_EDGE('',*,*,#3291,.F.);
#1489=ORIENTED_EDGE('',*,*,#3247,.T.);
#1490=ORIENTED_EDGE('',*,*,#3292,.F.);
#1491=ORIENTED_EDGE('',*,*,#3293,.F.);
#1492=ORIENTED_EDGE('',*,*,#3294,.F.);
#1493=ORIENTED_EDGE('',*,*,#3243,.T.);
#1494=ORIENTED_EDGE('',*,*,#3295,.F.);
#1495=ORIENTED_EDGE('',*,*,#3296,.F.);
#1496=ORIENTED_EDGE('',*,*,#3297,.F.);
#1497=ORIENTED_EDGE('',*,*,#3239,.T.);
#1498=ORIENTED_EDGE('',*,*,#3298,.F.);
#1499=ORIENTED_EDGE('',*,*,#3299,.F.);
#1500=ORIENTED_EDGE('',*,*,#3300,.F.);
#1501=ORIENTED_EDGE('',*,*,#3235,.T.);
#1502=ORIENTED_EDGE('',*,*,#3301,.F.);
#1503=ORIENTED_EDGE('',*,*,#3302,.F.);
#1504=ORIENTED_EDGE('',*,*,#3303,.F.);
#1505=ORIENTED_EDGE('',*,*,#3231,.T.);
#1506=ORIENTED_EDGE('',*,*,#3304,.F.);
#1507=ORIENTED_EDGE('',*,*,#3305,.F.);
#1508=ORIENTED_EDGE('',*,*,#3306,.F.);
#1509=ORIENTED_EDGE('',*,*,#3227,.T.);
#1510=ORIENTED_EDGE('',*,*,#3307,.F.);
#1511=ORIENTED_EDGE('',*,*,#3308,.F.);
#1512=ORIENTED_EDGE('',*,*,#3309,.F.);
#1513=ORIENTED_EDGE('',*,*,#3223,.T.);
#1514=ORIENTED_EDGE('',*,*,#3310,.F.);
#1515=ORIENTED_EDGE('',*,*,#3311,.F.);
#1516=ORIENTED_EDGE('',*,*,#3312,.F.);
#1517=ORIENTED_EDGE('',*,*,#3219,.T.);
#1518=ORIENTED_EDGE('',*,*,#3313,.F.);
#1519=ORIENTED_EDGE('',*,*,#3314,.F.);
#1520=ORIENTED_EDGE('',*,*,#3315,.F.);
#1521=ORIENTED_EDGE('',*,*,#3215,.T.);
#1522=ORIENTED_EDGE('',*,*,#3316,.F.);
#1523=ORIENTED_EDGE('',*,*,#3317,.F.);
#1524=ORIENTED_EDGE('',*,*,#3318,.F.);
#1525=ORIENTED_EDGE('',*,*,#3211,.T.);
#1526=ORIENTED_EDGE('',*,*,#3319,.F.);
#1527=ORIENTED_EDGE('',*,*,#3320,.F.);
#1528=ORIENTED_EDGE('',*,*,#3321,.F.);
#1529=ORIENTED_EDGE('',*,*,#3322,.F.);
#1530=ORIENTED_EDGE('',*,*,#3293,.T.);
#1531=ORIENTED_EDGE('',*,*,#3323,.F.);
#1532=ORIENTED_EDGE('',*,*,#3324,.F.);
#1533=ORIENTED_EDGE('',*,*,#3325,.F.);
#1534=ORIENTED_EDGE('',*,*,#3296,.T.);
#1535=ORIENTED_EDGE('',*,*,#3326,.F.);
#1536=ORIENTED_EDGE('',*,*,#3327,.F.);
#1537=ORIENTED_EDGE('',*,*,#3328,.F.);
#1538=ORIENTED_EDGE('',*,*,#3299,.T.);
#1539=ORIENTED_EDGE('',*,*,#3329,.F.);
#1540=ORIENTED_EDGE('',*,*,#3330,.F.);
#1541=ORIENTED_EDGE('',*,*,#3331,.F.);
#1542=ORIENTED_EDGE('',*,*,#3302,.T.);
#1543=ORIENTED_EDGE('',*,*,#3332,.F.);
#1544=ORIENTED_EDGE('',*,*,#3333,.F.);
#1545=ORIENTED_EDGE('',*,*,#3334,.F.);
#1546=ORIENTED_EDGE('',*,*,#3305,.T.);
#1547=ORIENTED_EDGE('',*,*,#3335,.F.);
#1548=ORIENTED_EDGE('',*,*,#3336,.F.);
#1549=ORIENTED_EDGE('',*,*,#3337,.F.);
#1550=ORIENTED_EDGE('',*,*,#3308,.T.);
#1551=ORIENTED_EDGE('',*,*,#3338,.F.);
#1552=ORIENTED_EDGE('',*,*,#3339,.F.);
#1553=ORIENTED_EDGE('',*,*,#3340,.F.);
#1554=ORIENTED_EDGE('',*,*,#3311,.T.);
#1555=ORIENTED_EDGE('',*,*,#3341,.F.);
#1556=ORIENTED_EDGE('',*,*,#3342,.F.);
#1557=ORIENTED_EDGE('',*,*,#3343,.F.);
#1558=ORIENTED_EDGE('',*,*,#3314,.T.);
#1559=ORIENTED_EDGE('',*,*,#3344,.F.);
#1560=ORIENTED_EDGE('',*,*,#3345,.F.);
#1561=ORIENTED_EDGE('',*,*,#3346,.F.);
#1562=ORIENTED_EDGE('',*,*,#3317,.T.);
#1563=ORIENTED_EDGE('',*,*,#3347,.F.);
#1564=ORIENTED_EDGE('',*,*,#3348,.F.);
#1565=ORIENTED_EDGE('',*,*,#3349,.F.);
#1566=ORIENTED_EDGE('',*,*,#3320,.T.);
#1567=ORIENTED_EDGE('',*,*,#3350,.F.);
#1568=ORIENTED_EDGE('',*,*,#3351,.F.);
#1569=ORIENTED_EDGE('',*,*,#3260,.T.);
#1570=ORIENTED_EDGE('',*,*,#3352,.F.);
#1571=ORIENTED_EDGE('',*,*,#3250,.F.);
#1572=ORIENTED_EDGE('',*,*,#3353,.F.);
#1573=ORIENTED_EDGE('',*,*,#3252,.F.);
#1574=ORIENTED_EDGE('',*,*,#3354,.T.);
#1575=ORIENTED_EDGE('',*,*,#3258,.T.);
#1576=ORIENTED_EDGE('',*,*,#3355,.F.);
#1577=ORIENTED_EDGE('',*,*,#3356,.F.);
#1578=ORIENTED_EDGE('',*,*,#3357,.F.);
#1579=ORIENTED_EDGE('',*,*,#3358,.F.);
#1580=ORIENTED_EDGE('',*,*,#3359,.F.);
#1581=ORIENTED_EDGE('',*,*,#3360,.F.);
#1582=ORIENTED_EDGE('',*,*,#3361,.F.);
#1583=ORIENTED_EDGE('',*,*,#3362,.F.);
#1584=ORIENTED_EDGE('',*,*,#3363,.F.);
#1585=ORIENTED_EDGE('',*,*,#3364,.F.);
#1586=ORIENTED_EDGE('',*,*,#3365,.F.);
#1587=ORIENTED_EDGE('',*,*,#3366,.F.);
#1588=ORIENTED_EDGE('',*,*,#3367,.F.);
#1589=ORIENTED_EDGE('',*,*,#3368,.F.);
#1590=ORIENTED_EDGE('',*,*,#3369,.F.);
#1591=ORIENTED_EDGE('',*,*,#3370,.F.);
#1592=ORIENTED_EDGE('',*,*,#3371,.F.);
#1593=ORIENTED_EDGE('',*,*,#3372,.F.);
#1594=ORIENTED_EDGE('',*,*,#3373,.F.);
#1595=ORIENTED_EDGE('',*,*,#3374,.F.);
#1596=ORIENTED_EDGE('',*,*,#3375,.F.);
#1597=ORIENTED_EDGE('',*,*,#3376,.F.);
#1598=ORIENTED_EDGE('',*,*,#3377,.F.);
#1599=ORIENTED_EDGE('',*,*,#3378,.F.);
#1600=ORIENTED_EDGE('',*,*,#3379,.F.);
#1601=ORIENTED_EDGE('',*,*,#3380,.F.);
#1602=ORIENTED_EDGE('',*,*,#3381,.F.);
#1603=ORIENTED_EDGE('',*,*,#3382,.F.);
#1604=ORIENTED_EDGE('',*,*,#3383,.F.);
#1605=ORIENTED_EDGE('',*,*,#3384,.F.);
#1606=ORIENTED_EDGE('',*,*,#3385,.F.);
#1607=ORIENTED_EDGE('',*,*,#3386,.F.);
#1608=ORIENTED_EDGE('',*,*,#3387,.F.);
#1609=ORIENTED_EDGE('',*,*,#3388,.F.);
#1610=ORIENTED_EDGE('',*,*,#3389,.F.);
#1611=ORIENTED_EDGE('',*,*,#3390,.F.);
#1612=ORIENTED_EDGE('',*,*,#3391,.F.);
#1613=ORIENTED_EDGE('',*,*,#3392,.F.);
#1614=ORIENTED_EDGE('',*,*,#3393,.F.);
#1615=ORIENTED_EDGE('',*,*,#3394,.F.);
#1616=ORIENTED_EDGE('',*,*,#3395,.F.);
#1617=ORIENTED_EDGE('',*,*,#3393,.T.);
#1618=ORIENTED_EDGE('',*,*,#3396,.F.);
#1619=ORIENTED_EDGE('',*,*,#3397,.F.);
#1620=ORIENTED_EDGE('',*,*,#3398,.F.);
#1621=ORIENTED_EDGE('',*,*,#3389,.T.);
#1622=ORIENTED_EDGE('',*,*,#3399,.F.);
#1623=ORIENTED_EDGE('',*,*,#3400,.F.);
#1624=ORIENTED_EDGE('',*,*,#3401,.F.);
#1625=ORIENTED_EDGE('',*,*,#3385,.T.);
#1626=ORIENTED_EDGE('',*,*,#3402,.F.);
#1627=ORIENTED_EDGE('',*,*,#3403,.F.);
#1628=ORIENTED_EDGE('',*,*,#3404,.F.);
#1629=ORIENTED_EDGE('',*,*,#3381,.T.);
#1630=ORIENTED_EDGE('',*,*,#3405,.F.);
#1631=ORIENTED_EDGE('',*,*,#3406,.F.);
#1632=ORIENTED_EDGE('',*,*,#3407,.F.);
#1633=ORIENTED_EDGE('',*,*,#3377,.T.);
#1634=ORIENTED_EDGE('',*,*,#3408,.F.);
#1635=ORIENTED_EDGE('',*,*,#3409,.F.);
#1636=ORIENTED_EDGE('',*,*,#3410,.F.);
#1637=ORIENTED_EDGE('',*,*,#3373,.T.);
#1638=ORIENTED_EDGE('',*,*,#3411,.F.);
#1639=ORIENTED_EDGE('',*,*,#3412,.F.);
#1640=ORIENTED_EDGE('',*,*,#3413,.F.);
#1641=ORIENTED_EDGE('',*,*,#3369,.T.);
#1642=ORIENTED_EDGE('',*,*,#3414,.F.);
#1643=ORIENTED_EDGE('',*,*,#3415,.F.);
#1644=ORIENTED_EDGE('',*,*,#3416,.F.);
#1645=ORIENTED_EDGE('',*,*,#3365,.T.);
#1646=ORIENTED_EDGE('',*,*,#3417,.F.);
#1647=ORIENTED_EDGE('',*,*,#3418,.F.);
#1648=ORIENTED_EDGE('',*,*,#3419,.F.);
#1649=ORIENTED_EDGE('',*,*,#3361,.T.);
#1650=ORIENTED_EDGE('',*,*,#3420,.F.);
#1651=ORIENTED_EDGE('',*,*,#3421,.F.);
#1652=ORIENTED_EDGE('',*,*,#3422,.F.);
#1653=ORIENTED_EDGE('',*,*,#3357,.T.);
#1654=ORIENTED_EDGE('',*,*,#3423,.F.);
#1655=ORIENTED_EDGE('',*,*,#3424,.F.);
#1656=ORIENTED_EDGE('',*,*,#3425,.F.);
#1657=ORIENTED_EDGE('',*,*,#3397,.T.);
#1658=ORIENTED_EDGE('',*,*,#3426,.F.);
#1659=ORIENTED_EDGE('',*,*,#3262,.F.);
#1660=ORIENTED_EDGE('',*,*,#3427,.F.);
#1661=ORIENTED_EDGE('',*,*,#3400,.T.);
#1662=ORIENTED_EDGE('',*,*,#3428,.F.);
#1663=ORIENTED_EDGE('',*,*,#3265,.F.);
#1664=ORIENTED_EDGE('',*,*,#3429,.F.);
#1665=ORIENTED_EDGE('',*,*,#3403,.T.);
#1666=ORIENTED_EDGE('',*,*,#3430,.F.);
#1667=ORIENTED_EDGE('',*,*,#3268,.F.);
#1668=ORIENTED_EDGE('',*,*,#3431,.F.);
#1669=ORIENTED_EDGE('',*,*,#3406,.T.);
#1670=ORIENTED_EDGE('',*,*,#3432,.F.);
#1671=ORIENTED_EDGE('',*,*,#3271,.F.);
#1672=ORIENTED_EDGE('',*,*,#3433,.F.);
#1673=ORIENTED_EDGE('',*,*,#3409,.T.);
#1674=ORIENTED_EDGE('',*,*,#3434,.F.);
#1675=ORIENTED_EDGE('',*,*,#3274,.F.);
#1676=ORIENTED_EDGE('',*,*,#3435,.F.);
#1677=ORIENTED_EDGE('',*,*,#3412,.T.);
#1678=ORIENTED_EDGE('',*,*,#3436,.F.);
#1679=ORIENTED_EDGE('',*,*,#3277,.F.);
#1680=ORIENTED_EDGE('',*,*,#3437,.F.);
#1681=ORIENTED_EDGE('',*,*,#3415,.T.);
#1682=ORIENTED_EDGE('',*,*,#3438,.F.);
#1683=ORIENTED_EDGE('',*,*,#3280,.F.);
#1684=ORIENTED_EDGE('',*,*,#3439,.F.);
#1685=ORIENTED_EDGE('',*,*,#3418,.T.);
#1686=ORIENTED_EDGE('',*,*,#3440,.F.);
#1687=ORIENTED_EDGE('',*,*,#3283,.F.);
#1688=ORIENTED_EDGE('',*,*,#3441,.F.);
#1689=ORIENTED_EDGE('',*,*,#3421,.T.);
#1690=ORIENTED_EDGE('',*,*,#3442,.F.);
#1691=ORIENTED_EDGE('',*,*,#3286,.F.);
#1692=ORIENTED_EDGE('',*,*,#3443,.F.);
#1693=ORIENTED_EDGE('',*,*,#3424,.T.);
#1694=ORIENTED_EDGE('',*,*,#3444,.F.);
#1695=ORIENTED_EDGE('',*,*,#3289,.F.);
#1696=ORIENTED_EDGE('',*,*,#3445,.F.);
#1697=ORIENTED_EDGE('',*,*,#3446,.F.);
#1698=ORIENTED_EDGE('',*,*,#3447,.F.);
#1699=ORIENTED_EDGE('',*,*,#3125,.T.);
#1700=ORIENTED_EDGE('',*,*,#3448,.F.);
#1701=ORIENTED_EDGE('',*,*,#3449,.F.);
#1702=ORIENTED_EDGE('',*,*,#3450,.F.);
#1703=ORIENTED_EDGE('',*,*,#3129,.T.);
#1704=ORIENTED_EDGE('',*,*,#3451,.F.);
#1705=ORIENTED_EDGE('',*,*,#3452,.F.);
#1706=ORIENTED_EDGE('',*,*,#3453,.F.);
#1707=ORIENTED_EDGE('',*,*,#3133,.T.);
#1708=ORIENTED_EDGE('',*,*,#3454,.F.);
#1709=ORIENTED_EDGE('',*,*,#3455,.F.);
#1710=ORIENTED_EDGE('',*,*,#3456,.F.);
#1711=ORIENTED_EDGE('',*,*,#3137,.T.);
#1712=ORIENTED_EDGE('',*,*,#3457,.F.);
#1713=ORIENTED_EDGE('',*,*,#3458,.F.);
#1714=ORIENTED_EDGE('',*,*,#3459,.F.);
#1715=ORIENTED_EDGE('',*,*,#3141,.T.);
#1716=ORIENTED_EDGE('',*,*,#3460,.F.);
#1717=ORIENTED_EDGE('',*,*,#3461,.F.);
#1718=ORIENTED_EDGE('',*,*,#3462,.F.);
#1719=ORIENTED_EDGE('',*,*,#3145,.T.);
#1720=ORIENTED_EDGE('',*,*,#3463,.F.);
#1721=ORIENTED_EDGE('',*,*,#3464,.F.);
#1722=ORIENTED_EDGE('',*,*,#3465,.F.);
#1723=ORIENTED_EDGE('',*,*,#3149,.T.);
#1724=ORIENTED_EDGE('',*,*,#3466,.F.);
#1725=ORIENTED_EDGE('',*,*,#3467,.F.);
#1726=ORIENTED_EDGE('',*,*,#3468,.F.);
#1727=ORIENTED_EDGE('',*,*,#3153,.T.);
#1728=ORIENTED_EDGE('',*,*,#3469,.F.);
#1729=ORIENTED_EDGE('',*,*,#3470,.F.);
#1730=ORIENTED_EDGE('',*,*,#3471,.F.);
#1731=ORIENTED_EDGE('',*,*,#3157,.T.);
#1732=ORIENTED_EDGE('',*,*,#3472,.F.);
#1733=ORIENTED_EDGE('',*,*,#3473,.F.);
#1734=ORIENTED_EDGE('',*,*,#3474,.F.);
#1735=ORIENTED_EDGE('',*,*,#3161,.T.);
#1736=ORIENTED_EDGE('',*,*,#3475,.T.);
#1737=ORIENTED_EDGE('',*,*,#3476,.F.);
#1738=ORIENTED_EDGE('',*,*,#3477,.T.);
#1739=ORIENTED_EDGE('',*,*,#3446,.T.);
#1740=ORIENTED_EDGE('',*,*,#3478,.T.);
#1741=ORIENTED_EDGE('',*,*,#3479,.F.);
#1742=ORIENTED_EDGE('',*,*,#3480,.T.);
#1743=ORIENTED_EDGE('',*,*,#3449,.T.);
#1744=ORIENTED_EDGE('',*,*,#3481,.T.);
#1745=ORIENTED_EDGE('',*,*,#3482,.F.);
#1746=ORIENTED_EDGE('',*,*,#3483,.T.);
#1747=ORIENTED_EDGE('',*,*,#3452,.T.);
#1748=ORIENTED_EDGE('',*,*,#3484,.T.);
#1749=ORIENTED_EDGE('',*,*,#3485,.F.);
#1750=ORIENTED_EDGE('',*,*,#3486,.T.);
#1751=ORIENTED_EDGE('',*,*,#3455,.T.);
#1752=ORIENTED_EDGE('',*,*,#3487,.T.);
#1753=ORIENTED_EDGE('',*,*,#3488,.F.);
#1754=ORIENTED_EDGE('',*,*,#3489,.T.);
#1755=ORIENTED_EDGE('',*,*,#3458,.T.);
#1756=ORIENTED_EDGE('',*,*,#3490,.T.);
#1757=ORIENTED_EDGE('',*,*,#3491,.F.);
#1758=ORIENTED_EDGE('',*,*,#3492,.T.);
#1759=ORIENTED_EDGE('',*,*,#3461,.T.);
#1760=ORIENTED_EDGE('',*,*,#3493,.T.);
#1761=ORIENTED_EDGE('',*,*,#3494,.F.);
#1762=ORIENTED_EDGE('',*,*,#3495,.T.);
#1763=ORIENTED_EDGE('',*,*,#3464,.T.);
#1764=ORIENTED_EDGE('',*,*,#3496,.T.);
#1765=ORIENTED_EDGE('',*,*,#3497,.F.);
#1766=ORIENTED_EDGE('',*,*,#3498,.T.);
#1767=ORIENTED_EDGE('',*,*,#3467,.T.);
#1768=ORIENTED_EDGE('',*,*,#3499,.T.);
#1769=ORIENTED_EDGE('',*,*,#3500,.F.);
#1770=ORIENTED_EDGE('',*,*,#3501,.T.);
#1771=ORIENTED_EDGE('',*,*,#3470,.T.);
#1772=ORIENTED_EDGE('',*,*,#3502,.T.);
#1773=ORIENTED_EDGE('',*,*,#3503,.F.);
#1774=ORIENTED_EDGE('',*,*,#3504,.T.);
#1775=ORIENTED_EDGE('',*,*,#3473,.T.);
#1776=ORIENTED_EDGE('',*,*,#3505,.F.);
#1777=ORIENTED_EDGE('',*,*,#3506,.F.);
#1778=ORIENTED_EDGE('',*,*,#3507,.F.);
#1779=ORIENTED_EDGE('',*,*,#3476,.T.);
#1780=ORIENTED_EDGE('',*,*,#3508,.F.);
#1781=ORIENTED_EDGE('',*,*,#3509,.F.);
#1782=ORIENTED_EDGE('',*,*,#3510,.F.);
#1783=ORIENTED_EDGE('',*,*,#3479,.T.);
#1784=ORIENTED_EDGE('',*,*,#3511,.F.);
#1785=ORIENTED_EDGE('',*,*,#3512,.F.);
#1786=ORIENTED_EDGE('',*,*,#3513,.F.);
#1787=ORIENTED_EDGE('',*,*,#3482,.T.);
#1788=ORIENTED_EDGE('',*,*,#3514,.F.);
#1789=ORIENTED_EDGE('',*,*,#3515,.F.);
#1790=ORIENTED_EDGE('',*,*,#3516,.F.);
#1791=ORIENTED_EDGE('',*,*,#3485,.T.);
#1792=ORIENTED_EDGE('',*,*,#3517,.F.);
#1793=ORIENTED_EDGE('',*,*,#3518,.F.);
#1794=ORIENTED_EDGE('',*,*,#3519,.F.);
#1795=ORIENTED_EDGE('',*,*,#3488,.T.);
#1796=ORIENTED_EDGE('',*,*,#3520,.F.);
#1797=ORIENTED_EDGE('',*,*,#3521,.F.);
#1798=ORIENTED_EDGE('',*,*,#3522,.F.);
#1799=ORIENTED_EDGE('',*,*,#3491,.T.);
#1800=ORIENTED_EDGE('',*,*,#3523,.F.);
#1801=ORIENTED_EDGE('',*,*,#3524,.F.);
#1802=ORIENTED_EDGE('',*,*,#3525,.F.);
#1803=ORIENTED_EDGE('',*,*,#3494,.T.);
#1804=ORIENTED_EDGE('',*,*,#3526,.F.);
#1805=ORIENTED_EDGE('',*,*,#3527,.F.);
#1806=ORIENTED_EDGE('',*,*,#3528,.F.);
#1807=ORIENTED_EDGE('',*,*,#3497,.T.);
#1808=ORIENTED_EDGE('',*,*,#3529,.F.);
#1809=ORIENTED_EDGE('',*,*,#3530,.F.);
#1810=ORIENTED_EDGE('',*,*,#3531,.F.);
#1811=ORIENTED_EDGE('',*,*,#3500,.T.);
#1812=ORIENTED_EDGE('',*,*,#3532,.F.);
#1813=ORIENTED_EDGE('',*,*,#3533,.F.);
#1814=ORIENTED_EDGE('',*,*,#3534,.F.);
#1815=ORIENTED_EDGE('',*,*,#3503,.T.);
#1816=ORIENTED_EDGE('',*,*,#3535,.F.);
#1817=ORIENTED_EDGE('',*,*,#3536,.F.);
#1818=ORIENTED_EDGE('',*,*,#3537,.F.);
#1819=ORIENTED_EDGE('',*,*,#3506,.T.);
#1820=ORIENTED_EDGE('',*,*,#3538,.F.);
#1821=ORIENTED_EDGE('',*,*,#3539,.F.);
#1822=ORIENTED_EDGE('',*,*,#3540,.F.);
#1823=ORIENTED_EDGE('',*,*,#3509,.T.);
#1824=ORIENTED_EDGE('',*,*,#3541,.F.);
#1825=ORIENTED_EDGE('',*,*,#3542,.F.);
#1826=ORIENTED_EDGE('',*,*,#3543,.F.);
#1827=ORIENTED_EDGE('',*,*,#3512,.T.);
#1828=ORIENTED_EDGE('',*,*,#3544,.F.);
#1829=ORIENTED_EDGE('',*,*,#3545,.F.);
#1830=ORIENTED_EDGE('',*,*,#3546,.F.);
#1831=ORIENTED_EDGE('',*,*,#3515,.T.);
#1832=ORIENTED_EDGE('',*,*,#3547,.F.);
#1833=ORIENTED_EDGE('',*,*,#3548,.F.);
#1834=ORIENTED_EDGE('',*,*,#3549,.F.);
#1835=ORIENTED_EDGE('',*,*,#3518,.T.);
#1836=ORIENTED_EDGE('',*,*,#3550,.F.);
#1837=ORIENTED_EDGE('',*,*,#3551,.F.);
#1838=ORIENTED_EDGE('',*,*,#3552,.F.);
#1839=ORIENTED_EDGE('',*,*,#3521,.T.);
#1840=ORIENTED_EDGE('',*,*,#3553,.F.);
#1841=ORIENTED_EDGE('',*,*,#3554,.F.);
#1842=ORIENTED_EDGE('',*,*,#3555,.F.);
#1843=ORIENTED_EDGE('',*,*,#3524,.T.);
#1844=ORIENTED_EDGE('',*,*,#3556,.F.);
#1845=ORIENTED_EDGE('',*,*,#3557,.F.);
#1846=ORIENTED_EDGE('',*,*,#3558,.F.);
#1847=ORIENTED_EDGE('',*,*,#3527,.T.);
#1848=ORIENTED_EDGE('',*,*,#3559,.F.);
#1849=ORIENTED_EDGE('',*,*,#3560,.F.);
#1850=ORIENTED_EDGE('',*,*,#3561,.F.);
#1851=ORIENTED_EDGE('',*,*,#3530,.T.);
#1852=ORIENTED_EDGE('',*,*,#3562,.F.);
#1853=ORIENTED_EDGE('',*,*,#3563,.F.);
#1854=ORIENTED_EDGE('',*,*,#3564,.F.);
#1855=ORIENTED_EDGE('',*,*,#3533,.T.);
#1856=ORIENTED_EDGE('',*,*,#3565,.F.);
#1857=ORIENTED_EDGE('',*,*,#3566,.F.);
#1858=ORIENTED_EDGE('',*,*,#3567,.F.);
#1859=ORIENTED_EDGE('',*,*,#3536,.T.);
#1860=ORIENTED_EDGE('',*,*,#3568,.F.);
#1861=ORIENTED_EDGE('',*,*,#3569,.F.);
#1862=ORIENTED_EDGE('',*,*,#3570,.F.);
#1863=ORIENTED_EDGE('',*,*,#3539,.T.);
#1864=ORIENTED_EDGE('',*,*,#3571,.F.);
#1865=ORIENTED_EDGE('',*,*,#3572,.F.);
#1866=ORIENTED_EDGE('',*,*,#3573,.F.);
#1867=ORIENTED_EDGE('',*,*,#3542,.T.);
#1868=ORIENTED_EDGE('',*,*,#3574,.F.);
#1869=ORIENTED_EDGE('',*,*,#3575,.F.);
#1870=ORIENTED_EDGE('',*,*,#3576,.F.);
#1871=ORIENTED_EDGE('',*,*,#3545,.T.);
#1872=ORIENTED_EDGE('',*,*,#3577,.F.);
#1873=ORIENTED_EDGE('',*,*,#3578,.F.);
#1874=ORIENTED_EDGE('',*,*,#3579,.F.);
#1875=ORIENTED_EDGE('',*,*,#3548,.T.);
#1876=ORIENTED_EDGE('',*,*,#3580,.F.);
#1877=ORIENTED_EDGE('',*,*,#3581,.F.);
#1878=ORIENTED_EDGE('',*,*,#3582,.F.);
#1879=ORIENTED_EDGE('',*,*,#3551,.T.);
#1880=ORIENTED_EDGE('',*,*,#3583,.F.);
#1881=ORIENTED_EDGE('',*,*,#3584,.F.);
#1882=ORIENTED_EDGE('',*,*,#3585,.F.);
#1883=ORIENTED_EDGE('',*,*,#3554,.T.);
#1884=ORIENTED_EDGE('',*,*,#3586,.F.);
#1885=ORIENTED_EDGE('',*,*,#3587,.F.);
#1886=ORIENTED_EDGE('',*,*,#3588,.F.);
#1887=ORIENTED_EDGE('',*,*,#3557,.T.);
#1888=ORIENTED_EDGE('',*,*,#3589,.F.);
#1889=ORIENTED_EDGE('',*,*,#3590,.F.);
#1890=ORIENTED_EDGE('',*,*,#3591,.F.);
#1891=ORIENTED_EDGE('',*,*,#3560,.T.);
#1892=ORIENTED_EDGE('',*,*,#3592,.F.);
#1893=ORIENTED_EDGE('',*,*,#3593,.F.);
#1894=ORIENTED_EDGE('',*,*,#3594,.F.);
#1895=ORIENTED_EDGE('',*,*,#3563,.T.);
#1896=ORIENTED_EDGE('',*,*,#3595,.F.);
#1897=ORIENTED_EDGE('',*,*,#3596,.F.);
#1898=ORIENTED_EDGE('',*,*,#3597,.F.);
#1899=ORIENTED_EDGE('',*,*,#3566,.T.);
#1900=ORIENTED_EDGE('',*,*,#3598,.F.);
#1901=ORIENTED_EDGE('',*,*,#3599,.F.);
#1902=ORIENTED_EDGE('',*,*,#3600,.F.);
#1903=ORIENTED_EDGE('',*,*,#3569,.T.);
#1904=ORIENTED_EDGE('',*,*,#3601,.F.);
#1905=ORIENTED_EDGE('',*,*,#3602,.F.);
#1906=ORIENTED_EDGE('',*,*,#3603,.F.);
#1907=ORIENTED_EDGE('',*,*,#3572,.T.);
#1908=ORIENTED_EDGE('',*,*,#3604,.F.);
#1909=ORIENTED_EDGE('',*,*,#3605,.F.);
#1910=ORIENTED_EDGE('',*,*,#3606,.F.);
#1911=ORIENTED_EDGE('',*,*,#3575,.T.);
#1912=ORIENTED_EDGE('',*,*,#3607,.F.);
#1913=ORIENTED_EDGE('',*,*,#3608,.F.);
#1914=ORIENTED_EDGE('',*,*,#3609,.F.);
#1915=ORIENTED_EDGE('',*,*,#3578,.T.);
#1916=ORIENTED_EDGE('',*,*,#3610,.F.);
#1917=ORIENTED_EDGE('',*,*,#3611,.F.);
#1918=ORIENTED_EDGE('',*,*,#3612,.F.);
#1919=ORIENTED_EDGE('',*,*,#3581,.T.);
#1920=ORIENTED_EDGE('',*,*,#3613,.F.);
#1921=ORIENTED_EDGE('',*,*,#3614,.F.);
#1922=ORIENTED_EDGE('',*,*,#3615,.F.);
#1923=ORIENTED_EDGE('',*,*,#3584,.T.);
#1924=ORIENTED_EDGE('',*,*,#3616,.F.);
#1925=ORIENTED_EDGE('',*,*,#3617,.F.);
#1926=ORIENTED_EDGE('',*,*,#3618,.F.);
#1927=ORIENTED_EDGE('',*,*,#3587,.T.);
#1928=ORIENTED_EDGE('',*,*,#3619,.F.);
#1929=ORIENTED_EDGE('',*,*,#3620,.F.);
#1930=ORIENTED_EDGE('',*,*,#3621,.F.);
#1931=ORIENTED_EDGE('',*,*,#3590,.T.);
#1932=ORIENTED_EDGE('',*,*,#3622,.F.);
#1933=ORIENTED_EDGE('',*,*,#3623,.F.);
#1934=ORIENTED_EDGE('',*,*,#3624,.F.);
#1935=ORIENTED_EDGE('',*,*,#3593,.T.);
#1936=ORIENTED_EDGE('',*,*,#3625,.F.);
#1937=ORIENTED_EDGE('',*,*,#3205,.F.);
#1938=ORIENTED_EDGE('',*,*,#3626,.F.);
#1939=ORIENTED_EDGE('',*,*,#3596,.T.);
#1940=ORIENTED_EDGE('',*,*,#3627,.F.);
#1941=ORIENTED_EDGE('',*,*,#3201,.F.);
#1942=ORIENTED_EDGE('',*,*,#3628,.F.);
#1943=ORIENTED_EDGE('',*,*,#3599,.T.);
#1944=ORIENTED_EDGE('',*,*,#3629,.F.);
#1945=ORIENTED_EDGE('',*,*,#3197,.F.);
#1946=ORIENTED_EDGE('',*,*,#3630,.F.);
#1947=ORIENTED_EDGE('',*,*,#3602,.T.);
#1948=ORIENTED_EDGE('',*,*,#3631,.F.);
#1949=ORIENTED_EDGE('',*,*,#3193,.F.);
#1950=ORIENTED_EDGE('',*,*,#3632,.F.);
#1951=ORIENTED_EDGE('',*,*,#3605,.T.);
#1952=ORIENTED_EDGE('',*,*,#3633,.F.);
#1953=ORIENTED_EDGE('',*,*,#3189,.F.);
#1954=ORIENTED_EDGE('',*,*,#3634,.F.);
#1955=ORIENTED_EDGE('',*,*,#3608,.T.);
#1956=ORIENTED_EDGE('',*,*,#3635,.F.);
#1957=ORIENTED_EDGE('',*,*,#3185,.F.);
#1958=ORIENTED_EDGE('',*,*,#3636,.F.);
#1959=ORIENTED_EDGE('',*,*,#3611,.T.);
#1960=ORIENTED_EDGE('',*,*,#3637,.F.);
#1961=ORIENTED_EDGE('',*,*,#3181,.F.);
#1962=ORIENTED_EDGE('',*,*,#3638,.F.);
#1963=ORIENTED_EDGE('',*,*,#3614,.T.);
#1964=ORIENTED_EDGE('',*,*,#3639,.F.);
#1965=ORIENTED_EDGE('',*,*,#3177,.F.);
#1966=ORIENTED_EDGE('',*,*,#3640,.F.);
#1967=ORIENTED_EDGE('',*,*,#3617,.T.);
#1968=ORIENTED_EDGE('',*,*,#3641,.F.);
#1969=ORIENTED_EDGE('',*,*,#3173,.F.);
#1970=ORIENTED_EDGE('',*,*,#3642,.F.);
#1971=ORIENTED_EDGE('',*,*,#3620,.T.);
#1972=ORIENTED_EDGE('',*,*,#3643,.F.);
#1973=ORIENTED_EDGE('',*,*,#3169,.F.);
#1974=ORIENTED_EDGE('',*,*,#3644,.F.);
#1975=ORIENTED_EDGE('',*,*,#3623,.T.);
#1976=ORIENTED_EDGE('',*,*,#3259,.T.);
#1977=ORIENTED_EDGE('',*,*,#3354,.F.);
#1978=ORIENTED_EDGE('',*,*,#3251,.F.);
#1979=ORIENTED_EDGE('',*,*,#3352,.T.);
#1980=ORIENTED_EDGE('',*,*,#3123,.T.);
#1981=ORIENTED_EDGE('',*,*,#3256,.T.);
#1982=ORIENTED_EDGE('',*,*,#3207,.T.);
#1983=ORIENTED_EDGE('',*,*,#3645,.T.);
#1984=ORIENTED_EDGE('',*,*,#3124,.T.);
#1985=ORIENTED_EDGE('',*,*,#3645,.F.);
#1986=ORIENTED_EDGE('',*,*,#3206,.T.);
#1987=ORIENTED_EDGE('',*,*,#3625,.T.);
#1988=ORIENTED_EDGE('',*,*,#3595,.T.);
#1989=ORIENTED_EDGE('',*,*,#3565,.T.);
#1990=ORIENTED_EDGE('',*,*,#3535,.T.);
#1991=ORIENTED_EDGE('',*,*,#3505,.T.);
#1992=ORIENTED_EDGE('',*,*,#3475,.F.);
#1993=ORIENTED_EDGE('',*,*,#3445,.T.);
#1994=ORIENTED_EDGE('',*,*,#3163,.T.);
#1995=ORIENTED_EDGE('',*,*,#3646,.F.);
#1996=ORIENTED_EDGE('',*,*,#3167,.T.);
#1997=ORIENTED_EDGE('',*,*,#3254,.F.);
#1998=ORIENTED_EDGE('',*,*,#3162,.T.);
#1999=ORIENTED_EDGE('',*,*,#3474,.T.);
#2000=ORIENTED_EDGE('',*,*,#3504,.F.);
#2001=ORIENTED_EDGE('',*,*,#3534,.T.);
#2002=ORIENTED_EDGE('',*,*,#3564,.T.);
#2003=ORIENTED_EDGE('',*,*,#3594,.T.);
#2004=ORIENTED_EDGE('',*,*,#3624,.T.);
#2005=ORIENTED_EDGE('',*,*,#3644,.T.);
#2006=ORIENTED_EDGE('',*,*,#3168,.T.);
#2007=ORIENTED_EDGE('',*,*,#3646,.T.);
#2008=ORIENTED_EDGE('',*,*,#3160,.T.);
#2009=ORIENTED_EDGE('',*,*,#3647,.F.);
#2010=ORIENTED_EDGE('',*,*,#3170,.T.);
#2011=ORIENTED_EDGE('',*,*,#3643,.T.);
#2012=ORIENTED_EDGE('',*,*,#3622,.T.);
#2013=ORIENTED_EDGE('',*,*,#3592,.T.);
#2014=ORIENTED_EDGE('',*,*,#3562,.T.);
#2015=ORIENTED_EDGE('',*,*,#3532,.T.);
#2016=ORIENTED_EDGE('',*,*,#3502,.F.);
#2017=ORIENTED_EDGE('',*,*,#3472,.T.);
#2018=ORIENTED_EDGE('',*,*,#3159,.T.);
#2019=ORIENTED_EDGE('',*,*,#3648,.F.);
#2020=ORIENTED_EDGE('',*,*,#3171,.T.);
#2021=ORIENTED_EDGE('',*,*,#3647,.T.);
#2022=ORIENTED_EDGE('',*,*,#3158,.T.);
#2023=ORIENTED_EDGE('',*,*,#3471,.T.);
#2024=ORIENTED_EDGE('',*,*,#3501,.F.);
#2025=ORIENTED_EDGE('',*,*,#3531,.T.);
#2026=ORIENTED_EDGE('',*,*,#3561,.T.);
#2027=ORIENTED_EDGE('',*,*,#3591,.T.);
#2028=ORIENTED_EDGE('',*,*,#3621,.T.);
#2029=ORIENTED_EDGE('',*,*,#3642,.T.);
#2030=ORIENTED_EDGE('',*,*,#3172,.T.);
#2031=ORIENTED_EDGE('',*,*,#3648,.T.);
#2032=ORIENTED_EDGE('',*,*,#3156,.T.);
#2033=ORIENTED_EDGE('',*,*,#3649,.F.);
#2034=ORIENTED_EDGE('',*,*,#3174,.T.);
#2035=ORIENTED_EDGE('',*,*,#3641,.T.);
#2036=ORIENTED_EDGE('',*,*,#3619,.T.);
#2037=ORIENTED_EDGE('',*,*,#3589,.T.);
#2038=ORIENTED_EDGE('',*,*,#3559,.T.);
#2039=ORIENTED_EDGE('',*,*,#3529,.T.);
#2040=ORIENTED_EDGE('',*,*,#3499,.F.);
#2041=ORIENTED_EDGE('',*,*,#3469,.T.);
#2042=ORIENTED_EDGE('',*,*,#3155,.T.);
#2043=ORIENTED_EDGE('',*,*,#3650,.F.);
#2044=ORIENTED_EDGE('',*,*,#3175,.T.);
#2045=ORIENTED_EDGE('',*,*,#3649,.T.);
#2046=ORIENTED_EDGE('',*,*,#3154,.T.);
#2047=ORIENTED_EDGE('',*,*,#3468,.T.);
#2048=ORIENTED_EDGE('',*,*,#3498,.F.);
#2049=ORIENTED_EDGE('',*,*,#3528,.T.);
#2050=ORIENTED_EDGE('',*,*,#3558,.T.);
#2051=ORIENTED_EDGE('',*,*,#3588,.T.);
#2052=ORIENTED_EDGE('',*,*,#3618,.T.);
#2053=ORIENTED_EDGE('',*,*,#3640,.T.);
#2054=ORIENTED_EDGE('',*,*,#3176,.T.);
#2055=ORIENTED_EDGE('',*,*,#3650,.T.);
#2056=ORIENTED_EDGE('',*,*,#3152,.T.);
#2057=ORIENTED_EDGE('',*,*,#3651,.F.);
#2058=ORIENTED_EDGE('',*,*,#3178,.T.);
#2059=ORIENTED_EDGE('',*,*,#3639,.T.);
#2060=ORIENTED_EDGE('',*,*,#3616,.T.);
#2061=ORIENTED_EDGE('',*,*,#3586,.T.);
#2062=ORIENTED_EDGE('',*,*,#3556,.T.);
#2063=ORIENTED_EDGE('',*,*,#3526,.T.);
#2064=ORIENTED_EDGE('',*,*,#3496,.F.);
#2065=ORIENTED_EDGE('',*,*,#3466,.T.);
#2066=ORIENTED_EDGE('',*,*,#3151,.T.);
#2067=ORIENTED_EDGE('',*,*,#3652,.F.);
#2068=ORIENTED_EDGE('',*,*,#3179,.T.);
#2069=ORIENTED_EDGE('',*,*,#3651,.T.);
#2070=ORIENTED_EDGE('',*,*,#3150,.T.);
#2071=ORIENTED_EDGE('',*,*,#3465,.T.);
#2072=ORIENTED_EDGE('',*,*,#3495,.F.);
#2073=ORIENTED_EDGE('',*,*,#3525,.T.);
#2074=ORIENTED_EDGE('',*,*,#3555,.T.);
#2075=ORIENTED_EDGE('',*,*,#3585,.T.);
#2076=ORIENTED_EDGE('',*,*,#3615,.T.);
#2077=ORIENTED_EDGE('',*,*,#3638,.T.);
#2078=ORIENTED_EDGE('',*,*,#3180,.T.);
#2079=ORIENTED_EDGE('',*,*,#3652,.T.);
#2080=ORIENTED_EDGE('',*,*,#3148,.T.);
#2081=ORIENTED_EDGE('',*,*,#3653,.F.);
#2082=ORIENTED_EDGE('',*,*,#3182,.T.);
#2083=ORIENTED_EDGE('',*,*,#3637,.T.);
#2084=ORIENTED_EDGE('',*,*,#3613,.T.);
#2085=ORIENTED_EDGE('',*,*,#3583,.T.);
#2086=ORIENTED_EDGE('',*,*,#3553,.T.);
#2087=ORIENTED_EDGE('',*,*,#3523,.T.);
#2088=ORIENTED_EDGE('',*,*,#3493,.F.);
#2089=ORIENTED_EDGE('',*,*,#3463,.T.);
#2090=ORIENTED_EDGE('',*,*,#3147,.T.);
#2091=ORIENTED_EDGE('',*,*,#3654,.F.);
#2092=ORIENTED_EDGE('',*,*,#3183,.T.);
#2093=ORIENTED_EDGE('',*,*,#3653,.T.);
#2094=ORIENTED_EDGE('',*,*,#3146,.T.);
#2095=ORIENTED_EDGE('',*,*,#3462,.T.);
#2096=ORIENTED_EDGE('',*,*,#3492,.F.);
#2097=ORIENTED_EDGE('',*,*,#3522,.T.);
#2098=ORIENTED_EDGE('',*,*,#3552,.T.);
#2099=ORIENTED_EDGE('',*,*,#3582,.T.);
#2100=ORIENTED_EDGE('',*,*,#3612,.T.);
#2101=ORIENTED_EDGE('',*,*,#3636,.T.);
#2102=ORIENTED_EDGE('',*,*,#3184,.T.);
#2103=ORIENTED_EDGE('',*,*,#3654,.T.);
#2104=ORIENTED_EDGE('',*,*,#3144,.T.);
#2105=ORIENTED_EDGE('',*,*,#3655,.F.);
#2106=ORIENTED_EDGE('',*,*,#3186,.T.);
#2107=ORIENTED_EDGE('',*,*,#3635,.T.);
#2108=ORIENTED_EDGE('',*,*,#3610,.T.);
#2109=ORIENTED_EDGE('',*,*,#3580,.T.);
#2110=ORIENTED_EDGE('',*,*,#3550,.T.);
#2111=ORIENTED_EDGE('',*,*,#3520,.T.);
#2112=ORIENTED_EDGE('',*,*,#3490,.F.);
#2113=ORIENTED_EDGE('',*,*,#3460,.T.);
#2114=ORIENTED_EDGE('',*,*,#3143,.T.);
#2115=ORIENTED_EDGE('',*,*,#3656,.F.);
#2116=ORIENTED_EDGE('',*,*,#3187,.T.);
#2117=ORIENTED_EDGE('',*,*,#3655,.T.);
#2118=ORIENTED_EDGE('',*,*,#3142,.T.);
#2119=ORIENTED_EDGE('',*,*,#3459,.T.);
#2120=ORIENTED_EDGE('',*,*,#3489,.F.);
#2121=ORIENTED_EDGE('',*,*,#3519,.T.);
#2122=ORIENTED_EDGE('',*,*,#3549,.T.);
#2123=ORIENTED_EDGE('',*,*,#3579,.T.);
#2124=ORIENTED_EDGE('',*,*,#3609,.T.);
#2125=ORIENTED_EDGE('',*,*,#3634,.T.);
#2126=ORIENTED_EDGE('',*,*,#3188,.T.);
#2127=ORIENTED_EDGE('',*,*,#3656,.T.);
#2128=ORIENTED_EDGE('',*,*,#3140,.T.);
#2129=ORIENTED_EDGE('',*,*,#3657,.F.);
#2130=ORIENTED_EDGE('',*,*,#3190,.T.);
#2131=ORIENTED_EDGE('',*,*,#3633,.T.);
#2132=ORIENTED_EDGE('',*,*,#3607,.T.);
#2133=ORIENTED_EDGE('',*,*,#3577,.T.);
#2134=ORIENTED_EDGE('',*,*,#3547,.T.);
#2135=ORIENTED_EDGE('',*,*,#3517,.T.);
#2136=ORIENTED_EDGE('',*,*,#3487,.F.);
#2137=ORIENTED_EDGE('',*,*,#3457,.T.);
#2138=ORIENTED_EDGE('',*,*,#3139,.T.);
#2139=ORIENTED_EDGE('',*,*,#3658,.F.);
#2140=ORIENTED_EDGE('',*,*,#3191,.T.);
#2141=ORIENTED_EDGE('',*,*,#3657,.T.);
#2142=ORIENTED_EDGE('',*,*,#3138,.T.);
#2143=ORIENTED_EDGE('',*,*,#3456,.T.);
#2144=ORIENTED_EDGE('',*,*,#3486,.F.);
#2145=ORIENTED_EDGE('',*,*,#3516,.T.);
#2146=ORIENTED_EDGE('',*,*,#3546,.T.);
#2147=ORIENTED_EDGE('',*,*,#3576,.T.);
#2148=ORIENTED_EDGE('',*,*,#3606,.T.);
#2149=ORIENTED_EDGE('',*,*,#3632,.T.);
#2150=ORIENTED_EDGE('',*,*,#3192,.T.);
#2151=ORIENTED_EDGE('',*,*,#3658,.T.);
#2152=ORIENTED_EDGE('',*,*,#3136,.T.);
#2153=ORIENTED_EDGE('',*,*,#3659,.F.);
#2154=ORIENTED_EDGE('',*,*,#3194,.T.);
#2155=ORIENTED_EDGE('',*,*,#3631,.T.);
#2156=ORIENTED_EDGE('',*,*,#3604,.T.);
#2157=ORIENTED_EDGE('',*,*,#3574,.T.);
#2158=ORIENTED_EDGE('',*,*,#3544,.T.);
#2159=ORIENTED_EDGE('',*,*,#3514,.T.);
#2160=ORIENTED_EDGE('',*,*,#3484,.F.);
#2161=ORIENTED_EDGE('',*,*,#3454,.T.);
#2162=ORIENTED_EDGE('',*,*,#3135,.T.);
#2163=ORIENTED_EDGE('',*,*,#3660,.F.);
#2164=ORIENTED_EDGE('',*,*,#3195,.T.);
#2165=ORIENTED_EDGE('',*,*,#3659,.T.);
#2166=ORIENTED_EDGE('',*,*,#3134,.T.);
#2167=ORIENTED_EDGE('',*,*,#3453,.T.);
#2168=ORIENTED_EDGE('',*,*,#3483,.F.);
#2169=ORIENTED_EDGE('',*,*,#3513,.T.);
#2170=ORIENTED_EDGE('',*,*,#3543,.T.);
#2171=ORIENTED_EDGE('',*,*,#3573,.T.);
#2172=ORIENTED_EDGE('',*,*,#3603,.T.);
#2173=ORIENTED_EDGE('',*,*,#3630,.T.);
#2174=ORIENTED_EDGE('',*,*,#3196,.T.);
#2175=ORIENTED_EDGE('',*,*,#3660,.T.);
#2176=ORIENTED_EDGE('',*,*,#3132,.T.);
#2177=ORIENTED_EDGE('',*,*,#3661,.F.);
#2178=ORIENTED_EDGE('',*,*,#3198,.T.);
#2179=ORIENTED_EDGE('',*,*,#3629,.T.);
#2180=ORIENTED_EDGE('',*,*,#3601,.T.);
#2181=ORIENTED_EDGE('',*,*,#3571,.T.);
#2182=ORIENTED_EDGE('',*,*,#3541,.T.);
#2183=ORIENTED_EDGE('',*,*,#3511,.T.);
#2184=ORIENTED_EDGE('',*,*,#3481,.F.);
#2185=ORIENTED_EDGE('',*,*,#3451,.T.);
#2186=ORIENTED_EDGE('',*,*,#3131,.T.);
#2187=ORIENTED_EDGE('',*,*,#3662,.F.);
#2188=ORIENTED_EDGE('',*,*,#3199,.T.);
#2189=ORIENTED_EDGE('',*,*,#3661,.T.);
#2190=ORIENTED_EDGE('',*,*,#3130,.T.);
#2191=ORIENTED_EDGE('',*,*,#3450,.T.);
#2192=ORIENTED_EDGE('',*,*,#3480,.F.);
#2193=ORIENTED_EDGE('',*,*,#3510,.T.);
#2194=ORIENTED_EDGE('',*,*,#3540,.T.);
#2195=ORIENTED_EDGE('',*,*,#3570,.T.);
#2196=ORIENTED_EDGE('',*,*,#3600,.T.);
#2197=ORIENTED_EDGE('',*,*,#3628,.T.);
#2198=ORIENTED_EDGE('',*,*,#3200,.T.);
#2199=ORIENTED_EDGE('',*,*,#3662,.T.);
#2200=ORIENTED_EDGE('',*,*,#3126,.T.);
#2201=ORIENTED_EDGE('',*,*,#3447,.T.);
#2202=ORIENTED_EDGE('',*,*,#3477,.F.);
#2203=ORIENTED_EDGE('',*,*,#3507,.T.);
#2204=ORIENTED_EDGE('',*,*,#3537,.T.);
#2205=ORIENTED_EDGE('',*,*,#3567,.T.);
#2206=ORIENTED_EDGE('',*,*,#3597,.T.);
#2207=ORIENTED_EDGE('',*,*,#3626,.T.);
#2208=ORIENTED_EDGE('',*,*,#3204,.T.);
#2209=ORIENTED_EDGE('',*,*,#3663,.T.);
#2210=ORIENTED_EDGE('',*,*,#3127,.T.);
#2211=ORIENTED_EDGE('',*,*,#3663,.F.);
#2212=ORIENTED_EDGE('',*,*,#3203,.T.);
#2213=ORIENTED_EDGE('',*,*,#3664,.T.);
#2214=ORIENTED_EDGE('',*,*,#3128,.T.);
#2215=ORIENTED_EDGE('',*,*,#3664,.F.);
#2216=ORIENTED_EDGE('',*,*,#3202,.T.);
#2217=ORIENTED_EDGE('',*,*,#3627,.T.);
#2218=ORIENTED_EDGE('',*,*,#3598,.T.);
#2219=ORIENTED_EDGE('',*,*,#3568,.T.);
#2220=ORIENTED_EDGE('',*,*,#3538,.T.);
#2221=ORIENTED_EDGE('',*,*,#3508,.T.);
#2222=ORIENTED_EDGE('',*,*,#3478,.F.);
#2223=ORIENTED_EDGE('',*,*,#3448,.T.);
#2224=ORIENTED_EDGE('',*,*,#3120,.T.);
#2225=ORIENTED_EDGE('',*,*,#3290,.T.);
#2226=ORIENTED_EDGE('',*,*,#3444,.T.);
#2227=ORIENTED_EDGE('',*,*,#3423,.T.);
#2228=ORIENTED_EDGE('',*,*,#3356,.T.);
#2229=ORIENTED_EDGE('',*,*,#3665,.T.);
#2230=ORIENTED_EDGE('',*,*,#3121,.T.);
#2231=ORIENTED_EDGE('',*,*,#3665,.F.);
#2232=ORIENTED_EDGE('',*,*,#3355,.T.);
#2233=ORIENTED_EDGE('',*,*,#3257,.T.);
#2234=ORIENTED_EDGE('',*,*,#3116,.T.);
#2235=ORIENTED_EDGE('',*,*,#3287,.T.);
#2236=ORIENTED_EDGE('',*,*,#3442,.T.);
#2237=ORIENTED_EDGE('',*,*,#3420,.T.);
#2238=ORIENTED_EDGE('',*,*,#3360,.T.);
#2239=ORIENTED_EDGE('',*,*,#3666,.T.);
#2240=ORIENTED_EDGE('',*,*,#3118,.T.);
#2241=ORIENTED_EDGE('',*,*,#3667,.F.);
#2242=ORIENTED_EDGE('',*,*,#3358,.T.);
#2243=ORIENTED_EDGE('',*,*,#3422,.T.);
#2244=ORIENTED_EDGE('',*,*,#3443,.T.);
#2245=ORIENTED_EDGE('',*,*,#3288,.T.);
#2246=ORIENTED_EDGE('',*,*,#3117,.T.);
#2247=ORIENTED_EDGE('',*,*,#3666,.F.);
#2248=ORIENTED_EDGE('',*,*,#3359,.T.);
#2249=ORIENTED_EDGE('',*,*,#3667,.T.);
#2250=ORIENTED_EDGE('',*,*,#3112,.T.);
#2251=ORIENTED_EDGE('',*,*,#3284,.T.);
#2252=ORIENTED_EDGE('',*,*,#3440,.T.);
#2253=ORIENTED_EDGE('',*,*,#3417,.T.);
#2254=ORIENTED_EDGE('',*,*,#3364,.T.);
#2255=ORIENTED_EDGE('',*,*,#3668,.T.);
#2256=ORIENTED_EDGE('',*,*,#3114,.T.);
#2257=ORIENTED_EDGE('',*,*,#3669,.F.);
#2258=ORIENTED_EDGE('',*,*,#3362,.T.);
#2259=ORIENTED_EDGE('',*,*,#3419,.T.);
#2260=ORIENTED_EDGE('',*,*,#3441,.T.);
#2261=ORIENTED_EDGE('',*,*,#3285,.T.);
#2262=ORIENTED_EDGE('',*,*,#3113,.T.);
#2263=ORIENTED_EDGE('',*,*,#3668,.F.);
#2264=ORIENTED_EDGE('',*,*,#3363,.T.);
#2265=ORIENTED_EDGE('',*,*,#3669,.T.);
#2266=ORIENTED_EDGE('',*,*,#3108,.T.);
#2267=ORIENTED_EDGE('',*,*,#3281,.T.);
#2268=ORIENTED_EDGE('',*,*,#3438,.T.);
#2269=ORIENTED_EDGE('',*,*,#3414,.T.);
#2270=ORIENTED_EDGE('',*,*,#3368,.T.);
#2271=ORIENTED_EDGE('',*,*,#3670,.T.);
#2272=ORIENTED_EDGE('',*,*,#3110,.T.);
#2273=ORIENTED_EDGE('',*,*,#3671,.F.);
#2274=ORIENTED_EDGE('',*,*,#3366,.T.);
#2275=ORIENTED_EDGE('',*,*,#3416,.T.);
#2276=ORIENTED_EDGE('',*,*,#3439,.T.);
#2277=ORIENTED_EDGE('',*,*,#3282,.T.);
#2278=ORIENTED_EDGE('',*,*,#3109,.T.);
#2279=ORIENTED_EDGE('',*,*,#3670,.F.);
#2280=ORIENTED_EDGE('',*,*,#3367,.T.);
#2281=ORIENTED_EDGE('',*,*,#3671,.T.);
#2282=ORIENTED_EDGE('',*,*,#3104,.T.);
#2283=ORIENTED_EDGE('',*,*,#3278,.T.);
#2284=ORIENTED_EDGE('',*,*,#3436,.T.);
#2285=ORIENTED_EDGE('',*,*,#3411,.T.);
#2286=ORIENTED_EDGE('',*,*,#3372,.T.);
#2287=ORIENTED_EDGE('',*,*,#3672,.T.);
#2288=ORIENTED_EDGE('',*,*,#3106,.T.);
#2289=ORIENTED_EDGE('',*,*,#3673,.F.);
#2290=ORIENTED_EDGE('',*,*,#3370,.T.);
#2291=ORIENTED_EDGE('',*,*,#3413,.T.);
#2292=ORIENTED_EDGE('',*,*,#3437,.T.);
#2293=ORIENTED_EDGE('',*,*,#3279,.T.);
#2294=ORIENTED_EDGE('',*,*,#3105,.T.);
#2295=ORIENTED_EDGE('',*,*,#3672,.F.);
#2296=ORIENTED_EDGE('',*,*,#3371,.T.);
#2297=ORIENTED_EDGE('',*,*,#3673,.T.);
#2298=ORIENTED_EDGE('',*,*,#3100,.T.);
#2299=ORIENTED_EDGE('',*,*,#3275,.T.);
#2300=ORIENTED_EDGE('',*,*,#3434,.T.);
#2301=ORIENTED_EDGE('',*,*,#3408,.T.);
#2302=ORIENTED_EDGE('',*,*,#3376,.T.);
#2303=ORIENTED_EDGE('',*,*,#3674,.T.);
#2304=ORIENTED_EDGE('',*,*,#3102,.T.);
#2305=ORIENTED_EDGE('',*,*,#3675,.F.);
#2306=ORIENTED_EDGE('',*,*,#3374,.T.);
#2307=ORIENTED_EDGE('',*,*,#3410,.T.);
#2308=ORIENTED_EDGE('',*,*,#3435,.T.);
#2309=ORIENTED_EDGE('',*,*,#3276,.T.);
#2310=ORIENTED_EDGE('',*,*,#3101,.T.);
#2311=ORIENTED_EDGE('',*,*,#3674,.F.);
#2312=ORIENTED_EDGE('',*,*,#3375,.T.);
#2313=ORIENTED_EDGE('',*,*,#3675,.T.);
#2314=ORIENTED_EDGE('',*,*,#3096,.T.);
#2315=ORIENTED_EDGE('',*,*,#3272,.T.);
#2316=ORIENTED_EDGE('',*,*,#3432,.T.);
#2317=ORIENTED_EDGE('',*,*,#3405,.T.);
#2318=ORIENTED_EDGE('',*,*,#3380,.T.);
#2319=ORIENTED_EDGE('',*,*,#3676,.T.);
#2320=ORIENTED_EDGE('',*,*,#3098,.T.);
#2321=ORIENTED_EDGE('',*,*,#3677,.F.);
#2322=ORIENTED_EDGE('',*,*,#3378,.T.);
#2323=ORIENTED_EDGE('',*,*,#3407,.T.);
#2324=ORIENTED_EDGE('',*,*,#3433,.T.);
#2325=ORIENTED_EDGE('',*,*,#3273,.T.);
#2326=ORIENTED_EDGE('',*,*,#3097,.T.);
#2327=ORIENTED_EDGE('',*,*,#3676,.F.);
#2328=ORIENTED_EDGE('',*,*,#3379,.T.);
#2329=ORIENTED_EDGE('',*,*,#3677,.T.);
#2330=ORIENTED_EDGE('',*,*,#3092,.T.);
#2331=ORIENTED_EDGE('',*,*,#3269,.T.);
#2332=ORIENTED_EDGE('',*,*,#3430,.T.);
#2333=ORIENTED_EDGE('',*,*,#3402,.T.);
#2334=ORIENTED_EDGE('',*,*,#3384,.T.);
#2335=ORIENTED_EDGE('',*,*,#3678,.T.);
#2336=ORIENTED_EDGE('',*,*,#3094,.T.);
#2337=ORIENTED_EDGE('',*,*,#3679,.F.);
#2338=ORIENTED_EDGE('',*,*,#3382,.T.);
#2339=ORIENTED_EDGE('',*,*,#3404,.T.);
#2340=ORIENTED_EDGE('',*,*,#3431,.T.);
#2341=ORIENTED_EDGE('',*,*,#3270,.T.);
#2342=ORIENTED_EDGE('',*,*,#3093,.T.);
#2343=ORIENTED_EDGE('',*,*,#3678,.F.);
#2344=ORIENTED_EDGE('',*,*,#3383,.T.);
#2345=ORIENTED_EDGE('',*,*,#3679,.T.);
#2346=ORIENTED_EDGE('',*,*,#3088,.T.);
#2347=ORIENTED_EDGE('',*,*,#3266,.T.);
#2348=ORIENTED_EDGE('',*,*,#3428,.T.);
#2349=ORIENTED_EDGE('',*,*,#3399,.T.);
#2350=ORIENTED_EDGE('',*,*,#3388,.T.);
#2351=ORIENTED_EDGE('',*,*,#3680,.T.);
#2352=ORIENTED_EDGE('',*,*,#3090,.T.);
#2353=ORIENTED_EDGE('',*,*,#3681,.F.);
#2354=ORIENTED_EDGE('',*,*,#3386,.T.);
#2355=ORIENTED_EDGE('',*,*,#3401,.T.);
#2356=ORIENTED_EDGE('',*,*,#3429,.T.);
#2357=ORIENTED_EDGE('',*,*,#3267,.T.);
#2358=ORIENTED_EDGE('',*,*,#3089,.T.);
#2359=ORIENTED_EDGE('',*,*,#3680,.F.);
#2360=ORIENTED_EDGE('',*,*,#3387,.T.);
#2361=ORIENTED_EDGE('',*,*,#3681,.T.);
#2362=ORIENTED_EDGE('',*,*,#3084,.T.);
#2363=ORIENTED_EDGE('',*,*,#3263,.T.);
#2364=ORIENTED_EDGE('',*,*,#3426,.T.);
#2365=ORIENTED_EDGE('',*,*,#3396,.T.);
#2366=ORIENTED_EDGE('',*,*,#3392,.T.);
#2367=ORIENTED_EDGE('',*,*,#3682,.T.);
#2368=ORIENTED_EDGE('',*,*,#3086,.T.);
#2369=ORIENTED_EDGE('',*,*,#3683,.F.);
#2370=ORIENTED_EDGE('',*,*,#3390,.T.);
#2371=ORIENTED_EDGE('',*,*,#3398,.T.);
#2372=ORIENTED_EDGE('',*,*,#3427,.T.);
#2373=ORIENTED_EDGE('',*,*,#3264,.T.);
#2374=ORIENTED_EDGE('',*,*,#3085,.T.);
#2375=ORIENTED_EDGE('',*,*,#3682,.F.);
#2376=ORIENTED_EDGE('',*,*,#3391,.T.);
#2377=ORIENTED_EDGE('',*,*,#3683,.T.);
#2378=ORIENTED_EDGE('',*,*,#3082,.T.);
#2379=ORIENTED_EDGE('',*,*,#3684,.F.);
#2380=ORIENTED_EDGE('',*,*,#3394,.T.);
#2381=ORIENTED_EDGE('',*,*,#3395,.T.);
#2382=ORIENTED_EDGE('',*,*,#3425,.T.);
#2383=ORIENTED_EDGE('',*,*,#3261,.T.);
#2384=ORIENTED_EDGE('',*,*,#3081,.T.);
#2385=ORIENTED_EDGE('',*,*,#3253,.F.);
#2386=ORIENTED_EDGE('',*,*,#3353,.T.);
#2387=ORIENTED_EDGE('',*,*,#3684,.T.);
#2388=ORIENTED_EDGE('',*,*,#3209,.T.);
#2389=ORIENTED_EDGE('',*,*,#3255,.T.);
#2390=ORIENTED_EDGE('',*,*,#3351,.T.);
#2391=ORIENTED_EDGE('',*,*,#3685,.F.);
#2392=ORIENTED_EDGE('',*,*,#3210,.T.);
#2393=ORIENTED_EDGE('',*,*,#3685,.T.);
#2394=ORIENTED_EDGE('',*,*,#3350,.T.);
#2395=ORIENTED_EDGE('',*,*,#3319,.T.);
#2396=ORIENTED_EDGE('',*,*,#3212,.T.);
#2397=ORIENTED_EDGE('',*,*,#3318,.T.);
#2398=ORIENTED_EDGE('',*,*,#3349,.T.);
#2399=ORIENTED_EDGE('',*,*,#3686,.F.);
#2400=ORIENTED_EDGE('',*,*,#3213,.T.);
#2401=ORIENTED_EDGE('',*,*,#3686,.T.);
#2402=ORIENTED_EDGE('',*,*,#3348,.T.);
#2403=ORIENTED_EDGE('',*,*,#3687,.F.);
#2404=ORIENTED_EDGE('',*,*,#3214,.T.);
#2405=ORIENTED_EDGE('',*,*,#3687,.T.);
#2406=ORIENTED_EDGE('',*,*,#3347,.T.);
#2407=ORIENTED_EDGE('',*,*,#3316,.T.);
#2408=ORIENTED_EDGE('',*,*,#3216,.T.);
#2409=ORIENTED_EDGE('',*,*,#3315,.T.);
#2410=ORIENTED_EDGE('',*,*,#3346,.T.);
#2411=ORIENTED_EDGE('',*,*,#3688,.F.);
#2412=ORIENTED_EDGE('',*,*,#3217,.T.);
#2413=ORIENTED_EDGE('',*,*,#3688,.T.);
#2414=ORIENTED_EDGE('',*,*,#3345,.T.);
#2415=ORIENTED_EDGE('',*,*,#3689,.F.);
#2416=ORIENTED_EDGE('',*,*,#3218,.T.);
#2417=ORIENTED_EDGE('',*,*,#3689,.T.);
#2418=ORIENTED_EDGE('',*,*,#3344,.T.);
#2419=ORIENTED_EDGE('',*,*,#3313,.T.);
#2420=ORIENTED_EDGE('',*,*,#3220,.T.);
#2421=ORIENTED_EDGE('',*,*,#3312,.T.);
#2422=ORIENTED_EDGE('',*,*,#3343,.T.);
#2423=ORIENTED_EDGE('',*,*,#3690,.F.);
#2424=ORIENTED_EDGE('',*,*,#3221,.T.);
#2425=ORIENTED_EDGE('',*,*,#3690,.T.);
#2426=ORIENTED_EDGE('',*,*,#3342,.T.);
#2427=ORIENTED_EDGE('',*,*,#3691,.F.);
#2428=ORIENTED_EDGE('',*,*,#3222,.T.);
#2429=ORIENTED_EDGE('',*,*,#3691,.T.);
#2430=ORIENTED_EDGE('',*,*,#3341,.T.);
#2431=ORIENTED_EDGE('',*,*,#3310,.T.);
#2432=ORIENTED_EDGE('',*,*,#3224,.T.);
#2433=ORIENTED_EDGE('',*,*,#3309,.T.);
#2434=ORIENTED_EDGE('',*,*,#3340,.T.);
#2435=ORIENTED_EDGE('',*,*,#3692,.F.);
#2436=ORIENTED_EDGE('',*,*,#3225,.T.);
#2437=ORIENTED_EDGE('',*,*,#3692,.T.);
#2438=ORIENTED_EDGE('',*,*,#3339,.T.);
#2439=ORIENTED_EDGE('',*,*,#3693,.F.);
#2440=ORIENTED_EDGE('',*,*,#3226,.T.);
#2441=ORIENTED_EDGE('',*,*,#3693,.T.);
#2442=ORIENTED_EDGE('',*,*,#3338,.T.);
#2443=ORIENTED_EDGE('',*,*,#3307,.T.);
#2444=ORIENTED_EDGE('',*,*,#3228,.T.);
#2445=ORIENTED_EDGE('',*,*,#3306,.T.);
#2446=ORIENTED_EDGE('',*,*,#3337,.T.);
#2447=ORIENTED_EDGE('',*,*,#3694,.F.);
#2448=ORIENTED_EDGE('',*,*,#3229,.T.);
#2449=ORIENTED_EDGE('',*,*,#3694,.T.);
#2450=ORIENTED_EDGE('',*,*,#3336,.T.);
#2451=ORIENTED_EDGE('',*,*,#3695,.F.);
#2452=ORIENTED_EDGE('',*,*,#3230,.T.);
#2453=ORIENTED_EDGE('',*,*,#3695,.T.);
#2454=ORIENTED_EDGE('',*,*,#3335,.T.);
#2455=ORIENTED_EDGE('',*,*,#3304,.T.);
#2456=ORIENTED_EDGE('',*,*,#3232,.T.);
#2457=ORIENTED_EDGE('',*,*,#3303,.T.);
#2458=ORIENTED_EDGE('',*,*,#3334,.T.);
#2459=ORIENTED_EDGE('',*,*,#3696,.F.);
#2460=ORIENTED_EDGE('',*,*,#3233,.T.);
#2461=ORIENTED_EDGE('',*,*,#3696,.T.);
#2462=ORIENTED_EDGE('',*,*,#3333,.T.);
#2463=ORIENTED_EDGE('',*,*,#3697,.F.);
#2464=ORIENTED_EDGE('',*,*,#3234,.T.);
#2465=ORIENTED_EDGE('',*,*,#3697,.T.);
#2466=ORIENTED_EDGE('',*,*,#3332,.T.);
#2467=ORIENTED_EDGE('',*,*,#3301,.T.);
#2468=ORIENTED_EDGE('',*,*,#3236,.T.);
#2469=ORIENTED_EDGE('',*,*,#3300,.T.);
#2470=ORIENTED_EDGE('',*,*,#3331,.T.);
#2471=ORIENTED_EDGE('',*,*,#3698,.F.);
#2472=ORIENTED_EDGE('',*,*,#3237,.T.);
#2473=ORIENTED_EDGE('',*,*,#3698,.T.);
#2474=ORIENTED_EDGE('',*,*,#3330,.T.);
#2475=ORIENTED_EDGE('',*,*,#3699,.F.);
#2476=ORIENTED_EDGE('',*,*,#3238,.T.);
#2477=ORIENTED_EDGE('',*,*,#3699,.T.);
#2478=ORIENTED_EDGE('',*,*,#3329,.T.);
#2479=ORIENTED_EDGE('',*,*,#3298,.T.);
#2480=ORIENTED_EDGE('',*,*,#3240,.T.);
#2481=ORIENTED_EDGE('',*,*,#3297,.T.);
#2482=ORIENTED_EDGE('',*,*,#3328,.T.);
#2483=ORIENTED_EDGE('',*,*,#3700,.F.);
#2484=ORIENTED_EDGE('',*,*,#3241,.T.);
#2485=ORIENTED_EDGE('',*,*,#3700,.T.);
#2486=ORIENTED_EDGE('',*,*,#3327,.T.);
#2487=ORIENTED_EDGE('',*,*,#3701,.F.);
#2488=ORIENTED_EDGE('',*,*,#3242,.T.);
#2489=ORIENTED_EDGE('',*,*,#3701,.T.);
#2490=ORIENTED_EDGE('',*,*,#3326,.T.);
#2491=ORIENTED_EDGE('',*,*,#3295,.T.);
#2492=ORIENTED_EDGE('',*,*,#3244,.T.);
#2493=ORIENTED_EDGE('',*,*,#3294,.T.);
#2494=ORIENTED_EDGE('',*,*,#3325,.T.);
#2495=ORIENTED_EDGE('',*,*,#3702,.F.);
#2496=ORIENTED_EDGE('',*,*,#3245,.T.);
#2497=ORIENTED_EDGE('',*,*,#3702,.T.);
#2498=ORIENTED_EDGE('',*,*,#3324,.T.);
#2499=ORIENTED_EDGE('',*,*,#3703,.F.);
#2500=ORIENTED_EDGE('',*,*,#3246,.T.);
#2501=ORIENTED_EDGE('',*,*,#3703,.T.);
#2502=ORIENTED_EDGE('',*,*,#3323,.T.);
#2503=ORIENTED_EDGE('',*,*,#3292,.T.);
#2504=ORIENTED_EDGE('',*,*,#3165,.T.);
#2505=ORIENTED_EDGE('',*,*,#3704,.T.);
#2506=ORIENTED_EDGE('',*,*,#3321,.T.);
#2507=ORIENTED_EDGE('',*,*,#3249,.F.);
#2508=ORIENTED_EDGE('',*,*,#3248,.T.);
#2509=ORIENTED_EDGE('',*,*,#3291,.T.);
#2510=ORIENTED_EDGE('',*,*,#3322,.T.);
#2511=ORIENTED_EDGE('',*,*,#3704,.F.);
#2512=EDGE_CURVE('',#3705,#3706,#4497,.T.);
#2513=EDGE_CURVE('',#3706,#3707,#4498,.T.);
#2514=EDGE_CURVE('',#3708,#3707,#4499,.T.);
#2515=EDGE_CURVE('',#3705,#3708,#4500,.T.);
#2516=EDGE_CURVE('',#3709,#3710,#4501,.T.);
#2517=EDGE_CURVE('',#3709,#3711,#4502,.T.);
#2518=EDGE_CURVE('',#3711,#3712,#4503,.T.);
#2519=EDGE_CURVE('',#3712,#3710,#4504,.T.);
#2520=EDGE_CURVE('',#3713,#3714,#4505,.T.);
#2521=EDGE_CURVE('',#3713,#3715,#4506,.T.);
#2522=EDGE_CURVE('',#3715,#3716,#4507,.T.);
#2523=EDGE_CURVE('',#3716,#3714,#4508,.T.);
#2524=EDGE_CURVE('',#3717,#3718,#4509,.T.);
#2525=EDGE_CURVE('',#3717,#3719,#4510,.T.);
#2526=EDGE_CURVE('',#3719,#3720,#4511,.T.);
#2527=EDGE_CURVE('',#3720,#3718,#4512,.T.);
#2528=EDGE_CURVE('',#3721,#3722,#4513,.T.);
#2529=EDGE_CURVE('',#3721,#3723,#4514,.T.);
#2530=EDGE_CURVE('',#3723,#3724,#4515,.T.);
#2531=EDGE_CURVE('',#3724,#3722,#4516,.T.);
#2532=EDGE_CURVE('',#3725,#3726,#4517,.T.);
#2533=EDGE_CURVE('',#3725,#3727,#4518,.T.);
#2534=EDGE_CURVE('',#3727,#3728,#4519,.T.);
#2535=EDGE_CURVE('',#3728,#3726,#4520,.T.);
#2536=EDGE_CURVE('',#3729,#3730,#4521,.T.);
#2537=EDGE_CURVE('',#3729,#3731,#4522,.T.);
#2538=EDGE_CURVE('',#3731,#3732,#4523,.T.);
#2539=EDGE_CURVE('',#3732,#3730,#4524,.T.);
#2540=EDGE_CURVE('',#3733,#3734,#4525,.T.);
#2541=EDGE_CURVE('',#3733,#3735,#4526,.T.);
#2542=EDGE_CURVE('',#3735,#3736,#4527,.T.);
#2543=EDGE_CURVE('',#3736,#3734,#4528,.T.);
#2544=EDGE_CURVE('',#3737,#3738,#4529,.T.);
#2545=EDGE_CURVE('',#3737,#3739,#4530,.T.);
#2546=EDGE_CURVE('',#3739,#3740,#4531,.T.);
#2547=EDGE_CURVE('',#3740,#3738,#4532,.T.);
#2548=EDGE_CURVE('',#3741,#3742,#4533,.T.);
#2549=EDGE_CURVE('',#3741,#3743,#4534,.T.);
#2550=EDGE_CURVE('',#3743,#3744,#4535,.T.);
#2551=EDGE_CURVE('',#3744,#3742,#4536,.T.);
#2552=EDGE_CURVE('',#3745,#3746,#4537,.T.);
#2553=EDGE_CURVE('',#3747,#3745,#4538,.T.);
#2554=EDGE_CURVE('',#3748,#3747,#4539,.T.);
#2555=EDGE_CURVE('',#3749,#3748,#4540,.T.);
#2556=EDGE_CURVE('',#3750,#3749,#4541,.T.);
#2557=EDGE_CURVE('',#3751,#3750,#4542,.T.);
#2558=EDGE_CURVE('',#3746,#3751,#4543,.T.);
#2559=EDGE_CURVE('',#3752,#3753,#4544,.T.);
#2560=EDGE_CURVE('',#3754,#3752,#4545,.T.);
#2561=EDGE_CURVE('',#3755,#3754,#4546,.T.);
#2562=EDGE_CURVE('',#3753,#3755,#4547,.T.);
#2563=EDGE_CURVE('',#3756,#3757,#4548,.T.);
#2564=EDGE_CURVE('',#3758,#3756,#4549,.T.);
#2565=EDGE_CURVE('',#3759,#3758,#4550,.T.);
#2566=EDGE_CURVE('',#3757,#3759,#4551,.T.);
#2567=EDGE_CURVE('',#3760,#3761,#4552,.T.);
#2568=EDGE_CURVE('',#3762,#3760,#4553,.T.);
#2569=EDGE_CURVE('',#3763,#3762,#4554,.T.);
#2570=EDGE_CURVE('',#3761,#3763,#4555,.T.);
#2571=EDGE_CURVE('',#3764,#3765,#4556,.T.);
#2572=EDGE_CURVE('',#3766,#3764,#4557,.T.);
#2573=EDGE_CURVE('',#3767,#3766,#4558,.T.);
#2574=EDGE_CURVE('',#3765,#3767,#4559,.T.);
#2575=EDGE_CURVE('',#3768,#3769,#4560,.T.);
#2576=EDGE_CURVE('',#3770,#3768,#4561,.T.);
#2577=EDGE_CURVE('',#3771,#3770,#4562,.T.);
#2578=EDGE_CURVE('',#3769,#3771,#4563,.T.);
#2579=EDGE_CURVE('',#3772,#3773,#4564,.T.);
#2580=EDGE_CURVE('',#3774,#3772,#4565,.T.);
#2581=EDGE_CURVE('',#3775,#3774,#4566,.T.);
#2582=EDGE_CURVE('',#3773,#3775,#4567,.T.);
#2583=EDGE_CURVE('',#3776,#3777,#4568,.T.);
#2584=EDGE_CURVE('',#3778,#3776,#4569,.T.);
#2585=EDGE_CURVE('',#3779,#3778,#4570,.T.);
#2586=EDGE_CURVE('',#3777,#3779,#4571,.T.);
#2587=EDGE_CURVE('',#3780,#3781,#4572,.T.);
#2588=EDGE_CURVE('',#3782,#3780,#4573,.T.);
#2589=EDGE_CURVE('',#3783,#3782,#4574,.T.);
#2590=EDGE_CURVE('',#3781,#3783,#4575,.T.);
#2591=EDGE_CURVE('',#3784,#3785,#4576,.T.);
#2592=EDGE_CURVE('',#3786,#3784,#4577,.T.);
#2593=EDGE_CURVE('',#3787,#3786,#4578,.T.);
#2594=EDGE_CURVE('',#3785,#3787,#4579,.T.);
#2595=EDGE_CURVE('',#3788,#3789,#4580,.T.);
#2596=EDGE_CURVE('',#3790,#3788,#4581,.T.);
#2597=EDGE_CURVE('',#3791,#3790,#4582,.T.);
#2598=EDGE_CURVE('',#3792,#3791,#4583,.T.);
#2599=EDGE_CURVE('',#3793,#3792,#4584,.T.);
#2600=EDGE_CURVE('',#3794,#3793,#4585,.T.);
#2601=EDGE_CURVE('',#3789,#3794,#4586,.T.);
#2602=EDGE_CURVE('',#3795,#3745,#4587,.T.);
#2603=EDGE_CURVE('',#3795,#3796,#4588,.T.);
#2604=EDGE_CURVE('',#3796,#3747,#4589,.T.);
#2605=EDGE_CURVE('',#3752,#3797,#4590,.T.);
#2606=EDGE_CURVE('',#3798,#3753,#4591,.T.);
#2607=EDGE_CURVE('',#3798,#3797,#4592,.T.);
#2608=EDGE_CURVE('',#3756,#3799,#4593,.T.);
#2609=EDGE_CURVE('',#3800,#3757,#4594,.T.);
#2610=EDGE_CURVE('',#3800,#3799,#4595,.T.);
#2611=EDGE_CURVE('',#3760,#3801,#4596,.T.);
#2612=EDGE_CURVE('',#3802,#3761,#4597,.T.);
#2613=EDGE_CURVE('',#3802,#3801,#4598,.T.);
#2614=EDGE_CURVE('',#3764,#3803,#4599,.T.);
#2615=EDGE_CURVE('',#3804,#3765,#4600,.T.);
#2616=EDGE_CURVE('',#3804,#3803,#4601,.T.);
#2617=EDGE_CURVE('',#3768,#3805,#4602,.T.);
#2618=EDGE_CURVE('',#3806,#3769,#4603,.T.);
#2619=EDGE_CURVE('',#3806,#3805,#4604,.T.);
#2620=EDGE_CURVE('',#3772,#3807,#4605,.T.);
#2621=EDGE_CURVE('',#3808,#3773,#4606,.T.);
#2622=EDGE_CURVE('',#3808,#3807,#4607,.T.);
#2623=EDGE_CURVE('',#3776,#3809,#4608,.T.);
#2624=EDGE_CURVE('',#3810,#3777,#4609,.T.);
#2625=EDGE_CURVE('',#3810,#3809,#4610,.T.);
#2626=EDGE_CURVE('',#3780,#3811,#4611,.T.);
#2627=EDGE_CURVE('',#3812,#3781,#4612,.T.);
#2628=EDGE_CURVE('',#3812,#3811,#4613,.T.);
#2629=EDGE_CURVE('',#3784,#3813,#4614,.T.);
#2630=EDGE_CURVE('',#3814,#3785,#4615,.T.);
#2631=EDGE_CURVE('',#3814,#3813,#4616,.T.);
#2632=EDGE_CURVE('',#3788,#3815,#4617,.T.);
#2633=EDGE_CURVE('',#3816,#3789,#4618,.T.);
#2634=EDGE_CURVE('',#3816,#3815,#4619,.T.);
#2635=EDGE_CURVE('',#3817,#3795,#4620,.T.);
#2636=EDGE_CURVE('',#3817,#3818,#4621,.T.);
#2637=EDGE_CURVE('',#3818,#3797,#4622,.T.);
#2638=EDGE_CURVE('',#3819,#3798,#4623,.T.);
#2639=EDGE_CURVE('',#3819,#3820,#4624,.T.);
#2640=EDGE_CURVE('',#3820,#3799,#4625,.T.);
#2641=EDGE_CURVE('',#3821,#3800,#4626,.T.);
#2642=EDGE_CURVE('',#3821,#3822,#4627,.T.);
#2643=EDGE_CURVE('',#3822,#3801,#4628,.T.);
#2644=EDGE_CURVE('',#3823,#3802,#4629,.T.);
#2645=EDGE_CURVE('',#3823,#3824,#4630,.T.);
#2646=EDGE_CURVE('',#3824,#3803,#4631,.T.);
#2647=EDGE_CURVE('',#3825,#3804,#4632,.T.);
#2648=EDGE_CURVE('',#3825,#3826,#4633,.T.);
#2649=EDGE_CURVE('',#3826,#3805,#4634,.T.);
#2650=EDGE_CURVE('',#3827,#3806,#4635,.T.);
#2651=EDGE_CURVE('',#3827,#3828,#4636,.T.);
#2652=EDGE_CURVE('',#3828,#3807,#4637,.T.);
#2653=EDGE_CURVE('',#3829,#3808,#4638,.T.);
#2654=EDGE_CURVE('',#3829,#3830,#4639,.T.);
#2655=EDGE_CURVE('',#3830,#3809,#4640,.T.);
#2656=EDGE_CURVE('',#3831,#3810,#4641,.T.);
#2657=EDGE_CURVE('',#3831,#3832,#4642,.T.);
#2658=EDGE_CURVE('',#3832,#3811,#4643,.T.);
#2659=EDGE_CURVE('',#3833,#3812,#4644,.T.);
#2660=EDGE_CURVE('',#3833,#3834,#4645,.T.);
#2661=EDGE_CURVE('',#3834,#3813,#4646,.T.);
#2662=EDGE_CURVE('',#3835,#3814,#4647,.T.);
#2663=EDGE_CURVE('',#3835,#3836,#4648,.T.);
#2664=EDGE_CURVE('',#3836,#3815,#4649,.T.);
#2665=EDGE_CURVE('',#3837,#3816,#4650,.T.);
#2666=EDGE_CURVE('',#3837,#3838,#4651,.T.);
#2667=EDGE_CURVE('',#3838,#3796,#4652,.T.);
#2668=EDGE_CURVE('',#3839,#3840,#4653,.T.);
#2669=EDGE_CURVE('',#3841,#3839,#4654,.T.);
#2670=EDGE_CURVE('',#3841,#3842,#4655,.T.);
#2671=EDGE_CURVE('',#3842,#3840,#4656,.T.);
#2672=EDGE_CURVE('',#3843,#3844,#4657,.T.);
#2673=EDGE_CURVE('',#3845,#3843,#4658,.T.);
#2674=EDGE_CURVE('',#3845,#3846,#4659,.T.);
#2675=EDGE_CURVE('',#3846,#3844,#4660,.T.);
#2676=EDGE_CURVE('',#3847,#3848,#4661,.T.);
#2677=EDGE_CURVE('',#3849,#3847,#4662,.T.);
#2678=EDGE_CURVE('',#3849,#3850,#4663,.T.);
#2679=EDGE_CURVE('',#3850,#3848,#4664,.T.);
#2680=EDGE_CURVE('',#3851,#3852,#4665,.T.);
#2681=EDGE_CURVE('',#3853,#3851,#4666,.T.);
#2682=EDGE_CURVE('',#3853,#3854,#4667,.T.);
#2683=EDGE_CURVE('',#3854,#3852,#4668,.T.);
#2684=EDGE_CURVE('',#3855,#3856,#4669,.T.);
#2685=EDGE_CURVE('',#3857,#3855,#4670,.T.);
#2686=EDGE_CURVE('',#3857,#3858,#4671,.T.);
#2687=EDGE_CURVE('',#3858,#3856,#4672,.T.);
#2688=EDGE_CURVE('',#3859,#3860,#4673,.T.);
#2689=EDGE_CURVE('',#3861,#3859,#4674,.T.);
#2690=EDGE_CURVE('',#3861,#3862,#4675,.T.);
#2691=EDGE_CURVE('',#3862,#3860,#4676,.T.);
#2692=EDGE_CURVE('',#3863,#3864,#4677,.T.);
#2693=EDGE_CURVE('',#3865,#3863,#4678,.T.);
#2694=EDGE_CURVE('',#3865,#3866,#4679,.T.);
#2695=EDGE_CURVE('',#3866,#3864,#4680,.T.);
#2696=EDGE_CURVE('',#3867,#3868,#4681,.T.);
#2697=EDGE_CURVE('',#3869,#3867,#4682,.T.);
#2698=EDGE_CURVE('',#3869,#3870,#4683,.T.);
#2699=EDGE_CURVE('',#3870,#3868,#4684,.T.);
#2700=EDGE_CURVE('',#3871,#3872,#4685,.T.);
#2701=EDGE_CURVE('',#3873,#3871,#4686,.T.);
#2702=EDGE_CURVE('',#3873,#3874,#4687,.T.);
#2703=EDGE_CURVE('',#3874,#3872,#4688,.T.);
#2704=EDGE_CURVE('',#3875,#3876,#4689,.T.);
#2705=EDGE_CURVE('',#3877,#3875,#4690,.T.);
#2706=EDGE_CURVE('',#3877,#3878,#4691,.T.);
#2707=EDGE_CURVE('',#3878,#3876,#4692,.T.);
#2708=EDGE_CURVE('',#3746,#3879,#4693,.T.);
#2709=EDGE_CURVE('',#3880,#3751,#4694,.T.);
#2710=EDGE_CURVE('',#3879,#3880,#4695,.T.);
#2711=EDGE_CURVE('',#3881,#3754,#4696,.T.);
#2712=EDGE_CURVE('',#3882,#3881,#4697,.T.);
#2713=EDGE_CURVE('',#3755,#3882,#4698,.T.);
#2714=EDGE_CURVE('',#3883,#3758,#4699,.T.);
#2715=EDGE_CURVE('',#3884,#3883,#4700,.T.);
#2716=EDGE_CURVE('',#3759,#3884,#4701,.T.);
#2717=EDGE_CURVE('',#3885,#3762,#4702,.T.);
#2718=EDGE_CURVE('',#3886,#3885,#4703,.T.);
#2719=EDGE_CURVE('',#3763,#3886,#4704,.T.);
#2720=EDGE_CURVE('',#3887,#3766,#4705,.T.);
#2721=EDGE_CURVE('',#3888,#3887,#4706,.T.);
#2722=EDGE_CURVE('',#3767,#3888,#4707,.T.);
#2723=EDGE_CURVE('',#3889,#3770,#4708,.T.);
#2724=EDGE_CURVE('',#3890,#3889,#4709,.T.);
#2725=EDGE_CURVE('',#3771,#3890,#4710,.T.);
#2726=EDGE_CURVE('',#3891,#3774,#4711,.T.);
#2727=EDGE_CURVE('',#3892,#3891,#4712,.T.);
#2728=EDGE_CURVE('',#3775,#3892,#4713,.T.);
#2729=EDGE_CURVE('',#3893,#3778,#4714,.T.);
#2730=EDGE_CURVE('',#3894,#3893,#4715,.T.);
#2731=EDGE_CURVE('',#3779,#3894,#4716,.T.);
#2732=EDGE_CURVE('',#3895,#3782,#4717,.T.);
#2733=EDGE_CURVE('',#3896,#3895,#4718,.T.);
#2734=EDGE_CURVE('',#3783,#3896,#4719,.T.);
#2735=EDGE_CURVE('',#3897,#3786,#4720,.T.);
#2736=EDGE_CURVE('',#3898,#3897,#4721,.T.);
#2737=EDGE_CURVE('',#3787,#3898,#4722,.T.);
#2738=EDGE_CURVE('',#3899,#3790,#4723,.T.);
#2739=EDGE_CURVE('',#3900,#3899,#4724,.T.);
#2740=EDGE_CURVE('',#3900,#3791,#4725,.T.);
#2741=EDGE_CURVE('',#3901,#3902,#4726,.T.);
#2742=EDGE_CURVE('',#3901,#3879,#4727,.T.);
#2743=EDGE_CURVE('',#3880,#3903,#4728,.T.);
#2744=EDGE_CURVE('',#3903,#3904,#4729,.T.);
#2745=EDGE_CURVE('',#3904,#3900,#4730,.T.);
#2746=EDGE_CURVE('',#3899,#3905,#4731,.T.);
#2747=EDGE_CURVE('',#3906,#3905,#4732,.T.);
#2748=EDGE_CURVE('',#3906,#3898,#4733,.T.);
#2749=EDGE_CURVE('',#3897,#3907,#4734,.T.);
#2750=EDGE_CURVE('',#3908,#3907,#4735,.T.);
#2751=EDGE_CURVE('',#3908,#3896,#4736,.T.);
#2752=EDGE_CURVE('',#3895,#3909,#4737,.T.);
#2753=EDGE_CURVE('',#3910,#3909,#4738,.T.);
#2754=EDGE_CURVE('',#3910,#3894,#4739,.T.);
#2755=EDGE_CURVE('',#3893,#3911,#4740,.T.);
#2756=EDGE_CURVE('',#3912,#3911,#4741,.T.);
#2757=EDGE_CURVE('',#3912,#3892,#4742,.T.);
#2758=EDGE_CURVE('',#3891,#3913,#4743,.T.);
#2759=EDGE_CURVE('',#3914,#3913,#4744,.T.);
#2760=EDGE_CURVE('',#3914,#3890,#4745,.T.);
#2761=EDGE_CURVE('',#3889,#3915,#4746,.T.);
#2762=EDGE_CURVE('',#3916,#3915,#4747,.T.);
#2763=EDGE_CURVE('',#3916,#3888,#4748,.T.);
#2764=EDGE_CURVE('',#3887,#3917,#4749,.T.);
#2765=EDGE_CURVE('',#3918,#3917,#4750,.T.);
#2766=EDGE_CURVE('',#3918,#3886,#4751,.T.);
#2767=EDGE_CURVE('',#3885,#3919,#4752,.T.);
#2768=EDGE_CURVE('',#3920,#3919,#4753,.T.);
#2769=EDGE_CURVE('',#3920,#3884,#4754,.T.);
#2770=EDGE_CURVE('',#3883,#3921,#4755,.T.);
#2771=EDGE_CURVE('',#3922,#3921,#4756,.T.);
#2772=EDGE_CURVE('',#3922,#3882,#4757,.T.);
#2773=EDGE_CURVE('',#3881,#3902,#4758,.T.);
#2774=EDGE_CURVE('',#3793,#3923,#4759,.T.);
#2775=EDGE_CURVE('',#3792,#3924,#4760,.T.);
#2776=EDGE_CURVE('',#3924,#3923,#4761,.T.);
#2777=EDGE_CURVE('',#3925,#3749,#4762,.T.);
#2778=EDGE_CURVE('',#3925,#3926,#4763,.T.);
#2779=EDGE_CURVE('',#3750,#3926,#4764,.T.);
#2780=EDGE_CURVE('',#3927,#3928,#4765,.T.);
#2781=EDGE_CURVE('',#3927,#3929,#4766,.T.);
#2782=EDGE_CURVE('',#3929,#3930,#4767,.T.);
#2783=EDGE_CURVE('',#3930,#3931,#4768,.T.);
#2784=EDGE_CURVE('',#3932,#3931,#4769,.T.);
#2785=EDGE_CURVE('',#3933,#3932,#4770,.T.);
#2786=EDGE_CURVE('',#3933,#3934,#4771,.T.);
#2787=EDGE_CURVE('',#3934,#3928,#4772,.T.);
#2788=EDGE_CURVE('',#3930,#3935,#4773,.T.);
#2789=EDGE_CURVE('',#3935,#3936,#4774,.T.);
#2790=EDGE_CURVE('',#3936,#3923,#4775,.T.);
#2791=EDGE_CURVE('',#3937,#3924,#4776,.T.);
#2792=EDGE_CURVE('',#3938,#3937,#4777,.T.);
#2793=EDGE_CURVE('',#3939,#3938,#4778,.T.);
#2794=EDGE_CURVE('',#3931,#3939,#62,.T.);
#2795=EDGE_CURVE('',#3940,#3928,#4779,.T.);
#2796=EDGE_CURVE('',#3941,#3934,#63,.T.);
#2797=EDGE_CURVE('',#3942,#3941,#4780,.T.);
#2798=EDGE_CURVE('',#3943,#3942,#4781,.T.);
#2799=EDGE_CURVE('',#3926,#3943,#4782,.T.);
#2800=EDGE_CURVE('',#3925,#3944,#4783,.T.);
#2801=EDGE_CURVE('',#3944,#3940,#4784,.T.);
#2802=EDGE_CURVE('',#3945,#3904,#4785,.T.);
#2803=EDGE_CURVE('',#3946,#3903,#4786,.T.);
#2804=EDGE_CURVE('',#3945,#3946,#4787,.T.);
#2805=EDGE_CURVE('',#3947,#3937,#4788,.T.);
#2806=EDGE_CURVE('',#3948,#3947,#4789,.T.);
#2807=EDGE_CURVE('',#3948,#3938,#4790,.T.);
#2808=EDGE_CURVE('',#3949,#3941,#4791,.T.);
#2809=EDGE_CURVE('',#3950,#3949,#4792,.T.);
#2810=EDGE_CURVE('',#3950,#3942,#4793,.T.);
#2811=EDGE_CURVE('',#3949,#3933,#64,.T.);
#2812=EDGE_CURVE('',#3951,#3939,#4794,.T.);
#2813=EDGE_CURVE('',#3932,#3951,#65,.T.);
#2814=EDGE_CURVE('',#3951,#3948,#4795,.T.);
#2815=EDGE_CURVE('',#3952,#3950,#4796,.T.);
#2816=EDGE_CURVE('',#3952,#3943,#4797,.T.);
#2817=EDGE_CURVE('',#3947,#3945,#4798,.T.);
#2818=EDGE_CURVE('',#3946,#3952,#4799,.T.);
#2819=EDGE_CURVE('',#3926,#3953,#4800,.T.);
#2820=EDGE_CURVE('',#3943,#3954,#4801,.T.);
#2821=EDGE_CURVE('',#3954,#3953,#4802,.T.);
#2822=EDGE_CURVE('',#3955,#3956,#4803,.T.);
#2823=EDGE_CURVE('',#3957,#3956,#4804,.T.);
#2824=EDGE_CURVE('',#3958,#3957,#4805,.T.);
#2825=EDGE_CURVE('',#3958,#3955,#4806,.T.);
#2826=EDGE_CURVE('',#3956,#3954,#4807,.T.);
#2827=EDGE_CURVE('',#3959,#3952,#4808,.T.);
#2828=EDGE_CURVE('',#3957,#3959,#4809,.T.);
#2829=EDGE_CURVE('',#3960,#3946,#4810,.T.);
#2830=EDGE_CURVE('',#3959,#3960,#4811,.T.);
#2831=EDGE_CURVE('',#3953,#3955,#4812,.T.);
#2832=EDGE_CURVE('',#3960,#3958,#4813,.T.);
#2833=EDGE_CURVE('',#3937,#3961,#4814,.T.);
#2834=EDGE_CURVE('',#3924,#3962,#4815,.T.);
#2835=EDGE_CURVE('',#3962,#3961,#4816,.T.);
#2836=EDGE_CURVE('',#3963,#3964,#4817,.T.);
#2837=EDGE_CURVE('',#3965,#3964,#4818,.T.);
#2838=EDGE_CURVE('',#3966,#3965,#4819,.T.);
#2839=EDGE_CURVE('',#3966,#3963,#4820,.T.);
#2840=EDGE_CURVE('',#3967,#3945,#4821,.T.);
#2841=EDGE_CURVE('',#3965,#3967,#4822,.T.);
#2842=EDGE_CURVE('',#3964,#3962,#4823,.T.);
#2843=EDGE_CURVE('',#3968,#3947,#4824,.T.);
#2844=EDGE_CURVE('',#3967,#3968,#4825,.T.);
#2845=EDGE_CURVE('',#3961,#3963,#4826,.T.);
#2846=EDGE_CURVE('',#3968,#3966,#4827,.T.);
#2847=EDGE_CURVE('',#3969,#3936,#4828,.T.);
#2848=EDGE_CURVE('',#3969,#3970,#4829,.T.);
#2849=EDGE_CURVE('',#3970,#3794,#4830,.T.);
#2850=EDGE_CURVE('',#3789,#3971,#4831,.T.);
#2851=EDGE_CURVE('',#3970,#3972,#4832,.T.);
#2852=EDGE_CURVE('',#3972,#3748,#4833,.T.);
#2853=EDGE_CURVE('',#3747,#3973,#4834,.T.);
#2854=EDGE_CURVE('',#3971,#3973,#4835,.T.);
#2855=EDGE_CURVE('',#3972,#3974,#4836,.T.);
#2856=EDGE_CURVE('',#3974,#3944,#4837,.T.);
#2857=EDGE_CURVE('',#3974,#3975,#4838,.T.);
#2858=EDGE_CURVE('',#3975,#3940,#4839,.T.);
#2859=EDGE_CURVE('',#3975,#3927,#4840,.T.);
#2860=EDGE_CURVE('',#3929,#3976,#4841,.T.);
#2861=EDGE_CURVE('',#3976,#3935,#4842,.T.);
#2862=EDGE_CURVE('',#3976,#3969,#4843,.T.);
#2863=EDGE_CURVE('',#3977,#3978,#4844,.T.);
#2864=EDGE_CURVE('',#3977,#3979,#4845,.T.);
#2865=EDGE_CURVE('',#3979,#3980,#4846,.T.);
#2866=EDGE_CURVE('',#3980,#3978,#4847,.T.);
#2867=EDGE_CURVE('',#3981,#3982,#4848,.T.);
#2868=EDGE_CURVE('',#3981,#3741,#4849,.T.);
#2869=EDGE_CURVE('',#3742,#3838,#4850,.T.);
#2870=EDGE_CURVE('',#3708,#3837,#4851,.T.);
#2871=EDGE_CURVE('',#3707,#3983,#4852,.T.);
#2872=EDGE_CURVE('',#3984,#3983,#4853,.T.);
#2873=EDGE_CURVE('',#3984,#3709,#4854,.T.);
#2874=EDGE_CURVE('',#3710,#3985,#4855,.T.);
#2875=EDGE_CURVE('',#3986,#3985,#4856,.T.);
#2876=EDGE_CURVE('',#3986,#3713,#4857,.T.);
#2877=EDGE_CURVE('',#3714,#3987,#4858,.T.);
#2878=EDGE_CURVE('',#3988,#3987,#4859,.T.);
#2879=EDGE_CURVE('',#3988,#3717,#4860,.T.);
#2880=EDGE_CURVE('',#3718,#3989,#4861,.T.);
#2881=EDGE_CURVE('',#3990,#3989,#4862,.T.);
#2882=EDGE_CURVE('',#3990,#3721,#4863,.T.);
#2883=EDGE_CURVE('',#3722,#3991,#4864,.T.);
#2884=EDGE_CURVE('',#3992,#3991,#4865,.T.);
#2885=EDGE_CURVE('',#3992,#3725,#4866,.T.);
#2886=EDGE_CURVE('',#3726,#3993,#4867,.T.);
#2887=EDGE_CURVE('',#3994,#3993,#4868,.T.);
#2888=EDGE_CURVE('',#3994,#3729,#4869,.T.);
#2889=EDGE_CURVE('',#3730,#3995,#4870,.T.);
#2890=EDGE_CURVE('',#3996,#3995,#4871,.T.);
#2891=EDGE_CURVE('',#3996,#3733,#4872,.T.);
#2892=EDGE_CURVE('',#3734,#3997,#4873,.T.);
#2893=EDGE_CURVE('',#3998,#3997,#4874,.T.);
#2894=EDGE_CURVE('',#3998,#3737,#4875,.T.);
#2895=EDGE_CURVE('',#3738,#3999,#4876,.T.);
#2896=EDGE_CURVE('',#4000,#3999,#4877,.T.);
#2897=EDGE_CURVE('',#4000,#3977,#4878,.T.);
#2898=EDGE_CURVE('',#3978,#3982,#4879,.T.);
#2899=EDGE_CURVE('',#4001,#4002,#4880,.T.);
#2900=EDGE_CURVE('',#4002,#3706,#4881,.T.);
#2901=EDGE_CURVE('',#3971,#3705,#4882,.T.);
#2902=EDGE_CURVE('',#3973,#3744,#4883,.T.);
#2903=EDGE_CURVE('',#3743,#4003,#4884,.T.);
#2904=EDGE_CURVE('',#4003,#4004,#4885,.T.);
#2905=EDGE_CURVE('',#4004,#3980,#4886,.T.);
#2906=EDGE_CURVE('',#3979,#4005,#4887,.T.);
#2907=EDGE_CURVE('',#4005,#4006,#4888,.T.);
#2908=EDGE_CURVE('',#4006,#3740,#4889,.T.);
#2909=EDGE_CURVE('',#3739,#4007,#4890,.T.);
#2910=EDGE_CURVE('',#4007,#4008,#4891,.T.);
#2911=EDGE_CURVE('',#4008,#3736,#4892,.T.);
#2912=EDGE_CURVE('',#3735,#4009,#4893,.T.);
#2913=EDGE_CURVE('',#4009,#4010,#4894,.T.);
#2914=EDGE_CURVE('',#4010,#3732,#4895,.T.);
#2915=EDGE_CURVE('',#3731,#4011,#4896,.T.);
#2916=EDGE_CURVE('',#4011,#4012,#4897,.T.);
#2917=EDGE_CURVE('',#4012,#3728,#4898,.T.);
#2918=EDGE_CURVE('',#3727,#4013,#4899,.T.);
#2919=EDGE_CURVE('',#4013,#4014,#4900,.T.);
#2920=EDGE_CURVE('',#4014,#3724,#4901,.T.);
#2921=EDGE_CURVE('',#3723,#4015,#4902,.T.);
#2922=EDGE_CURVE('',#4015,#4016,#4903,.T.);
#2923=EDGE_CURVE('',#4016,#3720,#4904,.T.);
#2924=EDGE_CURVE('',#3719,#4017,#4905,.T.);
#2925=EDGE_CURVE('',#4017,#4018,#4906,.T.);
#2926=EDGE_CURVE('',#4018,#3716,#4907,.T.);
#2927=EDGE_CURVE('',#3715,#4019,#4908,.T.);
#2928=EDGE_CURVE('',#4019,#4020,#4909,.T.);
#2929=EDGE_CURVE('',#4020,#3712,#4910,.T.);
#2930=EDGE_CURVE('',#3711,#4001,#4911,.T.);
#2931=EDGE_CURVE('',#4021,#3836,#4912,.T.);
#2932=EDGE_CURVE('',#4021,#3840,#4913,.T.);
#2933=EDGE_CURVE('',#4022,#3842,#4914,.T.);
#2934=EDGE_CURVE('',#4022,#3905,#4915,.T.);
#2935=EDGE_CURVE('',#3839,#4023,#4916,.T.);
#2936=EDGE_CURVE('',#4023,#3835,#4917,.T.);
#2937=EDGE_CURVE('',#4024,#3906,#4918,.T.);
#2938=EDGE_CURVE('',#3841,#4024,#4919,.T.);
#2939=EDGE_CURVE('',#4025,#3834,#4920,.T.);
#2940=EDGE_CURVE('',#4025,#3844,#4921,.T.);
#2941=EDGE_CURVE('',#4026,#3846,#4922,.T.);
#2942=EDGE_CURVE('',#4026,#3907,#4923,.T.);
#2943=EDGE_CURVE('',#3843,#4027,#4924,.T.);
#2944=EDGE_CURVE('',#4027,#3833,#4925,.T.);
#2945=EDGE_CURVE('',#4028,#3908,#4926,.T.);
#2946=EDGE_CURVE('',#3845,#4028,#4927,.T.);
#2947=EDGE_CURVE('',#4029,#3832,#4928,.T.);
#2948=EDGE_CURVE('',#4029,#3848,#4929,.T.);
#2949=EDGE_CURVE('',#4030,#3850,#4930,.T.);
#2950=EDGE_CURVE('',#4030,#3909,#4931,.T.);
#2951=EDGE_CURVE('',#3847,#4031,#4932,.T.);
#2952=EDGE_CURVE('',#4031,#3831,#4933,.T.);
#2953=EDGE_CURVE('',#4032,#3910,#4934,.T.);
#2954=EDGE_CURVE('',#3849,#4032,#4935,.T.);
#2955=EDGE_CURVE('',#4033,#3830,#4936,.T.);
#2956=EDGE_CURVE('',#4033,#3852,#4937,.T.);
#2957=EDGE_CURVE('',#4034,#3854,#4938,.T.);
#2958=EDGE_CURVE('',#4034,#3911,#4939,.T.);
#2959=EDGE_CURVE('',#3851,#4035,#4940,.T.);
#2960=EDGE_CURVE('',#4035,#3829,#4941,.T.);
#2961=EDGE_CURVE('',#4036,#3912,#4942,.T.);
#2962=EDGE_CURVE('',#3853,#4036,#4943,.T.);
#2963=EDGE_CURVE('',#4037,#3828,#4944,.T.);
#2964=EDGE_CURVE('',#4037,#3856,#4945,.T.);
#2965=EDGE_CURVE('',#4038,#3858,#4946,.T.);
#2966=EDGE_CURVE('',#4038,#3913,#4947,.T.);
#2967=EDGE_CURVE('',#3855,#4039,#4948,.T.);
#2968=EDGE_CURVE('',#4039,#3827,#4949,.T.);
#2969=EDGE_CURVE('',#4040,#3914,#4950,.T.);
#2970=EDGE_CURVE('',#3857,#4040,#4951,.T.);
#2971=EDGE_CURVE('',#4041,#3826,#4952,.T.);
#2972=EDGE_CURVE('',#4041,#3860,#4953,.T.);
#2973=EDGE_CURVE('',#4042,#3862,#4954,.T.);
#2974=EDGE_CURVE('',#4042,#3915,#4955,.T.);
#2975=EDGE_CURVE('',#3859,#4043,#4956,.T.);
#2976=EDGE_CURVE('',#4043,#3825,#4957,.T.);
#2977=EDGE_CURVE('',#4044,#3916,#4958,.T.);
#2978=EDGE_CURVE('',#3861,#4044,#4959,.T.);
#2979=EDGE_CURVE('',#4045,#3824,#4960,.T.);
#2980=EDGE_CURVE('',#4045,#3864,#4961,.T.);
#2981=EDGE_CURVE('',#4046,#3866,#4962,.T.);
#2982=EDGE_CURVE('',#4046,#3917,#4963,.T.);
#2983=EDGE_CURVE('',#3863,#4047,#4964,.T.);
#2984=EDGE_CURVE('',#4047,#3823,#4965,.T.);
#2985=EDGE_CURVE('',#4048,#3918,#4966,.T.);
#2986=EDGE_CURVE('',#3865,#4048,#4967,.T.);
#2987=EDGE_CURVE('',#4049,#3822,#4968,.T.);
#2988=EDGE_CURVE('',#4049,#3868,#4969,.T.);
#2989=EDGE_CURVE('',#4050,#3870,#4970,.T.);
#2990=EDGE_CURVE('',#4050,#3919,#4971,.T.);
#2991=EDGE_CURVE('',#3867,#4051,#4972,.T.);
#2992=EDGE_CURVE('',#4051,#3821,#4973,.T.);
#2993=EDGE_CURVE('',#4052,#3920,#4974,.T.);
#2994=EDGE_CURVE('',#3869,#4052,#4975,.T.);
#2995=EDGE_CURVE('',#4053,#3820,#4976,.T.);
#2996=EDGE_CURVE('',#4053,#3872,#4977,.T.);
#2997=EDGE_CURVE('',#4054,#3874,#4978,.T.);
#2998=EDGE_CURVE('',#4054,#3921,#4979,.T.);
#2999=EDGE_CURVE('',#3871,#4055,#4980,.T.);
#3000=EDGE_CURVE('',#4055,#3819,#4981,.T.);
#3001=EDGE_CURVE('',#4056,#3922,#4982,.T.);
#3002=EDGE_CURVE('',#3873,#4056,#4983,.T.);
#3003=EDGE_CURVE('',#3875,#4057,#4984,.T.);
#3004=EDGE_CURVE('',#4057,#3817,#4985,.T.);
#3005=EDGE_CURVE('',#4058,#3901,#4986,.T.);
#3006=EDGE_CURVE('',#3877,#4058,#4987,.T.);
#3007=EDGE_CURVE('',#4059,#3818,#4988,.T.);
#3008=EDGE_CURVE('',#4059,#3876,#4989,.T.);
#3009=EDGE_CURVE('',#4060,#3878,#4990,.T.);
#3010=EDGE_CURVE('',#4060,#3902,#4991,.T.);
#3011=EDGE_CURVE('',#4058,#4060,#4992,.T.);
#3012=EDGE_CURVE('',#4056,#4054,#4993,.T.);
#3013=EDGE_CURVE('',#4052,#4050,#4994,.T.);
#3014=EDGE_CURVE('',#4048,#4046,#4995,.T.);
#3015=EDGE_CURVE('',#4044,#4042,#4996,.T.);
#3016=EDGE_CURVE('',#4040,#4038,#4997,.T.);
#3017=EDGE_CURVE('',#4036,#4034,#4998,.T.);
#3018=EDGE_CURVE('',#4032,#4030,#4999,.T.);
#3019=EDGE_CURVE('',#4028,#4026,#5000,.T.);
#3020=EDGE_CURVE('',#4024,#4022,#5001,.T.);
#3021=EDGE_CURVE('',#4023,#4021,#5002,.T.);
#3022=EDGE_CURVE('',#4027,#4025,#5003,.T.);
#3023=EDGE_CURVE('',#4031,#4029,#5004,.T.);
#3024=EDGE_CURVE('',#4035,#4033,#5005,.T.);
#3025=EDGE_CURVE('',#4039,#4037,#5006,.T.);
#3026=EDGE_CURVE('',#4043,#4041,#5007,.T.);
#3027=EDGE_CURVE('',#4047,#4045,#5008,.T.);
#3028=EDGE_CURVE('',#4051,#4049,#5009,.T.);
#3029=EDGE_CURVE('',#4055,#4053,#5010,.T.);
#3030=EDGE_CURVE('',#4057,#4059,#5011,.T.);
#3031=EDGE_CURVE('',#4061,#4003,#5012,.T.);
#3032=EDGE_CURVE('',#4062,#4061,#5013,.T.);
#3033=EDGE_CURVE('',#4062,#4004,#5014,.T.);
#3034=EDGE_CURVE('',#3982,#4062,#5015,.T.);
#3035=EDGE_CURVE('',#4061,#3981,#5016,.T.);
#3036=EDGE_CURVE('',#4063,#4000,#5017,.T.);
#3037=EDGE_CURVE('',#4063,#4005,#5018,.T.);
#3038=EDGE_CURVE('',#4064,#4063,#5019,.T.);
#3039=EDGE_CURVE('',#4064,#4006,#5020,.T.);
#3040=EDGE_CURVE('',#3999,#4064,#5021,.T.);
#3041=EDGE_CURVE('',#4065,#3998,#5022,.T.);
#3042=EDGE_CURVE('',#4065,#4007,#5023,.T.);
#3043=EDGE_CURVE('',#4066,#4065,#5024,.T.);
#3044=EDGE_CURVE('',#4066,#4008,#5025,.T.);
#3045=EDGE_CURVE('',#3997,#4066,#5026,.T.);
#3046=EDGE_CURVE('',#4067,#3996,#5027,.T.);
#3047=EDGE_CURVE('',#4067,#4009,#5028,.T.);
#3048=EDGE_CURVE('',#4068,#4067,#5029,.T.);
#3049=EDGE_CURVE('',#4068,#4010,#5030,.T.);
#3050=EDGE_CURVE('',#3995,#4068,#5031,.T.);
#3051=EDGE_CURVE('',#4069,#3994,#5032,.T.);
#3052=EDGE_CURVE('',#4069,#4011,#5033,.T.);
#3053=EDGE_CURVE('',#4070,#4069,#5034,.T.);
#3054=EDGE_CURVE('',#4070,#4012,#5035,.T.);
#3055=EDGE_CURVE('',#3993,#4070,#5036,.T.);
#3056=EDGE_CURVE('',#4071,#3992,#5037,.T.);
#3057=EDGE_CURVE('',#4071,#4013,#5038,.T.);
#3058=EDGE_CURVE('',#4072,#4071,#5039,.T.);
#3059=EDGE_CURVE('',#4072,#4014,#5040,.T.);
#3060=EDGE_CURVE('',#3991,#4072,#5041,.T.);
#3061=EDGE_CURVE('',#4073,#3990,#5042,.T.);
#3062=EDGE_CURVE('',#4073,#4015,#5043,.T.);
#3063=EDGE_CURVE('',#4074,#4073,#5044,.T.);
#3064=EDGE_CURVE('',#4074,#4016,#5045,.T.);
#3065=EDGE_CURVE('',#3989,#4074,#5046,.T.);
#3066=EDGE_CURVE('',#4075,#3988,#5047,.T.);
#3067=EDGE_CURVE('',#4075,#4017,#5048,.T.);
#3068=EDGE_CURVE('',#4076,#4075,#5049,.T.);
#3069=EDGE_CURVE('',#4076,#4018,#5050,.T.);
#3070=EDGE_CURVE('',#3987,#4076,#5051,.T.);
#3071=EDGE_CURVE('',#4077,#3986,#5052,.T.);
#3072=EDGE_CURVE('',#4077,#4019,#5053,.T.);
#3073=EDGE_CURVE('',#4078,#4077,#5054,.T.);
#3074=EDGE_CURVE('',#4078,#4020,#5055,.T.);
#3075=EDGE_CURVE('',#3985,#4078,#5056,.T.);
#3076=EDGE_CURVE('',#3983,#4079,#5057,.T.);
#3077=EDGE_CURVE('',#4079,#4080,#5058,.T.);
#3078=EDGE_CURVE('',#4080,#3984,#5059,.T.);
#3079=EDGE_CURVE('',#4079,#4002,#5060,.T.);
#3080=EDGE_CURVE('',#4080,#4001,#5061,.T.);
#3081=EDGE_CURVE('',#4081,#4082,#5062,.T.);
#3082=EDGE_CURVE('',#4083,#4081,#5063,.T.);
#3083=EDGE_CURVE('',#4083,#4084,#5064,.T.);
#3084=EDGE_CURVE('',#4085,#4084,#5065,.T.);
#3085=EDGE_CURVE('',#4086,#4085,#5066,.T.);
#3086=EDGE_CURVE('',#4087,#4086,#5067,.T.);
#3087=EDGE_CURVE('',#4087,#4088,#5068,.T.);
#3088=EDGE_CURVE('',#4089,#4088,#5069,.T.);
#3089=EDGE_CURVE('',#4090,#4089,#5070,.T.);
#3090=EDGE_CURVE('',#4091,#4090,#5071,.T.);
#3091=EDGE_CURVE('',#4091,#4092,#5072,.T.);
#3092=EDGE_CURVE('',#4093,#4092,#5073,.T.);
#3093=EDGE_CURVE('',#4094,#4093,#5074,.T.);
#3094=EDGE_CURVE('',#4095,#4094,#5075,.T.);
#3095=EDGE_CURVE('',#4095,#4096,#5076,.T.);
#3096=EDGE_CURVE('',#4097,#4096,#5077,.T.);
#3097=EDGE_CURVE('',#4098,#4097,#5078,.T.);
#3098=EDGE_CURVE('',#4099,#4098,#5079,.T.);
#3099=EDGE_CURVE('',#4099,#4100,#5080,.T.);
#3100=EDGE_CURVE('',#4101,#4100,#5081,.T.);
#3101=EDGE_CURVE('',#4102,#4101,#5082,.T.);
#3102=EDGE_CURVE('',#4103,#4102,#5083,.T.);
#3103=EDGE_CURVE('',#4103,#4104,#5084,.T.);
#3104=EDGE_CURVE('',#4105,#4104,#5085,.T.);
#3105=EDGE_CURVE('',#4106,#4105,#5086,.T.);
#3106=EDGE_CURVE('',#4107,#4106,#5087,.T.);
#3107=EDGE_CURVE('',#4107,#4108,#5088,.T.);
#3108=EDGE_CURVE('',#4109,#4108,#5089,.T.);
#3109=EDGE_CURVE('',#4110,#4109,#5090,.T.);
#3110=EDGE_CURVE('',#4111,#4110,#5091,.T.);
#3111=EDGE_CURVE('',#4111,#4112,#5092,.T.);
#3112=EDGE_CURVE('',#4113,#4112,#5093,.T.);
#3113=EDGE_CURVE('',#4114,#4113,#5094,.T.);
#3114=EDGE_CURVE('',#4115,#4114,#5095,.T.);
#3115=EDGE_CURVE('',#4115,#4116,#5096,.T.);
#3116=EDGE_CURVE('',#4117,#4116,#5097,.T.);
#3117=EDGE_CURVE('',#4118,#4117,#5098,.T.);
#3118=EDGE_CURVE('',#4119,#4118,#5099,.T.);
#3119=EDGE_CURVE('',#4119,#4120,#5100,.T.);
#3120=EDGE_CURVE('',#4121,#4120,#5101,.T.);
#3121=EDGE_CURVE('',#4122,#4121,#5102,.T.);
#3122=EDGE_CURVE('',#4122,#4123,#5103,.T.);
#3123=EDGE_CURVE('',#4124,#4123,#5104,.T.);
#3124=EDGE_CURVE('',#4125,#4124,#5105,.T.);
#3125=EDGE_CURVE('',#4126,#4125,#5106,.T.);
#3126=EDGE_CURVE('',#4127,#4126,#5107,.T.);
#3127=EDGE_CURVE('',#4128,#4127,#5108,.T.);
#3128=EDGE_CURVE('',#4129,#4128,#5109,.T.);
#3129=EDGE_CURVE('',#4130,#4129,#5110,.T.);
#3130=EDGE_CURVE('',#4131,#4130,#5111,.T.);
#3131=EDGE_CURVE('',#4132,#4131,#5112,.T.);
#3132=EDGE_CURVE('',#4133,#4132,#5113,.T.);
#3133=EDGE_CURVE('',#4134,#4133,#5114,.T.);
#3134=EDGE_CURVE('',#4135,#4134,#5115,.T.);
#3135=EDGE_CURVE('',#4136,#4135,#5116,.T.);
#3136=EDGE_CURVE('',#4137,#4136,#5117,.T.);
#3137=EDGE_CURVE('',#4138,#4137,#5118,.T.);
#3138=EDGE_CURVE('',#4139,#4138,#5119,.T.);
#3139=EDGE_CURVE('',#4140,#4139,#5120,.T.);
#3140=EDGE_CURVE('',#4141,#4140,#5121,.T.);
#3141=EDGE_CURVE('',#4142,#4141,#5122,.T.);
#3142=EDGE_CURVE('',#4143,#4142,#5123,.T.);
#3143=EDGE_CURVE('',#4144,#4143,#5124,.T.);
#3144=EDGE_CURVE('',#4145,#4144,#5125,.T.);
#3145=EDGE_CURVE('',#4146,#4145,#5126,.T.);
#3146=EDGE_CURVE('',#4147,#4146,#5127,.T.);
#3147=EDGE_CURVE('',#4148,#4147,#5128,.T.);
#3148=EDGE_CURVE('',#4149,#4148,#5129,.T.);
#3149=EDGE_CURVE('',#4150,#4149,#5130,.T.);
#3150=EDGE_CURVE('',#4151,#4150,#5131,.T.);
#3151=EDGE_CURVE('',#4152,#4151,#5132,.T.);
#3152=EDGE_CURVE('',#4153,#4152,#5133,.T.);
#3153=EDGE_CURVE('',#4154,#4153,#5134,.T.);
#3154=EDGE_CURVE('',#4155,#4154,#5135,.T.);
#3155=EDGE_CURVE('',#4156,#4155,#5136,.T.);
#3156=EDGE_CURVE('',#4157,#4156,#5137,.T.);
#3157=EDGE_CURVE('',#4158,#4157,#5138,.T.);
#3158=EDGE_CURVE('',#4159,#4158,#5139,.T.);
#3159=EDGE_CURVE('',#4160,#4159,#5140,.T.);
#3160=EDGE_CURVE('',#4161,#4160,#5141,.T.);
#3161=EDGE_CURVE('',#4162,#4161,#5142,.T.);
#3162=EDGE_CURVE('',#4163,#4162,#5143,.T.);
#3163=EDGE_CURVE('',#4164,#4163,#5144,.T.);
#3164=EDGE_CURVE('',#4082,#4164,#5145,.T.);
#3165=EDGE_CURVE('',#4165,#4166,#5146,.T.);
#3166=EDGE_CURVE('',#4167,#4165,#5147,.T.);
#3167=EDGE_CURVE('',#4168,#4167,#5148,.T.);
#3168=EDGE_CURVE('',#4169,#4168,#5149,.T.);
#3169=EDGE_CURVE('',#4169,#4170,#5150,.T.);
#3170=EDGE_CURVE('',#4171,#4170,#5151,.T.);
#3171=EDGE_CURVE('',#4172,#4171,#5152,.T.);
#3172=EDGE_CURVE('',#4173,#4172,#5153,.T.);
#3173=EDGE_CURVE('',#4173,#4174,#5154,.T.);
#3174=EDGE_CURVE('',#4175,#4174,#5155,.T.);
#3175=EDGE_CURVE('',#4176,#4175,#5156,.T.);
#3176=EDGE_CURVE('',#4177,#4176,#5157,.T.);
#3177=EDGE_CURVE('',#4177,#4178,#5158,.T.);
#3178=EDGE_CURVE('',#4179,#4178,#5159,.T.);
#3179=EDGE_CURVE('',#4180,#4179,#5160,.T.);
#3180=EDGE_CURVE('',#4181,#4180,#5161,.T.);
#3181=EDGE_CURVE('',#4181,#4182,#5162,.T.);
#3182=EDGE_CURVE('',#4183,#4182,#5163,.T.);
#3183=EDGE_CURVE('',#4184,#4183,#5164,.T.);
#3184=EDGE_CURVE('',#4185,#4184,#5165,.T.);
#3185=EDGE_CURVE('',#4185,#4186,#5166,.T.);
#3186=EDGE_CURVE('',#4187,#4186,#5167,.T.);
#3187=EDGE_CURVE('',#4188,#4187,#5168,.T.);
#3188=EDGE_CURVE('',#4189,#4188,#5169,.T.);
#3189=EDGE_CURVE('',#4189,#4190,#5170,.T.);
#3190=EDGE_CURVE('',#4191,#4190,#5171,.T.);
#3191=EDGE_CURVE('',#4192,#4191,#5172,.T.);
#3192=EDGE_CURVE('',#4193,#4192,#5173,.T.);
#3193=EDGE_CURVE('',#4193,#4194,#5174,.T.);
#3194=EDGE_CURVE('',#4195,#4194,#5175,.T.);
#3195=EDGE_CURVE('',#4196,#4195,#5176,.T.);
#3196=EDGE_CURVE('',#4197,#4196,#5177,.T.);
#3197=EDGE_CURVE('',#4197,#4198,#5178,.T.);
#3198=EDGE_CURVE('',#4199,#4198,#5179,.T.);
#3199=EDGE_CURVE('',#4200,#4199,#5180,.T.);
#3200=EDGE_CURVE('',#4201,#4200,#5181,.T.);
#3201=EDGE_CURVE('',#4201,#4202,#5182,.T.);
#3202=EDGE_CURVE('',#4203,#4202,#5183,.T.);
#3203=EDGE_CURVE('',#4204,#4203,#5184,.T.);
#3204=EDGE_CURVE('',#4205,#4204,#5185,.T.);
#3205=EDGE_CURVE('',#4205,#4206,#5186,.T.);
#3206=EDGE_CURVE('',#4207,#4206,#5187,.T.);
#3207=EDGE_CURVE('',#4208,#4207,#5188,.T.);
#3208=EDGE_CURVE('',#4208,#4209,#5189,.T.);
#3209=EDGE_CURVE('',#4210,#4209,#5190,.T.);
#3210=EDGE_CURVE('',#4211,#4210,#5191,.T.);
#3211=EDGE_CURVE('',#4212,#4211,#5192,.T.);
#3212=EDGE_CURVE('',#4213,#4212,#5193,.T.);
#3213=EDGE_CURVE('',#4214,#4213,#5194,.T.);
#3214=EDGE_CURVE('',#4215,#4214,#5195,.T.);
#3215=EDGE_CURVE('',#4216,#4215,#5196,.T.);
#3216=EDGE_CURVE('',#4217,#4216,#5197,.T.);
#3217=EDGE_CURVE('',#4218,#4217,#5198,.T.);
#3218=EDGE_CURVE('',#4219,#4218,#5199,.T.);
#3219=EDGE_CURVE('',#4220,#4219,#5200,.T.);
#3220=EDGE_CURVE('',#4221,#4220,#5201,.T.);
#3221=EDGE_CURVE('',#4222,#4221,#5202,.T.);
#3222=EDGE_CURVE('',#4223,#4222,#5203,.T.);
#3223=EDGE_CURVE('',#4224,#4223,#5204,.T.);
#3224=EDGE_CURVE('',#4225,#4224,#5205,.T.);
#3225=EDGE_CURVE('',#4226,#4225,#5206,.T.);
#3226=EDGE_CURVE('',#4227,#4226,#5207,.T.);
#3227=EDGE_CURVE('',#4228,#4227,#5208,.T.);
#3228=EDGE_CURVE('',#4229,#4228,#5209,.T.);
#3229=EDGE_CURVE('',#4230,#4229,#5210,.T.);
#3230=EDGE_CURVE('',#4231,#4230,#5211,.T.);
#3231=EDGE_CURVE('',#4232,#4231,#5212,.T.);
#3232=EDGE_CURVE('',#4233,#4232,#5213,.T.);
#3233=EDGE_CURVE('',#4234,#4233,#5214,.T.);
#3234=EDGE_CURVE('',#4235,#4234,#5215,.T.);
#3235=EDGE_CURVE('',#4236,#4235,#5216,.T.);
#3236=EDGE_CURVE('',#4237,#4236,#5217,.T.);
#3237=EDGE_CURVE('',#4238,#4237,#5218,.T.);
#3238=EDGE_CURVE('',#4239,#4238,#5219,.T.);
#3239=EDGE_CURVE('',#4240,#4239,#5220,.T.);
#3240=EDGE_CURVE('',#4241,#4240,#5221,.T.);
#3241=EDGE_CURVE('',#4242,#4241,#5222,.T.);
#3242=EDGE_CURVE('',#4243,#4242,#5223,.T.);
#3243=EDGE_CURVE('',#4244,#4243,#5224,.T.);
#3244=EDGE_CURVE('',#4245,#4244,#5225,.T.);
#3245=EDGE_CURVE('',#4246,#4245,#5226,.T.);
#3246=EDGE_CURVE('',#4247,#4246,#5227,.T.);
#3247=EDGE_CURVE('',#4248,#4247,#5228,.T.);
#3248=EDGE_CURVE('',#4166,#4248,#5229,.T.);
#3249=EDGE_CURVE('',#4165,#4249,#5230,.T.);
#3250=EDGE_CURVE('',#4249,#4250,#5231,.T.);
#3251=EDGE_CURVE('',#4250,#4251,#5232,.T.);
#3252=EDGE_CURVE('',#4251,#4252,#5233,.T.);
#3253=EDGE_CURVE('',#4252,#4082,#5234,.T.);
#3254=EDGE_CURVE('',#4164,#4167,#5235,.T.);
#3255=EDGE_CURVE('',#4209,#4253,#5236,.T.);
#3256=EDGE_CURVE('',#4123,#4208,#5237,.T.);
#3257=EDGE_CURVE('',#4254,#4122,#5238,.T.);
#3258=EDGE_CURVE('',#4255,#4254,#5239,.T.);
#3259=EDGE_CURVE('',#4256,#4255,#5240,.T.);
#3260=EDGE_CURVE('',#4253,#4256,#5241,.T.);
#3261=EDGE_CURVE('',#4257,#4083,#5242,.T.);
#3262=EDGE_CURVE('',#4257,#4258,#5243,.T.);
#3263=EDGE_CURVE('',#4084,#4258,#5244,.T.);
#3264=EDGE_CURVE('',#4259,#4087,#5245,.T.);
#3265=EDGE_CURVE('',#4259,#4260,#5246,.T.);
#3266=EDGE_CURVE('',#4088,#4260,#5247,.T.);
#3267=EDGE_CURVE('',#4261,#4091,#5248,.T.);
#3268=EDGE_CURVE('',#4261,#4262,#5249,.T.);
#3269=EDGE_CURVE('',#4092,#4262,#5250,.T.);
#3270=EDGE_CURVE('',#4263,#4095,#5251,.T.);
#3271=EDGE_CURVE('',#4263,#4264,#5252,.T.);
#3272=EDGE_CURVE('',#4096,#4264,#5253,.T.);
#3273=EDGE_CURVE('',#4265,#4099,#5254,.T.);
#3274=EDGE_CURVE('',#4265,#4266,#5255,.T.);
#3275=EDGE_CURVE('',#4100,#4266,#5256,.T.);
#3276=EDGE_CURVE('',#4267,#4103,#5257,.T.);
#3277=EDGE_CURVE('',#4267,#4268,#5258,.T.);
#3278=EDGE_CURVE('',#4104,#4268,#5259,.T.);
#3279=EDGE_CURVE('',#4269,#4107,#5260,.T.);
#3280=EDGE_CURVE('',#4269,#4270,#5261,.T.);
#3281=EDGE_CURVE('',#4108,#4270,#5262,.T.);
#3282=EDGE_CURVE('',#4271,#4111,#5263,.T.);
#3283=EDGE_CURVE('',#4271,#4272,#5264,.T.);
#3284=EDGE_CURVE('',#4112,#4272,#5265,.T.);
#3285=EDGE_CURVE('',#4273,#4115,#5266,.T.);
#3286=EDGE_CURVE('',#4273,#4274,#5267,.T.);
#3287=EDGE_CURVE('',#4116,#4274,#5268,.T.);
#3288=EDGE_CURVE('',#4275,#4119,#5269,.T.);
#3289=EDGE_CURVE('',#4275,#4276,#5270,.T.);
#3290=EDGE_CURVE('',#4120,#4276,#5271,.T.);
#3291=EDGE_CURVE('',#4248,#4277,#5272,.T.);
#3292=EDGE_CURVE('',#4278,#4247,#5273,.T.);
#3293=EDGE_CURVE('',#4277,#4278,#5274,.T.);
#3294=EDGE_CURVE('',#4244,#4279,#5275,.T.);
#3295=EDGE_CURVE('',#4280,#4243,#5276,.T.);
#3296=EDGE_CURVE('',#4279,#4280,#5277,.T.);
#3297=EDGE_CURVE('',#4240,#4281,#5278,.T.);
#3298=EDGE_CURVE('',#4282,#4239,#5279,.T.);
#3299=EDGE_CURVE('',#4281,#4282,#5280,.T.);
#3300=EDGE_CURVE('',#4236,#4283,#5281,.T.);
#3301=EDGE_CURVE('',#4284,#4235,#5282,.T.);
#3302=EDGE_CURVE('',#4283,#4284,#5283,.T.);
#3303=EDGE_CURVE('',#4232,#4285,#5284,.T.);
#3304=EDGE_CURVE('',#4286,#4231,#5285,.T.);
#3305=EDGE_CURVE('',#4285,#4286,#5286,.T.);
#3306=EDGE_CURVE('',#4228,#4287,#5287,.T.);
#3307=EDGE_CURVE('',#4288,#4227,#5288,.T.);
#3308=EDGE_CURVE('',#4287,#4288,#5289,.T.);
#3309=EDGE_CURVE('',#4224,#4289,#5290,.T.);
#3310=EDGE_CURVE('',#4290,#4223,#5291,.T.);
#3311=EDGE_CURVE('',#4289,#4290,#5292,.T.);
#3312=EDGE_CURVE('',#4220,#4291,#5293,.T.);
#3313=EDGE_CURVE('',#4292,#4219,#5294,.T.);
#3314=EDGE_CURVE('',#4291,#4292,#5295,.T.);
#3315=EDGE_CURVE('',#4216,#4293,#5296,.T.);
#3316=EDGE_CURVE('',#4294,#4215,#5297,.T.);
#3317=EDGE_CURVE('',#4293,#4294,#5298,.T.);
#3318=EDGE_CURVE('',#4212,#4295,#5299,.T.);
#3319=EDGE_CURVE('',#4296,#4211,#5300,.T.);
#3320=EDGE_CURVE('',#4295,#4296,#5301,.T.);
#3321=EDGE_CURVE('',#4297,#4249,#5302,.T.);
#3322=EDGE_CURVE('',#4277,#4297,#5303,.T.);
#3323=EDGE_CURVE('',#4298,#4278,#5304,.T.);
#3324=EDGE_CURVE('',#4299,#4298,#5305,.T.);
#3325=EDGE_CURVE('',#4279,#4299,#5306,.T.);
#3326=EDGE_CURVE('',#4300,#4280,#5307,.T.);
#3327=EDGE_CURVE('',#4301,#4300,#5308,.T.);
#3328=EDGE_CURVE('',#4281,#4301,#5309,.T.);
#3329=EDGE_CURVE('',#4302,#4282,#5310,.T.);
#3330=EDGE_CURVE('',#4303,#4302,#5311,.T.);
#3331=EDGE_CURVE('',#4283,#4303,#5312,.T.);
#3332=EDGE_CURVE('',#4304,#4284,#5313,.T.);
#3333=EDGE_CURVE('',#4305,#4304,#5314,.T.);
#3334=EDGE_CURVE('',#4285,#4305,#5315,.T.);
#3335=EDGE_CURVE('',#4306,#4286,#5316,.T.);
#3336=EDGE_CURVE('',#4307,#4306,#5317,.T.);
#3337=EDGE_CURVE('',#4287,#4307,#5318,.T.);
#3338=EDGE_CURVE('',#4308,#4288,#5319,.T.);
#3339=EDGE_CURVE('',#4309,#4308,#5320,.T.);
#3340=EDGE_CURVE('',#4289,#4309,#5321,.T.);
#3341=EDGE_CURVE('',#4310,#4290,#5322,.T.);
#3342=EDGE_CURVE('',#4311,#4310,#5323,.T.);
#3343=EDGE_CURVE('',#4291,#4311,#5324,.T.);
#3344=EDGE_CURVE('',#4312,#4292,#5325,.T.);
#3345=EDGE_CURVE('',#4313,#4312,#5326,.T.);
#3346=EDGE_CURVE('',#4293,#4313,#5327,.T.);
#3347=EDGE_CURVE('',#4314,#4294,#5328,.T.);
#3348=EDGE_CURVE('',#4315,#4314,#5329,.T.);
#3349=EDGE_CURVE('',#4295,#4315,#5330,.T.);
#3350=EDGE_CURVE('',#4316,#4296,#5331,.T.);
#3351=EDGE_CURVE('',#4253,#4316,#5332,.T.);
#3352=EDGE_CURVE('',#4250,#4256,#5333,.T.);
#3353=EDGE_CURVE('',#4252,#4317,#5334,.T.);
#3354=EDGE_CURVE('',#4251,#4255,#5335,.T.);
#3355=EDGE_CURVE('',#4318,#4254,#5336,.T.);
#3356=EDGE_CURVE('',#4319,#4318,#5337,.T.);
#3357=EDGE_CURVE('',#4320,#4319,#5338,.T.);
#3358=EDGE_CURVE('',#4321,#4320,#5339,.T.);
#3359=EDGE_CURVE('',#4322,#4321,#5340,.T.);
#3360=EDGE_CURVE('',#4323,#4322,#5341,.T.);
#3361=EDGE_CURVE('',#4324,#4323,#5342,.T.);
#3362=EDGE_CURVE('',#4325,#4324,#5343,.T.);
#3363=EDGE_CURVE('',#4326,#4325,#5344,.T.);
#3364=EDGE_CURVE('',#4327,#4326,#5345,.T.);
#3365=EDGE_CURVE('',#4328,#4327,#5346,.T.);
#3366=EDGE_CURVE('',#4329,#4328,#5347,.T.);
#3367=EDGE_CURVE('',#4330,#4329,#5348,.T.);
#3368=EDGE_CURVE('',#4331,#4330,#5349,.T.);
#3369=EDGE_CURVE('',#4332,#4331,#5350,.T.);
#3370=EDGE_CURVE('',#4333,#4332,#5351,.T.);
#3371=EDGE_CURVE('',#4334,#4333,#5352,.T.);
#3372=EDGE_CURVE('',#4335,#4334,#5353,.T.);
#3373=EDGE_CURVE('',#4336,#4335,#5354,.T.);
#3374=EDGE_CURVE('',#4337,#4336,#5355,.T.);
#3375=EDGE_CURVE('',#4338,#4337,#5356,.T.);
#3376=EDGE_CURVE('',#4339,#4338,#5357,.T.);
#3377=EDGE_CURVE('',#4340,#4339,#5358,.T.);
#3378=EDGE_CURVE('',#4341,#4340,#5359,.T.);
#3379=EDGE_CURVE('',#4342,#4341,#5360,.T.);
#3380=EDGE_CURVE('',#4343,#4342,#5361,.T.);
#3381=EDGE_CURVE('',#4344,#4343,#5362,.T.);
#3382=EDGE_CURVE('',#4345,#4344,#5363,.T.);
#3383=EDGE_CURVE('',#4346,#4345,#5364,.T.);
#3384=EDGE_CURVE('',#4347,#4346,#5365,.T.);
#3385=EDGE_CURVE('',#4348,#4347,#5366,.T.);
#3386=EDGE_CURVE('',#4349,#4348,#5367,.T.);
#3387=EDGE_CURVE('',#4350,#4349,#5368,.T.);
#3388=EDGE_CURVE('',#4351,#4350,#5369,.T.);
#3389=EDGE_CURVE('',#4352,#4351,#5370,.T.);
#3390=EDGE_CURVE('',#4353,#4352,#5371,.T.);
#3391=EDGE_CURVE('',#4354,#4353,#5372,.T.);
#3392=EDGE_CURVE('',#4355,#4354,#5373,.T.);
#3393=EDGE_CURVE('',#4356,#4355,#5374,.T.);
#3394=EDGE_CURVE('',#4317,#4356,#5375,.T.);
#3395=EDGE_CURVE('',#4356,#4357,#5376,.T.);
#3396=EDGE_CURVE('',#4358,#4355,#5377,.T.);
#3397=EDGE_CURVE('',#4357,#4358,#5378,.T.);
#3398=EDGE_CURVE('',#4352,#4359,#5379,.T.);
#3399=EDGE_CURVE('',#4360,#4351,#5380,.T.);
#3400=EDGE_CURVE('',#4359,#4360,#5381,.T.);
#3401=EDGE_CURVE('',#4348,#4361,#5382,.T.);
#3402=EDGE_CURVE('',#4362,#4347,#5383,.T.);
#3403=EDGE_CURVE('',#4361,#4362,#5384,.T.);
#3404=EDGE_CURVE('',#4344,#4363,#5385,.T.);
#3405=EDGE_CURVE('',#4364,#4343,#5386,.T.);
#3406=EDGE_CURVE('',#4363,#4364,#5387,.T.);
#3407=EDGE_CURVE('',#4340,#4365,#5388,.T.);
#3408=EDGE_CURVE('',#4366,#4339,#5389,.T.);
#3409=EDGE_CURVE('',#4365,#4366,#5390,.T.);
#3410=EDGE_CURVE('',#4336,#4367,#5391,.T.);
#3411=EDGE_CURVE('',#4368,#4335,#5392,.T.);
#3412=EDGE_CURVE('',#4367,#4368,#5393,.T.);
#3413=EDGE_CURVE('',#4332,#4369,#5394,.T.);
#3414=EDGE_CURVE('',#4370,#4331,#5395,.T.);
#3415=EDGE_CURVE('',#4369,#4370,#5396,.T.);
#3416=EDGE_CURVE('',#4328,#4371,#5397,.T.);
#3417=EDGE_CURVE('',#4372,#4327,#5398,.T.);
#3418=EDGE_CURVE('',#4371,#4372,#5399,.T.);
#3419=EDGE_CURVE('',#4324,#4373,#5400,.T.);
#3420=EDGE_CURVE('',#4374,#4323,#5401,.T.);
#3421=EDGE_CURVE('',#4373,#4374,#5402,.T.);
#3422=EDGE_CURVE('',#4320,#4375,#5403,.T.);
#3423=EDGE_CURVE('',#4376,#4319,#5404,.T.);
#3424=EDGE_CURVE('',#4375,#4376,#5405,.T.);
#3425=EDGE_CURVE('',#4357,#4257,#66,.T.);
#3426=EDGE_CURVE('',#4258,#4358,#67,.T.);
#3427=EDGE_CURVE('',#4359,#4259,#68,.T.);
#3428=EDGE_CURVE('',#4260,#4360,#69,.T.);
#3429=EDGE_CURVE('',#4361,#4261,#70,.T.);
#3430=EDGE_CURVE('',#4262,#4362,#71,.T.);
#3431=EDGE_CURVE('',#4363,#4263,#72,.T.);
#3432=EDGE_CURVE('',#4264,#4364,#73,.T.);
#3433=EDGE_CURVE('',#4365,#4265,#74,.T.);
#3434=EDGE_CURVE('',#4266,#4366,#75,.T.);
#3435=EDGE_CURVE('',#4367,#4267,#76,.T.);
#3436=EDGE_CURVE('',#4268,#4368,#77,.T.);
#3437=EDGE_CURVE('',#4369,#4269,#78,.T.);
#3438=EDGE_CURVE('',#4270,#4370,#79,.T.);
#3439=EDGE_CURVE('',#4371,#4271,#80,.T.);
#3440=EDGE_CURVE('',#4272,#4372,#81,.T.);
#3441=EDGE_CURVE('',#4373,#4273,#82,.T.);
#3442=EDGE_CURVE('',#4274,#4374,#83,.T.);
#3443=EDGE_CURVE('',#4375,#4275,#84,.T.);
#3444=EDGE_CURVE('',#4276,#4376,#85,.T.);
#3445=EDGE_CURVE('',#4377,#4125,#5406,.T.);
#3446=EDGE_CURVE('',#4378,#4377,#5407,.T.);
#3447=EDGE_CURVE('',#4126,#4378,#5408,.T.);
#3448=EDGE_CURVE('',#4379,#4129,#5409,.T.);
#3449=EDGE_CURVE('',#4380,#4379,#5410,.T.);
#3450=EDGE_CURVE('',#4130,#4380,#5411,.T.);
#3451=EDGE_CURVE('',#4381,#4133,#5412,.T.);
#3452=EDGE_CURVE('',#4382,#4381,#5413,.T.);
#3453=EDGE_CURVE('',#4134,#4382,#5414,.T.);
#3454=EDGE_CURVE('',#4383,#4137,#5415,.T.);
#3455=EDGE_CURVE('',#4384,#4383,#5416,.T.);
#3456=EDGE_CURVE('',#4138,#4384,#5417,.T.);
#3457=EDGE_CURVE('',#4385,#4141,#5418,.T.);
#3458=EDGE_CURVE('',#4386,#4385,#5419,.T.);
#3459=EDGE_CURVE('',#4142,#4386,#5420,.T.);
#3460=EDGE_CURVE('',#4387,#4145,#5421,.T.);
#3461=EDGE_CURVE('',#4388,#4387,#5422,.T.);
#3462=EDGE_CURVE('',#4146,#4388,#5423,.T.);
#3463=EDGE_CURVE('',#4389,#4149,#5424,.T.);
#3464=EDGE_CURVE('',#4390,#4389,#5425,.T.);
#3465=EDGE_CURVE('',#4150,#4390,#5426,.T.);
#3466=EDGE_CURVE('',#4391,#4153,#5427,.T.);
#3467=EDGE_CURVE('',#4392,#4391,#5428,.T.);
#3468=EDGE_CURVE('',#4154,#4392,#5429,.T.);
#3469=EDGE_CURVE('',#4393,#4157,#5430,.T.);
#3470=EDGE_CURVE('',#4394,#4393,#5431,.T.);
#3471=EDGE_CURVE('',#4158,#4394,#5432,.T.);
#3472=EDGE_CURVE('',#4395,#4161,#5433,.T.);
#3473=EDGE_CURVE('',#4396,#4395,#5434,.T.);
#3474=EDGE_CURVE('',#4162,#4396,#5435,.T.);
#3475=EDGE_CURVE('',#4377,#4397,#5436,.T.);
#3476=EDGE_CURVE('',#4398,#4397,#5437,.T.);
#3477=EDGE_CURVE('',#4398,#4378,#5438,.T.);
#3478=EDGE_CURVE('',#4379,#4399,#5439,.T.);
#3479=EDGE_CURVE('',#4400,#4399,#5440,.T.);
#3480=EDGE_CURVE('',#4400,#4380,#5441,.T.);
#3481=EDGE_CURVE('',#4381,#4401,#5442,.T.);
#3482=EDGE_CURVE('',#4402,#4401,#5443,.T.);
#3483=EDGE_CURVE('',#4402,#4382,#5444,.T.);
#3484=EDGE_CURVE('',#4383,#4403,#5445,.T.);
#3485=EDGE_CURVE('',#4404,#4403,#5446,.T.);
#3486=EDGE_CURVE('',#4404,#4384,#5447,.T.);
#3487=EDGE_CURVE('',#4385,#4405,#5448,.T.);
#3488=EDGE_CURVE('',#4406,#4405,#5449,.T.);
#3489=EDGE_CURVE('',#4406,#4386,#5450,.T.);
#3490=EDGE_CURVE('',#4387,#4407,#5451,.T.);
#3491=EDGE_CURVE('',#4408,#4407,#5452,.T.);
#3492=EDGE_CURVE('',#4408,#4388,#5453,.T.);
#3493=EDGE_CURVE('',#4389,#4409,#5454,.T.);
#3494=EDGE_CURVE('',#4410,#4409,#5455,.T.);
#3495=EDGE_CURVE('',#4410,#4390,#5456,.T.);
#3496=EDGE_CURVE('',#4391,#4411,#5457,.T.);
#3497=EDGE_CURVE('',#4412,#4411,#5458,.T.);
#3498=EDGE_CURVE('',#4412,#4392,#5459,.T.);
#3499=EDGE_CURVE('',#4393,#4413,#5460,.T.);
#3500=EDGE_CURVE('',#4414,#4413,#5461,.T.);
#3501=EDGE_CURVE('',#4414,#4394,#5462,.T.);
#3502=EDGE_CURVE('',#4395,#4415,#5463,.T.);
#3503=EDGE_CURVE('',#4416,#4415,#5464,.T.);
#3504=EDGE_CURVE('',#4416,#4396,#5465,.T.);
#3505=EDGE_CURVE('',#4417,#4397,#5466,.T.);
#3506=EDGE_CURVE('',#4418,#4417,#5467,.T.);
#3507=EDGE_CURVE('',#4398,#4418,#5468,.T.);
#3508=EDGE_CURVE('',#4419,#4399,#5469,.T.);
#3509=EDGE_CURVE('',#4420,#4419,#5470,.T.);
#3510=EDGE_CURVE('',#4400,#4420,#5471,.T.);
#3511=EDGE_CURVE('',#4421,#4401,#5472,.T.);
#3512=EDGE_CURVE('',#4422,#4421,#5473,.T.);
#3513=EDGE_CURVE('',#4402,#4422,#5474,.T.);
#3514=EDGE_CURVE('',#4423,#4403,#5475,.T.);
#3515=EDGE_CURVE('',#4424,#4423,#5476,.T.);
#3516=EDGE_CURVE('',#4404,#4424,#5477,.T.);
#3517=EDGE_CURVE('',#4425,#4405,#5478,.T.);
#3518=EDGE_CURVE('',#4426,#4425,#5479,.T.);
#3519=EDGE_CURVE('',#4406,#4426,#5480,.T.);
#3520=EDGE_CURVE('',#4427,#4407,#5481,.T.);
#3521=EDGE_CURVE('',#4428,#4427,#5482,.T.);
#3522=EDGE_CURVE('',#4408,#4428,#5483,.T.);
#3523=EDGE_CURVE('',#4429,#4409,#5484,.T.);
#3524=EDGE_CURVE('',#4430,#4429,#5485,.T.);
#3525=EDGE_CURVE('',#4410,#4430,#5486,.T.);
#3526=EDGE_CURVE('',#4431,#4411,#5487,.T.);
#3527=EDGE_CURVE('',#4432,#4431,#5488,.T.);
#3528=EDGE_CURVE('',#4412,#4432,#5489,.T.);
#3529=EDGE_CURVE('',#4433,#4413,#5490,.T.);
#3530=EDGE_CURVE('',#4434,#4433,#5491,.T.);
#3531=EDGE_CURVE('',#4414,#4434,#5492,.T.);
#3532=EDGE_CURVE('',#4435,#4415,#5493,.T.);
#3533=EDGE_CURVE('',#4436,#4435,#5494,.T.);
#3534=EDGE_CURVE('',#4416,#4436,#5495,.T.);
#3535=EDGE_CURVE('',#4437,#4417,#86,.T.);
#3536=EDGE_CURVE('',#4438,#4437,#5496,.T.);
#3537=EDGE_CURVE('',#4418,#4438,#87,.T.);
#3538=EDGE_CURVE('',#4439,#4419,#88,.T.);
#3539=EDGE_CURVE('',#4440,#4439,#5497,.T.);
#3540=EDGE_CURVE('',#4420,#4440,#89,.T.);
#3541=EDGE_CURVE('',#4441,#4421,#90,.T.);
#3542=EDGE_CURVE('',#4442,#4441,#5498,.T.);
#3543=EDGE_CURVE('',#4422,#4442,#91,.T.);
#3544=EDGE_CURVE('',#4443,#4423,#92,.T.);
#3545=EDGE_CURVE('',#4444,#4443,#5499,.T.);
#3546=EDGE_CURVE('',#4424,#4444,#93,.T.);
#3547=EDGE_CURVE('',#4445,#4425,#94,.T.);
#3548=EDGE_CURVE('',#4446,#4445,#5500,.T.);
#3549=EDGE_CURVE('',#4426,#4446,#95,.T.);
#3550=EDGE_CURVE('',#4447,#4427,#96,.T.);
#3551=EDGE_CURVE('',#4448,#4447,#5501,.T.);
#3552=EDGE_CURVE('',#4428,#4448,#97,.T.);
#3553=EDGE_CURVE('',#4449,#4429,#98,.T.);
#3554=EDGE_CURVE('',#4450,#4449,#5502,.T.);
#3555=EDGE_CURVE('',#4430,#4450,#99,.T.);
#3556=EDGE_CURVE('',#4451,#4431,#100,.T.);
#3557=EDGE_CURVE('',#4452,#4451,#5503,.T.);
#3558=EDGE_CURVE('',#4432,#4452,#101,.T.);
#3559=EDGE_CURVE('',#4453,#4433,#102,.T.);
#3560=EDGE_CURVE('',#4454,#4453,#5504,.T.);
#3561=EDGE_CURVE('',#4434,#4454,#103,.T.);
#3562=EDGE_CURVE('',#4455,#4435,#104,.T.);
#3563=EDGE_CURVE('',#4456,#4455,#5505,.T.);
#3564=EDGE_CURVE('',#4436,#4456,#105,.T.);
#3565=EDGE_CURVE('',#4457,#4437,#5506,.T.);
#3566=EDGE_CURVE('',#4458,#4457,#5507,.T.);
#3567=EDGE_CURVE('',#4438,#4458,#5508,.T.);
#3568=EDGE_CURVE('',#4459,#4439,#5509,.T.);
#3569=EDGE_CURVE('',#4460,#4459,#5510,.T.);
#3570=EDGE_CURVE('',#4440,#4460,#5511,.T.);
#3571=EDGE_CURVE('',#4461,#4441,#5512,.T.);
#3572=EDGE_CURVE('',#4462,#4461,#5513,.T.);
#3573=EDGE_CURVE('',#4442,#4462,#5514,.T.);
#3574=EDGE_CURVE('',#4463,#4443,#5515,.T.);
#3575=EDGE_CURVE('',#4464,#4463,#5516,.T.);
#3576=EDGE_CURVE('',#4444,#4464,#5517,.T.);
#3577=EDGE_CURVE('',#4465,#4445,#5518,.T.);
#3578=EDGE_CURVE('',#4466,#4465,#5519,.T.);
#3579=EDGE_CURVE('',#4446,#4466,#5520,.T.);
#3580=EDGE_CURVE('',#4467,#4447,#5521,.T.);
#3581=EDGE_CURVE('',#4468,#4467,#5522,.T.);
#3582=EDGE_CURVE('',#4448,#4468,#5523,.T.);
#3583=EDGE_CURVE('',#4469,#4449,#5524,.T.);
#3584=EDGE_CURVE('',#4470,#4469,#5525,.T.);
#3585=EDGE_CURVE('',#4450,#4470,#5526,.T.);
#3586=EDGE_CURVE('',#4471,#4451,#5527,.T.);
#3587=EDGE_CURVE('',#4472,#4471,#5528,.T.);
#3588=EDGE_CURVE('',#4452,#4472,#5529,.T.);
#3589=EDGE_CURVE('',#4473,#4453,#5530,.T.);
#3590=EDGE_CURVE('',#4474,#4473,#5531,.T.);
#3591=EDGE_CURVE('',#4454,#4474,#5532,.T.);
#3592=EDGE_CURVE('',#4475,#4455,#5533,.T.);
#3593=EDGE_CURVE('',#4476,#4475,#5534,.T.);
#3594=EDGE_CURVE('',#4456,#4476,#5535,.T.);
#3595=EDGE_CURVE('',#4477,#4457,#5536,.T.);
#3596=EDGE_CURVE('',#4478,#4477,#5537,.T.);
#3597=EDGE_CURVE('',#4458,#4478,#5538,.T.);
#3598=EDGE_CURVE('',#4479,#4459,#5539,.T.);
#3599=EDGE_CURVE('',#4480,#4479,#5540,.T.);
#3600=EDGE_CURVE('',#4460,#4480,#5541,.T.);
#3601=EDGE_CURVE('',#4481,#4461,#5542,.T.);
#3602=EDGE_CURVE('',#4482,#4481,#5543,.T.);
#3603=EDGE_CURVE('',#4462,#4482,#5544,.T.);
#3604=EDGE_CURVE('',#4483,#4463,#5545,.T.);
#3605=EDGE_CURVE('',#4484,#4483,#5546,.T.);
#3606=EDGE_CURVE('',#4464,#4484,#5547,.T.);
#3607=EDGE_CURVE('',#4485,#4465,#5548,.T.);
#3608=EDGE_CURVE('',#4486,#4485,#5549,.T.);
#3609=EDGE_CURVE('',#4466,#4486,#5550,.T.);
#3610=EDGE_CURVE('',#4487,#4467,#5551,.T.);
#3611=EDGE_CURVE('',#4488,#4487,#5552,.T.);
#3612=EDGE_CURVE('',#4468,#4488,#5553,.T.);
#3613=EDGE_CURVE('',#4489,#4469,#5554,.T.);
#3614=EDGE_CURVE('',#4490,#4489,#5555,.T.);
#3615=EDGE_CURVE('',#4470,#4490,#5556,.T.);
#3616=EDGE_CURVE('',#4491,#4471,#5557,.T.);
#3617=EDGE_CURVE('',#4492,#4491,#5558,.T.);
#3618=EDGE_CURVE('',#4472,#4492,#5559,.T.);
#3619=EDGE_CURVE('',#4493,#4473,#5560,.T.);
#3620=EDGE_CURVE('',#4494,#4493,#5561,.T.);
#3621=EDGE_CURVE('',#4474,#4494,#5562,.T.);
#3622=EDGE_CURVE('',#4495,#4475,#5563,.T.);
#3623=EDGE_CURVE('',#4496,#4495,#5564,.T.);
#3624=EDGE_CURVE('',#4476,#4496,#5565,.T.);
#3625=EDGE_CURVE('',#4206,#4477,#106,.T.);
#3626=EDGE_CURVE('',#4478,#4205,#107,.T.);
#3627=EDGE_CURVE('',#4202,#4479,#108,.T.);
#3628=EDGE_CURVE('',#4480,#4201,#109,.T.);
#3629=EDGE_CURVE('',#4198,#4481,#110,.T.);
#3630=EDGE_CURVE('',#4482,#4197,#111,.T.);
#3631=EDGE_CURVE('',#4194,#4483,#112,.T.);
#3632=EDGE_CURVE('',#4484,#4193,#113,.T.);
#3633=EDGE_CURVE('',#4190,#4485,#114,.T.);
#3634=EDGE_CURVE('',#4486,#4189,#115,.T.);
#3635=EDGE_CURVE('',#4186,#4487,#116,.T.);
#3636=EDGE_CURVE('',#4488,#4185,#117,.T.);
#3637=EDGE_CURVE('',#4182,#4489,#118,.T.);
#3638=EDGE_CURVE('',#4490,#4181,#119,.T.);
#3639=EDGE_CURVE('',#4178,#4491,#120,.T.);
#3640=EDGE_CURVE('',#4492,#4177,#121,.T.);
#3641=EDGE_CURVE('',#4174,#4493,#122,.T.);
#3642=EDGE_CURVE('',#4494,#4173,#123,.T.);
#3643=EDGE_CURVE('',#4170,#4495,#124,.T.);
#3644=EDGE_CURVE('',#4496,#4169,#125,.T.);
#3645=EDGE_CURVE('',#4207,#4124,#5566,.T.);
#3646=EDGE_CURVE('',#4168,#4163,#5567,.T.);
#3647=EDGE_CURVE('',#4171,#4160,#5568,.T.);
#3648=EDGE_CURVE('',#4172,#4159,#5569,.T.);
#3649=EDGE_CURVE('',#4175,#4156,#5570,.T.);
#3650=EDGE_CURVE('',#4176,#4155,#5571,.T.);
#3651=EDGE_CURVE('',#4179,#4152,#5572,.T.);
#3652=EDGE_CURVE('',#4180,#4151,#5573,.T.);
#3653=EDGE_CURVE('',#4183,#4148,#5574,.T.);
#3654=EDGE_CURVE('',#4184,#4147,#5575,.T.);
#3655=EDGE_CURVE('',#4187,#4144,#5576,.T.);
#3656=EDGE_CURVE('',#4188,#4143,#5577,.T.);
#3657=EDGE_CURVE('',#4191,#4140,#5578,.T.);
#3658=EDGE_CURVE('',#4192,#4139,#5579,.T.);
#3659=EDGE_CURVE('',#4195,#4136,#5580,.T.);
#3660=EDGE_CURVE('',#4196,#4135,#5581,.T.);
#3661=EDGE_CURVE('',#4199,#4132,#5582,.T.);
#3662=EDGE_CURVE('',#4200,#4131,#5583,.T.);
#3663=EDGE_CURVE('',#4204,#4127,#5584,.T.);
#3664=EDGE_CURVE('',#4203,#4128,#5585,.T.);
#3665=EDGE_CURVE('',#4318,#4121,#5586,.T.);
#3666=EDGE_CURVE('',#4322,#4117,#5587,.T.);
#3667=EDGE_CURVE('',#4321,#4118,#5588,.T.);
#3668=EDGE_CURVE('',#4326,#4113,#5589,.T.);
#3669=EDGE_CURVE('',#4325,#4114,#5590,.T.);
#3670=EDGE_CURVE('',#4330,#4109,#5591,.T.);
#3671=EDGE_CURVE('',#4329,#4110,#5592,.T.);
#3672=EDGE_CURVE('',#4334,#4105,#5593,.T.);
#3673=EDGE_CURVE('',#4333,#4106,#5594,.T.);
#3674=EDGE_CURVE('',#4338,#4101,#5595,.T.);
#3675=EDGE_CURVE('',#4337,#4102,#5596,.T.);
#3676=EDGE_CURVE('',#4342,#4097,#5597,.T.);
#3677=EDGE_CURVE('',#4341,#4098,#5598,.T.);
#3678=EDGE_CURVE('',#4346,#4093,#5599,.T.);
#3679=EDGE_CURVE('',#4345,#4094,#5600,.T.);
#3680=EDGE_CURVE('',#4350,#4089,#5601,.T.);
#3681=EDGE_CURVE('',#4349,#4090,#5602,.T.);
#3682=EDGE_CURVE('',#4354,#4085,#5603,.T.);
#3683=EDGE_CURVE('',#4353,#4086,#5604,.T.);
#3684=EDGE_CURVE('',#4317,#4081,#5605,.T.);
#3685=EDGE_CURVE('',#4210,#4316,#5606,.T.);
#3686=EDGE_CURVE('',#4213,#4315,#5607,.T.);
#3687=EDGE_CURVE('',#4214,#4314,#5608,.T.);
#3688=EDGE_CURVE('',#4217,#4313,#5609,.T.);
#3689=EDGE_CURVE('',#4218,#4312,#5610,.T.);
#3690=EDGE_CURVE('',#4221,#4311,#5611,.T.);
#3691=EDGE_CURVE('',#4222,#4310,#5612,.T.);
#3692=EDGE_CURVE('',#4225,#4309,#5613,.T.);
#3693=EDGE_CURVE('',#4226,#4308,#5614,.T.);
#3694=EDGE_CURVE('',#4229,#4307,#5615,.T.);
#3695=EDGE_CURVE('',#4230,#4306,#5616,.T.);
#3696=EDGE_CURVE('',#4233,#4305,#5617,.T.);
#3697=EDGE_CURVE('',#4234,#4304,#5618,.T.);
#3698=EDGE_CURVE('',#4237,#4303,#5619,.T.);
#3699=EDGE_CURVE('',#4238,#4302,#5620,.T.);
#3700=EDGE_CURVE('',#4241,#4301,#5621,.T.);
#3701=EDGE_CURVE('',#4242,#4300,#5622,.T.);
#3702=EDGE_CURVE('',#4245,#4299,#5623,.T.);
#3703=EDGE_CURVE('',#4246,#4298,#5624,.T.);
#3704=EDGE_CURVE('',#4166,#4297,#5625,.T.);
#3705=VERTEX_POINT('',#12277);
#3706=VERTEX_POINT('',#12278);
#3707=VERTEX_POINT('',#12280);
#3708=VERTEX_POINT('',#12282);
#3709=VERTEX_POINT('',#12286);
#3710=VERTEX_POINT('',#12287);
#3711=VERTEX_POINT('',#12289);
#3712=VERTEX_POINT('',#12291);
#3713=VERTEX_POINT('',#12295);
#3714=VERTEX_POINT('',#12296);
#3715=VERTEX_POINT('',#12298);
#3716=VERTEX_POINT('',#12300);
#3717=VERTEX_POINT('',#12304);
#3718=VERTEX_POINT('',#12305);
#3719=VERTEX_POINT('',#12307);
#3720=VERTEX_POINT('',#12309);
#3721=VERTEX_POINT('',#12313);
#3722=VERTEX_POINT('',#12314);
#3723=VERTEX_POINT('',#12316);
#3724=VERTEX_POINT('',#12318);
#3725=VERTEX_POINT('',#12322);
#3726=VERTEX_POINT('',#12323);
#3727=VERTEX_POINT('',#12325);
#3728=VERTEX_POINT('',#12327);
#3729=VERTEX_POINT('',#12331);
#3730=VERTEX_POINT('',#12332);
#3731=VERTEX_POINT('',#12334);
#3732=VERTEX_POINT('',#12336);
#3733=VERTEX_POINT('',#12340);
#3734=VERTEX_POINT('',#12341);
#3735=VERTEX_POINT('',#12343);
#3736=VERTEX_POINT('',#12345);
#3737=VERTEX_POINT('',#12349);
#3738=VERTEX_POINT('',#12350);
#3739=VERTEX_POINT('',#12352);
#3740=VERTEX_POINT('',#12354);
#3741=VERTEX_POINT('',#12358);
#3742=VERTEX_POINT('',#12359);
#3743=VERTEX_POINT('',#12361);
#3744=VERTEX_POINT('',#12363);
#3745=VERTEX_POINT('',#12367);
#3746=VERTEX_POINT('',#12368);
#3747=VERTEX_POINT('',#12370);
#3748=VERTEX_POINT('',#12372);
#3749=VERTEX_POINT('',#12374);
#3750=VERTEX_POINT('',#12376);
#3751=VERTEX_POINT('',#12378);
#3752=VERTEX_POINT('',#12382);
#3753=VERTEX_POINT('',#12383);
#3754=VERTEX_POINT('',#12385);
#3755=VERTEX_POINT('',#12387);
#3756=VERTEX_POINT('',#12391);
#3757=VERTEX_POINT('',#12392);
#3758=VERTEX_POINT('',#12394);
#3759=VERTEX_POINT('',#12396);
#3760=VERTEX_POINT('',#12400);
#3761=VERTEX_POINT('',#12401);
#3762=VERTEX_POINT('',#12403);
#3763=VERTEX_POINT('',#12405);
#3764=VERTEX_POINT('',#12409);
#3765=VERTEX_POINT('',#12410);
#3766=VERTEX_POINT('',#12412);
#3767=VERTEX_POINT('',#12414);
#3768=VERTEX_POINT('',#12418);
#3769=VERTEX_POINT('',#12419);
#3770=VERTEX_POINT('',#12421);
#3771=VERTEX_POINT('',#12423);
#3772=VERTEX_POINT('',#12427);
#3773=VERTEX_POINT('',#12428);
#3774=VERTEX_POINT('',#12430);
#3775=VERTEX_POINT('',#12432);
#3776=VERTEX_POINT('',#12436);
#3777=VERTEX_POINT('',#12437);
#3778=VERTEX_POINT('',#12439);
#3779=VERTEX_POINT('',#12441);
#3780=VERTEX_POINT('',#12445);
#3781=VERTEX_POINT('',#12446);
#3782=VERTEX_POINT('',#12448);
#3783=VERTEX_POINT('',#12450);
#3784=VERTEX_POINT('',#12454);
#3785=VERTEX_POINT('',#12455);
#3786=VERTEX_POINT('',#12457);
#3787=VERTEX_POINT('',#12459);
#3788=VERTEX_POINT('',#12463);
#3789=VERTEX_POINT('',#12464);
#3790=VERTEX_POINT('',#12466);
#3791=VERTEX_POINT('',#12468);
#3792=VERTEX_POINT('',#12470);
#3793=VERTEX_POINT('',#12472);
#3794=VERTEX_POINT('',#12474);
#3795=VERTEX_POINT('',#12478);
#3796=VERTEX_POINT('',#12480);
#3797=VERTEX_POINT('',#12484);
#3798=VERTEX_POINT('',#12486);
#3799=VERTEX_POINT('',#12490);
#3800=VERTEX_POINT('',#12492);
#3801=VERTEX_POINT('',#12496);
#3802=VERTEX_POINT('',#12498);
#3803=VERTEX_POINT('',#12502);
#3804=VERTEX_POINT('',#12504);
#3805=VERTEX_POINT('',#12508);
#3806=VERTEX_POINT('',#12510);
#3807=VERTEX_POINT('',#12514);
#3808=VERTEX_POINT('',#12516);
#3809=VERTEX_POINT('',#12520);
#3810=VERTEX_POINT('',#12522);
#3811=VERTEX_POINT('',#12526);
#3812=VERTEX_POINT('',#12528);
#3813=VERTEX_POINT('',#12532);
#3814=VERTEX_POINT('',#12534);
#3815=VERTEX_POINT('',#12538);
#3816=VERTEX_POINT('',#12540);
#3817=VERTEX_POINT('',#12544);
#3818=VERTEX_POINT('',#12546);
#3819=VERTEX_POINT('',#12549);
#3820=VERTEX_POINT('',#12551);
#3821=VERTEX_POINT('',#12554);
#3822=VERTEX_POINT('',#12556);
#3823=VERTEX_POINT('',#12559);
#3824=VERTEX_POINT('',#12561);
#3825=VERTEX_POINT('',#12564);
#3826=VERTEX_POINT('',#12566);
#3827=VERTEX_POINT('',#12569);
#3828=VERTEX_POINT('',#12571);
#3829=VERTEX_POINT('',#12574);
#3830=VERTEX_POINT('',#12576);
#3831=VERTEX_POINT('',#12579);
#3832=VERTEX_POINT('',#12581);
#3833=VERTEX_POINT('',#12584);
#3834=VERTEX_POINT('',#12586);
#3835=VERTEX_POINT('',#12589);
#3836=VERTEX_POINT('',#12591);
#3837=VERTEX_POINT('',#12594);
#3838=VERTEX_POINT('',#12596);
#3839=VERTEX_POINT('',#12600);
#3840=VERTEX_POINT('',#12601);
#3841=VERTEX_POINT('',#12603);
#3842=VERTEX_POINT('',#12605);
#3843=VERTEX_POINT('',#12609);
#3844=VERTEX_POINT('',#12610);
#3845=VERTEX_POINT('',#12612);
#3846=VERTEX_POINT('',#12614);
#3847=VERTEX_POINT('',#12618);
#3848=VERTEX_POINT('',#12619);
#3849=VERTEX_POINT('',#12621);
#3850=VERTEX_POINT('',#12623);
#3851=VERTEX_POINT('',#12627);
#3852=VERTEX_POINT('',#12628);
#3853=VERTEX_POINT('',#12630);
#3854=VERTEX_POINT('',#12632);
#3855=VERTEX_POINT('',#12636);
#3856=VERTEX_POINT('',#12637);
#3857=VERTEX_POINT('',#12639);
#3858=VERTEX_POINT('',#12641);
#3859=VERTEX_POINT('',#12645);
#3860=VERTEX_POINT('',#12646);
#3861=VERTEX_POINT('',#12648);
#3862=VERTEX_POINT('',#12650);
#3863=VERTEX_POINT('',#12654);
#3864=VERTEX_POINT('',#12655);
#3865=VERTEX_POINT('',#12657);
#3866=VERTEX_POINT('',#12659);
#3867=VERTEX_POINT('',#12663);
#3868=VERTEX_POINT('',#12664);
#3869=VERTEX_POINT('',#12666);
#3870=VERTEX_POINT('',#12668);
#3871=VERTEX_POINT('',#12672);
#3872=VERTEX_POINT('',#12673);
#3873=VERTEX_POINT('',#12675);
#3874=VERTEX_POINT('',#12677);
#3875=VERTEX_POINT('',#12681);
#3876=VERTEX_POINT('',#12682);
#3877=VERTEX_POINT('',#12684);
#3878=VERTEX_POINT('',#12686);
#3879=VERTEX_POINT('',#12690);
#3880=VERTEX_POINT('',#12692);
#3881=VERTEX_POINT('',#12696);
#3882=VERTEX_POINT('',#12698);
#3883=VERTEX_POINT('',#12702);
#3884=VERTEX_POINT('',#12704);
#3885=VERTEX_POINT('',#12708);
#3886=VERTEX_POINT('',#12710);
#3887=VERTEX_POINT('',#12714);
#3888=VERTEX_POINT('',#12716);
#3889=VERTEX_POINT('',#12720);
#3890=VERTEX_POINT('',#12722);
#3891=VERTEX_POINT('',#12726);
#3892=VERTEX_POINT('',#12728);
#3893=VERTEX_POINT('',#12732);
#3894=VERTEX_POINT('',#12734);
#3895=VERTEX_POINT('',#12738);
#3896=VERTEX_POINT('',#12740);
#3897=VERTEX_POINT('',#12744);
#3898=VERTEX_POINT('',#12746);
#3899=VERTEX_POINT('',#12750);
#3900=VERTEX_POINT('',#12752);
#3901=VERTEX_POINT('',#12756);
#3902=VERTEX_POINT('',#12757);
#3903=VERTEX_POINT('',#12760);
#3904=VERTEX_POINT('',#12762);
#3905=VERTEX_POINT('',#12765);
#3906=VERTEX_POINT('',#12767);
#3907=VERTEX_POINT('',#12770);
#3908=VERTEX_POINT('',#12772);
#3909=VERTEX_POINT('',#12775);
#3910=VERTEX_POINT('',#12777);
#3911=VERTEX_POINT('',#12780);
#3912=VERTEX_POINT('',#12782);
#3913=VERTEX_POINT('',#12785);
#3914=VERTEX_POINT('',#12787);
#3915=VERTEX_POINT('',#12790);
#3916=VERTEX_POINT('',#12792);
#3917=VERTEX_POINT('',#12795);
#3918=VERTEX_POINT('',#12797);
#3919=VERTEX_POINT('',#12800);
#3920=VERTEX_POINT('',#12802);
#3921=VERTEX_POINT('',#12805);
#3922=VERTEX_POINT('',#12807);
#3923=VERTEX_POINT('',#12812);
#3924=VERTEX_POINT('',#12814);
#3925=VERTEX_POINT('',#12818);
#3926=VERTEX_POINT('',#12820);
#3927=VERTEX_POINT('',#12824);
#3928=VERTEX_POINT('',#12825);
#3929=VERTEX_POINT('',#12827);
#3930=VERTEX_POINT('',#12829);
#3931=VERTEX_POINT('',#12831);
#3932=VERTEX_POINT('',#12833);
#3933=VERTEX_POINT('',#12835);
#3934=VERTEX_POINT('',#12837);
#3935=VERTEX_POINT('',#12841);
#3936=VERTEX_POINT('',#12843);
#3937=VERTEX_POINT('',#12846);
#3938=VERTEX_POINT('',#12848);
#3939=VERTEX_POINT('',#12850);
#3940=VERTEX_POINT('',#12854);
#3941=VERTEX_POINT('',#12856);
#3942=VERTEX_POINT('',#12858);
#3943=VERTEX_POINT('',#12860);
#3944=VERTEX_POINT('',#12863);
#3945=VERTEX_POINT('',#12867);
#3946=VERTEX_POINT('',#12869);
#3947=VERTEX_POINT('',#12873);
#3948=VERTEX_POINT('',#12875);
#3949=VERTEX_POINT('',#12879);
#3950=VERTEX_POINT('',#12881);
#3951=VERTEX_POINT('',#12887);
#3952=VERTEX_POINT('',#12893);
#3953=VERTEX_POINT('',#12900);
#3954=VERTEX_POINT('',#12902);
#3955=VERTEX_POINT('',#12906);
#3956=VERTEX_POINT('',#12907);
#3957=VERTEX_POINT('',#12909);
#3958=VERTEX_POINT('',#12911);
#3959=VERTEX_POINT('',#12916);
#3960=VERTEX_POINT('',#12920);
#3961=VERTEX_POINT('',#12929);
#3962=VERTEX_POINT('',#12931);
#3963=VERTEX_POINT('',#12935);
#3964=VERTEX_POINT('',#12936);
#3965=VERTEX_POINT('',#12938);
#3966=VERTEX_POINT('',#12940);
#3967=VERTEX_POINT('',#12944);
#3968=VERTEX_POINT('',#12949);
#3969=VERTEX_POINT('',#12958);
#3970=VERTEX_POINT('',#12960);
#3971=VERTEX_POINT('',#12964);
#3972=VERTEX_POINT('',#12966);
#3973=VERTEX_POINT('',#12969);
#3974=VERTEX_POINT('',#12973);
#3975=VERTEX_POINT('',#12977);
#3976=VERTEX_POINT('',#12983);
#3977=VERTEX_POINT('',#12990);
#3978=VERTEX_POINT('',#12991);
#3979=VERTEX_POINT('',#12993);
#3980=VERTEX_POINT('',#12995);
#3981=VERTEX_POINT('',#12999);
#3982=VERTEX_POINT('',#13000);
#3983=VERTEX_POINT('',#13005);
#3984=VERTEX_POINT('',#13007);
#3985=VERTEX_POINT('',#13010);
#3986=VERTEX_POINT('',#13012);
#3987=VERTEX_POINT('',#13015);
#3988=VERTEX_POINT('',#13017);
#3989=VERTEX_POINT('',#13020);
#3990=VERTEX_POINT('',#13022);
#3991=VERTEX_POINT('',#13025);
#3992=VERTEX_POINT('',#13027);
#3993=VERTEX_POINT('',#13030);
#3994=VERTEX_POINT('',#13032);
#3995=VERTEX_POINT('',#13035);
#3996=VERTEX_POINT('',#13037);
#3997=VERTEX_POINT('',#13040);
#3998=VERTEX_POINT('',#13042);
#3999=VERTEX_POINT('',#13045);
#4000=VERTEX_POINT('',#13047);
#4001=VERTEX_POINT('',#13052);
#4002=VERTEX_POINT('',#13053);
#4003=VERTEX_POINT('',#13058);
#4004=VERTEX_POINT('',#13060);
#4005=VERTEX_POINT('',#13063);
#4006=VERTEX_POINT('',#13065);
#4007=VERTEX_POINT('',#13068);
#4008=VERTEX_POINT('',#13070);
#4009=VERTEX_POINT('',#13073);
#4010=VERTEX_POINT('',#13075);
#4011=VERTEX_POINT('',#13078);
#4012=VERTEX_POINT('',#13080);
#4013=VERTEX_POINT('',#13083);
#4014=VERTEX_POINT('',#13085);
#4015=VERTEX_POINT('',#13088);
#4016=VERTEX_POINT('',#13090);
#4017=VERTEX_POINT('',#13093);
#4018=VERTEX_POINT('',#13095);
#4019=VERTEX_POINT('',#13098);
#4020=VERTEX_POINT('',#13100);
#4021=VERTEX_POINT('',#13107);
#4022=VERTEX_POINT('',#13110);
#4023=VERTEX_POINT('',#13114);
#4024=VERTEX_POINT('',#13117);
#4025=VERTEX_POINT('',#13121);
#4026=VERTEX_POINT('',#13124);
#4027=VERTEX_POINT('',#13128);
#4028=VERTEX_POINT('',#13131);
#4029=VERTEX_POINT('',#13135);
#4030=VERTEX_POINT('',#13138);
#4031=VERTEX_POINT('',#13142);
#4032=VERTEX_POINT('',#13145);
#4033=VERTEX_POINT('',#13149);
#4034=VERTEX_POINT('',#13152);
#4035=VERTEX_POINT('',#13156);
#4036=VERTEX_POINT('',#13159);
#4037=VERTEX_POINT('',#13163);
#4038=VERTEX_POINT('',#13166);
#4039=VERTEX_POINT('',#13170);
#4040=VERTEX_POINT('',#13173);
#4041=VERTEX_POINT('',#13177);
#4042=VERTEX_POINT('',#13180);
#4043=VERTEX_POINT('',#13184);
#4044=VERTEX_POINT('',#13187);
#4045=VERTEX_POINT('',#13191);
#4046=VERTEX_POINT('',#13194);
#4047=VERTEX_POINT('',#13198);
#4048=VERTEX_POINT('',#13201);
#4049=VERTEX_POINT('',#13205);
#4050=VERTEX_POINT('',#13208);
#4051=VERTEX_POINT('',#13212);
#4052=VERTEX_POINT('',#13215);
#4053=VERTEX_POINT('',#13219);
#4054=VERTEX_POINT('',#13222);
#4055=VERTEX_POINT('',#13226);
#4056=VERTEX_POINT('',#13229);
#4057=VERTEX_POINT('',#13233);
#4058=VERTEX_POINT('',#13236);
#4059=VERTEX_POINT('',#13240);
#4060=VERTEX_POINT('',#13243);
#4061=VERTEX_POINT('',#13307);
#4062=VERTEX_POINT('',#13309);
#4063=VERTEX_POINT('',#13318);
#4064=VERTEX_POINT('',#13322);
#4065=VERTEX_POINT('',#13329);
#4066=VERTEX_POINT('',#13333);
#4067=VERTEX_POINT('',#13340);
#4068=VERTEX_POINT('',#13344);
#4069=VERTEX_POINT('',#13351);
#4070=VERTEX_POINT('',#13355);
#4071=VERTEX_POINT('',#13362);
#4072=VERTEX_POINT('',#13366);
#4073=VERTEX_POINT('',#13373);
#4074=VERTEX_POINT('',#13377);
#4075=VERTEX_POINT('',#13384);
#4076=VERTEX_POINT('',#13388);
#4077=VERTEX_POINT('',#13395);
#4078=VERTEX_POINT('',#13399);
#4079=VERTEX_POINT('',#13406);
#4080=VERTEX_POINT('',#13408);
#4081=VERTEX_POINT('',#13418);
#4082=VERTEX_POINT('',#13419);
#4083=VERTEX_POINT('',#13421);
#4084=VERTEX_POINT('',#13423);
#4085=VERTEX_POINT('',#13425);
#4086=VERTEX_POINT('',#13427);
#4087=VERTEX_POINT('',#13429);
#4088=VERTEX_POINT('',#13431);
#4089=VERTEX_POINT('',#13433);
#4090=VERTEX_POINT('',#13435);
#4091=VERTEX_POINT('',#13437);
#4092=VERTEX_POINT('',#13439);
#4093=VERTEX_POINT('',#13441);
#4094=VERTEX_POINT('',#13443);
#4095=VERTEX_POINT('',#13445);
#4096=VERTEX_POINT('',#13447);
#4097=VERTEX_POINT('',#13449);
#4098=VERTEX_POINT('',#13451);
#4099=VERTEX_POINT('',#13453);
#4100=VERTEX_POINT('',#13455);
#4101=VERTEX_POINT('',#13457);
#4102=VERTEX_POINT('',#13459);
#4103=VERTEX_POINT('',#13461);
#4104=VERTEX_POINT('',#13463);
#4105=VERTEX_POINT('',#13465);
#4106=VERTEX_POINT('',#13467);
#4107=VERTEX_POINT('',#13469);
#4108=VERTEX_POINT('',#13471);
#4109=VERTEX_POINT('',#13473);
#4110=VERTEX_POINT('',#13475);
#4111=VERTEX_POINT('',#13477);
#4112=VERTEX_POINT('',#13479);
#4113=VERTEX_POINT('',#13481);
#4114=VERTEX_POINT('',#13483);
#4115=VERTEX_POINT('',#13485);
#4116=VERTEX_POINT('',#13487);
#4117=VERTEX_POINT('',#13489);
#4118=VERTEX_POINT('',#13491);
#4119=VERTEX_POINT('',#13493);
#4120=VERTEX_POINT('',#13495);
#4121=VERTEX_POINT('',#13497);
#4122=VERTEX_POINT('',#13499);
#4123=VERTEX_POINT('',#13501);
#4124=VERTEX_POINT('',#13503);
#4125=VERTEX_POINT('',#13505);
#4126=VERTEX_POINT('',#13507);
#4127=VERTEX_POINT('',#13509);
#4128=VERTEX_POINT('',#13511);
#4129=VERTEX_POINT('',#13513);
#4130=VERTEX_POINT('',#13515);
#4131=VERTEX_POINT('',#13517);
#4132=VERTEX_POINT('',#13519);
#4133=VERTEX_POINT('',#13521);
#4134=VERTEX_POINT('',#13523);
#4135=VERTEX_POINT('',#13525);
#4136=VERTEX_POINT('',#13527);
#4137=VERTEX_POINT('',#13529);
#4138=VERTEX_POINT('',#13531);
#4139=VERTEX_POINT('',#13533);
#4140=VERTEX_POINT('',#13535);
#4141=VERTEX_POINT('',#13537);
#4142=VERTEX_POINT('',#13539);
#4143=VERTEX_POINT('',#13541);
#4144=VERTEX_POINT('',#13543);
#4145=VERTEX_POINT('',#13545);
#4146=VERTEX_POINT('',#13547);
#4147=VERTEX_POINT('',#13549);
#4148=VERTEX_POINT('',#13551);
#4149=VERTEX_POINT('',#13553);
#4150=VERTEX_POINT('',#13555);
#4151=VERTEX_POINT('',#13557);
#4152=VERTEX_POINT('',#13559);
#4153=VERTEX_POINT('',#13561);
#4154=VERTEX_POINT('',#13563);
#4155=VERTEX_POINT('',#13565);
#4156=VERTEX_POINT('',#13567);
#4157=VERTEX_POINT('',#13569);
#4158=VERTEX_POINT('',#13571);
#4159=VERTEX_POINT('',#13573);
#4160=VERTEX_POINT('',#13575);
#4161=VERTEX_POINT('',#13577);
#4162=VERTEX_POINT('',#13579);
#4163=VERTEX_POINT('',#13581);
#4164=VERTEX_POINT('',#13583);
#4165=VERTEX_POINT('',#13587);
#4166=VERTEX_POINT('',#13588);
#4167=VERTEX_POINT('',#13590);
#4168=VERTEX_POINT('',#13592);
#4169=VERTEX_POINT('',#13594);
#4170=VERTEX_POINT('',#13596);
#4171=VERTEX_POINT('',#13598);
#4172=VERTEX_POINT('',#13600);
#4173=VERTEX_POINT('',#13602);
#4174=VERTEX_POINT('',#13604);
#4175=VERTEX_POINT('',#13606);
#4176=VERTEX_POINT('',#13608);
#4177=VERTEX_POINT('',#13610);
#4178=VERTEX_POINT('',#13612);
#4179=VERTEX_POINT('',#13614);
#4180=VERTEX_POINT('',#13616);
#4181=VERTEX_POINT('',#13618);
#4182=VERTEX_POINT('',#13620);
#4183=VERTEX_POINT('',#13622);
#4184=VERTEX_POINT('',#13624);
#4185=VERTEX_POINT('',#13626);
#4186=VERTEX_POINT('',#13628);
#4187=VERTEX_POINT('',#13630);
#4188=VERTEX_POINT('',#13632);
#4189=VERTEX_POINT('',#13634);
#4190=VERTEX_POINT('',#13636);
#4191=VERTEX_POINT('',#13638);
#4192=VERTEX_POINT('',#13640);
#4193=VERTEX_POINT('',#13642);
#4194=VERTEX_POINT('',#13644);
#4195=VERTEX_POINT('',#13646);
#4196=VERTEX_POINT('',#13648);
#4197=VERTEX_POINT('',#13650);
#4198=VERTEX_POINT('',#13652);
#4199=VERTEX_POINT('',#13654);
#4200=VERTEX_POINT('',#13656);
#4201=VERTEX_POINT('',#13658);
#4202=VERTEX_POINT('',#13660);
#4203=VERTEX_POINT('',#13662);
#4204=VERTEX_POINT('',#13664);
#4205=VERTEX_POINT('',#13666);
#4206=VERTEX_POINT('',#13668);
#4207=VERTEX_POINT('',#13670);
#4208=VERTEX_POINT('',#13672);
#4209=VERTEX_POINT('',#13674);
#4210=VERTEX_POINT('',#13676);
#4211=VERTEX_POINT('',#13678);
#4212=VERTEX_POINT('',#13680);
#4213=VERTEX_POINT('',#13682);
#4214=VERTEX_POINT('',#13684);
#4215=VERTEX_POINT('',#13686);
#4216=VERTEX_POINT('',#13688);
#4217=VERTEX_POINT('',#13690);
#4218=VERTEX_POINT('',#13692);
#4219=VERTEX_POINT('',#13694);
#4220=VERTEX_POINT('',#13696);
#4221=VERTEX_POINT('',#13698);
#4222=VERTEX_POINT('',#13700);
#4223=VERTEX_POINT('',#13702);
#4224=VERTEX_POINT('',#13704);
#4225=VERTEX_POINT('',#13706);
#4226=VERTEX_POINT('',#13708);
#4227=VERTEX_POINT('',#13710);
#4228=VERTEX_POINT('',#13712);
#4229=VERTEX_POINT('',#13714);
#4230=VERTEX_POINT('',#13716);
#4231=VERTEX_POINT('',#13718);
#4232=VERTEX_POINT('',#13720);
#4233=VERTEX_POINT('',#13722);
#4234=VERTEX_POINT('',#13724);
#4235=VERTEX_POINT('',#13726);
#4236=VERTEX_POINT('',#13728);
#4237=VERTEX_POINT('',#13730);
#4238=VERTEX_POINT('',#13732);
#4239=VERTEX_POINT('',#13734);
#4240=VERTEX_POINT('',#13736);
#4241=VERTEX_POINT('',#13738);
#4242=VERTEX_POINT('',#13740);
#4243=VERTEX_POINT('',#13742);
#4244=VERTEX_POINT('',#13744);
#4245=VERTEX_POINT('',#13746);
#4246=VERTEX_POINT('',#13748);
#4247=VERTEX_POINT('',#13750);
#4248=VERTEX_POINT('',#13752);
#4249=VERTEX_POINT('',#13756);
#4250=VERTEX_POINT('',#13758);
#4251=VERTEX_POINT('',#13760);
#4252=VERTEX_POINT('',#13762);
#4253=VERTEX_POINT('',#13767);
#4254=VERTEX_POINT('',#13770);
#4255=VERTEX_POINT('',#13772);
#4256=VERTEX_POINT('',#13774);
#4257=VERTEX_POINT('',#13778);
#4258=VERTEX_POINT('',#13780);
#4259=VERTEX_POINT('',#13784);
#4260=VERTEX_POINT('',#13786);
#4261=VERTEX_POINT('',#13790);
#4262=VERTEX_POINT('',#13792);
#4263=VERTEX_POINT('',#13796);
#4264=VERTEX_POINT('',#13798);
#4265=VERTEX_POINT('',#13802);
#4266=VERTEX_POINT('',#13804);
#4267=VERTEX_POINT('',#13808);
#4268=VERTEX_POINT('',#13810);
#4269=VERTEX_POINT('',#13814);
#4270=VERTEX_POINT('',#13816);
#4271=VERTEX_POINT('',#13820);
#4272=VERTEX_POINT('',#13822);
#4273=VERTEX_POINT('',#13826);
#4274=VERTEX_POINT('',#13828);
#4275=VERTEX_POINT('',#13832);
#4276=VERTEX_POINT('',#13834);
#4277=VERTEX_POINT('',#13838);
#4278=VERTEX_POINT('',#13840);
#4279=VERTEX_POINT('',#13844);
#4280=VERTEX_POINT('',#13846);
#4281=VERTEX_POINT('',#13850);
#4282=VERTEX_POINT('',#13852);
#4283=VERTEX_POINT('',#13856);
#4284=VERTEX_POINT('',#13858);
#4285=VERTEX_POINT('',#13862);
#4286=VERTEX_POINT('',#13864);
#4287=VERTEX_POINT('',#13868);
#4288=VERTEX_POINT('',#13870);
#4289=VERTEX_POINT('',#13874);
#4290=VERTEX_POINT('',#13876);
#4291=VERTEX_POINT('',#13880);
#4292=VERTEX_POINT('',#13882);
#4293=VERTEX_POINT('',#13886);
#4294=VERTEX_POINT('',#13888);
#4295=VERTEX_POINT('',#13892);
#4296=VERTEX_POINT('',#13894);
#4297=VERTEX_POINT('',#13898);
#4298=VERTEX_POINT('',#13901);
#4299=VERTEX_POINT('',#13903);
#4300=VERTEX_POINT('',#13906);
#4301=VERTEX_POINT('',#13908);
#4302=VERTEX_POINT('',#13911);
#4303=VERTEX_POINT('',#13913);
#4304=VERTEX_POINT('',#13916);
#4305=VERTEX_POINT('',#13918);
#4306=VERTEX_POINT('',#13921);
#4307=VERTEX_POINT('',#13923);
#4308=VERTEX_POINT('',#13926);
#4309=VERTEX_POINT('',#13928);
#4310=VERTEX_POINT('',#13931);
#4311=VERTEX_POINT('',#13933);
#4312=VERTEX_POINT('',#13936);
#4313=VERTEX_POINT('',#13938);
#4314=VERTEX_POINT('',#13941);
#4315=VERTEX_POINT('',#13943);
#4316=VERTEX_POINT('',#13946);
#4317=VERTEX_POINT('',#13951);
#4318=VERTEX_POINT('',#13954);
#4319=VERTEX_POINT('',#13956);
#4320=VERTEX_POINT('',#13958);
#4321=VERTEX_POINT('',#13960);
#4322=VERTEX_POINT('',#13962);
#4323=VERTEX_POINT('',#13964);
#4324=VERTEX_POINT('',#13966);
#4325=VERTEX_POINT('',#13968);
#4326=VERTEX_POINT('',#13970);
#4327=VERTEX_POINT('',#13972);
#4328=VERTEX_POINT('',#13974);
#4329=VERTEX_POINT('',#13976);
#4330=VERTEX_POINT('',#13978);
#4331=VERTEX_POINT('',#13980);
#4332=VERTEX_POINT('',#13982);
#4333=VERTEX_POINT('',#13984);
#4334=VERTEX_POINT('',#13986);
#4335=VERTEX_POINT('',#13988);
#4336=VERTEX_POINT('',#13990);
#4337=VERTEX_POINT('',#13992);
#4338=VERTEX_POINT('',#13994);
#4339=VERTEX_POINT('',#13996);
#4340=VERTEX_POINT('',#13998);
#4341=VERTEX_POINT('',#14000);
#4342=VERTEX_POINT('',#14002);
#4343=VERTEX_POINT('',#14004);
#4344=VERTEX_POINT('',#14006);
#4345=VERTEX_POINT('',#14008);
#4346=VERTEX_POINT('',#14010);
#4347=VERTEX_POINT('',#14012);
#4348=VERTEX_POINT('',#14014);
#4349=VERTEX_POINT('',#14016);
#4350=VERTEX_POINT('',#14018);
#4351=VERTEX_POINT('',#14020);
#4352=VERTEX_POINT('',#14022);
#4353=VERTEX_POINT('',#14024);
#4354=VERTEX_POINT('',#14026);
#4355=VERTEX_POINT('',#14028);
#4356=VERTEX_POINT('',#14030);
#4357=VERTEX_POINT('',#14034);
#4358=VERTEX_POINT('',#14036);
#4359=VERTEX_POINT('',#14040);
#4360=VERTEX_POINT('',#14042);
#4361=VERTEX_POINT('',#14046);
#4362=VERTEX_POINT('',#14048);
#4363=VERTEX_POINT('',#14052);
#4364=VERTEX_POINT('',#14054);
#4365=VERTEX_POINT('',#14058);
#4366=VERTEX_POINT('',#14060);
#4367=VERTEX_POINT('',#14064);
#4368=VERTEX_POINT('',#14066);
#4369=VERTEX_POINT('',#14070);
#4370=VERTEX_POINT('',#14072);
#4371=VERTEX_POINT('',#14076);
#4372=VERTEX_POINT('',#14078);
#4373=VERTEX_POINT('',#14082);
#4374=VERTEX_POINT('',#14084);
#4375=VERTEX_POINT('',#14088);
#4376=VERTEX_POINT('',#14090);
#4377=VERTEX_POINT('',#14124);
#4378=VERTEX_POINT('',#14126);
#4379=VERTEX_POINT('',#14130);
#4380=VERTEX_POINT('',#14132);
#4381=VERTEX_POINT('',#14136);
#4382=VERTEX_POINT('',#14138);
#4383=VERTEX_POINT('',#14142);
#4384=VERTEX_POINT('',#14144);
#4385=VERTEX_POINT('',#14148);
#4386=VERTEX_POINT('',#14150);
#4387=VERTEX_POINT('',#14154);
#4388=VERTEX_POINT('',#14156);
#4389=VERTEX_POINT('',#14160);
#4390=VERTEX_POINT('',#14162);
#4391=VERTEX_POINT('',#14166);
#4392=VERTEX_POINT('',#14168);
#4393=VERTEX_POINT('',#14172);
#4394=VERTEX_POINT('',#14174);
#4395=VERTEX_POINT('',#14178);
#4396=VERTEX_POINT('',#14180);
#4397=VERTEX_POINT('',#14184);
#4398=VERTEX_POINT('',#14186);
#4399=VERTEX_POINT('',#14190);
#4400=VERTEX_POINT('',#14192);
#4401=VERTEX_POINT('',#14196);
#4402=VERTEX_POINT('',#14198);
#4403=VERTEX_POINT('',#14202);
#4404=VERTEX_POINT('',#14204);
#4405=VERTEX_POINT('',#14208);
#4406=VERTEX_POINT('',#14210);
#4407=VERTEX_POINT('',#14214);
#4408=VERTEX_POINT('',#14216);
#4409=VERTEX_POINT('',#14220);
#4410=VERTEX_POINT('',#14222);
#4411=VERTEX_POINT('',#14226);
#4412=VERTEX_POINT('',#14228);
#4413=VERTEX_POINT('',#14232);
#4414=VERTEX_POINT('',#14234);
#4415=VERTEX_POINT('',#14238);
#4416=VERTEX_POINT('',#14240);
#4417=VERTEX_POINT('',#14244);
#4418=VERTEX_POINT('',#14246);
#4419=VERTEX_POINT('',#14250);
#4420=VERTEX_POINT('',#14252);
#4421=VERTEX_POINT('',#14256);
#4422=VERTEX_POINT('',#14258);
#4423=VERTEX_POINT('',#14262);
#4424=VERTEX_POINT('',#14264);
#4425=VERTEX_POINT('',#14268);
#4426=VERTEX_POINT('',#14270);
#4427=VERTEX_POINT('',#14274);
#4428=VERTEX_POINT('',#14276);
#4429=VERTEX_POINT('',#14280);
#4430=VERTEX_POINT('',#14282);
#4431=VERTEX_POINT('',#14286);
#4432=VERTEX_POINT('',#14288);
#4433=VERTEX_POINT('',#14292);
#4434=VERTEX_POINT('',#14294);
#4435=VERTEX_POINT('',#14298);
#4436=VERTEX_POINT('',#14300);
#4437=VERTEX_POINT('',#14304);
#4438=VERTEX_POINT('',#14306);
#4439=VERTEX_POINT('',#14310);
#4440=VERTEX_POINT('',#14312);
#4441=VERTEX_POINT('',#14316);
#4442=VERTEX_POINT('',#14318);
#4443=VERTEX_POINT('',#14322);
#4444=VERTEX_POINT('',#14324);
#4445=VERTEX_POINT('',#14328);
#4446=VERTEX_POINT('',#14330);
#4447=VERTEX_POINT('',#14334);
#4448=VERTEX_POINT('',#14336);
#4449=VERTEX_POINT('',#14340);
#4450=VERTEX_POINT('',#14342);
#4451=VERTEX_POINT('',#14346);
#4452=VERTEX_POINT('',#14348);
#4453=VERTEX_POINT('',#14352);
#4454=VERTEX_POINT('',#14354);
#4455=VERTEX_POINT('',#14358);
#4456=VERTEX_POINT('',#14360);
#4457=VERTEX_POINT('',#14364);
#4458=VERTEX_POINT('',#14366);
#4459=VERTEX_POINT('',#14370);
#4460=VERTEX_POINT('',#14372);
#4461=VERTEX_POINT('',#14376);
#4462=VERTEX_POINT('',#14378);
#4463=VERTEX_POINT('',#14382);
#4464=VERTEX_POINT('',#14384);
#4465=VERTEX_POINT('',#14388);
#4466=VERTEX_POINT('',#14390);
#4467=VERTEX_POINT('',#14394);
#4468=VERTEX_POINT('',#14396);
#4469=VERTEX_POINT('',#14400);
#4470=VERTEX_POINT('',#14402);
#4471=VERTEX_POINT('',#14406);
#4472=VERTEX_POINT('',#14408);
#4473=VERTEX_POINT('',#14412);
#4474=VERTEX_POINT('',#14414);
#4475=VERTEX_POINT('',#14418);
#4476=VERTEX_POINT('',#14420);
#4477=VERTEX_POINT('',#14424);
#4478=VERTEX_POINT('',#14426);
#4479=VERTEX_POINT('',#14430);
#4480=VERTEX_POINT('',#14432);
#4481=VERTEX_POINT('',#14436);
#4482=VERTEX_POINT('',#14438);
#4483=VERTEX_POINT('',#14442);
#4484=VERTEX_POINT('',#14444);
#4485=VERTEX_POINT('',#14448);
#4486=VERTEX_POINT('',#14450);
#4487=VERTEX_POINT('',#14454);
#4488=VERTEX_POINT('',#14456);
#4489=VERTEX_POINT('',#14460);
#4490=VERTEX_POINT('',#14462);
#4491=VERTEX_POINT('',#14466);
#4492=VERTEX_POINT('',#14468);
#4493=VERTEX_POINT('',#14472);
#4494=VERTEX_POINT('',#14474);
#4495=VERTEX_POINT('',#14478);
#4496=VERTEX_POINT('',#14480);
#4497=LINE('',#12276,#5626);
#4498=LINE('',#12279,#5627);
#4499=LINE('',#12281,#5628);
#4500=LINE('',#12283,#5629);
#4501=LINE('',#12285,#5630);
#4502=LINE('',#12288,#5631);
#4503=LINE('',#12290,#5632);
#4504=LINE('',#12292,#5633);
#4505=LINE('',#12294,#5634);
#4506=LINE('',#12297,#5635);
#4507=LINE('',#12299,#5636);
#4508=LINE('',#12301,#5637);
#4509=LINE('',#12303,#5638);
#4510=LINE('',#12306,#5639);
#4511=LINE('',#12308,#5640);
#4512=LINE('',#12310,#5641);
#4513=LINE('',#12312,#5642);
#4514=LINE('',#12315,#5643);
#4515=LINE('',#12317,#5644);
#4516=LINE('',#12319,#5645);
#4517=LINE('',#12321,#5646);
#4518=LINE('',#12324,#5647);
#4519=LINE('',#12326,#5648);
#4520=LINE('',#12328,#5649);
#4521=LINE('',#12330,#5650);
#4522=LINE('',#12333,#5651);
#4523=LINE('',#12335,#5652);
#4524=LINE('',#12337,#5653);
#4525=LINE('',#12339,#5654);
#4526=LINE('',#12342,#5655);
#4527=LINE('',#12344,#5656);
#4528=LINE('',#12346,#5657);
#4529=LINE('',#12348,#5658);
#4530=LINE('',#12351,#5659);
#4531=LINE('',#12353,#5660);
#4532=LINE('',#12355,#5661);
#4533=LINE('',#12357,#5662);
#4534=LINE('',#12360,#5663);
#4535=LINE('',#12362,#5664);
#4536=LINE('',#12364,#5665);
#4537=LINE('',#12366,#5666);
#4538=LINE('',#12369,#5667);
#4539=LINE('',#12371,#5668);
#4540=LINE('',#12373,#5669);
#4541=LINE('',#12375,#5670);
#4542=LINE('',#12377,#5671);
#4543=LINE('',#12379,#5672);
#4544=LINE('',#12381,#5673);
#4545=LINE('',#12384,#5674);
#4546=LINE('',#12386,#5675);
#4547=LINE('',#12388,#5676);
#4548=LINE('',#12390,#5677);
#4549=LINE('',#12393,#5678);
#4550=LINE('',#12395,#5679);
#4551=LINE('',#12397,#5680);
#4552=LINE('',#12399,#5681);
#4553=LINE('',#12402,#5682);
#4554=LINE('',#12404,#5683);
#4555=LINE('',#12406,#5684);
#4556=LINE('',#12408,#5685);
#4557=LINE('',#12411,#5686);
#4558=LINE('',#12413,#5687);
#4559=LINE('',#12415,#5688);
#4560=LINE('',#12417,#5689);
#4561=LINE('',#12420,#5690);
#4562=LINE('',#12422,#5691);
#4563=LINE('',#12424,#5692);
#4564=LINE('',#12426,#5693);
#4565=LINE('',#12429,#5694);
#4566=LINE('',#12431,#5695);
#4567=LINE('',#12433,#5696);
#4568=LINE('',#12435,#5697);
#4569=LINE('',#12438,#5698);
#4570=LINE('',#12440,#5699);
#4571=LINE('',#12442,#5700);
#4572=LINE('',#12444,#5701);
#4573=LINE('',#12447,#5702);
#4574=LINE('',#12449,#5703);
#4575=LINE('',#12451,#5704);
#4576=LINE('',#12453,#5705);
#4577=LINE('',#12456,#5706);
#4578=LINE('',#12458,#5707);
#4579=LINE('',#12460,#5708);
#4580=LINE('',#12462,#5709);
#4581=LINE('',#12465,#5710);
#4582=LINE('',#12467,#5711);
#4583=LINE('',#12469,#5712);
#4584=LINE('',#12471,#5713);
#4585=LINE('',#12473,#5714);
#4586=LINE('',#12475,#5715);
#4587=LINE('',#12477,#5716);
#4588=LINE('',#12479,#5717);
#4589=LINE('',#12481,#5718);
#4590=LINE('',#12483,#5719);
#4591=LINE('',#12485,#5720);
#4592=LINE('',#12487,#5721);
#4593=LINE('',#12489,#5722);
#4594=LINE('',#12491,#5723);
#4595=LINE('',#12493,#5724);
#4596=LINE('',#12495,#5725);
#4597=LINE('',#12497,#5726);
#4598=LINE('',#12499,#5727);
#4599=LINE('',#12501,#5728);
#4600=LINE('',#12503,#5729);
#4601=LINE('',#12505,#5730);
#4602=LINE('',#12507,#5731);
#4603=LINE('',#12509,#5732);
#4604=LINE('',#12511,#5733);
#4605=LINE('',#12513,#5734);
#4606=LINE('',#12515,#5735);
#4607=LINE('',#12517,#5736);
#4608=LINE('',#12519,#5737);
#4609=LINE('',#12521,#5738);
#4610=LINE('',#12523,#5739);
#4611=LINE('',#12525,#5740);
#4612=LINE('',#12527,#5741);
#4613=LINE('',#12529,#5742);
#4614=LINE('',#12531,#5743);
#4615=LINE('',#12533,#5744);
#4616=LINE('',#12535,#5745);
#4617=LINE('',#12537,#5746);
#4618=LINE('',#12539,#5747);
#4619=LINE('',#12541,#5748);
#4620=LINE('',#12543,#5749);
#4621=LINE('',#12545,#5750);
#4622=LINE('',#12547,#5751);
#4623=LINE('',#12548,#5752);
#4624=LINE('',#12550,#5753);
#4625=LINE('',#12552,#5754);
#4626=LINE('',#12553,#5755);
#4627=LINE('',#12555,#5756);
#4628=LINE('',#12557,#5757);
#4629=LINE('',#12558,#5758);
#4630=LINE('',#12560,#5759);
#4631=LINE('',#12562,#5760);
#4632=LINE('',#12563,#5761);
#4633=LINE('',#12565,#5762);
#4634=LINE('',#12567,#5763);
#4635=LINE('',#12568,#5764);
#4636=LINE('',#12570,#5765);
#4637=LINE('',#12572,#5766);
#4638=LINE('',#12573,#5767);
#4639=LINE('',#12575,#5768);
#4640=LINE('',#12577,#5769);
#4641=LINE('',#12578,#5770);
#4642=LINE('',#12580,#5771);
#4643=LINE('',#12582,#5772);
#4644=LINE('',#12583,#5773);
#4645=LINE('',#12585,#5774);
#4646=LINE('',#12587,#5775);
#4647=LINE('',#12588,#5776);
#4648=LINE('',#12590,#5777);
#4649=LINE('',#12592,#5778);
#4650=LINE('',#12593,#5779);
#4651=LINE('',#12595,#5780);
#4652=LINE('',#12597,#5781);
#4653=LINE('',#12599,#5782);
#4654=LINE('',#12602,#5783);
#4655=LINE('',#12604,#5784);
#4656=LINE('',#12606,#5785);
#4657=LINE('',#12608,#5786);
#4658=LINE('',#12611,#5787);
#4659=LINE('',#12613,#5788);
#4660=LINE('',#12615,#5789);
#4661=LINE('',#12617,#5790);
#4662=LINE('',#12620,#5791);
#4663=LINE('',#12622,#5792);
#4664=LINE('',#12624,#5793);
#4665=LINE('',#12626,#5794);
#4666=LINE('',#12629,#5795);
#4667=LINE('',#12631,#5796);
#4668=LINE('',#12633,#5797);
#4669=LINE('',#12635,#5798);
#4670=LINE('',#12638,#5799);
#4671=LINE('',#12640,#5800);
#4672=LINE('',#12642,#5801);
#4673=LINE('',#12644,#5802);
#4674=LINE('',#12647,#5803);
#4675=LINE('',#12649,#5804);
#4676=LINE('',#12651,#5805);
#4677=LINE('',#12653,#5806);
#4678=LINE('',#12656,#5807);
#4679=LINE('',#12658,#5808);
#4680=LINE('',#12660,#5809);
#4681=LINE('',#12662,#5810);
#4682=LINE('',#12665,#5811);
#4683=LINE('',#12667,#5812);
#4684=LINE('',#12669,#5813);
#4685=LINE('',#12671,#5814);
#4686=LINE('',#12674,#5815);
#4687=LINE('',#12676,#5816);
#4688=LINE('',#12678,#5817);
#4689=LINE('',#12680,#5818);
#4690=LINE('',#12683,#5819);
#4691=LINE('',#12685,#5820);
#4692=LINE('',#12687,#5821);
#4693=LINE('',#12689,#5822);
#4694=LINE('',#12691,#5823);
#4695=LINE('',#12693,#5824);
#4696=LINE('',#12695,#5825);
#4697=LINE('',#12697,#5826);
#4698=LINE('',#12699,#5827);
#4699=LINE('',#12701,#5828);
#4700=LINE('',#12703,#5829);
#4701=LINE('',#12705,#5830);
#4702=LINE('',#12707,#5831);
#4703=LINE('',#12709,#5832);
#4704=LINE('',#12711,#5833);
#4705=LINE('',#12713,#5834);
#4706=LINE('',#12715,#5835);
#4707=LINE('',#12717,#5836);
#4708=LINE('',#12719,#5837);
#4709=LINE('',#12721,#5838);
#4710=LINE('',#12723,#5839);
#4711=LINE('',#12725,#5840);
#4712=LINE('',#12727,#5841);
#4713=LINE('',#12729,#5842);
#4714=LINE('',#12731,#5843);
#4715=LINE('',#12733,#5844);
#4716=LINE('',#12735,#5845);
#4717=LINE('',#12737,#5846);
#4718=LINE('',#12739,#5847);
#4719=LINE('',#12741,#5848);
#4720=LINE('',#12743,#5849);
#4721=LINE('',#12745,#5850);
#4722=LINE('',#12747,#5851);
#4723=LINE('',#12749,#5852);
#4724=LINE('',#12751,#5853);
#4725=LINE('',#12753,#5854);
#4726=LINE('',#12755,#5855);
#4727=LINE('',#12758,#5856);
#4728=LINE('',#12759,#5857);
#4729=LINE('',#12761,#5858);
#4730=LINE('',#12763,#5859);
#4731=LINE('',#12764,#5860);
#4732=LINE('',#12766,#5861);
#4733=LINE('',#12768,#5862);
#4734=LINE('',#12769,#5863);
#4735=LINE('',#12771,#5864);
#4736=LINE('',#12773,#5865);
#4737=LINE('',#12774,#5866);
#4738=LINE('',#12776,#5867);
#4739=LINE('',#12778,#5868);
#4740=LINE('',#12779,#5869);
#4741=LINE('',#12781,#5870);
#4742=LINE('',#12783,#5871);
#4743=LINE('',#12784,#5872);
#4744=LINE('',#12786,#5873);
#4745=LINE('',#12788,#5874);
#4746=LINE('',#12789,#5875);
#4747=LINE('',#12791,#5876);
#4748=LINE('',#12793,#5877);
#4749=LINE('',#12794,#5878);
#4750=LINE('',#12796,#5879);
#4751=LINE('',#12798,#5880);
#4752=LINE('',#12799,#5881);
#4753=LINE('',#12801,#5882);
#4754=LINE('',#12803,#5883);
#4755=LINE('',#12804,#5884);
#4756=LINE('',#12806,#5885);
#4757=LINE('',#12808,#5886);
#4758=LINE('',#12809,#5887);
#4759=LINE('',#12811,#5888);
#4760=LINE('',#12813,#5889);
#4761=LINE('',#12815,#5890);
#4762=LINE('',#12817,#5891);
#4763=LINE('',#12819,#5892);
#4764=LINE('',#12821,#5893);
#4765=LINE('',#12823,#5894);
#4766=LINE('',#12826,#5895);
#4767=LINE('',#12828,#5896);
#4768=LINE('',#12830,#5897);
#4769=LINE('',#12832,#5898);
#4770=LINE('',#12834,#5899);
#4771=LINE('',#12836,#5900);
#4772=LINE('',#12838,#5901);
#4773=LINE('',#12840,#5902);
#4774=LINE('',#12842,#5903);
#4775=LINE('',#12844,#5904);
#4776=LINE('',#12845,#5905);
#4777=LINE('',#12847,#5906);
#4778=LINE('',#12849,#5907);
#4779=LINE('',#12853,#5908);
#4780=LINE('',#12857,#5909);
#4781=LINE('',#12859,#5910);
#4782=LINE('',#12861,#5911);
#4783=LINE('',#12862,#5912);
#4784=LINE('',#12864,#5913);
#4785=LINE('',#12866,#5914);
#4786=LINE('',#12868,#5915);
#4787=LINE('',#12870,#5916);
#4788=LINE('',#12872,#5917);
#4789=LINE('',#12874,#5918);
#4790=LINE('',#12876,#5919);
#4791=LINE('',#12878,#5920);
#4792=LINE('',#12880,#5921);
#4793=LINE('',#12882,#5922);
#4794=LINE('',#12886,#5923);
#4795=LINE('',#12890,#5924);
#4796=LINE('',#12892,#5925);
#4797=LINE('',#12894,#5926);
#4798=LINE('',#12896,#5927);
#4799=LINE('',#12897,#5928);
#4800=LINE('',#12899,#5929);
#4801=LINE('',#12901,#5930);
#4802=LINE('',#12903,#5931);
#4803=LINE('',#12905,#5932);
#4804=LINE('',#12908,#5933);
#4805=LINE('',#12910,#5934);
#4806=LINE('',#12912,#5935);
#4807=LINE('',#12914,#5936);
#4808=LINE('',#12915,#5937);
#4809=LINE('',#12917,#5938);
#4810=LINE('',#12919,#5939);
#4811=LINE('',#12921,#5940);
#4812=LINE('',#12923,#5941);
#4813=LINE('',#12924,#5942);
#4814=LINE('',#12928,#5943);
#4815=LINE('',#12930,#5944);
#4816=LINE('',#12932,#5945);
#4817=LINE('',#12934,#5946);
#4818=LINE('',#12937,#5947);
#4819=LINE('',#12939,#5948);
#4820=LINE('',#12941,#5949);
#4821=LINE('',#12943,#5950);
#4822=LINE('',#12945,#5951);
#4823=LINE('',#12946,#5952);
#4824=LINE('',#12948,#5953);
#4825=LINE('',#12950,#5954);
#4826=LINE('',#12952,#5955);
#4827=LINE('',#12953,#5956);
#4828=LINE('',#12957,#5957);
#4829=LINE('',#12959,#5958);
#4830=LINE('',#12961,#5959);
#4831=LINE('',#12963,#5960);
#4832=LINE('',#12965,#5961);
#4833=LINE('',#12967,#5962);
#4834=LINE('',#12968,#5963);
#4835=LINE('',#12970,#5964);
#4836=LINE('',#12972,#5965);
#4837=LINE('',#12974,#5966);
#4838=LINE('',#12976,#5967);
#4839=LINE('',#12978,#5968);
#4840=LINE('',#12980,#5969);
#4841=LINE('',#12982,#5970);
#4842=LINE('',#12984,#5971);
#4843=LINE('',#12986,#5972);
#4844=LINE('',#12989,#5973);
#4845=LINE('',#12992,#5974);
#4846=LINE('',#12994,#5975);
#4847=LINE('',#12996,#5976);
#4848=LINE('',#12998,#5977);
#4849=LINE('',#13001,#5978);
#4850=LINE('',#13002,#5979);
#4851=LINE('',#13003,#5980);
#4852=LINE('',#13004,#5981);
#4853=LINE('',#13006,#5982);
#4854=LINE('',#13008,#5983);
#4855=LINE('',#13009,#5984);
#4856=LINE('',#13011,#5985);
#4857=LINE('',#13013,#5986);
#4858=LINE('',#13014,#5987);
#4859=LINE('',#13016,#5988);
#4860=LINE('',#13018,#5989);
#4861=LINE('',#13019,#5990);
#4862=LINE('',#13021,#5991);
#4863=LINE('',#13023,#5992);
#4864=LINE('',#13024,#5993);
#4865=LINE('',#13026,#5994);
#4866=LINE('',#13028,#5995);
#4867=LINE('',#13029,#5996);
#4868=LINE('',#13031,#5997);
#4869=LINE('',#13033,#5998);
#4870=LINE('',#13034,#5999);
#4871=LINE('',#13036,#6000);
#4872=LINE('',#13038,#6001);
#4873=LINE('',#13039,#6002);
#4874=LINE('',#13041,#6003);
#4875=LINE('',#13043,#6004);
#4876=LINE('',#13044,#6005);
#4877=LINE('',#13046,#6006);
#4878=LINE('',#13048,#6007);
#4879=LINE('',#13049,#6008);
#4880=LINE('',#13051,#6009);
#4881=LINE('',#13054,#6010);
#4882=LINE('',#13055,#6011);
#4883=LINE('',#13056,#6012);
#4884=LINE('',#13057,#6013);
#4885=LINE('',#13059,#6014);
#4886=LINE('',#13061,#6015);
#4887=LINE('',#13062,#6016);
#4888=LINE('',#13064,#6017);
#4889=LINE('',#13066,#6018);
#4890=LINE('',#13067,#6019);
#4891=LINE('',#13069,#6020);
#4892=LINE('',#13071,#6021);
#4893=LINE('',#13072,#6022);
#4894=LINE('',#13074,#6023);
#4895=LINE('',#13076,#6024);
#4896=LINE('',#13077,#6025);
#4897=LINE('',#13079,#6026);
#4898=LINE('',#13081,#6027);
#4899=LINE('',#13082,#6028);
#4900=LINE('',#13084,#6029);
#4901=LINE('',#13086,#6030);
#4902=LINE('',#13087,#6031);
#4903=LINE('',#13089,#6032);
#4904=LINE('',#13091,#6033);
#4905=LINE('',#13092,#6034);
#4906=LINE('',#13094,#6035);
#4907=LINE('',#13096,#6036);
#4908=LINE('',#13097,#6037);
#4909=LINE('',#13099,#6038);
#4910=LINE('',#13101,#6039);
#4911=LINE('',#13102,#6040);
#4912=LINE('',#13106,#6041);
#4913=LINE('',#13108,#6042);
#4914=LINE('',#13109,#6043);
#4915=LINE('',#13111,#6044);
#4916=LINE('',#13113,#6045);
#4917=LINE('',#13115,#6046);
#4918=LINE('',#13116,#6047);
#4919=LINE('',#13118,#6048);
#4920=LINE('',#13120,#6049);
#4921=LINE('',#13122,#6050);
#4922=LINE('',#13123,#6051);
#4923=LINE('',#13125,#6052);
#4924=LINE('',#13127,#6053);
#4925=LINE('',#13129,#6054);
#4926=LINE('',#13130,#6055);
#4927=LINE('',#13132,#6056);
#4928=LINE('',#13134,#6057);
#4929=LINE('',#13136,#6058);
#4930=LINE('',#13137,#6059);
#4931=LINE('',#13139,#6060);
#4932=LINE('',#13141,#6061);
#4933=LINE('',#13143,#6062);
#4934=LINE('',#13144,#6063);
#4935=LINE('',#13146,#6064);
#4936=LINE('',#13148,#6065);
#4937=LINE('',#13150,#6066);
#4938=LINE('',#13151,#6067);
#4939=LINE('',#13153,#6068);
#4940=LINE('',#13155,#6069);
#4941=LINE('',#13157,#6070);
#4942=LINE('',#13158,#6071);
#4943=LINE('',#13160,#6072);
#4944=LINE('',#13162,#6073);
#4945=LINE('',#13164,#6074);
#4946=LINE('',#13165,#6075);
#4947=LINE('',#13167,#6076);
#4948=LINE('',#13169,#6077);
#4949=LINE('',#13171,#6078);
#4950=LINE('',#13172,#6079);
#4951=LINE('',#13174,#6080);
#4952=LINE('',#13176,#6081);
#4953=LINE('',#13178,#6082);
#4954=LINE('',#13179,#6083);
#4955=LINE('',#13181,#6084);
#4956=LINE('',#13183,#6085);
#4957=LINE('',#13185,#6086);
#4958=LINE('',#13186,#6087);
#4959=LINE('',#13188,#6088);
#4960=LINE('',#13190,#6089);
#4961=LINE('',#13192,#6090);
#4962=LINE('',#13193,#6091);
#4963=LINE('',#13195,#6092);
#4964=LINE('',#13197,#6093);
#4965=LINE('',#13199,#6094);
#4966=LINE('',#13200,#6095);
#4967=LINE('',#13202,#6096);
#4968=LINE('',#13204,#6097);
#4969=LINE('',#13206,#6098);
#4970=LINE('',#13207,#6099);
#4971=LINE('',#13209,#6100);
#4972=LINE('',#13211,#6101);
#4973=LINE('',#13213,#6102);
#4974=LINE('',#13214,#6103);
#4975=LINE('',#13216,#6104);
#4976=LINE('',#13218,#6105);
#4977=LINE('',#13220,#6106);
#4978=LINE('',#13221,#6107);
#4979=LINE('',#13223,#6108);
#4980=LINE('',#13225,#6109);
#4981=LINE('',#13227,#6110);
#4982=LINE('',#13228,#6111);
#4983=LINE('',#13230,#6112);
#4984=LINE('',#13232,#6113);
#4985=LINE('',#13234,#6114);
#4986=LINE('',#13235,#6115);
#4987=LINE('',#13237,#6116);
#4988=LINE('',#13239,#6117);
#4989=LINE('',#13241,#6118);
#4990=LINE('',#13242,#6119);
#4991=LINE('',#13244,#6120);
#4992=LINE('',#13246,#6121);
#4993=LINE('',#13249,#6122);
#4994=LINE('',#13252,#6123);
#4995=LINE('',#13255,#6124);
#4996=LINE('',#13258,#6125);
#4997=LINE('',#13261,#6126);
#4998=LINE('',#13264,#6127);
#4999=LINE('',#13267,#6128);
#5000=LINE('',#13270,#6129);
#5001=LINE('',#13273,#6130);
#5002=LINE('',#13276,#6131);
#5003=LINE('',#13279,#6132);
#5004=LINE('',#13282,#6133);
#5005=LINE('',#13285,#6134);
#5006=LINE('',#13288,#6135);
#5007=LINE('',#13291,#6136);
#5008=LINE('',#13294,#6137);
#5009=LINE('',#13297,#6138);
#5010=LINE('',#13300,#6139);
#5011=LINE('',#13303,#6140);
#5012=LINE('',#13306,#6141);
#5013=LINE('',#13308,#6142);
#5014=LINE('',#13310,#6143);
#5015=LINE('',#13312,#6144);
#5016=LINE('',#13314,#6145);
#5017=LINE('',#13317,#6146);
#5018=LINE('',#13319,#6147);
#5019=LINE('',#13321,#6148);
#5020=LINE('',#13323,#6149);
#5021=LINE('',#13325,#6150);
#5022=LINE('',#13328,#6151);
#5023=LINE('',#13330,#6152);
#5024=LINE('',#13332,#6153);
#5025=LINE('',#13334,#6154);
#5026=LINE('',#13336,#6155);
#5027=LINE('',#13339,#6156);
#5028=LINE('',#13341,#6157);
#5029=LINE('',#13343,#6158);
#5030=LINE('',#13345,#6159);
#5031=LINE('',#13347,#6160);
#5032=LINE('',#13350,#6161);
#5033=LINE('',#13352,#6162);
#5034=LINE('',#13354,#6163);
#5035=LINE('',#13356,#6164);
#5036=LINE('',#13358,#6165);
#5037=LINE('',#13361,#6166);
#5038=LINE('',#13363,#6167);
#5039=LINE('',#13365,#6168);
#5040=LINE('',#13367,#6169);
#5041=LINE('',#13369,#6170);
#5042=LINE('',#13372,#6171);
#5043=LINE('',#13374,#6172);
#5044=LINE('',#13376,#6173);
#5045=LINE('',#13378,#6174);
#5046=LINE('',#13380,#6175);
#5047=LINE('',#13383,#6176);
#5048=LINE('',#13385,#6177);
#5049=LINE('',#13387,#6178);
#5050=LINE('',#13389,#6179);
#5051=LINE('',#13391,#6180);
#5052=LINE('',#13394,#6181);
#5053=LINE('',#13396,#6182);
#5054=LINE('',#13398,#6183);
#5055=LINE('',#13400,#6184);
#5056=LINE('',#13402,#6185);
#5057=LINE('',#13405,#6186);
#5058=LINE('',#13407,#6187);
#5059=LINE('',#13409,#6188);
#5060=LINE('',#13411,#6189);
#5061=LINE('',#13413,#6190);
#5062=LINE('',#13417,#6191);
#5063=LINE('',#13420,#6192);
#5064=LINE('',#13422,#6193);
#5065=LINE('',#13424,#6194);
#5066=LINE('',#13426,#6195);
#5067=LINE('',#13428,#6196);
#5068=LINE('',#13430,#6197);
#5069=LINE('',#13432,#6198);
#5070=LINE('',#13434,#6199);
#5071=LINE('',#13436,#6200);
#5072=LINE('',#13438,#6201);
#5073=LINE('',#13440,#6202);
#5074=LINE('',#13442,#6203);
#5075=LINE('',#13444,#6204);
#5076=LINE('',#13446,#6205);
#5077=LINE('',#13448,#6206);
#5078=LINE('',#13450,#6207);
#5079=LINE('',#13452,#6208);
#5080=LINE('',#13454,#6209);
#5081=LINE('',#13456,#6210);
#5082=LINE('',#13458,#6211);
#5083=LINE('',#13460,#6212);
#5084=LINE('',#13462,#6213);
#5085=LINE('',#13464,#6214);
#5086=LINE('',#13466,#6215);
#5087=LINE('',#13468,#6216);
#5088=LINE('',#13470,#6217);
#5089=LINE('',#13472,#6218);
#5090=LINE('',#13474,#6219);
#5091=LINE('',#13476,#6220);
#5092=LINE('',#13478,#6221);
#5093=LINE('',#13480,#6222);
#5094=LINE('',#13482,#6223);
#5095=LINE('',#13484,#6224);
#5096=LINE('',#13486,#6225);
#5097=LINE('',#13488,#6226);
#5098=LINE('',#13490,#6227);
#5099=LINE('',#13492,#6228);
#5100=LINE('',#13494,#6229);
#5101=LINE('',#13496,#6230);
#5102=LINE('',#13498,#6231);
#5103=LINE('',#13500,#6232);
#5104=LINE('',#13502,#6233);
#5105=LINE('',#13504,#6234);
#5106=LINE('',#13506,#6235);
#5107=LINE('',#13508,#6236);
#5108=LINE('',#13510,#6237);
#5109=LINE('',#13512,#6238);
#5110=LINE('',#13514,#6239);
#5111=LINE('',#13516,#6240);
#5112=LINE('',#13518,#6241);
#5113=LINE('',#13520,#6242);
#5114=LINE('',#13522,#6243);
#5115=LINE('',#13524,#6244);
#5116=LINE('',#13526,#6245);
#5117=LINE('',#13528,#6246);
#5118=LINE('',#13530,#6247);
#5119=LINE('',#13532,#6248);
#5120=LINE('',#13534,#6249);
#5121=LINE('',#13536,#6250);
#5122=LINE('',#13538,#6251);
#5123=LINE('',#13540,#6252);
#5124=LINE('',#13542,#6253);
#5125=LINE('',#13544,#6254);
#5126=LINE('',#13546,#6255);
#5127=LINE('',#13548,#6256);
#5128=LINE('',#13550,#6257);
#5129=LINE('',#13552,#6258);
#5130=LINE('',#13554,#6259);
#5131=LINE('',#13556,#6260);
#5132=LINE('',#13558,#6261);
#5133=LINE('',#13560,#6262);
#5134=LINE('',#13562,#6263);
#5135=LINE('',#13564,#6264);
#5136=LINE('',#13566,#6265);
#5137=LINE('',#13568,#6266);
#5138=LINE('',#13570,#6267);
#5139=LINE('',#13572,#6268);
#5140=LINE('',#13574,#6269);
#5141=LINE('',#13576,#6270);
#5142=LINE('',#13578,#6271);
#5143=LINE('',#13580,#6272);
#5144=LINE('',#13582,#6273);
#5145=LINE('',#13584,#6274);
#5146=LINE('',#13586,#6275);
#5147=LINE('',#13589,#6276);
#5148=LINE('',#13591,#6277);
#5149=LINE('',#13593,#6278);
#5150=LINE('',#13595,#6279);
#5151=LINE('',#13597,#6280);
#5152=LINE('',#13599,#6281);
#5153=LINE('',#13601,#6282);
#5154=LINE('',#13603,#6283);
#5155=LINE('',#13605,#6284);
#5156=LINE('',#13607,#6285);
#5157=LINE('',#13609,#6286);
#5158=LINE('',#13611,#6287);
#5159=LINE('',#13613,#6288);
#5160=LINE('',#13615,#6289);
#5161=LINE('',#13617,#6290);
#5162=LINE('',#13619,#6291);
#5163=LINE('',#13621,#6292);
#5164=LINE('',#13623,#6293);
#5165=LINE('',#13625,#6294);
#5166=LINE('',#13627,#6295);
#5167=LINE('',#13629,#6296);
#5168=LINE('',#13631,#6297);
#5169=LINE('',#13633,#6298);
#5170=LINE('',#13635,#6299);
#5171=LINE('',#13637,#6300);
#5172=LINE('',#13639,#6301);
#5173=LINE('',#13641,#6302);
#5174=LINE('',#13643,#6303);
#5175=LINE('',#13645,#6304);
#5176=LINE('',#13647,#6305);
#5177=LINE('',#13649,#6306);
#5178=LINE('',#13651,#6307);
#5179=LINE('',#13653,#6308);
#5180=LINE('',#13655,#6309);
#5181=LINE('',#13657,#6310);
#5182=LINE('',#13659,#6311);
#5183=LINE('',#13661,#6312);
#5184=LINE('',#13663,#6313);
#5185=LINE('',#13665,#6314);
#5186=LINE('',#13667,#6315);
#5187=LINE('',#13669,#6316);
#5188=LINE('',#13671,#6317);
#5189=LINE('',#13673,#6318);
#5190=LINE('',#13675,#6319);
#5191=LINE('',#13677,#6320);
#5192=LINE('',#13679,#6321);
#5193=LINE('',#13681,#6322);
#5194=LINE('',#13683,#6323);
#5195=LINE('',#13685,#6324);
#5196=LINE('',#13687,#6325);
#5197=LINE('',#13689,#6326);
#5198=LINE('',#13691,#6327);
#5199=LINE('',#13693,#6328);
#5200=LINE('',#13695,#6329);
#5201=LINE('',#13697,#6330);
#5202=LINE('',#13699,#6331);
#5203=LINE('',#13701,#6332);
#5204=LINE('',#13703,#6333);
#5205=LINE('',#13705,#6334);
#5206=LINE('',#13707,#6335);
#5207=LINE('',#13709,#6336);
#5208=LINE('',#13711,#6337);
#5209=LINE('',#13713,#6338);
#5210=LINE('',#13715,#6339);
#5211=LINE('',#13717,#6340);
#5212=LINE('',#13719,#6341);
#5213=LINE('',#13721,#6342);
#5214=LINE('',#13723,#6343);
#5215=LINE('',#13725,#6344);
#5216=LINE('',#13727,#6345);
#5217=LINE('',#13729,#6346);
#5218=LINE('',#13731,#6347);
#5219=LINE('',#13733,#6348);
#5220=LINE('',#13735,#6349);
#5221=LINE('',#13737,#6350);
#5222=LINE('',#13739,#6351);
#5223=LINE('',#13741,#6352);
#5224=LINE('',#13743,#6353);
#5225=LINE('',#13745,#6354);
#5226=LINE('',#13747,#6355);
#5227=LINE('',#13749,#6356);
#5228=LINE('',#13751,#6357);
#5229=LINE('',#13753,#6358);
#5230=LINE('',#13755,#6359);
#5231=LINE('',#13757,#6360);
#5232=LINE('',#13759,#6361);
#5233=LINE('',#13761,#6362);
#5234=LINE('',#13763,#6363);
#5235=LINE('',#13764,#6364);
#5236=LINE('',#13766,#6365);
#5237=LINE('',#13768,#6366);
#5238=LINE('',#13769,#6367);
#5239=LINE('',#13771,#6368);
#5240=LINE('',#13773,#6369);
#5241=LINE('',#13775,#6370);
#5242=LINE('',#13777,#6371);
#5243=LINE('',#13779,#6372);
#5244=LINE('',#13781,#6373);
#5245=LINE('',#13783,#6374);
#5246=LINE('',#13785,#6375);
#5247=LINE('',#13787,#6376);
#5248=LINE('',#13789,#6377);
#5249=LINE('',#13791,#6378);
#5250=LINE('',#13793,#6379);
#5251=LINE('',#13795,#6380);
#5252=LINE('',#13797,#6381);
#5253=LINE('',#13799,#6382);
#5254=LINE('',#13801,#6383);
#5255=LINE('',#13803,#6384);
#5256=LINE('',#13805,#6385);
#5257=LINE('',#13807,#6386);
#5258=LINE('',#13809,#6387);
#5259=LINE('',#13811,#6388);
#5260=LINE('',#13813,#6389);
#5261=LINE('',#13815,#6390);
#5262=LINE('',#13817,#6391);
#5263=LINE('',#13819,#6392);
#5264=LINE('',#13821,#6393);
#5265=LINE('',#13823,#6394);
#5266=LINE('',#13825,#6395);
#5267=LINE('',#13827,#6396);
#5268=LINE('',#13829,#6397);
#5269=LINE('',#13831,#6398);
#5270=LINE('',#13833,#6399);
#5271=LINE('',#13835,#6400);
#5272=LINE('',#13837,#6401);
#5273=LINE('',#13839,#6402);
#5274=LINE('',#13841,#6403);
#5275=LINE('',#13843,#6404);
#5276=LINE('',#13845,#6405);
#5277=LINE('',#13847,#6406);
#5278=LINE('',#13849,#6407);
#5279=LINE('',#13851,#6408);
#5280=LINE('',#13853,#6409);
#5281=LINE('',#13855,#6410);
#5282=LINE('',#13857,#6411);
#5283=LINE('',#13859,#6412);
#5284=LINE('',#13861,#6413);
#5285=LINE('',#13863,#6414);
#5286=LINE('',#13865,#6415);
#5287=LINE('',#13867,#6416);
#5288=LINE('',#13869,#6417);
#5289=LINE('',#13871,#6418);
#5290=LINE('',#13873,#6419);
#5291=LINE('',#13875,#6420);
#5292=LINE('',#13877,#6421);
#5293=LINE('',#13879,#6422);
#5294=LINE('',#13881,#6423);
#5295=LINE('',#13883,#6424);
#5296=LINE('',#13885,#6425);
#5297=LINE('',#13887,#6426);
#5298=LINE('',#13889,#6427);
#5299=LINE('',#13891,#6428);
#5300=LINE('',#13893,#6429);
#5301=LINE('',#13895,#6430);
#5302=LINE('',#13897,#6431);
#5303=LINE('',#13899,#6432);
#5304=LINE('',#13900,#6433);
#5305=LINE('',#13902,#6434);
#5306=LINE('',#13904,#6435);
#5307=LINE('',#13905,#6436);
#5308=LINE('',#13907,#6437);
#5309=LINE('',#13909,#6438);
#5310=LINE('',#13910,#6439);
#5311=LINE('',#13912,#6440);
#5312=LINE('',#13914,#6441);
#5313=LINE('',#13915,#6442);
#5314=LINE('',#13917,#6443);
#5315=LINE('',#13919,#6444);
#5316=LINE('',#13920,#6445);
#5317=LINE('',#13922,#6446);
#5318=LINE('',#13924,#6447);
#5319=LINE('',#13925,#6448);
#5320=LINE('',#13927,#6449);
#5321=LINE('',#13929,#6450);
#5322=LINE('',#13930,#6451);
#5323=LINE('',#13932,#6452);
#5324=LINE('',#13934,#6453);
#5325=LINE('',#13935,#6454);
#5326=LINE('',#13937,#6455);
#5327=LINE('',#13939,#6456);
#5328=LINE('',#13940,#6457);
#5329=LINE('',#13942,#6458);
#5330=LINE('',#13944,#6459);
#5331=LINE('',#13945,#6460);
#5332=LINE('',#13947,#6461);
#5333=LINE('',#13948,#6462);
#5334=LINE('',#13950,#6463);
#5335=LINE('',#13952,#6464);
#5336=LINE('',#13953,#6465);
#5337=LINE('',#13955,#6466);
#5338=LINE('',#13957,#6467);
#5339=LINE('',#13959,#6468);
#5340=LINE('',#13961,#6469);
#5341=LINE('',#13963,#6470);
#5342=LINE('',#13965,#6471);
#5343=LINE('',#13967,#6472);
#5344=LINE('',#13969,#6473);
#5345=LINE('',#13971,#6474);
#5346=LINE('',#13973,#6475);
#5347=LINE('',#13975,#6476);
#5348=LINE('',#13977,#6477);
#5349=LINE('',#13979,#6478);
#5350=LINE('',#13981,#6479);
#5351=LINE('',#13983,#6480);
#5352=LINE('',#13985,#6481);
#5353=LINE('',#13987,#6482);
#5354=LINE('',#13989,#6483);
#5355=LINE('',#13991,#6484);
#5356=LINE('',#13993,#6485);
#5357=LINE('',#13995,#6486);
#5358=LINE('',#13997,#6487);
#5359=LINE('',#13999,#6488);
#5360=LINE('',#14001,#6489);
#5361=LINE('',#14003,#6490);
#5362=LINE('',#14005,#6491);
#5363=LINE('',#14007,#6492);
#5364=LINE('',#14009,#6493);
#5365=LINE('',#14011,#6494);
#5366=LINE('',#14013,#6495);
#5367=LINE('',#14015,#6496);
#5368=LINE('',#14017,#6497);
#5369=LINE('',#14019,#6498);
#5370=LINE('',#14021,#6499);
#5371=LINE('',#14023,#6500);
#5372=LINE('',#14025,#6501);
#5373=LINE('',#14027,#6502);
#5374=LINE('',#14029,#6503);
#5375=LINE('',#14031,#6504);
#5376=LINE('',#14033,#6505);
#5377=LINE('',#14035,#6506);
#5378=LINE('',#14037,#6507);
#5379=LINE('',#14039,#6508);
#5380=LINE('',#14041,#6509);
#5381=LINE('',#14043,#6510);
#5382=LINE('',#14045,#6511);
#5383=LINE('',#14047,#6512);
#5384=LINE('',#14049,#6513);
#5385=LINE('',#14051,#6514);
#5386=LINE('',#14053,#6515);
#5387=LINE('',#14055,#6516);
#5388=LINE('',#14057,#6517);
#5389=LINE('',#14059,#6518);
#5390=LINE('',#14061,#6519);
#5391=LINE('',#14063,#6520);
#5392=LINE('',#14065,#6521);
#5393=LINE('',#14067,#6522);
#5394=LINE('',#14069,#6523);
#5395=LINE('',#14071,#6524);
#5396=LINE('',#14073,#6525);
#5397=LINE('',#14075,#6526);
#5398=LINE('',#14077,#6527);
#5399=LINE('',#14079,#6528);
#5400=LINE('',#14081,#6529);
#5401=LINE('',#14083,#6530);
#5402=LINE('',#14085,#6531);
#5403=LINE('',#14087,#6532);
#5404=LINE('',#14089,#6533);
#5405=LINE('',#14091,#6534);
#5406=LINE('',#14123,#6535);
#5407=LINE('',#14125,#6536);
#5408=LINE('',#14127,#6537);
#5409=LINE('',#14129,#6538);
#5410=LINE('',#14131,#6539);
#5411=LINE('',#14133,#6540);
#5412=LINE('',#14135,#6541);
#5413=LINE('',#14137,#6542);
#5414=LINE('',#14139,#6543);
#5415=LINE('',#14141,#6544);
#5416=LINE('',#14143,#6545);
#5417=LINE('',#14145,#6546);
#5418=LINE('',#14147,#6547);
#5419=LINE('',#14149,#6548);
#5420=LINE('',#14151,#6549);
#5421=LINE('',#14153,#6550);
#5422=LINE('',#14155,#6551);
#5423=LINE('',#14157,#6552);
#5424=LINE('',#14159,#6553);
#5425=LINE('',#14161,#6554);
#5426=LINE('',#14163,#6555);
#5427=LINE('',#14165,#6556);
#5428=LINE('',#14167,#6557);
#5429=LINE('',#14169,#6558);
#5430=LINE('',#14171,#6559);
#5431=LINE('',#14173,#6560);
#5432=LINE('',#14175,#6561);
#5433=LINE('',#14177,#6562);
#5434=LINE('',#14179,#6563);
#5435=LINE('',#14181,#6564);
#5436=LINE('',#14183,#6565);
#5437=LINE('',#14185,#6566);
#5438=LINE('',#14187,#6567);
#5439=LINE('',#14189,#6568);
#5440=LINE('',#14191,#6569);
#5441=LINE('',#14193,#6570);
#5442=LINE('',#14195,#6571);
#5443=LINE('',#14197,#6572);
#5444=LINE('',#14199,#6573);
#5445=LINE('',#14201,#6574);
#5446=LINE('',#14203,#6575);
#5447=LINE('',#14205,#6576);
#5448=LINE('',#14207,#6577);
#5449=LINE('',#14209,#6578);
#5450=LINE('',#14211,#6579);
#5451=LINE('',#14213,#6580);
#5452=LINE('',#14215,#6581);
#5453=LINE('',#14217,#6582);
#5454=LINE('',#14219,#6583);
#5455=LINE('',#14221,#6584);
#5456=LINE('',#14223,#6585);
#5457=LINE('',#14225,#6586);
#5458=LINE('',#14227,#6587);
#5459=LINE('',#14229,#6588);
#5460=LINE('',#14231,#6589);
#5461=LINE('',#14233,#6590);
#5462=LINE('',#14235,#6591);
#5463=LINE('',#14237,#6592);
#5464=LINE('',#14239,#6593);
#5465=LINE('',#14241,#6594);
#5466=LINE('',#14243,#6595);
#5467=LINE('',#14245,#6596);
#5468=LINE('',#14247,#6597);
#5469=LINE('',#14249,#6598);
#5470=LINE('',#14251,#6599);
#5471=LINE('',#14253,#6600);
#5472=LINE('',#14255,#6601);
#5473=LINE('',#14257,#6602);
#5474=LINE('',#14259,#6603);
#5475=LINE('',#14261,#6604);
#5476=LINE('',#14263,#6605);
#5477=LINE('',#14265,#6606);
#5478=LINE('',#14267,#6607);
#5479=LINE('',#14269,#6608);
#5480=LINE('',#14271,#6609);
#5481=LINE('',#14273,#6610);
#5482=LINE('',#14275,#6611);
#5483=LINE('',#14277,#6612);
#5484=LINE('',#14279,#6613);
#5485=LINE('',#14281,#6614);
#5486=LINE('',#14283,#6615);
#5487=LINE('',#14285,#6616);
#5488=LINE('',#14287,#6617);
#5489=LINE('',#14289,#6618);
#5490=LINE('',#14291,#6619);
#5491=LINE('',#14293,#6620);
#5492=LINE('',#14295,#6621);
#5493=LINE('',#14297,#6622);
#5494=LINE('',#14299,#6623);
#5495=LINE('',#14301,#6624);
#5496=LINE('',#14305,#6625);
#5497=LINE('',#14311,#6626);
#5498=LINE('',#14317,#6627);
#5499=LINE('',#14323,#6628);
#5500=LINE('',#14329,#6629);
#5501=LINE('',#14335,#6630);
#5502=LINE('',#14341,#6631);
#5503=LINE('',#14347,#6632);
#5504=LINE('',#14353,#6633);
#5505=LINE('',#14359,#6634);
#5506=LINE('',#14363,#6635);
#5507=LINE('',#14365,#6636);
#5508=LINE('',#14367,#6637);
#5509=LINE('',#14369,#6638);
#5510=LINE('',#14371,#6639);
#5511=LINE('',#14373,#6640);
#5512=LINE('',#14375,#6641);
#5513=LINE('',#14377,#6642);
#5514=LINE('',#14379,#6643);
#5515=LINE('',#14381,#6644);
#5516=LINE('',#14383,#6645);
#5517=LINE('',#14385,#6646);
#5518=LINE('',#14387,#6647);
#5519=LINE('',#14389,#6648);
#5520=LINE('',#14391,#6649);
#5521=LINE('',#14393,#6650);
#5522=LINE('',#14395,#6651);
#5523=LINE('',#14397,#6652);
#5524=LINE('',#14399,#6653);
#5525=LINE('',#14401,#6654);
#5526=LINE('',#14403,#6655);
#5527=LINE('',#14405,#6656);
#5528=LINE('',#14407,#6657);
#5529=LINE('',#14409,#6658);
#5530=LINE('',#14411,#6659);
#5531=LINE('',#14413,#6660);
#5532=LINE('',#14415,#6661);
#5533=LINE('',#14417,#6662);
#5534=LINE('',#14419,#6663);
#5535=LINE('',#14421,#6664);
#5536=LINE('',#14423,#6665);
#5537=LINE('',#14425,#6666);
#5538=LINE('',#14427,#6667);
#5539=LINE('',#14429,#6668);
#5540=LINE('',#14431,#6669);
#5541=LINE('',#14433,#6670);
#5542=LINE('',#14435,#6671);
#5543=LINE('',#14437,#6672);
#5544=LINE('',#14439,#6673);
#5545=LINE('',#14441,#6674);
#5546=LINE('',#14443,#6675);
#5547=LINE('',#14445,#6676);
#5548=LINE('',#14447,#6677);
#5549=LINE('',#14449,#6678);
#5550=LINE('',#14451,#6679);
#5551=LINE('',#14453,#6680);
#5552=LINE('',#14455,#6681);
#5553=LINE('',#14457,#6682);
#5554=LINE('',#14459,#6683);
#5555=LINE('',#14461,#6684);
#5556=LINE('',#14463,#6685);
#5557=LINE('',#14465,#6686);
#5558=LINE('',#14467,#6687);
#5559=LINE('',#14469,#6688);
#5560=LINE('',#14471,#6689);
#5561=LINE('',#14473,#6690);
#5562=LINE('',#14475,#6691);
#5563=LINE('',#14477,#6692);
#5564=LINE('',#14479,#6693);
#5565=LINE('',#14481,#6694);
#5566=LINE('',#14514,#6695);
#5567=LINE('',#14517,#6696);
#5568=LINE('',#14520,#6697);
#5569=LINE('',#14522,#6698);
#5570=LINE('',#14525,#6699);
#5571=LINE('',#14527,#6700);
#5572=LINE('',#14530,#6701);
#5573=LINE('',#14532,#6702);
#5574=LINE('',#14535,#6703);
#5575=LINE('',#14537,#6704);
#5576=LINE('',#14540,#6705);
#5577=LINE('',#14542,#6706);
#5578=LINE('',#14545,#6707);
#5579=LINE('',#14547,#6708);
#5580=LINE('',#14550,#6709);
#5581=LINE('',#14552,#6710);
#5582=LINE('',#14555,#6711);
#5583=LINE('',#14557,#6712);
#5584=LINE('',#14560,#6713);
#5585=LINE('',#14562,#6714);
#5586=LINE('',#14565,#6715);
#5587=LINE('',#14568,#6716);
#5588=LINE('',#14570,#6717);
#5589=LINE('',#14573,#6718);
#5590=LINE('',#14575,#6719);
#5591=LINE('',#14578,#6720);
#5592=LINE('',#14580,#6721);
#5593=LINE('',#14583,#6722);
#5594=LINE('',#14585,#6723);
#5595=LINE('',#14588,#6724);
#5596=LINE('',#14590,#6725);
#5597=LINE('',#14593,#6726);
#5598=LINE('',#14595,#6727);
#5599=LINE('',#14598,#6728);
#5600=LINE('',#14600,#6729);
#5601=LINE('',#14603,#6730);
#5602=LINE('',#14605,#6731);
#5603=LINE('',#14608,#6732);
#5604=LINE('',#14610,#6733);
#5605=LINE('',#14613,#6734);
#5606=LINE('',#14616,#6735);
#5607=LINE('',#14619,#6736);
#5608=LINE('',#14621,#6737);
#5609=LINE('',#14624,#6738);
#5610=LINE('',#14626,#6739);
#5611=LINE('',#14629,#6740);
#5612=LINE('',#14631,#6741);
#5613=LINE('',#14634,#6742);
#5614=LINE('',#14636,#6743);
#5615=LINE('',#14639,#6744);
#5616=LINE('',#14641,#6745);
#5617=LINE('',#14644,#6746);
#5618=LINE('',#14646,#6747);
#5619=LINE('',#14649,#6748);
#5620=LINE('',#14651,#6749);
#5621=LINE('',#14654,#6750);
#5622=LINE('',#14656,#6751);
#5623=LINE('',#14659,#6752);
#5624=LINE('',#14661,#6753);
#5625=LINE('',#14664,#6754);
#5626=VECTOR('',#10205,1000.);
#5627=VECTOR('',#10206,1000.);
#5628=VECTOR('',#10207,1000.);
#5629=VECTOR('',#10208,1000.);
#5630=VECTOR('',#10211,1000.);
#5631=VECTOR('',#10212,1000.);
#5632=VECTOR('',#10213,1000.);
#5633=VECTOR('',#10214,1000.);
#5634=VECTOR('',#10217,1000.);
#5635=VECTOR('',#10218,1000.);
#5636=VECTOR('',#10219,1000.);
#5637=VECTOR('',#10220,1000.);
#5638=VECTOR('',#10223,1000.);
#5639=VECTOR('',#10224,1000.);
#5640=VECTOR('',#10225,1000.);
#5641=VECTOR('',#10226,1000.);
#5642=VECTOR('',#10229,1000.);
#5643=VECTOR('',#10230,1000.);
#5644=VECTOR('',#10231,1000.);
#5645=VECTOR('',#10232,1000.);
#5646=VECTOR('',#10235,1000.);
#5647=VECTOR('',#10236,1000.);
#5648=VECTOR('',#10237,1000.);
#5649=VECTOR('',#10238,1000.);
#5650=VECTOR('',#10241,1000.);
#5651=VECTOR('',#10242,1000.);
#5652=VECTOR('',#10243,1000.);
#5653=VECTOR('',#10244,1000.);
#5654=VECTOR('',#10247,1000.);
#5655=VECTOR('',#10248,1000.);
#5656=VECTOR('',#10249,1000.);
#5657=VECTOR('',#10250,1000.);
#5658=VECTOR('',#10253,1000.);
#5659=VECTOR('',#10254,1000.);
#5660=VECTOR('',#10255,1000.);
#5661=VECTOR('',#10256,1000.);
#5662=VECTOR('',#10259,1000.);
#5663=VECTOR('',#10260,1000.);
#5664=VECTOR('',#10261,1000.);
#5665=VECTOR('',#10262,1000.);
#5666=VECTOR('',#10265,1000.);
#5667=VECTOR('',#10266,1000.);
#5668=VECTOR('',#10267,1000.);
#5669=VECTOR('',#10268,1000.);
#5670=VECTOR('',#10269,1000.);
#5671=VECTOR('',#10270,1000.);
#5672=VECTOR('',#10271,1000.);
#5673=VECTOR('',#10274,1000.);
#5674=VECTOR('',#10275,1000.);
#5675=VECTOR('',#10276,1000.);
#5676=VECTOR('',#10277,1000.);
#5677=VECTOR('',#10280,1000.);
#5678=VECTOR('',#10281,1000.);
#5679=VECTOR('',#10282,1000.);
#5680=VECTOR('',#10283,1000.);
#5681=VECTOR('',#10286,1000.);
#5682=VECTOR('',#10287,1000.);
#5683=VECTOR('',#10288,1000.);
#5684=VECTOR('',#10289,1000.);
#5685=VECTOR('',#10292,1000.);
#5686=VECTOR('',#10293,1000.);
#5687=VECTOR('',#10294,1000.);
#5688=VECTOR('',#10295,1000.);
#5689=VECTOR('',#10298,1000.);
#5690=VECTOR('',#10299,1000.);
#5691=VECTOR('',#10300,1000.);
#5692=VECTOR('',#10301,1000.);
#5693=VECTOR('',#10304,1000.);
#5694=VECTOR('',#10305,1000.);
#5695=VECTOR('',#10306,1000.);
#5696=VECTOR('',#10307,1000.);
#5697=VECTOR('',#10310,1000.);
#5698=VECTOR('',#10311,1000.);
#5699=VECTOR('',#10312,1000.);
#5700=VECTOR('',#10313,1000.);
#5701=VECTOR('',#10316,1000.);
#5702=VECTOR('',#10317,1000.);
#5703=VECTOR('',#10318,1000.);
#5704=VECTOR('',#10319,1000.);
#5705=VECTOR('',#10322,1000.);
#5706=VECTOR('',#10323,1000.);
#5707=VECTOR('',#10324,1000.);
#5708=VECTOR('',#10325,1000.);
#5709=VECTOR('',#10328,1000.);
#5710=VECTOR('',#10329,1000.);
#5711=VECTOR('',#10330,1000.);
#5712=VECTOR('',#10331,1000.);
#5713=VECTOR('',#10332,1000.);
#5714=VECTOR('',#10333,1000.);
#5715=VECTOR('',#10334,1000.);
#5716=VECTOR('',#10337,1000.);
#5717=VECTOR('',#10338,1000.);
#5718=VECTOR('',#10339,1000.);
#5719=VECTOR('',#10342,1000.);
#5720=VECTOR('',#10343,1000.);
#5721=VECTOR('',#10344,1000.);
#5722=VECTOR('',#10347,1000.);
#5723=VECTOR('',#10348,1000.);
#5724=VECTOR('',#10349,1000.);
#5725=VECTOR('',#10352,1000.);
#5726=VECTOR('',#10353,1000.);
#5727=VECTOR('',#10354,1000.);
#5728=VECTOR('',#10357,1000.);
#5729=VECTOR('',#10358,1000.);
#5730=VECTOR('',#10359,1000.);
#5731=VECTOR('',#10362,1000.);
#5732=VECTOR('',#10363,1000.);
#5733=VECTOR('',#10364,1000.);
#5734=VECTOR('',#10367,1000.);
#5735=VECTOR('',#10368,1000.);
#5736=VECTOR('',#10369,1000.);
#5737=VECTOR('',#10372,1000.);
#5738=VECTOR('',#10373,1000.);
#5739=VECTOR('',#10374,1000.);
#5740=VECTOR('',#10377,1000.);
#5741=VECTOR('',#10378,1000.);
#5742=VECTOR('',#10379,1000.);
#5743=VECTOR('',#10382,1000.);
#5744=VECTOR('',#10383,1000.);
#5745=VECTOR('',#10384,1000.);
#5746=VECTOR('',#10387,1000.);
#5747=VECTOR('',#10388,1000.);
#5748=VECTOR('',#10389,1000.);
#5749=VECTOR('',#10392,1000.);
#5750=VECTOR('',#10393,1000.);
#5751=VECTOR('',#10394,1000.);
#5752=VECTOR('',#10395,1000.);
#5753=VECTOR('',#10396,1000.);
#5754=VECTOR('',#10397,1000.);
#5755=VECTOR('',#10398,1000.);
#5756=VECTOR('',#10399,1000.);
#5757=VECTOR('',#10400,1000.);
#5758=VECTOR('',#10401,1000.);
#5759=VECTOR('',#10402,1000.);
#5760=VECTOR('',#10403,1000.);
#5761=VECTOR('',#10404,1000.);
#5762=VECTOR('',#10405,1000.);
#5763=VECTOR('',#10406,1000.);
#5764=VECTOR('',#10407,1000.);
#5765=VECTOR('',#10408,1000.);
#5766=VECTOR('',#10409,1000.);
#5767=VECTOR('',#10410,1000.);
#5768=VECTOR('',#10411,1000.);
#5769=VECTOR('',#10412,1000.);
#5770=VECTOR('',#10413,1000.);
#5771=VECTOR('',#10414,1000.);
#5772=VECTOR('',#10415,1000.);
#5773=VECTOR('',#10416,1000.);
#5774=VECTOR('',#10417,1000.);
#5775=VECTOR('',#10418,1000.);
#5776=VECTOR('',#10419,1000.);
#5777=VECTOR('',#10420,1000.);
#5778=VECTOR('',#10421,1000.);
#5779=VECTOR('',#10422,1000.);
#5780=VECTOR('',#10423,1000.);
#5781=VECTOR('',#10424,1000.);
#5782=VECTOR('',#10427,1000.);
#5783=VECTOR('',#10428,1000.);
#5784=VECTOR('',#10429,1000.);
#5785=VECTOR('',#10430,1000.);
#5786=VECTOR('',#10433,1000.);
#5787=VECTOR('',#10434,1000.);
#5788=VECTOR('',#10435,1000.);
#5789=VECTOR('',#10436,1000.);
#5790=VECTOR('',#10439,1000.);
#5791=VECTOR('',#10440,1000.);
#5792=VECTOR('',#10441,1000.);
#5793=VECTOR('',#10442,1000.);
#5794=VECTOR('',#10445,1000.);
#5795=VECTOR('',#10446,1000.);
#5796=VECTOR('',#10447,1000.);
#5797=VECTOR('',#10448,1000.);
#5798=VECTOR('',#10451,1000.);
#5799=VECTOR('',#10452,1000.);
#5800=VECTOR('',#10453,1000.);
#5801=VECTOR('',#10454,1000.);
#5802=VECTOR('',#10457,1000.);
#5803=VECTOR('',#10458,1000.);
#5804=VECTOR('',#10459,1000.);
#5805=VECTOR('',#10460,1000.);
#5806=VECTOR('',#10463,1000.);
#5807=VECTOR('',#10464,1000.);
#5808=VECTOR('',#10465,1000.);
#5809=VECTOR('',#10466,1000.);
#5810=VECTOR('',#10469,1000.);
#5811=VECTOR('',#10470,1000.);
#5812=VECTOR('',#10471,1000.);
#5813=VECTOR('',#10472,1000.);
#5814=VECTOR('',#10475,1000.);
#5815=VECTOR('',#10476,1000.);
#5816=VECTOR('',#10477,1000.);
#5817=VECTOR('',#10478,1000.);
#5818=VECTOR('',#10481,1000.);
#5819=VECTOR('',#10482,1000.);
#5820=VECTOR('',#10483,1000.);
#5821=VECTOR('',#10484,1000.);
#5822=VECTOR('',#10487,1000.);
#5823=VECTOR('',#10488,1000.);
#5824=VECTOR('',#10489,1000.);
#5825=VECTOR('',#10492,1000.);
#5826=VECTOR('',#10493,1000.);
#5827=VECTOR('',#10494,1000.);
#5828=VECTOR('',#10497,1000.);
#5829=VECTOR('',#10498,1000.);
#5830=VECTOR('',#10499,1000.);
#5831=VECTOR('',#10502,1000.);
#5832=VECTOR('',#10503,1000.);
#5833=VECTOR('',#10504,1000.);
#5834=VECTOR('',#10507,1000.);
#5835=VECTOR('',#10508,1000.);
#5836=VECTOR('',#10509,1000.);
#5837=VECTOR('',#10512,1000.);
#5838=VECTOR('',#10513,1000.);
#5839=VECTOR('',#10514,1000.);
#5840=VECTOR('',#10517,1000.);
#5841=VECTOR('',#10518,1000.);
#5842=VECTOR('',#10519,1000.);
#5843=VECTOR('',#10522,1000.);
#5844=VECTOR('',#10523,1000.);
#5845=VECTOR('',#10524,1000.);
#5846=VECTOR('',#10527,1000.);
#5847=VECTOR('',#10528,1000.);
#5848=VECTOR('',#10529,1000.);
#5849=VECTOR('',#10532,1000.);
#5850=VECTOR('',#10533,1000.);
#5851=VECTOR('',#10534,1000.);
#5852=VECTOR('',#10537,1000.);
#5853=VECTOR('',#10538,1000.);
#5854=VECTOR('',#10539,1000.);
#5855=VECTOR('',#10542,1000.);
#5856=VECTOR('',#10543,1000.);
#5857=VECTOR('',#10544,1000.);
#5858=VECTOR('',#10545,1000.);
#5859=VECTOR('',#10546,1000.);
#5860=VECTOR('',#10547,1000.);
#5861=VECTOR('',#10548,1000.);
#5862=VECTOR('',#10549,1000.);
#5863=VECTOR('',#10550,1000.);
#5864=VECTOR('',#10551,1000.);
#5865=VECTOR('',#10552,1000.);
#5866=VECTOR('',#10553,1000.);
#5867=VECTOR('',#10554,1000.);
#5868=VECTOR('',#10555,1000.);
#5869=VECTOR('',#10556,1000.);
#5870=VECTOR('',#10557,1000.);
#5871=VECTOR('',#10558,1000.);
#5872=VECTOR('',#10559,1000.);
#5873=VECTOR('',#10560,1000.);
#5874=VECTOR('',#10561,1000.);
#5875=VECTOR('',#10562,1000.);
#5876=VECTOR('',#10563,1000.);
#5877=VECTOR('',#10564,1000.);
#5878=VECTOR('',#10565,1000.);
#5879=VECTOR('',#10566,1000.);
#5880=VECTOR('',#10567,1000.);
#5881=VECTOR('',#10568,1000.);
#5882=VECTOR('',#10569,1000.);
#5883=VECTOR('',#10570,1000.);
#5884=VECTOR('',#10571,1000.);
#5885=VECTOR('',#10572,1000.);
#5886=VECTOR('',#10573,1000.);
#5887=VECTOR('',#10574,1000.);
#5888=VECTOR('',#10577,1000.);
#5889=VECTOR('',#10578,1000.);
#5890=VECTOR('',#10579,1000.);
#5891=VECTOR('',#10582,1000.);
#5892=VECTOR('',#10583,1000.);
#5893=VECTOR('',#10584,1000.);
#5894=VECTOR('',#10587,1000.);
#5895=VECTOR('',#10588,1000.);
#5896=VECTOR('',#10589,1000.);
#5897=VECTOR('',#10590,1000.);
#5898=VECTOR('',#10591,1000.);
#5899=VECTOR('',#10592,1000.);
#5900=VECTOR('',#10593,1000.);
#5901=VECTOR('',#10594,1000.);
#5902=VECTOR('',#10597,1000.);
#5903=VECTOR('',#10598,1000.);
#5904=VECTOR('',#10599,1000.);
#5905=VECTOR('',#10600,1000.);
#5906=VECTOR('',#10601,1000.);
#5907=VECTOR('',#10602,1000.);
#5908=VECTOR('',#10607,1000.);
#5909=VECTOR('',#10610,1000.);
#5910=VECTOR('',#10611,1000.);
#5911=VECTOR('',#10612,1000.);
#5912=VECTOR('',#10613,1000.);
#5913=VECTOR('',#10614,1000.);
#5914=VECTOR('',#10617,1000.);
#5915=VECTOR('',#10618,1000.);
#5916=VECTOR('',#10619,1000.);
#5917=VECTOR('',#10622,1000.);
#5918=VECTOR('',#10623,1000.);
#5919=VECTOR('',#10624,1000.);
#5920=VECTOR('',#10627,1000.);
#5921=VECTOR('',#10628,1000.);
#5922=VECTOR('',#10629,1000.);
#5923=VECTOR('',#10636,1000.);
#5924=VECTOR('',#10641,1000.);
#5925=VECTOR('',#10644,1000.);
#5926=VECTOR('',#10645,1000.);
#5927=VECTOR('',#10648,1000.);
#5928=VECTOR('',#10649,1000.);
#5929=VECTOR('',#10652,1000.);
#5930=VECTOR('',#10653,1000.);
#5931=VECTOR('',#10654,1000.);
#5932=VECTOR('',#10657,1000.);
#5933=VECTOR('',#10658,1000.);
#5934=VECTOR('',#10659,1000.);
#5935=VECTOR('',#10660,1000.);
#5936=VECTOR('',#10663,1000.);
#5937=VECTOR('',#10664,1000.);
#5938=VECTOR('',#10665,1000.);
#5939=VECTOR('',#10668,1000.);
#5940=VECTOR('',#10669,1000.);
#5941=VECTOR('',#10672,1000.);
#5942=VECTOR('',#10673,1000.);
#5943=VECTOR('',#10680,1000.);
#5944=VECTOR('',#10681,1000.);
#5945=VECTOR('',#10682,1000.);
#5946=VECTOR('',#10685,1000.);
#5947=VECTOR('',#10686,1000.);
#5948=VECTOR('',#10687,1000.);
#5949=VECTOR('',#10688,1000.);
#5950=VECTOR('',#10691,1000.);
#5951=VECTOR('',#10692,1000.);
#5952=VECTOR('',#10693,1000.);
#5953=VECTOR('',#10696,1000.);
#5954=VECTOR('',#10697,1000.);
#5955=VECTOR('',#10700,1000.);
#5956=VECTOR('',#10701,1000.);
#5957=VECTOR('',#10708,1000.);
#5958=VECTOR('',#10709,1000.);
#5959=VECTOR('',#10710,1000.);
#5960=VECTOR('',#10713,1000.);
#5961=VECTOR('',#10714,1000.);
#5962=VECTOR('',#10715,1000.);
#5963=VECTOR('',#10716,1000.);
#5964=VECTOR('',#10717,1000.);
#5965=VECTOR('',#10720,1000.);
#5966=VECTOR('',#10721,1000.);
#5967=VECTOR('',#10724,1000.);
#5968=VECTOR('',#10725,1000.);
#5969=VECTOR('',#10728,1000.);
#5970=VECTOR('',#10731,1000.);
#5971=VECTOR('',#10732,1000.);
#5972=VECTOR('',#10735,1000.);
#5973=VECTOR('',#10740,1000.);
#5974=VECTOR('',#10741,1000.);
#5975=VECTOR('',#10742,1000.);
#5976=VECTOR('',#10743,1000.);
#5977=VECTOR('',#10746,1000.);
#5978=VECTOR('',#10747,1000.);
#5979=VECTOR('',#10748,1000.);
#5980=VECTOR('',#10749,1000.);
#5981=VECTOR('',#10750,1000.);
#5982=VECTOR('',#10751,1000.);
#5983=VECTOR('',#10752,1000.);
#5984=VECTOR('',#10753,1000.);
#5985=VECTOR('',#10754,1000.);
#5986=VECTOR('',#10755,1000.);
#5987=VECTOR('',#10756,1000.);
#5988=VECTOR('',#10757,1000.);
#5989=VECTOR('',#10758,1000.);
#5990=VECTOR('',#10759,1000.);
#5991=VECTOR('',#10760,1000.);
#5992=VECTOR('',#10761,1000.);
#5993=VECTOR('',#10762,1000.);
#5994=VECTOR('',#10763,1000.);
#5995=VECTOR('',#10764,1000.);
#5996=VECTOR('',#10765,1000.);
#5997=VECTOR('',#10766,1000.);
#5998=VECTOR('',#10767,1000.);
#5999=VECTOR('',#10768,1000.);
#6000=VECTOR('',#10769,1000.);
#6001=VECTOR('',#10770,1000.);
#6002=VECTOR('',#10771,1000.);
#6003=VECTOR('',#10772,1000.);
#6004=VECTOR('',#10773,1000.);
#6005=VECTOR('',#10774,1000.);
#6006=VECTOR('',#10775,1000.);
#6007=VECTOR('',#10776,1000.);
#6008=VECTOR('',#10777,1000.);
#6009=VECTOR('',#10780,1000.);
#6010=VECTOR('',#10781,1000.);
#6011=VECTOR('',#10782,1000.);
#6012=VECTOR('',#10783,1000.);
#6013=VECTOR('',#10784,1000.);
#6014=VECTOR('',#10785,1000.);
#6015=VECTOR('',#10786,1000.);
#6016=VECTOR('',#10787,1000.);
#6017=VECTOR('',#10788,1000.);
#6018=VECTOR('',#10789,1000.);
#6019=VECTOR('',#10790,1000.);
#6020=VECTOR('',#10791,1000.);
#6021=VECTOR('',#10792,1000.);
#6022=VECTOR('',#10793,1000.);
#6023=VECTOR('',#10794,1000.);
#6024=VECTOR('',#10795,1000.);
#6025=VECTOR('',#10796,1000.);
#6026=VECTOR('',#10797,1000.);
#6027=VECTOR('',#10798,1000.);
#6028=VECTOR('',#10799,1000.);
#6029=VECTOR('',#10800,1000.);
#6030=VECTOR('',#10801,1000.);
#6031=VECTOR('',#10802,1000.);
#6032=VECTOR('',#10803,1000.);
#6033=VECTOR('',#10804,1000.);
#6034=VECTOR('',#10805,1000.);
#6035=VECTOR('',#10806,1000.);
#6036=VECTOR('',#10807,1000.);
#6037=VECTOR('',#10808,1000.);
#6038=VECTOR('',#10809,1000.);
#6039=VECTOR('',#10810,1000.);
#6040=VECTOR('',#10811,1000.);
#6041=VECTOR('',#10818,1000.);
#6042=VECTOR('',#10819,1000.);
#6043=VECTOR('',#10820,1000.);
#6044=VECTOR('',#10821,1000.);
#6045=VECTOR('',#10824,1000.);
#6046=VECTOR('',#10825,1000.);
#6047=VECTOR('',#10826,1000.);
#6048=VECTOR('',#10827,1000.);
#6049=VECTOR('',#10830,1000.);
#6050=VECTOR('',#10831,1000.);
#6051=VECTOR('',#10832,1000.);
#6052=VECTOR('',#10833,1000.);
#6053=VECTOR('',#10836,1000.);
#6054=VECTOR('',#10837,1000.);
#6055=VECTOR('',#10838,1000.);
#6056=VECTOR('',#10839,1000.);
#6057=VECTOR('',#10842,1000.);
#6058=VECTOR('',#10843,1000.);
#6059=VECTOR('',#10844,1000.);
#6060=VECTOR('',#10845,1000.);
#6061=VECTOR('',#10848,1000.);
#6062=VECTOR('',#10849,1000.);
#6063=VECTOR('',#10850,1000.);
#6064=VECTOR('',#10851,1000.);
#6065=VECTOR('',#10854,1000.);
#6066=VECTOR('',#10855,1000.);
#6067=VECTOR('',#10856,1000.);
#6068=VECTOR('',#10857,1000.);
#6069=VECTOR('',#10860,1000.);
#6070=VECTOR('',#10861,1000.);
#6071=VECTOR('',#10862,1000.);
#6072=VECTOR('',#10863,1000.);
#6073=VECTOR('',#10866,1000.);
#6074=VECTOR('',#10867,1000.);
#6075=VECTOR('',#10868,1000.);
#6076=VECTOR('',#10869,1000.);
#6077=VECTOR('',#10872,1000.);
#6078=VECTOR('',#10873,1000.);
#6079=VECTOR('',#10874,1000.);
#6080=VECTOR('',#10875,1000.);
#6081=VECTOR('',#10878,1000.);
#6082=VECTOR('',#10879,1000.);
#6083=VECTOR('',#10880,1000.);
#6084=VECTOR('',#10881,1000.);
#6085=VECTOR('',#10884,1000.);
#6086=VECTOR('',#10885,1000.);
#6087=VECTOR('',#10886,1000.);
#6088=VECTOR('',#10887,1000.);
#6089=VECTOR('',#10890,1000.);
#6090=VECTOR('',#10891,1000.);
#6091=VECTOR('',#10892,1000.);
#6092=VECTOR('',#10893,1000.);
#6093=VECTOR('',#10896,1000.);
#6094=VECTOR('',#10897,1000.);
#6095=VECTOR('',#10898,1000.);
#6096=VECTOR('',#10899,1000.);
#6097=VECTOR('',#10902,1000.);
#6098=VECTOR('',#10903,1000.);
#6099=VECTOR('',#10904,1000.);
#6100=VECTOR('',#10905,1000.);
#6101=VECTOR('',#10908,1000.);
#6102=VECTOR('',#10909,1000.);
#6103=VECTOR('',#10910,1000.);
#6104=VECTOR('',#10911,1000.);
#6105=VECTOR('',#10914,1000.);
#6106=VECTOR('',#10915,1000.);
#6107=VECTOR('',#10916,1000.);
#6108=VECTOR('',#10917,1000.);
#6109=VECTOR('',#10920,1000.);
#6110=VECTOR('',#10921,1000.);
#6111=VECTOR('',#10922,1000.);
#6112=VECTOR('',#10923,1000.);
#6113=VECTOR('',#10926,1000.);
#6114=VECTOR('',#10927,1000.);
#6115=VECTOR('',#10928,1000.);
#6116=VECTOR('',#10929,1000.);
#6117=VECTOR('',#10932,1000.);
#6118=VECTOR('',#10933,1000.);
#6119=VECTOR('',#10934,1000.);
#6120=VECTOR('',#10935,1000.);
#6121=VECTOR('',#10938,1000.);
#6122=VECTOR('',#10943,1000.);
#6123=VECTOR('',#10948,1000.);
#6124=VECTOR('',#10953,1000.);
#6125=VECTOR('',#10958,1000.);
#6126=VECTOR('',#10963,1000.);
#6127=VECTOR('',#10968,1000.);
#6128=VECTOR('',#10973,1000.);
#6129=VECTOR('',#10978,1000.);
#6130=VECTOR('',#10983,1000.);
#6131=VECTOR('',#10988,1000.);
#6132=VECTOR('',#10993,1000.);
#6133=VECTOR('',#10998,1000.);
#6134=VECTOR('',#11003,1000.);
#6135=VECTOR('',#11008,1000.);
#6136=VECTOR('',#11013,1000.);
#6137=VECTOR('',#11018,1000.);
#6138=VECTOR('',#11023,1000.);
#6139=VECTOR('',#11028,1000.);
#6140=VECTOR('',#11033,1000.);
#6141=VECTOR('',#11038,1000.);
#6142=VECTOR('',#11039,1000.);
#6143=VECTOR('',#11040,1000.);
#6144=VECTOR('',#11043,1000.);
#6145=VECTOR('',#11046,1000.);
#6146=VECTOR('',#11051,1000.);
#6147=VECTOR('',#11052,1000.);
#6148=VECTOR('',#11055,1000.);
#6149=VECTOR('',#11056,1000.);
#6150=VECTOR('',#11059,1000.);
#6151=VECTOR('',#11064,1000.);
#6152=VECTOR('',#11065,1000.);
#6153=VECTOR('',#11068,1000.);
#6154=VECTOR('',#11069,1000.);
#6155=VECTOR('',#11072,1000.);
#6156=VECTOR('',#11077,1000.);
#6157=VECTOR('',#11078,1000.);
#6158=VECTOR('',#11081,1000.);
#6159=VECTOR('',#11082,1000.);
#6160=VECTOR('',#11085,1000.);
#6161=VECTOR('',#11090,1000.);
#6162=VECTOR('',#11091,1000.);
#6163=VECTOR('',#11094,1000.);
#6164=VECTOR('',#11095,1000.);
#6165=VECTOR('',#11098,1000.);
#6166=VECTOR('',#11103,1000.);
#6167=VECTOR('',#11104,1000.);
#6168=VECTOR('',#11107,1000.);
#6169=VECTOR('',#11108,1000.);
#6170=VECTOR('',#11111,1000.);
#6171=VECTOR('',#11116,1000.);
#6172=VECTOR('',#11117,1000.);
#6173=VECTOR('',#11120,1000.);
#6174=VECTOR('',#11121,1000.);
#6175=VECTOR('',#11124,1000.);
#6176=VECTOR('',#11129,1000.);
#6177=VECTOR('',#11130,1000.);
#6178=VECTOR('',#11133,1000.);
#6179=VECTOR('',#11134,1000.);
#6180=VECTOR('',#11137,1000.);
#6181=VECTOR('',#11142,1000.);
#6182=VECTOR('',#11143,1000.);
#6183=VECTOR('',#11146,1000.);
#6184=VECTOR('',#11147,1000.);
#6185=VECTOR('',#11150,1000.);
#6186=VECTOR('',#11155,1000.);
#6187=VECTOR('',#11156,1000.);
#6188=VECTOR('',#11157,1000.);
#6189=VECTOR('',#11160,1000.);
#6190=VECTOR('',#11163,1000.);
#6191=VECTOR('',#11170,1000.);
#6192=VECTOR('',#11171,1000.);
#6193=VECTOR('',#11172,1000.);
#6194=VECTOR('',#11173,1000.);
#6195=VECTOR('',#11174,1000.);
#6196=VECTOR('',#11175,1000.);
#6197=VECTOR('',#11176,1000.);
#6198=VECTOR('',#11177,1000.);
#6199=VECTOR('',#11178,1000.);
#6200=VECTOR('',#11179,1000.);
#6201=VECTOR('',#11180,1000.);
#6202=VECTOR('',#11181,1000.);
#6203=VECTOR('',#11182,1000.);
#6204=VECTOR('',#11183,1000.);
#6205=VECTOR('',#11184,1000.);
#6206=VECTOR('',#11185,1000.);
#6207=VECTOR('',#11186,1000.);
#6208=VECTOR('',#11187,1000.);
#6209=VECTOR('',#11188,1000.);
#6210=VECTOR('',#11189,1000.);
#6211=VECTOR('',#11190,1000.);
#6212=VECTOR('',#11191,1000.);
#6213=VECTOR('',#11192,1000.);
#6214=VECTOR('',#11193,1000.);
#6215=VECTOR('',#11194,1000.);
#6216=VECTOR('',#11195,1000.);
#6217=VECTOR('',#11196,1000.);
#6218=VECTOR('',#11197,1000.);
#6219=VECTOR('',#11198,1000.);
#6220=VECTOR('',#11199,1000.);
#6221=VECTOR('',#11200,1000.);
#6222=VECTOR('',#11201,1000.);
#6223=VECTOR('',#11202,1000.);
#6224=VECTOR('',#11203,1000.);
#6225=VECTOR('',#11204,1000.);
#6226=VECTOR('',#11205,1000.);
#6227=VECTOR('',#11206,1000.);
#6228=VECTOR('',#11207,1000.);
#6229=VECTOR('',#11208,1000.);
#6230=VECTOR('',#11209,1000.);
#6231=VECTOR('',#11210,1000.);
#6232=VECTOR('',#11211,1000.);
#6233=VECTOR('',#11212,1000.);
#6234=VECTOR('',#11213,1000.);
#6235=VECTOR('',#11214,1000.);
#6236=VECTOR('',#11215,1000.);
#6237=VECTOR('',#11216,1000.);
#6238=VECTOR('',#11217,1000.);
#6239=VECTOR('',#11218,1000.);
#6240=VECTOR('',#11219,1000.);
#6241=VECTOR('',#11220,1000.);
#6242=VECTOR('',#11221,1000.);
#6243=VECTOR('',#11222,1000.);
#6244=VECTOR('',#11223,1000.);
#6245=VECTOR('',#11224,1000.);
#6246=VECTOR('',#11225,1000.);
#6247=VECTOR('',#11226,1000.);
#6248=VECTOR('',#11227,1000.);
#6249=VECTOR('',#11228,1000.);
#6250=VECTOR('',#11229,1000.);
#6251=VECTOR('',#11230,1000.);
#6252=VECTOR('',#11231,1000.);
#6253=VECTOR('',#11232,1000.);
#6254=VECTOR('',#11233,1000.);
#6255=VECTOR('',#11234,1000.);
#6256=VECTOR('',#11235,1000.);
#6257=VECTOR('',#11236,1000.);
#6258=VECTOR('',#11237,1000.);
#6259=VECTOR('',#11238,1000.);
#6260=VECTOR('',#11239,1000.);
#6261=VECTOR('',#11240,1000.);
#6262=VECTOR('',#11241,1000.);
#6263=VECTOR('',#11242,1000.);
#6264=VECTOR('',#11243,1000.);
#6265=VECTOR('',#11244,1000.);
#6266=VECTOR('',#11245,1000.);
#6267=VECTOR('',#11246,1000.);
#6268=VECTOR('',#11247,1000.);
#6269=VECTOR('',#11248,1000.);
#6270=VECTOR('',#11249,1000.);
#6271=VECTOR('',#11250,1000.);
#6272=VECTOR('',#11251,1000.);
#6273=VECTOR('',#11252,1000.);
#6274=VECTOR('',#11253,1000.);
#6275=VECTOR('',#11256,1000.);
#6276=VECTOR('',#11257,1000.);
#6277=VECTOR('',#11258,1000.);
#6278=VECTOR('',#11259,1000.);
#6279=VECTOR('',#11260,1000.);
#6280=VECTOR('',#11261,1000.);
#6281=VECTOR('',#11262,1000.);
#6282=VECTOR('',#11263,1000.);
#6283=VECTOR('',#11264,1000.);
#6284=VECTOR('',#11265,1000.);
#6285=VECTOR('',#11266,1000.);
#6286=VECTOR('',#11267,1000.);
#6287=VECTOR('',#11268,1000.);
#6288=VECTOR('',#11269,1000.);
#6289=VECTOR('',#11270,1000.);
#6290=VECTOR('',#11271,1000.);
#6291=VECTOR('',#11272,1000.);
#6292=VECTOR('',#11273,1000.);
#6293=VECTOR('',#11274,1000.);
#6294=VECTOR('',#11275,1000.);
#6295=VECTOR('',#11276,1000.);
#6296=VECTOR('',#11277,1000.);
#6297=VECTOR('',#11278,1000.);
#6298=VECTOR('',#11279,1000.);
#6299=VECTOR('',#11280,1000.);
#6300=VECTOR('',#11281,1000.);
#6301=VECTOR('',#11282,1000.);
#6302=VECTOR('',#11283,1000.);
#6303=VECTOR('',#11284,1000.);
#6304=VECTOR('',#11285,1000.);
#6305=VECTOR('',#11286,1000.);
#6306=VECTOR('',#11287,1000.);
#6307=VECTOR('',#11288,1000.);
#6308=VECTOR('',#11289,1000.);
#6309=VECTOR('',#11290,1000.);
#6310=VECTOR('',#11291,1000.);
#6311=VECTOR('',#11292,1000.);
#6312=VECTOR('',#11293,1000.);
#6313=VECTOR('',#11294,1000.);
#6314=VECTOR('',#11295,1000.);
#6315=VECTOR('',#11296,1000.);
#6316=VECTOR('',#11297,1000.);
#6317=VECTOR('',#11298,1000.);
#6318=VECTOR('',#11299,1000.);
#6319=VECTOR('',#11300,1000.);
#6320=VECTOR('',#11301,1000.);
#6321=VECTOR('',#11302,1000.);
#6322=VECTOR('',#11303,1000.);
#6323=VECTOR('',#11304,1000.);
#6324=VECTOR('',#11305,1000.);
#6325=VECTOR('',#11306,1000.);
#6326=VECTOR('',#11307,1000.);
#6327=VECTOR('',#11308,1000.);
#6328=VECTOR('',#11309,1000.);
#6329=VECTOR('',#11310,1000.);
#6330=VECTOR('',#11311,1000.);
#6331=VECTOR('',#11312,1000.);
#6332=VECTOR('',#11313,1000.);
#6333=VECTOR('',#11314,1000.);
#6334=VECTOR('',#11315,1000.);
#6335=VECTOR('',#11316,1000.);
#6336=VECTOR('',#11317,1000.);
#6337=VECTOR('',#11318,1000.);
#6338=VECTOR('',#11319,1000.);
#6339=VECTOR('',#11320,1000.);
#6340=VECTOR('',#11321,1000.);
#6341=VECTOR('',#11322,1000.);
#6342=VECTOR('',#11323,1000.);
#6343=VECTOR('',#11324,1000.);
#6344=VECTOR('',#11325,1000.);
#6345=VECTOR('',#11326,1000.);
#6346=VECTOR('',#11327,1000.);
#6347=VECTOR('',#11328,1000.);
#6348=VECTOR('',#11329,1000.);
#6349=VECTOR('',#11330,1000.);
#6350=VECTOR('',#11331,1000.);
#6351=VECTOR('',#11332,1000.);
#6352=VECTOR('',#11333,1000.);
#6353=VECTOR('',#11334,1000.);
#6354=VECTOR('',#11335,1000.);
#6355=VECTOR('',#11336,1000.);
#6356=VECTOR('',#11337,1000.);
#6357=VECTOR('',#11338,1000.);
#6358=VECTOR('',#11339,1000.);
#6359=VECTOR('',#11342,1000.);
#6360=VECTOR('',#11343,1000.);
#6361=VECTOR('',#11344,1000.);
#6362=VECTOR('',#11345,1000.);
#6363=VECTOR('',#11346,1000.);
#6364=VECTOR('',#11347,1000.);
#6365=VECTOR('',#11350,1000.);
#6366=VECTOR('',#11351,1000.);
#6367=VECTOR('',#11352,1000.);
#6368=VECTOR('',#11353,1000.);
#6369=VECTOR('',#11354,1000.);
#6370=VECTOR('',#11355,1000.);
#6371=VECTOR('',#11358,1000.);
#6372=VECTOR('',#11359,1000.);
#6373=VECTOR('',#11360,1000.);
#6374=VECTOR('',#11363,1000.);
#6375=VECTOR('',#11364,1000.);
#6376=VECTOR('',#11365,1000.);
#6377=VECTOR('',#11368,1000.);
#6378=VECTOR('',#11369,1000.);
#6379=VECTOR('',#11370,1000.);
#6380=VECTOR('',#11373,1000.);
#6381=VECTOR('',#11374,1000.);
#6382=VECTOR('',#11375,1000.);
#6383=VECTOR('',#11378,1000.);
#6384=VECTOR('',#11379,1000.);
#6385=VECTOR('',#11380,1000.);
#6386=VECTOR('',#11383,1000.);
#6387=VECTOR('',#11384,1000.);
#6388=VECTOR('',#11385,1000.);
#6389=VECTOR('',#11388,1000.);
#6390=VECTOR('',#11389,1000.);
#6391=VECTOR('',#11390,1000.);
#6392=VECTOR('',#11393,1000.);
#6393=VECTOR('',#11394,1000.);
#6394=VECTOR('',#11395,1000.);
#6395=VECTOR('',#11398,1000.);
#6396=VECTOR('',#11399,1000.);
#6397=VECTOR('',#11400,1000.);
#6398=VECTOR('',#11403,1000.);
#6399=VECTOR('',#11404,1000.);
#6400=VECTOR('',#11405,1000.);
#6401=VECTOR('',#11408,1000.);
#6402=VECTOR('',#11409,1000.);
#6403=VECTOR('',#11410,1000.);
#6404=VECTOR('',#11413,1000.);
#6405=VECTOR('',#11414,1000.);
#6406=VECTOR('',#11415,1000.);
#6407=VECTOR('',#11418,1000.);
#6408=VECTOR('',#11419,1000.);
#6409=VECTOR('',#11420,1000.);
#6410=VECTOR('',#11423,1000.);
#6411=VECTOR('',#11424,1000.);
#6412=VECTOR('',#11425,1000.);
#6413=VECTOR('',#11428,1000.);
#6414=VECTOR('',#11429,1000.);
#6415=VECTOR('',#11430,1000.);
#6416=VECTOR('',#11433,1000.);
#6417=VECTOR('',#11434,1000.);
#6418=VECTOR('',#11435,1000.);
#6419=VECTOR('',#11438,1000.);
#6420=VECTOR('',#11439,1000.);
#6421=VECTOR('',#11440,1000.);
#6422=VECTOR('',#11443,1000.);
#6423=VECTOR('',#11444,1000.);
#6424=VECTOR('',#11445,1000.);
#6425=VECTOR('',#11448,1000.);
#6426=VECTOR('',#11449,1000.);
#6427=VECTOR('',#11450,1000.);
#6428=VECTOR('',#11453,1000.);
#6429=VECTOR('',#11454,1000.);
#6430=VECTOR('',#11455,1000.);
#6431=VECTOR('',#11458,1000.);
#6432=VECTOR('',#11459,1000.);
#6433=VECTOR('',#11460,1000.);
#6434=VECTOR('',#11461,1000.);
#6435=VECTOR('',#11462,1000.);
#6436=VECTOR('',#11463,1000.);
#6437=VECTOR('',#11464,1000.);
#6438=VECTOR('',#11465,1000.);
#6439=VECTOR('',#11466,1000.);
#6440=VECTOR('',#11467,1000.);
#6441=VECTOR('',#11468,1000.);
#6442=VECTOR('',#11469,1000.);
#6443=VECTOR('',#11470,1000.);
#6444=VECTOR('',#11471,1000.);
#6445=VECTOR('',#11472,1000.);
#6446=VECTOR('',#11473,1000.);
#6447=VECTOR('',#11474,1000.);
#6448=VECTOR('',#11475,1000.);
#6449=VECTOR('',#11476,1000.);
#6450=VECTOR('',#11477,1000.);
#6451=VECTOR('',#11478,1000.);
#6452=VECTOR('',#11479,1000.);
#6453=VECTOR('',#11480,1000.);
#6454=VECTOR('',#11481,1000.);
#6455=VECTOR('',#11482,1000.);
#6456=VECTOR('',#11483,1000.);
#6457=VECTOR('',#11484,1000.);
#6458=VECTOR('',#11485,1000.);
#6459=VECTOR('',#11486,1000.);
#6460=VECTOR('',#11487,1000.);
#6461=VECTOR('',#11488,1000.);
#6462=VECTOR('',#11489,1000.);
#6463=VECTOR('',#11492,1000.);
#6464=VECTOR('',#11493,1000.);
#6465=VECTOR('',#11494,1000.);
#6466=VECTOR('',#11495,1000.);
#6467=VECTOR('',#11496,1000.);
#6468=VECTOR('',#11497,1000.);
#6469=VECTOR('',#11498,1000.);
#6470=VECTOR('',#11499,1000.);
#6471=VECTOR('',#11500,1000.);
#6472=VECTOR('',#11501,1000.);
#6473=VECTOR('',#11502,1000.);
#6474=VECTOR('',#11503,1000.);
#6475=VECTOR('',#11504,1000.);
#6476=VECTOR('',#11505,1000.);
#6477=VECTOR('',#11506,1000.);
#6478=VECTOR('',#11507,1000.);
#6479=VECTOR('',#11508,1000.);
#6480=VECTOR('',#11509,1000.);
#6481=VECTOR('',#11510,1000.);
#6482=VECTOR('',#11511,1000.);
#6483=VECTOR('',#11512,1000.);
#6484=VECTOR('',#11513,1000.);
#6485=VECTOR('',#11514,1000.);
#6486=VECTOR('',#11515,1000.);
#6487=VECTOR('',#11516,1000.);
#6488=VECTOR('',#11517,1000.);
#6489=VECTOR('',#11518,1000.);
#6490=VECTOR('',#11519,1000.);
#6491=VECTOR('',#11520,1000.);
#6492=VECTOR('',#11521,1000.);
#6493=VECTOR('',#11522,1000.);
#6494=VECTOR('',#11523,1000.);
#6495=VECTOR('',#11524,1000.);
#6496=VECTOR('',#11525,1000.);
#6497=VECTOR('',#11526,1000.);
#6498=VECTOR('',#11527,1000.);
#6499=VECTOR('',#11528,1000.);
#6500=VECTOR('',#11529,1000.);
#6501=VECTOR('',#11530,1000.);
#6502=VECTOR('',#11531,1000.);
#6503=VECTOR('',#11532,1000.);
#6504=VECTOR('',#11533,1000.);
#6505=VECTOR('',#11536,1000.);
#6506=VECTOR('',#11537,1000.);
#6507=VECTOR('',#11538,1000.);
#6508=VECTOR('',#11541,1000.);
#6509=VECTOR('',#11542,1000.);
#6510=VECTOR('',#11543,1000.);
#6511=VECTOR('',#11546,1000.);
#6512=VECTOR('',#11547,1000.);
#6513=VECTOR('',#11548,1000.);
#6514=VECTOR('',#11551,1000.);
#6515=VECTOR('',#11552,1000.);
#6516=VECTOR('',#11553,1000.);
#6517=VECTOR('',#11556,1000.);
#6518=VECTOR('',#11557,1000.);
#6519=VECTOR('',#11558,1000.);
#6520=VECTOR('',#11561,1000.);
#6521=VECTOR('',#11562,1000.);
#6522=VECTOR('',#11563,1000.);
#6523=VECTOR('',#11566,1000.);
#6524=VECTOR('',#11567,1000.);
#6525=VECTOR('',#11568,1000.);
#6526=VECTOR('',#11571,1000.);
#6527=VECTOR('',#11572,1000.);
#6528=VECTOR('',#11573,1000.);
#6529=VECTOR('',#11576,1000.);
#6530=VECTOR('',#11577,1000.);
#6531=VECTOR('',#11578,1000.);
#6532=VECTOR('',#11581,1000.);
#6533=VECTOR('',#11582,1000.);
#6534=VECTOR('',#11583,1000.);
#6535=VECTOR('',#11646,1000.);
#6536=VECTOR('',#11647,1000.);
#6537=VECTOR('',#11648,1000.);
#6538=VECTOR('',#11651,1000.);
#6539=VECTOR('',#11652,1000.);
#6540=VECTOR('',#11653,1000.);
#6541=VECTOR('',#11656,1000.);
#6542=VECTOR('',#11657,1000.);
#6543=VECTOR('',#11658,1000.);
#6544=VECTOR('',#11661,1000.);
#6545=VECTOR('',#11662,1000.);
#6546=VECTOR('',#11663,1000.);
#6547=VECTOR('',#11666,1000.);
#6548=VECTOR('',#11667,1000.);
#6549=VECTOR('',#11668,1000.);
#6550=VECTOR('',#11671,1000.);
#6551=VECTOR('',#11672,1000.);
#6552=VECTOR('',#11673,1000.);
#6553=VECTOR('',#11676,1000.);
#6554=VECTOR('',#11677,1000.);
#6555=VECTOR('',#11678,1000.);
#6556=VECTOR('',#11681,1000.);
#6557=VECTOR('',#11682,1000.);
#6558=VECTOR('',#11683,1000.);
#6559=VECTOR('',#11686,1000.);
#6560=VECTOR('',#11687,1000.);
#6561=VECTOR('',#11688,1000.);
#6562=VECTOR('',#11691,1000.);
#6563=VECTOR('',#11692,1000.);
#6564=VECTOR('',#11693,1000.);
#6565=VECTOR('',#11696,1000.);
#6566=VECTOR('',#11697,1000.);
#6567=VECTOR('',#11698,1000.);
#6568=VECTOR('',#11701,1000.);
#6569=VECTOR('',#11702,1000.);
#6570=VECTOR('',#11703,1000.);
#6571=VECTOR('',#11706,1000.);
#6572=VECTOR('',#11707,1000.);
#6573=VECTOR('',#11708,1000.);
#6574=VECTOR('',#11711,1000.);
#6575=VECTOR('',#11712,1000.);
#6576=VECTOR('',#11713,1000.);
#6577=VECTOR('',#11716,1000.);
#6578=VECTOR('',#11717,1000.);
#6579=VECTOR('',#11718,1000.);
#6580=VECTOR('',#11721,1000.);
#6581=VECTOR('',#11722,1000.);
#6582=VECTOR('',#11723,1000.);
#6583=VECTOR('',#11726,1000.);
#6584=VECTOR('',#11727,1000.);
#6585=VECTOR('',#11728,1000.);
#6586=VECTOR('',#11731,1000.);
#6587=VECTOR('',#11732,1000.);
#6588=VECTOR('',#11733,1000.);
#6589=VECTOR('',#11736,1000.);
#6590=VECTOR('',#11737,1000.);
#6591=VECTOR('',#11738,1000.);
#6592=VECTOR('',#11741,1000.);
#6593=VECTOR('',#11742,1000.);
#6594=VECTOR('',#11743,1000.);
#6595=VECTOR('',#11746,1000.);
#6596=VECTOR('',#11747,1000.);
#6597=VECTOR('',#11748,1000.);
#6598=VECTOR('',#11751,1000.);
#6599=VECTOR('',#11752,1000.);
#6600=VECTOR('',#11753,1000.);
#6601=VECTOR('',#11756,1000.);
#6602=VECTOR('',#11757,1000.);
#6603=VECTOR('',#11758,1000.);
#6604=VECTOR('',#11761,1000.);
#6605=VECTOR('',#11762,1000.);
#6606=VECTOR('',#11763,1000.);
#6607=VECTOR('',#11766,1000.);
#6608=VECTOR('',#11767,1000.);
#6609=VECTOR('',#11768,1000.);
#6610=VECTOR('',#11771,1000.);
#6611=VECTOR('',#11772,1000.);
#6612=VECTOR('',#11773,1000.);
#6613=VECTOR('',#11776,1000.);
#6614=VECTOR('',#11777,1000.);
#6615=VECTOR('',#11778,1000.);
#6616=VECTOR('',#11781,1000.);
#6617=VECTOR('',#11782,1000.);
#6618=VECTOR('',#11783,1000.);
#6619=VECTOR('',#11786,1000.);
#6620=VECTOR('',#11787,1000.);
#6621=VECTOR('',#11788,1000.);
#6622=VECTOR('',#11791,1000.);
#6623=VECTOR('',#11792,1000.);
#6624=VECTOR('',#11793,1000.);
#6625=VECTOR('',#11798,1000.);
#6626=VECTOR('',#11805,1000.);
#6627=VECTOR('',#11812,1000.);
#6628=VECTOR('',#11819,1000.);
#6629=VECTOR('',#11826,1000.);
#6630=VECTOR('',#11833,1000.);
#6631=VECTOR('',#11840,1000.);
#6632=VECTOR('',#11847,1000.);
#6633=VECTOR('',#11854,1000.);
#6634=VECTOR('',#11861,1000.);
#6635=VECTOR('',#11866,1000.);
#6636=VECTOR('',#11867,1000.);
#6637=VECTOR('',#11868,1000.);
#6638=VECTOR('',#11871,1000.);
#6639=VECTOR('',#11872,1000.);
#6640=VECTOR('',#11873,1000.);
#6641=VECTOR('',#11876,1000.);
#6642=VECTOR('',#11877,1000.);
#6643=VECTOR('',#11878,1000.);
#6644=VECTOR('',#11881,1000.);
#6645=VECTOR('',#11882,1000.);
#6646=VECTOR('',#11883,1000.);
#6647=VECTOR('',#11886,1000.);
#6648=VECTOR('',#11887,1000.);
#6649=VECTOR('',#11888,1000.);
#6650=VECTOR('',#11891,1000.);
#6651=VECTOR('',#11892,1000.);
#6652=VECTOR('',#11893,1000.);
#6653=VECTOR('',#11896,1000.);
#6654=VECTOR('',#11897,1000.);
#6655=VECTOR('',#11898,1000.);
#6656=VECTOR('',#11901,1000.);
#6657=VECTOR('',#11902,1000.);
#6658=VECTOR('',#11903,1000.);
#6659=VECTOR('',#11906,1000.);
#6660=VECTOR('',#11907,1000.);
#6661=VECTOR('',#11908,1000.);
#6662=VECTOR('',#11911,1000.);
#6663=VECTOR('',#11912,1000.);
#6664=VECTOR('',#11913,1000.);
#6665=VECTOR('',#11916,1000.);
#6666=VECTOR('',#11917,1000.);
#6667=VECTOR('',#11918,1000.);
#6668=VECTOR('',#11921,1000.);
#6669=VECTOR('',#11922,1000.);
#6670=VECTOR('',#11923,1000.);
#6671=VECTOR('',#11926,1000.);
#6672=VECTOR('',#11927,1000.);
#6673=VECTOR('',#11928,1000.);
#6674=VECTOR('',#11931,1000.);
#6675=VECTOR('',#11932,1000.);
#6676=VECTOR('',#11933,1000.);
#6677=VECTOR('',#11936,1000.);
#6678=VECTOR('',#11937,1000.);
#6679=VECTOR('',#11938,1000.);
#6680=VECTOR('',#11941,1000.);
#6681=VECTOR('',#11942,1000.);
#6682=VECTOR('',#11943,1000.);
#6683=VECTOR('',#11946,1000.);
#6684=VECTOR('',#11947,1000.);
#6685=VECTOR('',#11948,1000.);
#6686=VECTOR('',#11951,1000.);
#6687=VECTOR('',#11952,1000.);
#6688=VECTOR('',#11953,1000.);
#6689=VECTOR('',#11956,1000.);
#6690=VECTOR('',#11957,1000.);
#6691=VECTOR('',#11958,1000.);
#6692=VECTOR('',#11961,1000.);
#6693=VECTOR('',#11962,1000.);
#6694=VECTOR('',#11963,1000.);
#6695=VECTOR('',#12028,1000.);
#6696=VECTOR('',#12033,1000.);
#6697=VECTOR('',#12038,1000.);
#6698=VECTOR('',#12041,1000.);
#6699=VECTOR('',#12046,1000.);
#6700=VECTOR('',#12049,1000.);
#6701=VECTOR('',#12054,1000.);
#6702=VECTOR('',#12057,1000.);
#6703=VECTOR('',#12062,1000.);
#6704=VECTOR('',#12065,1000.);
#6705=VECTOR('',#12070,1000.);
#6706=VECTOR('',#12073,1000.);
#6707=VECTOR('',#12078,1000.);
#6708=VECTOR('',#12081,1000.);
#6709=VECTOR('',#12086,1000.);
#6710=VECTOR('',#12089,1000.);
#6711=VECTOR('',#12094,1000.);
#6712=VECTOR('',#12097,1000.);
#6713=VECTOR('',#12102,1000.);
#6714=VECTOR('',#12105,1000.);
#6715=VECTOR('',#12110,1000.);
#6716=VECTOR('',#12115,1000.);
#6717=VECTOR('',#12118,1000.);
#6718=VECTOR('',#12123,1000.);
#6719=VECTOR('',#12126,1000.);
#6720=VECTOR('',#12131,1000.);
#6721=VECTOR('',#12134,1000.);
#6722=VECTOR('',#12139,1000.);
#6723=VECTOR('',#12142,1000.);
#6724=VECTOR('',#12147,1000.);
#6725=VECTOR('',#12150,1000.);
#6726=VECTOR('',#12155,1000.);
#6727=VECTOR('',#12158,1000.);
#6728=VECTOR('',#12163,1000.);
#6729=VECTOR('',#12166,1000.);
#6730=VECTOR('',#12171,1000.);
#6731=VECTOR('',#12174,1000.);
#6732=VECTOR('',#12179,1000.);
#6733=VECTOR('',#12182,1000.);
#6734=VECTOR('',#12187,1000.);
#6735=VECTOR('',#12192,1000.);
#6736=VECTOR('',#12197,1000.);
#6737=VECTOR('',#12200,1000.);
#6738=VECTOR('',#12205,1000.);
#6739=VECTOR('',#12208,1000.);
#6740=VECTOR('',#12213,1000.);
#6741=VECTOR('',#12216,1000.);
#6742=VECTOR('',#12221,1000.);
#6743=VECTOR('',#12224,1000.);
#6744=VECTOR('',#12229,1000.);
#6745=VECTOR('',#12232,1000.);
#6746=VECTOR('',#12237,1000.);
#6747=VECTOR('',#12240,1000.);
#6748=VECTOR('',#12245,1000.);
#6749=VECTOR('',#12248,1000.);
#6750=VECTOR('',#12253,1000.);
#6751=VECTOR('',#12256,1000.);
#6752=VECTOR('',#12261,1000.);
#6753=VECTOR('',#12264,1000.);
#6754=VECTOR('',#12269,1000.);
#6755=EDGE_LOOP('',(#126,#127,#128,#129));
#6756=EDGE_LOOP('',(#130,#131,#132,#133));
#6757=EDGE_LOOP('',(#134,#135,#136,#137));
#6758=EDGE_LOOP('',(#138,#139,#140,#141));
#6759=EDGE_LOOP('',(#142,#143,#144,#145));
#6760=EDGE_LOOP('',(#146,#147,#148,#149));
#6761=EDGE_LOOP('',(#150,#151,#152,#153));
#6762=EDGE_LOOP('',(#154,#155,#156,#157));
#6763=EDGE_LOOP('',(#158,#159,#160,#161));
#6764=EDGE_LOOP('',(#162,#163,#164,#165));
#6765=EDGE_LOOP('',(#166,#167,#168,#169,#170,#171,#172));
#6766=EDGE_LOOP('',(#173,#174,#175,#176));
#6767=EDGE_LOOP('',(#177,#178,#179,#180));
#6768=EDGE_LOOP('',(#181,#182,#183,#184));
#6769=EDGE_LOOP('',(#185,#186,#187,#188));
#6770=EDGE_LOOP('',(#189,#190,#191,#192));
#6771=EDGE_LOOP('',(#193,#194,#195,#196));
#6772=EDGE_LOOP('',(#197,#198,#199,#200));
#6773=EDGE_LOOP('',(#201,#202,#203,#204));
#6774=EDGE_LOOP('',(#205,#206,#207,#208));
#6775=EDGE_LOOP('',(#209,#210,#211,#212,#213,#214,#215));
#6776=EDGE_LOOP('',(#216,#217,#218,#219));
#6777=EDGE_LOOP('',(#220,#221,#222,#223));
#6778=EDGE_LOOP('',(#224,#225,#226,#227));
#6779=EDGE_LOOP('',(#228,#229,#230,#231));
#6780=EDGE_LOOP('',(#232,#233,#234,#235));
#6781=EDGE_LOOP('',(#236,#237,#238,#239));
#6782=EDGE_LOOP('',(#240,#241,#242,#243));
#6783=EDGE_LOOP('',(#244,#245,#246,#247));
#6784=EDGE_LOOP('',(#248,#249,#250,#251));
#6785=EDGE_LOOP('',(#252,#253,#254,#255));
#6786=EDGE_LOOP('',(#256,#257,#258,#259));
#6787=EDGE_LOOP('',(#260,#261,#262,#263,#264,#265,#266,#267,#268,#269,#270,
#271,#272,#273,#274,#275,#276,#277,#278,#279,#280,#281,#282,#283,#284,#285,
#286,#287,#288,#289,#290,#291,#292,#293,#294,#295,#296,#297,#298,#299,#300,
#301,#302,#303));
#6788=EDGE_LOOP('',(#304,#305,#306,#307));
#6789=EDGE_LOOP('',(#308,#309,#310,#311));
#6790=EDGE_LOOP('',(#312,#313,#314,#315));
#6791=EDGE_LOOP('',(#316,#317,#318,#319));
#6792=EDGE_LOOP('',(#320,#321,#322,#323));
#6793=EDGE_LOOP('',(#324,#325,#326,#327));
#6794=EDGE_LOOP('',(#328,#329,#330,#331));
#6795=EDGE_LOOP('',(#332,#333,#334,#335));
#6796=EDGE_LOOP('',(#336,#337,#338,#339));
#6797=EDGE_LOOP('',(#340,#341,#342,#343));
#6798=EDGE_LOOP('',(#344,#345,#346,#347));
#6799=EDGE_LOOP('',(#348,#349,#350,#351));
#6800=EDGE_LOOP('',(#352,#353,#354,#355));
#6801=EDGE_LOOP('',(#356,#357,#358,#359));
#6802=EDGE_LOOP('',(#360,#361,#362,#363));
#6803=EDGE_LOOP('',(#364,#365,#366,#367));
#6804=EDGE_LOOP('',(#368,#369,#370,#371));
#6805=EDGE_LOOP('',(#372,#373,#374,#375));
#6806=EDGE_LOOP('',(#376,#377,#378,#379));
#6807=EDGE_LOOP('',(#380,#381,#382,#383));
#6808=EDGE_LOOP('',(#384,#385,#386,#387));
#6809=EDGE_LOOP('',(#388,#389,#390,#391,#392,#393,#394,#395,#396,#397,#398,
#399,#400,#401,#402,#403,#404,#405,#406,#407,#408,#409,#410,#411,#412,#413,
#414,#415,#416,#417,#418,#419,#420,#421,#422,#423,#424,#425,#426,#427,#428,
#429,#430,#431));
#6810=EDGE_LOOP('',(#432,#433,#434,#435));
#6811=EDGE_LOOP('',(#436,#437,#438,#439));
#6812=EDGE_LOOP('',(#440,#441,#442,#443,#444,#445,#446,#447));
#6813=EDGE_LOOP('',(#448,#449,#450,#451,#452,#453,#454,#455,#456));
#6814=EDGE_LOOP('',(#457,#458,#459,#460,#461,#462,#463,#464,#465));
#6815=EDGE_LOOP('',(#466,#467,#468,#469));
#6816=EDGE_LOOP('',(#470,#471,#472,#473));
#6817=EDGE_LOOP('',(#474,#475,#476,#477));
#6818=EDGE_LOOP('',(#478,#479,#480,#481));
#6819=EDGE_LOOP('',(#482,#483,#484,#485));
#6820=EDGE_LOOP('',(#486,#487,#488,#489));
#6821=EDGE_LOOP('',(#490,#491,#492,#493));
#6822=EDGE_LOOP('',(#494,#495,#496,#497,#498,#499,#500,#501,#502,#503));
#6823=EDGE_LOOP('',(#504,#505,#506,#507));
#6824=EDGE_LOOP('',(#508,#509,#510,#511));
#6825=EDGE_LOOP('',(#512,#513,#514,#515,#516,#517));
#6826=EDGE_LOOP('',(#518,#519,#520,#521));
#6827=EDGE_LOOP('',(#522,#523,#524,#525,#526,#527,#528,#529,#530,#531));
#6828=EDGE_LOOP('',(#532,#533,#534,#535));
#6829=EDGE_LOOP('',(#536,#537,#538,#539));
#6830=EDGE_LOOP('',(#540,#541,#542,#543));
#6831=EDGE_LOOP('',(#544,#545,#546,#547));
#6832=EDGE_LOOP('',(#548,#549,#550,#551,#552,#553,#554,#555,#556,#557));
#6833=EDGE_LOOP('',(#558,#559,#560,#561));
#6834=EDGE_LOOP('',(#562,#563,#564,#565,#566,#567));
#6835=EDGE_LOOP('',(#568,#569,#570,#571));
#6836=EDGE_LOOP('',(#572,#573,#574,#575));
#6837=EDGE_LOOP('',(#576,#577,#578,#579,#580,#581));
#6838=EDGE_LOOP('',(#582,#583,#584,#585,#586,#587,#588,#589));
#6839=EDGE_LOOP('',(#590,#591,#592,#593,#594,#595));
#6840=EDGE_LOOP('',(#596,#597,#598,#599));
#6841=EDGE_LOOP('',(#600,#601,#602,#603));
#6842=EDGE_LOOP('',(#604,#605,#606,#607));
#6843=EDGE_LOOP('',(#608,#609,#610,#611));
#6844=EDGE_LOOP('',(#612,#613,#614,#615,#616,#617,#618,#619));
#6845=EDGE_LOOP('',(#620,#621,#622,#623));
#6846=EDGE_LOOP('',(#624,#625,#626,#627,#628,#629,#630,#631,#632,#633,#634,
#635,#636,#637,#638,#639,#640,#641,#642,#643,#644,#645,#646,#647,#648,#649,
#650,#651,#652,#653,#654,#655,#656,#657,#658,#659,#660,#661,#662,#663,#664,
#665,#666,#667));
#6847=EDGE_LOOP('',(#668,#669,#670,#671,#672,#673,#674,#675,#676,#677,#678,
#679,#680,#681,#682,#683,#684,#685,#686,#687,#688,#689,#690,#691,#692,#693,
#694,#695,#696,#697,#698,#699,#700,#701,#702,#703,#704,#705,#706,#707,#708,
#709,#710,#711));
#6848=EDGE_LOOP('',(#712,#713,#714,#715,#716,#717));
#6849=EDGE_LOOP('',(#718,#719,#720,#721,#722,#723));
#6850=EDGE_LOOP('',(#724,#725,#726,#727,#728,#729,#730,#731,#732,#733));
#6851=EDGE_LOOP('',(#734,#735,#736,#737,#738,#739,#740,#741,#742,#743));
#6852=EDGE_LOOP('',(#744,#745,#746,#747,#748,#749,#750,#751,#752,#753));
#6853=EDGE_LOOP('',(#754,#755,#756,#757,#758,#759,#760,#761,#762,#763));
#6854=EDGE_LOOP('',(#764,#765,#766,#767,#768,#769,#770,#771,#772,#773));
#6855=EDGE_LOOP('',(#774,#775,#776,#777,#778,#779,#780,#781,#782,#783));
#6856=EDGE_LOOP('',(#784,#785,#786,#787,#788,#789,#790,#791,#792,#793));
#6857=EDGE_LOOP('',(#794,#795,#796,#797,#798,#799,#800,#801,#802,#803));
#6858=EDGE_LOOP('',(#804,#805,#806,#807,#808,#809,#810,#811,#812,#813));
#6859=EDGE_LOOP('',(#814,#815,#816,#817,#818,#819,#820,#821,#822,#823));
#6860=EDGE_LOOP('',(#824,#825,#826,#827,#828,#829,#830,#831,#832,#833));
#6861=EDGE_LOOP('',(#834,#835,#836,#837,#838,#839,#840,#841,#842,#843));
#6862=EDGE_LOOP('',(#844,#845,#846,#847,#848,#849,#850,#851,#852,#853));
#6863=EDGE_LOOP('',(#854,#855,#856,#857,#858,#859,#860,#861,#862,#863));
#6864=EDGE_LOOP('',(#864,#865,#866,#867,#868,#869,#870,#871,#872,#873));
#6865=EDGE_LOOP('',(#874,#875,#876,#877,#878,#879,#880,#881,#882,#883));
#6866=EDGE_LOOP('',(#884,#885,#886,#887,#888,#889,#890,#891,#892,#893));
#6867=EDGE_LOOP('',(#894,#895,#896,#897,#898,#899,#900,#901,#902,#903));
#6868=EDGE_LOOP('',(#904,#905,#906,#907,#908,#909,#910,#911,#912,#913));
#6869=EDGE_LOOP('',(#914,#915,#916,#917,#918,#919,#920,#921,#922,#923));
#6870=EDGE_LOOP('',(#924,#925,#926,#927));
#6871=EDGE_LOOP('',(#928,#929,#930,#931));
#6872=EDGE_LOOP('',(#932,#933,#934,#935));
#6873=EDGE_LOOP('',(#936,#937,#938,#939));
#6874=EDGE_LOOP('',(#940,#941,#942,#943));
#6875=EDGE_LOOP('',(#944,#945,#946,#947));
#6876=EDGE_LOOP('',(#948,#949,#950,#951));
#6877=EDGE_LOOP('',(#952,#953,#954,#955));
#6878=EDGE_LOOP('',(#956,#957,#958,#959));
#6879=EDGE_LOOP('',(#960,#961,#962,#963));
#6880=EDGE_LOOP('',(#964,#965,#966,#967));
#6881=EDGE_LOOP('',(#968,#969,#970,#971));
#6882=EDGE_LOOP('',(#972,#973,#974,#975));
#6883=EDGE_LOOP('',(#976,#977,#978,#979));
#6884=EDGE_LOOP('',(#980,#981,#982,#983));
#6885=EDGE_LOOP('',(#984,#985,#986,#987));
#6886=EDGE_LOOP('',(#988,#989,#990,#991));
#6887=EDGE_LOOP('',(#992,#993,#994,#995));
#6888=EDGE_LOOP('',(#996,#997,#998,#999));
#6889=EDGE_LOOP('',(#1000,#1001,#1002,#1003));
#6890=EDGE_LOOP('',(#1004,#1005,#1006,#1007));
#6891=EDGE_LOOP('',(#1008,#1009,#1010,#1011));
#6892=EDGE_LOOP('',(#1012,#1013,#1014,#1015));
#6893=EDGE_LOOP('',(#1016,#1017,#1018,#1019));
#6894=EDGE_LOOP('',(#1020,#1021,#1022,#1023));
#6895=EDGE_LOOP('',(#1024,#1025,#1026,#1027));
#6896=EDGE_LOOP('',(#1028,#1029,#1030,#1031));
#6897=EDGE_LOOP('',(#1032,#1033,#1034,#1035));
#6898=EDGE_LOOP('',(#1036,#1037,#1038,#1039));
#6899=EDGE_LOOP('',(#1040,#1041,#1042,#1043));
#6900=EDGE_LOOP('',(#1044,#1045,#1046,#1047));
#6901=EDGE_LOOP('',(#1048,#1049,#1050,#1051));
#6902=EDGE_LOOP('',(#1052,#1053,#1054,#1055));
#6903=EDGE_LOOP('',(#1056,#1057,#1058,#1059));
#6904=EDGE_LOOP('',(#1060,#1061,#1062,#1063));
#6905=EDGE_LOOP('',(#1064,#1065,#1066,#1067));
#6906=EDGE_LOOP('',(#1068,#1069,#1070,#1071));
#6907=EDGE_LOOP('',(#1072,#1073,#1074,#1075));
#6908=EDGE_LOOP('',(#1076,#1077,#1078,#1079));
#6909=EDGE_LOOP('',(#1080,#1081,#1082,#1083));
#6910=EDGE_LOOP('',(#1084,#1085,#1086,#1087));
#6911=EDGE_LOOP('',(#1088,#1089,#1090,#1091,#1092));
#6912=EDGE_LOOP('',(#1093,#1094,#1095,#1096,#1097));
#6913=EDGE_LOOP('',(#1098,#1099,#1100,#1101));
#6914=EDGE_LOOP('',(#1102,#1103,#1104,#1105,#1106));
#6915=EDGE_LOOP('',(#1107,#1108,#1109,#1110));
#6916=EDGE_LOOP('',(#1111,#1112,#1113,#1114,#1115));
#6917=EDGE_LOOP('',(#1116,#1117,#1118,#1119));
#6918=EDGE_LOOP('',(#1120,#1121,#1122,#1123,#1124));
#6919=EDGE_LOOP('',(#1125,#1126,#1127,#1128));
#6920=EDGE_LOOP('',(#1129,#1130,#1131,#1132,#1133));
#6921=EDGE_LOOP('',(#1134,#1135,#1136,#1137));
#6922=EDGE_LOOP('',(#1138,#1139,#1140,#1141,#1142));
#6923=EDGE_LOOP('',(#1143,#1144,#1145,#1146));
#6924=EDGE_LOOP('',(#1147,#1148,#1149,#1150,#1151));
#6925=EDGE_LOOP('',(#1152,#1153,#1154,#1155));
#6926=EDGE_LOOP('',(#1156,#1157,#1158,#1159,#1160));
#6927=EDGE_LOOP('',(#1161,#1162,#1163,#1164));
#6928=EDGE_LOOP('',(#1165,#1166,#1167,#1168,#1169));
#6929=EDGE_LOOP('',(#1170,#1171,#1172,#1173));
#6930=EDGE_LOOP('',(#1174,#1175,#1176,#1177,#1178));
#6931=EDGE_LOOP('',(#1179,#1180,#1181,#1182));
#6932=EDGE_LOOP('',(#1183,#1184,#1185,#1186,#1187));
#6933=EDGE_LOOP('',(#1188,#1189,#1190,#1191));
#6934=EDGE_LOOP('',(#1192,#1193,#1194,#1195,#1196));
#6935=EDGE_LOOP('',(#1197,#1198,#1199,#1200));
#6936=EDGE_LOOP('',(#1201,#1202,#1203,#1204,#1205));
#6937=EDGE_LOOP('',(#1206,#1207,#1208,#1209));
#6938=EDGE_LOOP('',(#1210,#1211,#1212,#1213,#1214));
#6939=EDGE_LOOP('',(#1215,#1216,#1217,#1218));
#6940=EDGE_LOOP('',(#1219,#1220,#1221,#1222,#1223));
#6941=EDGE_LOOP('',(#1224,#1225,#1226,#1227));
#6942=EDGE_LOOP('',(#1228,#1229,#1230,#1231,#1232));
#6943=EDGE_LOOP('',(#1233,#1234,#1235,#1236));
#6944=EDGE_LOOP('',(#1237,#1238,#1239,#1240,#1241));
#6945=EDGE_LOOP('',(#1242,#1243,#1244,#1245));
#6946=EDGE_LOOP('',(#1246,#1247,#1248,#1249));
#6947=EDGE_LOOP('',(#1250,#1251,#1252,#1253,#1254));
#6948=EDGE_LOOP('',(#1255,#1256,#1257,#1258));
#6949=EDGE_LOOP('',(#1259,#1260,#1261,#1262,#1263));
#6950=EDGE_LOOP('',(#1264,#1265,#1266,#1267,#1268,#1269,#1270,#1271,#1272,
#1273,#1274,#1275,#1276,#1277,#1278,#1279,#1280,#1281,#1282,#1283,#1284,
#1285,#1286,#1287,#1288,#1289,#1290,#1291,#1292,#1293,#1294,#1295,#1296,
#1297,#1298,#1299,#1300,#1301,#1302,#1303,#1304,#1305,#1306,#1307,#1308,
#1309,#1310,#1311,#1312,#1313,#1314,#1315,#1316,#1317,#1318,#1319,#1320,
#1321,#1322,#1323,#1324,#1325,#1326,#1327,#1328,#1329,#1330,#1331,#1332,
#1333,#1334,#1335,#1336,#1337,#1338,#1339,#1340,#1341,#1342,#1343,#1344,
#1345,#1346,#1347));
#6951=EDGE_LOOP('',(#1348,#1349,#1350,#1351,#1352,#1353,#1354,#1355,#1356,
#1357,#1358,#1359,#1360,#1361,#1362,#1363,#1364,#1365,#1366,#1367,#1368,
#1369,#1370,#1371,#1372,#1373,#1374,#1375,#1376,#1377,#1378,#1379,#1380,
#1381,#1382,#1383,#1384,#1385,#1386,#1387,#1388,#1389,#1390,#1391,#1392,
#1393,#1394,#1395,#1396,#1397,#1398,#1399,#1400,#1401,#1402,#1403,#1404,
#1405,#1406,#1407,#1408,#1409,#1410,#1411,#1412,#1413,#1414,#1415,#1416,
#1417,#1418,#1419,#1420,#1421,#1422,#1423,#1424,#1425,#1426,#1427,#1428,
#1429,#1430,#1431));
#6952=EDGE_LOOP('',(#1432,#1433,#1434,#1435,#1436,#1437,#1438,#1439));
#6953=EDGE_LOOP('',(#1440,#1441,#1442,#1443,#1444,#1445,#1446,#1447));
#6954=EDGE_LOOP('',(#1448,#1449,#1450,#1451));
#6955=EDGE_LOOP('',(#1452,#1453,#1454,#1455));
#6956=EDGE_LOOP('',(#1456,#1457,#1458,#1459));
#6957=EDGE_LOOP('',(#1460,#1461,#1462,#1463));
#6958=EDGE_LOOP('',(#1464,#1465,#1466,#1467));
#6959=EDGE_LOOP('',(#1468,#1469,#1470,#1471));
#6960=EDGE_LOOP('',(#1472,#1473,#1474,#1475));
#6961=EDGE_LOOP('',(#1476,#1477,#1478,#1479));
#6962=EDGE_LOOP('',(#1480,#1481,#1482,#1483));
#6963=EDGE_LOOP('',(#1484,#1485,#1486,#1487));
#6964=EDGE_LOOP('',(#1488,#1489,#1490,#1491));
#6965=EDGE_LOOP('',(#1492,#1493,#1494,#1495));
#6966=EDGE_LOOP('',(#1496,#1497,#1498,#1499));
#6967=EDGE_LOOP('',(#1500,#1501,#1502,#1503));
#6968=EDGE_LOOP('',(#1504,#1505,#1506,#1507));
#6969=EDGE_LOOP('',(#1508,#1509,#1510,#1511));
#6970=EDGE_LOOP('',(#1512,#1513,#1514,#1515));
#6971=EDGE_LOOP('',(#1516,#1517,#1518,#1519));
#6972=EDGE_LOOP('',(#1520,#1521,#1522,#1523));
#6973=EDGE_LOOP('',(#1524,#1525,#1526,#1527));
#6974=EDGE_LOOP('',(#1528,#1529,#1530,#1531,#1532,#1533,#1534,#1535,#1536,
#1537,#1538,#1539,#1540,#1541,#1542,#1543,#1544,#1545,#1546,#1547,#1548,
#1549,#1550,#1551,#1552,#1553,#1554,#1555,#1556,#1557,#1558,#1559,#1560,
#1561,#1562,#1563,#1564,#1565,#1566,#1567,#1568,#1569,#1570,#1571));
#6975=EDGE_LOOP('',(#1572,#1573,#1574,#1575,#1576,#1577,#1578,#1579,#1580,
#1581,#1582,#1583,#1584,#1585,#1586,#1587,#1588,#1589,#1590,#1591,#1592,
#1593,#1594,#1595,#1596,#1597,#1598,#1599,#1600,#1601,#1602,#1603,#1604,
#1605,#1606,#1607,#1608,#1609,#1610,#1611,#1612,#1613,#1614,#1615));
#6976=EDGE_LOOP('',(#1616,#1617,#1618,#1619));
#6977=EDGE_LOOP('',(#1620,#1621,#1622,#1623));
#6978=EDGE_LOOP('',(#1624,#1625,#1626,#1627));
#6979=EDGE_LOOP('',(#1628,#1629,#1630,#1631));
#6980=EDGE_LOOP('',(#1632,#1633,#1634,#1635));
#6981=EDGE_LOOP('',(#1636,#1637,#1638,#1639));
#6982=EDGE_LOOP('',(#1640,#1641,#1642,#1643));
#6983=EDGE_LOOP('',(#1644,#1645,#1646,#1647));
#6984=EDGE_LOOP('',(#1648,#1649,#1650,#1651));
#6985=EDGE_LOOP('',(#1652,#1653,#1654,#1655));
#6986=EDGE_LOOP('',(#1656,#1657,#1658,#1659));
#6987=EDGE_LOOP('',(#1660,#1661,#1662,#1663));
#6988=EDGE_LOOP('',(#1664,#1665,#1666,#1667));
#6989=EDGE_LOOP('',(#1668,#1669,#1670,#1671));
#6990=EDGE_LOOP('',(#1672,#1673,#1674,#1675));
#6991=EDGE_LOOP('',(#1676,#1677,#1678,#1679));
#6992=EDGE_LOOP('',(#1680,#1681,#1682,#1683));
#6993=EDGE_LOOP('',(#1684,#1685,#1686,#1687));
#6994=EDGE_LOOP('',(#1688,#1689,#1690,#1691));
#6995=EDGE_LOOP('',(#1692,#1693,#1694,#1695));
#6996=EDGE_LOOP('',(#1696,#1697,#1698,#1699));
#6997=EDGE_LOOP('',(#1700,#1701,#1702,#1703));
#6998=EDGE_LOOP('',(#1704,#1705,#1706,#1707));
#6999=EDGE_LOOP('',(#1708,#1709,#1710,#1711));
#7000=EDGE_LOOP('',(#1712,#1713,#1714,#1715));
#7001=EDGE_LOOP('',(#1716,#1717,#1718,#1719));
#7002=EDGE_LOOP('',(#1720,#1721,#1722,#1723));
#7003=EDGE_LOOP('',(#1724,#1725,#1726,#1727));
#7004=EDGE_LOOP('',(#1728,#1729,#1730,#1731));
#7005=EDGE_LOOP('',(#1732,#1733,#1734,#1735));
#7006=EDGE_LOOP('',(#1736,#1737,#1738,#1739));
#7007=EDGE_LOOP('',(#1740,#1741,#1742,#1743));
#7008=EDGE_LOOP('',(#1744,#1745,#1746,#1747));
#7009=EDGE_LOOP('',(#1748,#1749,#1750,#1751));
#7010=EDGE_LOOP('',(#1752,#1753,#1754,#1755));
#7011=EDGE_LOOP('',(#1756,#1757,#1758,#1759));
#7012=EDGE_LOOP('',(#1760,#1761,#1762,#1763));
#7013=EDGE_LOOP('',(#1764,#1765,#1766,#1767));
#7014=EDGE_LOOP('',(#1768,#1769,#1770,#1771));
#7015=EDGE_LOOP('',(#1772,#1773,#1774,#1775));
#7016=EDGE_LOOP('',(#1776,#1777,#1778,#1779));
#7017=EDGE_LOOP('',(#1780,#1781,#1782,#1783));
#7018=EDGE_LOOP('',(#1784,#1785,#1786,#1787));
#7019=EDGE_LOOP('',(#1788,#1789,#1790,#1791));
#7020=EDGE_LOOP('',(#1792,#1793,#1794,#1795));
#7021=EDGE_LOOP('',(#1796,#1797,#1798,#1799));
#7022=EDGE_LOOP('',(#1800,#1801,#1802,#1803));
#7023=EDGE_LOOP('',(#1804,#1805,#1806,#1807));
#7024=EDGE_LOOP('',(#1808,#1809,#1810,#1811));
#7025=EDGE_LOOP('',(#1812,#1813,#1814,#1815));
#7026=EDGE_LOOP('',(#1816,#1817,#1818,#1819));
#7027=EDGE_LOOP('',(#1820,#1821,#1822,#1823));
#7028=EDGE_LOOP('',(#1824,#1825,#1826,#1827));
#7029=EDGE_LOOP('',(#1828,#1829,#1830,#1831));
#7030=EDGE_LOOP('',(#1832,#1833,#1834,#1835));
#7031=EDGE_LOOP('',(#1836,#1837,#1838,#1839));
#7032=EDGE_LOOP('',(#1840,#1841,#1842,#1843));
#7033=EDGE_LOOP('',(#1844,#1845,#1846,#1847));
#7034=EDGE_LOOP('',(#1848,#1849,#1850,#1851));
#7035=EDGE_LOOP('',(#1852,#1853,#1854,#1855));
#7036=EDGE_LOOP('',(#1856,#1857,#1858,#1859));
#7037=EDGE_LOOP('',(#1860,#1861,#1862,#1863));
#7038=EDGE_LOOP('',(#1864,#1865,#1866,#1867));
#7039=EDGE_LOOP('',(#1868,#1869,#1870,#1871));
#7040=EDGE_LOOP('',(#1872,#1873,#1874,#1875));
#7041=EDGE_LOOP('',(#1876,#1877,#1878,#1879));
#7042=EDGE_LOOP('',(#1880,#1881,#1882,#1883));
#7043=EDGE_LOOP('',(#1884,#1885,#1886,#1887));
#7044=EDGE_LOOP('',(#1888,#1889,#1890,#1891));
#7045=EDGE_LOOP('',(#1892,#1893,#1894,#1895));
#7046=EDGE_LOOP('',(#1896,#1897,#1898,#1899));
#7047=EDGE_LOOP('',(#1900,#1901,#1902,#1903));
#7048=EDGE_LOOP('',(#1904,#1905,#1906,#1907));
#7049=EDGE_LOOP('',(#1908,#1909,#1910,#1911));
#7050=EDGE_LOOP('',(#1912,#1913,#1914,#1915));
#7051=EDGE_LOOP('',(#1916,#1917,#1918,#1919));
#7052=EDGE_LOOP('',(#1920,#1921,#1922,#1923));
#7053=EDGE_LOOP('',(#1924,#1925,#1926,#1927));
#7054=EDGE_LOOP('',(#1928,#1929,#1930,#1931));
#7055=EDGE_LOOP('',(#1932,#1933,#1934,#1935));
#7056=EDGE_LOOP('',(#1936,#1937,#1938,#1939));
#7057=EDGE_LOOP('',(#1940,#1941,#1942,#1943));
#7058=EDGE_LOOP('',(#1944,#1945,#1946,#1947));
#7059=EDGE_LOOP('',(#1948,#1949,#1950,#1951));
#7060=EDGE_LOOP('',(#1952,#1953,#1954,#1955));
#7061=EDGE_LOOP('',(#1956,#1957,#1958,#1959));
#7062=EDGE_LOOP('',(#1960,#1961,#1962,#1963));
#7063=EDGE_LOOP('',(#1964,#1965,#1966,#1967));
#7064=EDGE_LOOP('',(#1968,#1969,#1970,#1971));
#7065=EDGE_LOOP('',(#1972,#1973,#1974,#1975));
#7066=EDGE_LOOP('',(#1976,#1977,#1978,#1979));
#7067=EDGE_LOOP('',(#1980,#1981,#1982,#1983));
#7068=EDGE_LOOP('',(#1984,#1985,#1986,#1987,#1988,#1989,#1990,#1991,#1992,
#1993));
#7069=EDGE_LOOP('',(#1994,#1995,#1996,#1997));
#7070=EDGE_LOOP('',(#1998,#1999,#2000,#2001,#2002,#2003,#2004,#2005,#2006,
#2007));
#7071=EDGE_LOOP('',(#2008,#2009,#2010,#2011,#2012,#2013,#2014,#2015,#2016,
#2017));
#7072=EDGE_LOOP('',(#2018,#2019,#2020,#2021));
#7073=EDGE_LOOP('',(#2022,#2023,#2024,#2025,#2026,#2027,#2028,#2029,#2030,
#2031));
#7074=EDGE_LOOP('',(#2032,#2033,#2034,#2035,#2036,#2037,#2038,#2039,#2040,
#2041));
#7075=EDGE_LOOP('',(#2042,#2043,#2044,#2045));
#7076=EDGE_LOOP('',(#2046,#2047,#2048,#2049,#2050,#2051,#2052,#2053,#2054,
#2055));
#7077=EDGE_LOOP('',(#2056,#2057,#2058,#2059,#2060,#2061,#2062,#2063,#2064,
#2065));
#7078=EDGE_LOOP('',(#2066,#2067,#2068,#2069));
#7079=EDGE_LOOP('',(#2070,#2071,#2072,#2073,#2074,#2075,#2076,#2077,#2078,
#2079));
#7080=EDGE_LOOP('',(#2080,#2081,#2082,#2083,#2084,#2085,#2086,#2087,#2088,
#2089));
#7081=EDGE_LOOP('',(#2090,#2091,#2092,#2093));
#7082=EDGE_LOOP('',(#2094,#2095,#2096,#2097,#2098,#2099,#2100,#2101,#2102,
#2103));
#7083=EDGE_LOOP('',(#2104,#2105,#2106,#2107,#2108,#2109,#2110,#2111,#2112,
#2113));
#7084=EDGE_LOOP('',(#2114,#2115,#2116,#2117));
#7085=EDGE_LOOP('',(#2118,#2119,#2120,#2121,#2122,#2123,#2124,#2125,#2126,
#2127));
#7086=EDGE_LOOP('',(#2128,#2129,#2130,#2131,#2132,#2133,#2134,#2135,#2136,
#2137));
#7087=EDGE_LOOP('',(#2138,#2139,#2140,#2141));
#7088=EDGE_LOOP('',(#2142,#2143,#2144,#2145,#2146,#2147,#2148,#2149,#2150,
#2151));
#7089=EDGE_LOOP('',(#2152,#2153,#2154,#2155,#2156,#2157,#2158,#2159,#2160,
#2161));
#7090=EDGE_LOOP('',(#2162,#2163,#2164,#2165));
#7091=EDGE_LOOP('',(#2166,#2167,#2168,#2169,#2170,#2171,#2172,#2173,#2174,
#2175));
#7092=EDGE_LOOP('',(#2176,#2177,#2178,#2179,#2180,#2181,#2182,#2183,#2184,
#2185));
#7093=EDGE_LOOP('',(#2186,#2187,#2188,#2189));
#7094=EDGE_LOOP('',(#2190,#2191,#2192,#2193,#2194,#2195,#2196,#2197,#2198,
#2199));
#7095=EDGE_LOOP('',(#2200,#2201,#2202,#2203,#2204,#2205,#2206,#2207,#2208,
#2209));
#7096=EDGE_LOOP('',(#2210,#2211,#2212,#2213));
#7097=EDGE_LOOP('',(#2214,#2215,#2216,#2217,#2218,#2219,#2220,#2221,#2222,
#2223));
#7098=EDGE_LOOP('',(#2224,#2225,#2226,#2227,#2228,#2229));
#7099=EDGE_LOOP('',(#2230,#2231,#2232,#2233));
#7100=EDGE_LOOP('',(#2234,#2235,#2236,#2237,#2238,#2239));
#7101=EDGE_LOOP('',(#2240,#2241,#2242,#2243,#2244,#2245));
#7102=EDGE_LOOP('',(#2246,#2247,#2248,#2249));
#7103=EDGE_LOOP('',(#2250,#2251,#2252,#2253,#2254,#2255));
#7104=EDGE_LOOP('',(#2256,#2257,#2258,#2259,#2260,#2261));
#7105=EDGE_LOOP('',(#2262,#2263,#2264,#2265));
#7106=EDGE_LOOP('',(#2266,#2267,#2268,#2269,#2270,#2271));
#7107=EDGE_LOOP('',(#2272,#2273,#2274,#2275,#2276,#2277));
#7108=EDGE_LOOP('',(#2278,#2279,#2280,#2281));
#7109=EDGE_LOOP('',(#2282,#2283,#2284,#2285,#2286,#2287));
#7110=EDGE_LOOP('',(#2288,#2289,#2290,#2291,#2292,#2293));
#7111=EDGE_LOOP('',(#2294,#2295,#2296,#2297));
#7112=EDGE_LOOP('',(#2298,#2299,#2300,#2301,#2302,#2303));
#7113=EDGE_LOOP('',(#2304,#2305,#2306,#2307,#2308,#2309));
#7114=EDGE_LOOP('',(#2310,#2311,#2312,#2313));
#7115=EDGE_LOOP('',(#2314,#2315,#2316,#2317,#2318,#2319));
#7116=EDGE_LOOP('',(#2320,#2321,#2322,#2323,#2324,#2325));
#7117=EDGE_LOOP('',(#2326,#2327,#2328,#2329));
#7118=EDGE_LOOP('',(#2330,#2331,#2332,#2333,#2334,#2335));
#7119=EDGE_LOOP('',(#2336,#2337,#2338,#2339,#2340,#2341));
#7120=EDGE_LOOP('',(#2342,#2343,#2344,#2345));
#7121=EDGE_LOOP('',(#2346,#2347,#2348,#2349,#2350,#2351));
#7122=EDGE_LOOP('',(#2352,#2353,#2354,#2355,#2356,#2357));
#7123=EDGE_LOOP('',(#2358,#2359,#2360,#2361));
#7124=EDGE_LOOP('',(#2362,#2363,#2364,#2365,#2366,#2367));
#7125=EDGE_LOOP('',(#2368,#2369,#2370,#2371,#2372,#2373));
#7126=EDGE_LOOP('',(#2374,#2375,#2376,#2377));
#7127=EDGE_LOOP('',(#2378,#2379,#2380,#2381,#2382,#2383));
#7128=EDGE_LOOP('',(#2384,#2385,#2386,#2387));
#7129=EDGE_LOOP('',(#2388,#2389,#2390,#2391));
#7130=EDGE_LOOP('',(#2392,#2393,#2394,#2395));
#7131=EDGE_LOOP('',(#2396,#2397,#2398,#2399));
#7132=EDGE_LOOP('',(#2400,#2401,#2402,#2403));
#7133=EDGE_LOOP('',(#2404,#2405,#2406,#2407));
#7134=EDGE_LOOP('',(#2408,#2409,#2410,#2411));
#7135=EDGE_LOOP('',(#2412,#2413,#2414,#2415));
#7136=EDGE_LOOP('',(#2416,#2417,#2418,#2419));
#7137=EDGE_LOOP('',(#2420,#2421,#2422,#2423));
#7138=EDGE_LOOP('',(#2424,#2425,#2426,#2427));
#7139=EDGE_LOOP('',(#2428,#2429,#2430,#2431));
#7140=EDGE_LOOP('',(#2432,#2433,#2434,#2435));
#7141=EDGE_LOOP('',(#2436,#2437,#2438,#2439));
#7142=EDGE_LOOP('',(#2440,#2441,#2442,#2443));
#7143=EDGE_LOOP('',(#2444,#2445,#2446,#2447));
#7144=EDGE_LOOP('',(#2448,#2449,#2450,#2451));
#7145=EDGE_LOOP('',(#2452,#2453,#2454,#2455));
#7146=EDGE_LOOP('',(#2456,#2457,#2458,#2459));
#7147=EDGE_LOOP('',(#2460,#2461,#2462,#2463));
#7148=EDGE_LOOP('',(#2464,#2465,#2466,#2467));
#7149=EDGE_LOOP('',(#2468,#2469,#2470,#2471));
#7150=EDGE_LOOP('',(#2472,#2473,#2474,#2475));
#7151=EDGE_LOOP('',(#2476,#2477,#2478,#2479));
#7152=EDGE_LOOP('',(#2480,#2481,#2482,#2483));
#7153=EDGE_LOOP('',(#2484,#2485,#2486,#2487));
#7154=EDGE_LOOP('',(#2488,#2489,#2490,#2491));
#7155=EDGE_LOOP('',(#2492,#2493,#2494,#2495));
#7156=EDGE_LOOP('',(#2496,#2497,#2498,#2499));
#7157=EDGE_LOOP('',(#2500,#2501,#2502,#2503));
#7158=EDGE_LOOP('',(#2504,#2505,#2506,#2507));
#7159=EDGE_LOOP('',(#2508,#2509,#2510,#2511));
#7160=FACE_BOUND('',#6755,.T.);
#7161=FACE_BOUND('',#6756,.T.);
#7162=FACE_BOUND('',#6757,.T.);
#7163=FACE_BOUND('',#6758,.T.);
#7164=FACE_BOUND('',#6759,.T.);
#7165=FACE_BOUND('',#6760,.T.);
#7166=FACE_BOUND('',#6761,.T.);
#7167=FACE_BOUND('',#6762,.T.);
#7168=FACE_BOUND('',#6763,.T.);
#7169=FACE_BOUND('',#6764,.T.);
#7170=FACE_BOUND('',#6765,.T.);
#7171=FACE_BOUND('',#6766,.T.);
#7172=FACE_BOUND('',#6767,.T.);
#7173=FACE_BOUND('',#6768,.T.);
#7174=FACE_BOUND('',#6769,.T.);
#7175=FACE_BOUND('',#6770,.T.);
#7176=FACE_BOUND('',#6771,.T.);
#7177=FACE_BOUND('',#6772,.T.);
#7178=FACE_BOUND('',#6773,.T.);
#7179=FACE_BOUND('',#6774,.T.);
#7180=FACE_BOUND('',#6775,.T.);
#7181=FACE_BOUND('',#6776,.T.);
#7182=FACE_BOUND('',#6777,.T.);
#7183=FACE_BOUND('',#6778,.T.);
#7184=FACE_BOUND('',#6779,.T.);
#7185=FACE_BOUND('',#6780,.T.);
#7186=FACE_BOUND('',#6781,.T.);
#7187=FACE_BOUND('',#6782,.T.);
#7188=FACE_BOUND('',#6783,.T.);
#7189=FACE_BOUND('',#6784,.T.);
#7190=FACE_BOUND('',#6785,.T.);
#7191=FACE_BOUND('',#6786,.T.);
#7192=FACE_BOUND('',#6787,.T.);
#7193=FACE_BOUND('',#6788,.T.);
#7194=FACE_BOUND('',#6789,.T.);
#7195=FACE_BOUND('',#6790,.T.);
#7196=FACE_BOUND('',#6791,.T.);
#7197=FACE_BOUND('',#6792,.T.);
#7198=FACE_BOUND('',#6793,.T.);
#7199=FACE_BOUND('',#6794,.T.);
#7200=FACE_BOUND('',#6795,.T.);
#7201=FACE_BOUND('',#6796,.T.);
#7202=FACE_BOUND('',#6797,.T.);
#7203=FACE_BOUND('',#6798,.T.);
#7204=FACE_BOUND('',#6799,.T.);
#7205=FACE_BOUND('',#6800,.T.);
#7206=FACE_BOUND('',#6801,.T.);
#7207=FACE_BOUND('',#6802,.T.);
#7208=FACE_BOUND('',#6803,.T.);
#7209=FACE_BOUND('',#6804,.T.);
#7210=FACE_BOUND('',#6805,.T.);
#7211=FACE_BOUND('',#6806,.T.);
#7212=FACE_BOUND('',#6807,.T.);
#7213=FACE_BOUND('',#6808,.T.);
#7214=FACE_BOUND('',#6809,.T.);
#7215=FACE_BOUND('',#6810,.T.);
#7216=FACE_BOUND('',#6811,.T.);
#7217=FACE_BOUND('',#6812,.T.);
#7218=FACE_BOUND('',#6813,.T.);
#7219=FACE_BOUND('',#6814,.T.);
#7220=FACE_BOUND('',#6815,.T.);
#7221=FACE_BOUND('',#6816,.T.);
#7222=FACE_BOUND('',#6817,.T.);
#7223=FACE_BOUND('',#6818,.T.);
#7224=FACE_BOUND('',#6819,.T.);
#7225=FACE_BOUND('',#6820,.T.);
#7226=FACE_BOUND('',#6821,.T.);
#7227=FACE_BOUND('',#6822,.T.);
#7228=FACE_BOUND('',#6823,.T.);
#7229=FACE_BOUND('',#6824,.T.);
#7230=FACE_BOUND('',#6825,.T.);
#7231=FACE_BOUND('',#6826,.T.);
#7232=FACE_BOUND('',#6827,.T.);
#7233=FACE_BOUND('',#6828,.T.);
#7234=FACE_BOUND('',#6829,.T.);
#7235=FACE_BOUND('',#6830,.T.);
#7236=FACE_BOUND('',#6831,.T.);
#7237=FACE_BOUND('',#6832,.T.);
#7238=FACE_BOUND('',#6833,.T.);
#7239=FACE_BOUND('',#6834,.T.);
#7240=FACE_BOUND('',#6835,.T.);
#7241=FACE_BOUND('',#6836,.T.);
#7242=FACE_BOUND('',#6837,.T.);
#7243=FACE_BOUND('',#6838,.T.);
#7244=FACE_BOUND('',#6839,.T.);
#7245=FACE_BOUND('',#6840,.T.);
#7246=FACE_BOUND('',#6841,.T.);
#7247=FACE_BOUND('',#6842,.T.);
#7248=FACE_BOUND('',#6843,.T.);
#7249=FACE_BOUND('',#6844,.T.);
#7250=FACE_BOUND('',#6845,.T.);
#7251=FACE_BOUND('',#6846,.T.);
#7252=FACE_BOUND('',#6847,.T.);
#7253=FACE_BOUND('',#6848,.T.);
#7254=FACE_BOUND('',#6849,.T.);
#7255=FACE_BOUND('',#6850,.T.);
#7256=FACE_BOUND('',#6851,.T.);
#7257=FACE_BOUND('',#6852,.T.);
#7258=FACE_BOUND('',#6853,.T.);
#7259=FACE_BOUND('',#6854,.T.);
#7260=FACE_BOUND('',#6855,.T.);
#7261=FACE_BOUND('',#6856,.T.);
#7262=FACE_BOUND('',#6857,.T.);
#7263=FACE_BOUND('',#6858,.T.);
#7264=FACE_BOUND('',#6859,.T.);
#7265=FACE_BOUND('',#6860,.T.);
#7266=FACE_BOUND('',#6861,.T.);
#7267=FACE_BOUND('',#6862,.T.);
#7268=FACE_BOUND('',#6863,.T.);
#7269=FACE_BOUND('',#6864,.T.);
#7270=FACE_BOUND('',#6865,.T.);
#7271=FACE_BOUND('',#6866,.T.);
#7272=FACE_BOUND('',#6867,.T.);
#7273=FACE_BOUND('',#6868,.T.);
#7274=FACE_BOUND('',#6869,.T.);
#7275=FACE_BOUND('',#6870,.T.);
#7276=FACE_BOUND('',#6871,.T.);
#7277=FACE_BOUND('',#6872,.T.);
#7278=FACE_BOUND('',#6873,.T.);
#7279=FACE_BOUND('',#6874,.T.);
#7280=FACE_BOUND('',#6875,.T.);
#7281=FACE_BOUND('',#6876,.T.);
#7282=FACE_BOUND('',#6877,.T.);
#7283=FACE_BOUND('',#6878,.T.);
#7284=FACE_BOUND('',#6879,.T.);
#7285=FACE_BOUND('',#6880,.T.);
#7286=FACE_BOUND('',#6881,.T.);
#7287=FACE_BOUND('',#6882,.T.);
#7288=FACE_BOUND('',#6883,.T.);
#7289=FACE_BOUND('',#6884,.T.);
#7290=FACE_BOUND('',#6885,.T.);
#7291=FACE_BOUND('',#6886,.T.);
#7292=FACE_BOUND('',#6887,.T.);
#7293=FACE_BOUND('',#6888,.T.);
#7294=FACE_BOUND('',#6889,.T.);
#7295=FACE_BOUND('',#6890,.T.);
#7296=FACE_BOUND('',#6891,.T.);
#7297=FACE_BOUND('',#6892,.T.);
#7298=FACE_BOUND('',#6893,.T.);
#7299=FACE_BOUND('',#6894,.T.);
#7300=FACE_BOUND('',#6895,.T.);
#7301=FACE_BOUND('',#6896,.T.);
#7302=FACE_BOUND('',#6897,.T.);
#7303=FACE_BOUND('',#6898,.T.);
#7304=FACE_BOUND('',#6899,.T.);
#7305=FACE_BOUND('',#6900,.T.);
#7306=FACE_BOUND('',#6901,.T.);
#7307=FACE_BOUND('',#6902,.T.);
#7308=FACE_BOUND('',#6903,.T.);
#7309=FACE_BOUND('',#6904,.T.);
#7310=FACE_BOUND('',#6905,.T.);
#7311=FACE_BOUND('',#6906,.T.);
#7312=FACE_BOUND('',#6907,.T.);
#7313=FACE_BOUND('',#6908,.T.);
#7314=FACE_BOUND('',#6909,.T.);
#7315=FACE_BOUND('',#6910,.T.);
#7316=FACE_BOUND('',#6911,.T.);
#7317=FACE_BOUND('',#6912,.T.);
#7318=FACE_BOUND('',#6913,.T.);
#7319=FACE_BOUND('',#6914,.T.);
#7320=FACE_BOUND('',#6915,.T.);
#7321=FACE_BOUND('',#6916,.T.);
#7322=FACE_BOUND('',#6917,.T.);
#7323=FACE_BOUND('',#6918,.T.);
#7324=FACE_BOUND('',#6919,.T.);
#7325=FACE_BOUND('',#6920,.T.);
#7326=FACE_BOUND('',#6921,.T.);
#7327=FACE_BOUND('',#6922,.T.);
#7328=FACE_BOUND('',#6923,.T.);
#7329=FACE_BOUND('',#6924,.T.);
#7330=FACE_BOUND('',#6925,.T.);
#7331=FACE_BOUND('',#6926,.T.);
#7332=FACE_BOUND('',#6927,.T.);
#7333=FACE_BOUND('',#6928,.T.);
#7334=FACE_BOUND('',#6929,.T.);
#7335=FACE_BOUND('',#6930,.T.);
#7336=FACE_BOUND('',#6931,.T.);
#7337=FACE_BOUND('',#6932,.T.);
#7338=FACE_BOUND('',#6933,.T.);
#7339=FACE_BOUND('',#6934,.T.);
#7340=FACE_BOUND('',#6935,.T.);
#7341=FACE_BOUND('',#6936,.T.);
#7342=FACE_BOUND('',#6937,.T.);
#7343=FACE_BOUND('',#6938,.T.);
#7344=FACE_BOUND('',#6939,.T.);
#7345=FACE_BOUND('',#6940,.T.);
#7346=FACE_BOUND('',#6941,.T.);
#7347=FACE_BOUND('',#6942,.T.);
#7348=FACE_BOUND('',#6943,.T.);
#7349=FACE_BOUND('',#6944,.T.);
#7350=FACE_BOUND('',#6945,.T.);
#7351=FACE_BOUND('',#6946,.T.);
#7352=FACE_BOUND('',#6947,.T.);
#7353=FACE_BOUND('',#6948,.T.);
#7354=FACE_BOUND('',#6949,.T.);
#7355=FACE_BOUND('',#6950,.T.);
#7356=FACE_BOUND('',#6951,.T.);
#7357=FACE_BOUND('',#6952,.T.);
#7358=FACE_BOUND('',#6953,.T.);
#7359=FACE_BOUND('',#6954,.T.);
#7360=FACE_BOUND('',#6955,.T.);
#7361=FACE_BOUND('',#6956,.T.);
#7362=FACE_BOUND('',#6957,.T.);
#7363=FACE_BOUND('',#6958,.T.);
#7364=FACE_BOUND('',#6959,.T.);
#7365=FACE_BOUND('',#6960,.T.);
#7366=FACE_BOUND('',#6961,.T.);
#7367=FACE_BOUND('',#6962,.T.);
#7368=FACE_BOUND('',#6963,.T.);
#7369=FACE_BOUND('',#6964,.T.);
#7370=FACE_BOUND('',#6965,.T.);
#7371=FACE_BOUND('',#6966,.T.);
#7372=FACE_BOUND('',#6967,.T.);
#7373=FACE_BOUND('',#6968,.T.);
#7374=FACE_BOUND('',#6969,.T.);
#7375=FACE_BOUND('',#6970,.T.);
#7376=FACE_BOUND('',#6971,.T.);
#7377=FACE_BOUND('',#6972,.T.);
#7378=FACE_BOUND('',#6973,.T.);
#7379=FACE_BOUND('',#6974,.T.);
#7380=FACE_BOUND('',#6975,.T.);
#7381=FACE_BOUND('',#6976,.T.);
#7382=FACE_BOUND('',#6977,.T.);
#7383=FACE_BOUND('',#6978,.T.);
#7384=FACE_BOUND('',#6979,.T.);
#7385=FACE_BOUND('',#6980,.T.);
#7386=FACE_BOUND('',#6981,.T.);
#7387=FACE_BOUND('',#6982,.T.);
#7388=FACE_BOUND('',#6983,.T.);
#7389=FACE_BOUND('',#6984,.T.);
#7390=FACE_BOUND('',#6985,.T.);
#7391=FACE_BOUND('',#6986,.T.);
#7392=FACE_BOUND('',#6987,.T.);
#7393=FACE_BOUND('',#6988,.T.);
#7394=FACE_BOUND('',#6989,.T.);
#7395=FACE_BOUND('',#6990,.T.);
#7396=FACE_BOUND('',#6991,.T.);
#7397=FACE_BOUND('',#6992,.T.);
#7398=FACE_BOUND('',#6993,.T.);
#7399=FACE_BOUND('',#6994,.T.);
#7400=FACE_BOUND('',#6995,.T.);
#7401=FACE_BOUND('',#6996,.T.);
#7402=FACE_BOUND('',#6997,.T.);
#7403=FACE_BOUND('',#6998,.T.);
#7404=FACE_BOUND('',#6999,.T.);
#7405=FACE_BOUND('',#7000,.T.);
#7406=FACE_BOUND('',#7001,.T.);
#7407=FACE_BOUND('',#7002,.T.);
#7408=FACE_BOUND('',#7003,.T.);
#7409=FACE_BOUND('',#7004,.T.);
#7410=FACE_BOUND('',#7005,.T.);
#7411=FACE_BOUND('',#7006,.T.);
#7412=FACE_BOUND('',#7007,.T.);
#7413=FACE_BOUND('',#7008,.T.);
#7414=FACE_BOUND('',#7009,.T.);
#7415=FACE_BOUND('',#7010,.T.);
#7416=FACE_BOUND('',#7011,.T.);
#7417=FACE_BOUND('',#7012,.T.);
#7418=FACE_BOUND('',#7013,.T.);
#7419=FACE_BOUND('',#7014,.T.);
#7420=FACE_BOUND('',#7015,.T.);
#7421=FACE_BOUND('',#7016,.T.);
#7422=FACE_BOUND('',#7017,.T.);
#7423=FACE_BOUND('',#7018,.T.);
#7424=FACE_BOUND('',#7019,.T.);
#7425=FACE_BOUND('',#7020,.T.);
#7426=FACE_BOUND('',#7021,.T.);
#7427=FACE_BOUND('',#7022,.T.);
#7428=FACE_BOUND('',#7023,.T.);
#7429=FACE_BOUND('',#7024,.T.);
#7430=FACE_BOUND('',#7025,.T.);
#7431=FACE_BOUND('',#7026,.T.);
#7432=FACE_BOUND('',#7027,.T.);
#7433=FACE_BOUND('',#7028,.T.);
#7434=FACE_BOUND('',#7029,.T.);
#7435=FACE_BOUND('',#7030,.T.);
#7436=FACE_BOUND('',#7031,.T.);
#7437=FACE_BOUND('',#7032,.T.);
#7438=FACE_BOUND('',#7033,.T.);
#7439=FACE_BOUND('',#7034,.T.);
#7440=FACE_BOUND('',#7035,.T.);
#7441=FACE_BOUND('',#7036,.T.);
#7442=FACE_BOUND('',#7037,.T.);
#7443=FACE_BOUND('',#7038,.T.);
#7444=FACE_BOUND('',#7039,.T.);
#7445=FACE_BOUND('',#7040,.T.);
#7446=FACE_BOUND('',#7041,.T.);
#7447=FACE_BOUND('',#7042,.T.);
#7448=FACE_BOUND('',#7043,.T.);
#7449=FACE_BOUND('',#7044,.T.);
#7450=FACE_BOUND('',#7045,.T.);
#7451=FACE_BOUND('',#7046,.T.);
#7452=FACE_BOUND('',#7047,.T.);
#7453=FACE_BOUND('',#7048,.T.);
#7454=FACE_BOUND('',#7049,.T.);
#7455=FACE_BOUND('',#7050,.T.);
#7456=FACE_BOUND('',#7051,.T.);
#7457=FACE_BOUND('',#7052,.T.);
#7458=FACE_BOUND('',#7053,.T.);
#7459=FACE_BOUND('',#7054,.T.);
#7460=FACE_BOUND('',#7055,.T.);
#7461=FACE_BOUND('',#7056,.T.);
#7462=FACE_BOUND('',#7057,.T.);
#7463=FACE_BOUND('',#7058,.T.);
#7464=FACE_BOUND('',#7059,.T.);
#7465=FACE_BOUND('',#7060,.T.);
#7466=FACE_BOUND('',#7061,.T.);
#7467=FACE_BOUND('',#7062,.T.);
#7468=FACE_BOUND('',#7063,.T.);
#7469=FACE_BOUND('',#7064,.T.);
#7470=FACE_BOUND('',#7065,.T.);
#7471=FACE_BOUND('',#7066,.T.);
#7472=FACE_BOUND('',#7067,.T.);
#7473=FACE_BOUND('',#7068,.T.);
#7474=FACE_BOUND('',#7069,.T.);
#7475=FACE_BOUND('',#7070,.T.);
#7476=FACE_BOUND('',#7071,.T.);
#7477=FACE_BOUND('',#7072,.T.);
#7478=FACE_BOUND('',#7073,.T.);
#7479=FACE_BOUND('',#7074,.T.);
#7480=FACE_BOUND('',#7075,.T.);
#7481=FACE_BOUND('',#7076,.T.);
#7482=FACE_BOUND('',#7077,.T.);
#7483=FACE_BOUND('',#7078,.T.);
#7484=FACE_BOUND('',#7079,.T.);
#7485=FACE_BOUND('',#7080,.T.);
#7486=FACE_BOUND('',#7081,.T.);
#7487=FACE_BOUND('',#7082,.T.);
#7488=FACE_BOUND('',#7083,.T.);
#7489=FACE_BOUND('',#7084,.T.);
#7490=FACE_BOUND('',#7085,.T.);
#7491=FACE_BOUND('',#7086,.T.);
#7492=FACE_BOUND('',#7087,.T.);
#7493=FACE_BOUND('',#7088,.T.);
#7494=FACE_BOUND('',#7089,.T.);
#7495=FACE_BOUND('',#7090,.T.);
#7496=FACE_BOUND('',#7091,.T.);
#7497=FACE_BOUND('',#7092,.T.);
#7498=FACE_BOUND('',#7093,.T.);
#7499=FACE_BOUND('',#7094,.T.);
#7500=FACE_BOUND('',#7095,.T.);
#7501=FACE_BOUND('',#7096,.T.);
#7502=FACE_BOUND('',#7097,.T.);
#7503=FACE_BOUND('',#7098,.T.);
#7504=FACE_BOUND('',#7099,.T.);
#7505=FACE_BOUND('',#7100,.T.);
#7506=FACE_BOUND('',#7101,.T.);
#7507=FACE_BOUND('',#7102,.T.);
#7508=FACE_BOUND('',#7103,.T.);
#7509=FACE_BOUND('',#7104,.T.);
#7510=FACE_BOUND('',#7105,.T.);
#7511=FACE_BOUND('',#7106,.T.);
#7512=FACE_BOUND('',#7107,.T.);
#7513=FACE_BOUND('',#7108,.T.);
#7514=FACE_BOUND('',#7109,.T.);
#7515=FACE_BOUND('',#7110,.T.);
#7516=FACE_BOUND('',#7111,.T.);
#7517=FACE_BOUND('',#7112,.T.);
#7518=FACE_BOUND('',#7113,.T.);
#7519=FACE_BOUND('',#7114,.T.);
#7520=FACE_BOUND('',#7115,.T.);
#7521=FACE_BOUND('',#7116,.T.);
#7522=FACE_BOUND('',#7117,.T.);
#7523=FACE_BOUND('',#7118,.T.);
#7524=FACE_BOUND('',#7119,.T.);
#7525=FACE_BOUND('',#7120,.T.);
#7526=FACE_BOUND('',#7121,.T.);
#7527=FACE_BOUND('',#7122,.T.);
#7528=FACE_BOUND('',#7123,.T.);
#7529=FACE_BOUND('',#7124,.T.);
#7530=FACE_BOUND('',#7125,.T.);
#7531=FACE_BOUND('',#7126,.T.);
#7532=FACE_BOUND('',#7127,.T.);
#7533=FACE_BOUND('',#7128,.T.);
#7534=FACE_BOUND('',#7129,.T.);
#7535=FACE_BOUND('',#7130,.T.);
#7536=FACE_BOUND('',#7131,.T.);
#7537=FACE_BOUND('',#7132,.T.);
#7538=FACE_BOUND('',#7133,.T.);
#7539=FACE_BOUND('',#7134,.T.);
#7540=FACE_BOUND('',#7135,.T.);
#7541=FACE_BOUND('',#7136,.T.);
#7542=FACE_BOUND('',#7137,.T.);
#7543=FACE_BOUND('',#7138,.T.);
#7544=FACE_BOUND('',#7139,.T.);
#7545=FACE_BOUND('',#7140,.T.);
#7546=FACE_BOUND('',#7141,.T.);
#7547=FACE_BOUND('',#7142,.T.);
#7548=FACE_BOUND('',#7143,.T.);
#7549=FACE_BOUND('',#7144,.T.);
#7550=FACE_BOUND('',#7145,.T.);
#7551=FACE_BOUND('',#7146,.T.);
#7552=FACE_BOUND('',#7147,.T.);
#7553=FACE_BOUND('',#7148,.T.);
#7554=FACE_BOUND('',#7149,.T.);
#7555=FACE_BOUND('',#7150,.T.);
#7556=FACE_BOUND('',#7151,.T.);
#7557=FACE_BOUND('',#7152,.T.);
#7558=FACE_BOUND('',#7153,.T.);
#7559=FACE_BOUND('',#7154,.T.);
#7560=FACE_BOUND('',#7155,.T.);
#7561=FACE_BOUND('',#7156,.T.);
#7562=FACE_BOUND('',#7157,.T.);
#7563=FACE_BOUND('',#7158,.T.);
#7564=FACE_BOUND('',#7159,.T.);
#7565=PLANE('',#9730);
#7566=PLANE('',#9731);
#7567=PLANE('',#9732);
#7568=PLANE('',#9733);
#7569=PLANE('',#9734);
#7570=PLANE('',#9735);
#7571=PLANE('',#9736);
#7572=PLANE('',#9737);
#7573=PLANE('',#9738);
#7574=PLANE('',#9739);
#7575=PLANE('',#9740);
#7576=PLANE('',#9741);
#7577=PLANE('',#9742);
#7578=PLANE('',#9743);
#7579=PLANE('',#9744);
#7580=PLANE('',#9745);
#7581=PLANE('',#9746);
#7582=PLANE('',#9747);
#7583=PLANE('',#9748);
#7584=PLANE('',#9749);
#7585=PLANE('',#9750);
#7586=PLANE('',#9751);
#7587=PLANE('',#9752);
#7588=PLANE('',#9753);
#7589=PLANE('',#9754);
#7590=PLANE('',#9755);
#7591=PLANE('',#9756);
#7592=PLANE('',#9757);
#7593=PLANE('',#9758);
#7594=PLANE('',#9759);
#7595=PLANE('',#9760);
#7596=PLANE('',#9761);
#7597=PLANE('',#9762);
#7598=PLANE('',#9763);
#7599=PLANE('',#9764);
#7600=PLANE('',#9765);
#7601=PLANE('',#9766);
#7602=PLANE('',#9767);
#7603=PLANE('',#9768);
#7604=PLANE('',#9769);
#7605=PLANE('',#9770);
#7606=PLANE('',#9771);
#7607=PLANE('',#9772);
#7608=PLANE('',#9773);
#7609=PLANE('',#9774);
#7610=PLANE('',#9775);
#7611=PLANE('',#9776);
#7612=PLANE('',#9777);
#7613=PLANE('',#9778);
#7614=PLANE('',#9779);
#7615=PLANE('',#9780);
#7616=PLANE('',#9781);
#7617=PLANE('',#9782);
#7618=PLANE('',#9783);
#7619=PLANE('',#9784);
#7620=PLANE('',#9785);
#7621=PLANE('',#9786);
#7622=PLANE('',#9787);
#7623=PLANE('',#9788);
#7624=PLANE('',#9790);
#7625=PLANE('',#9792);
#7626=PLANE('',#9793);
#7627=PLANE('',#9794);
#7628=PLANE('',#9799);
#7629=PLANE('',#9800);
#7630=PLANE('',#9801);
#7631=PLANE('',#9802);
#7632=PLANE('',#9803);
#7633=PLANE('',#9804);
#7634=PLANE('',#9805);
#7635=PLANE('',#9806);
#7636=PLANE('',#9807);
#7637=PLANE('',#9808);
#7638=PLANE('',#9809);
#7639=PLANE('',#9810);
#7640=PLANE('',#9811);
#7641=PLANE('',#9812);
#7642=PLANE('',#9813);
#7643=PLANE('',#9814);
#7644=PLANE('',#9815);
#7645=PLANE('',#9816);
#7646=PLANE('',#9817);
#7647=PLANE('',#9818);
#7648=PLANE('',#9819);
#7649=PLANE('',#9820);
#7650=PLANE('',#9821);
#7651=PLANE('',#9822);
#7652=PLANE('',#9823);
#7653=PLANE('',#9824);
#7654=PLANE('',#9825);
#7655=PLANE('',#9826);
#7656=PLANE('',#9827);
#7657=PLANE('',#9828);
#7658=PLANE('',#9829);
#7659=PLANE('',#9830);
#7660=PLANE('',#9831);
#7661=PLANE('',#9832);
#7662=PLANE('',#9833);
#7663=PLANE('',#9834);
#7664=PLANE('',#9835);
#7665=PLANE('',#9836);
#7666=PLANE('',#9837);
#7667=PLANE('',#9838);
#7668=PLANE('',#9839);
#7669=PLANE('',#9840);
#7670=PLANE('',#9841);
#7671=PLANE('',#9842);
#7672=PLANE('',#9843);
#7673=PLANE('',#9844);
#7674=PLANE('',#9845);
#7675=PLANE('',#9846);
#7676=PLANE('',#9847);
#7677=PLANE('',#9848);
#7678=PLANE('',#9849);
#7679=PLANE('',#9850);
#7680=PLANE('',#9851);
#7681=PLANE('',#9852);
#7682=PLANE('',#9853);
#7683=PLANE('',#9854);
#7684=PLANE('',#9855);
#7685=PLANE('',#9856);
#7686=PLANE('',#9857);
#7687=PLANE('',#9858);
#7688=PLANE('',#9859);
#7689=PLANE('',#9860);
#7690=PLANE('',#9861);
#7691=PLANE('',#9862);
#7692=PLANE('',#9863);
#7693=PLANE('',#9864);
#7694=PLANE('',#9865);
#7695=PLANE('',#9866);
#7696=PLANE('',#9867);
#7697=PLANE('',#9868);
#7698=PLANE('',#9869);
#7699=PLANE('',#9870);
#7700=PLANE('',#9871);
#7701=PLANE('',#9872);
#7702=PLANE('',#9873);
#7703=PLANE('',#9874);
#7704=PLANE('',#9875);
#7705=PLANE('',#9876);
#7706=PLANE('',#9877);
#7707=PLANE('',#9878);
#7708=PLANE('',#9879);
#7709=PLANE('',#9880);
#7710=PLANE('',#9881);
#7711=PLANE('',#9882);
#7712=PLANE('',#9883);
#7713=PLANE('',#9884);
#7714=PLANE('',#9885);
#7715=PLANE('',#9886);
#7716=PLANE('',#9887);
#7717=PLANE('',#9888);
#7718=PLANE('',#9889);
#7719=PLANE('',#9890);
#7720=PLANE('',#9891);
#7721=PLANE('',#9892);
#7722=PLANE('',#9893);
#7723=PLANE('',#9894);
#7724=PLANE('',#9895);
#7725=PLANE('',#9896);
#7726=PLANE('',#9897);
#7727=PLANE('',#9898);
#7728=PLANE('',#9899);
#7729=PLANE('',#9900);
#7730=PLANE('',#9901);
#7731=PLANE('',#9902);
#7732=PLANE('',#9903);
#7733=PLANE('',#9904);
#7734=PLANE('',#9905);
#7735=PLANE('',#9906);
#7736=PLANE('',#9907);
#7737=PLANE('',#9908);
#7738=PLANE('',#9909);
#7739=PLANE('',#9910);
#7740=PLANE('',#9911);
#7741=PLANE('',#9912);
#7742=PLANE('',#9913);
#7743=PLANE('',#9914);
#7744=PLANE('',#9915);
#7745=PLANE('',#9916);
#7746=PLANE('',#9917);
#7747=PLANE('',#9918);
#7748=PLANE('',#9919);
#7749=PLANE('',#9920);
#7750=PLANE('',#9921);
#7751=PLANE('',#9922);
#7752=PLANE('',#9923);
#7753=PLANE('',#9924);
#7754=PLANE('',#9925);
#7755=PLANE('',#9926);
#7756=PLANE('',#9927);
#7757=PLANE('',#9928);
#7758=PLANE('',#9930);
#7759=PLANE('',#9931);
#7760=PLANE('',#9932);
#7761=PLANE('',#9933);
#7762=PLANE('',#9934);
#7763=PLANE('',#9935);
#7764=PLANE('',#9936);
#7765=PLANE('',#9937);
#7766=PLANE('',#9938);
#7767=PLANE('',#9939);
#7768=PLANE('',#9940);
#7769=PLANE('',#9941);
#7770=PLANE('',#9942);
#7771=PLANE('',#9943);
#7772=PLANE('',#9944);
#7773=PLANE('',#9945);
#7774=PLANE('',#9946);
#7775=PLANE('',#9947);
#7776=PLANE('',#9948);
#7777=PLANE('',#9949);
#7778=PLANE('',#9950);
#7779=PLANE('',#9951);
#7780=PLANE('',#9952);
#7781=PLANE('',#9953);
#7782=PLANE('',#9954);
#7783=PLANE('',#9955);
#7784=PLANE('',#9956);
#7785=PLANE('',#9957);
#7786=PLANE('',#9958);
#7787=PLANE('',#9959);
#7788=PLANE('',#9960);
#7789=PLANE('',#9961);
#7790=PLANE('',#9962);
#7791=PLANE('',#9963);
#7792=PLANE('',#9964);
#7793=PLANE('',#9965);
#7794=PLANE('',#9996);
#7795=PLANE('',#9997);
#7796=PLANE('',#9998);
#7797=PLANE('',#9999);
#7798=PLANE('',#10000);
#7799=PLANE('',#10001);
#7800=PLANE('',#10002);
#7801=PLANE('',#10003);
#7802=PLANE('',#10004);
#7803=PLANE('',#10005);
#7804=PLANE('',#10006);
#7805=PLANE('',#10007);
#7806=PLANE('',#10008);
#7807=PLANE('',#10009);
#7808=PLANE('',#10010);
#7809=PLANE('',#10011);
#7810=PLANE('',#10012);
#7811=PLANE('',#10013);
#7812=PLANE('',#10014);
#7813=PLANE('',#10015);
#7814=PLANE('',#10016);
#7815=PLANE('',#10017);
#7816=PLANE('',#10018);
#7817=PLANE('',#10019);
#7818=PLANE('',#10020);
#7819=PLANE('',#10021);
#7820=PLANE('',#10022);
#7821=PLANE('',#10023);
#7822=PLANE('',#10024);
#7823=PLANE('',#10025);
#7824=PLANE('',#10056);
#7825=PLANE('',#10057);
#7826=PLANE('',#10058);
#7827=PLANE('',#10059);
#7828=PLANE('',#10060);
#7829=PLANE('',#10061);
#7830=PLANE('',#10062);
#7831=PLANE('',#10063);
#7832=PLANE('',#10064);
#7833=PLANE('',#10065);
#7834=PLANE('',#10066);
#7835=PLANE('',#10067);
#7836=PLANE('',#10068);
#7837=PLANE('',#10069);
#7838=PLANE('',#10070);
#7839=PLANE('',#10071);
#7840=PLANE('',#10072);
#7841=PLANE('',#10073);
#7842=PLANE('',#10074);
#7843=PLANE('',#10075);
#7844=PLANE('',#10106);
#7845=PLANE('',#10107);
#7846=PLANE('',#10108);
#7847=PLANE('',#10109);
#7848=PLANE('',#10110);
#7849=PLANE('',#10111);
#7850=PLANE('',#10112);
#7851=PLANE('',#10113);
#7852=PLANE('',#10114);
#7853=PLANE('',#10115);
#7854=PLANE('',#10116);
#7855=PLANE('',#10117);
#7856=PLANE('',#10118);
#7857=PLANE('',#10119);
#7858=PLANE('',#10120);
#7859=PLANE('',#10121);
#7860=PLANE('',#10122);
#7861=PLANE('',#10123);
#7862=PLANE('',#10124);
#7863=PLANE('',#10125);
#7864=PLANE('',#10126);
#7865=PLANE('',#10127);
#7866=PLANE('',#10128);
#7867=PLANE('',#10129);
#7868=PLANE('',#10130);
#7869=PLANE('',#10131);
#7870=PLANE('',#10132);
#7871=PLANE('',#10133);
#7872=PLANE('',#10134);
#7873=PLANE('',#10135);
#7874=PLANE('',#10136);
#7875=PLANE('',#10137);
#7876=PLANE('',#10138);
#7877=PLANE('',#10139);
#7878=PLANE('',#10140);
#7879=PLANE('',#10141);
#7880=PLANE('',#10142);
#7881=PLANE('',#10143);
#7882=PLANE('',#10144);
#7883=PLANE('',#10145);
#7884=PLANE('',#10146);
#7885=PLANE('',#10147);
#7886=PLANE('',#10148);
#7887=PLANE('',#10149);
#7888=PLANE('',#10150);
#7889=PLANE('',#10151);
#7890=PLANE('',#10152);
#7891=PLANE('',#10153);
#7892=PLANE('',#10154);
#7893=PLANE('',#10155);
#7894=PLANE('',#10156);
#7895=PLANE('',#10157);
#7896=PLANE('',#10158);
#7897=PLANE('',#10159);
#7898=PLANE('',#10160);
#7899=PLANE('',#10161);
#7900=PLANE('',#10162);
#7901=PLANE('',#10163);
#7902=PLANE('',#10164);
#7903=PLANE('',#10165);
#7904=PLANE('',#10166);
#7905=PLANE('',#10167);
#7906=PLANE('',#10168);
#7907=PLANE('',#10169);
#7908=PLANE('',#10170);
#7909=PLANE('',#10171);
#7910=PLANE('',#10172);
#7911=PLANE('',#10173);
#7912=PLANE('',#10174);
#7913=PLANE('',#10175);
#7914=PLANE('',#10176);
#7915=PLANE('',#10177);
#7916=PLANE('',#10178);
#7917=PLANE('',#10179);
#7918=PLANE('',#10180);
#7919=PLANE('',#10181);
#7920=PLANE('',#10182);
#7921=PLANE('',#10183);
#7922=PLANE('',#10184);
#7923=PLANE('',#10185);
#7924=PLANE('',#10186);
#7925=PLANE('',#10187);
#7926=PLANE('',#10188);
#7927=PLANE('',#10189);
#7928=PLANE('',#10190);
#7929=PLANE('',#10191);
#7930=PLANE('',#10192);
#7931=PLANE('',#10193);
#7932=PLANE('',#10194);
#7933=PLANE('',#10195);
#7934=PLANE('',#10196);
#7935=PLANE('',#10197);
#7936=PLANE('',#10198);
#7937=PLANE('',#10199);
#7938=STYLED_ITEM('',(#8134),#9314);
#7939=STYLED_ITEM('',(#8135),#9315);
#7940=STYLED_ITEM('',(#8136),#9316);
#7941=STYLED_ITEM('',(#8137),#9317);
#7942=STYLED_ITEM('',(#8138),#9318);
#7943=STYLED_ITEM('',(#8139),#9319);
#7944=STYLED_ITEM('',(#8140),#9320);
#7945=STYLED_ITEM('',(#8141),#9321);
#7946=STYLED_ITEM('',(#8142),#9322);
#7947=STYLED_ITEM('',(#8143),#9323);
#7948=STYLED_ITEM('',(#8144),#9324);
#7949=STYLED_ITEM('',(#8145),#9325);
#7950=STYLED_ITEM('',(#8146),#9326);
#7951=STYLED_ITEM('',(#8147),#9327);
#7952=STYLED_ITEM('',(#8148),#9328);
#7953=STYLED_ITEM('',(#8149),#9329);
#7954=STYLED_ITEM('',(#8150),#9330);
#7955=STYLED_ITEM('',(#8151),#9331);
#7956=STYLED_ITEM('',(#8152),#9332);
#7957=STYLED_ITEM('',(#8153),#9333);
#7958=STYLED_ITEM('',(#8154),#9334);
#7959=STYLED_ITEM('',(#8155),#9335);
#7960=STYLED_ITEM('',(#8156),#9336);
#7961=STYLED_ITEM('',(#8157),#9337);
#7962=STYLED_ITEM('',(#8158),#9338);
#7963=STYLED_ITEM('',(#8159),#9339);
#7964=STYLED_ITEM('',(#8160),#9340);
#7965=STYLED_ITEM('',(#8161),#9341);
#7966=STYLED_ITEM('',(#8162),#9342);
#7967=STYLED_ITEM('',(#8163),#9343);
#7968=STYLED_ITEM('',(#8164),#9344);
#7969=STYLED_ITEM('',(#8165),#9345);
#7970=STYLED_ITEM('',(#8166),#9346);
#7971=STYLED_ITEM('',(#8167),#9347);
#7972=STYLED_ITEM('',(#8168),#9348);
#7973=STYLED_ITEM('',(#8169),#9349);
#7974=STYLED_ITEM('',(#8170),#9350);
#7975=STYLED_ITEM('',(#8171),#9351);
#7976=STYLED_ITEM('',(#8172),#9352);
#7977=STYLED_ITEM('',(#8173),#9353);
#7978=STYLED_ITEM('',(#8174),#9354);
#7979=STYLED_ITEM('',(#8175),#9355);
#7980=STYLED_ITEM('',(#8176),#9356);
#7981=STYLED_ITEM('',(#8177),#9357);
#7982=STYLED_ITEM('',(#8178),#9358);
#7983=STYLED_ITEM('',(#8179),#9359);
#7984=STYLED_ITEM('',(#8180),#9360);
#7985=STYLED_ITEM('',(#8181),#9361);
#7986=STYLED_ITEM('',(#8182),#9362);
#7987=STYLED_ITEM('',(#8183),#9363);
#7988=STYLED_ITEM('',(#8184),#9364);
#7989=STYLED_ITEM('',(#8185),#9365);
#7990=STYLED_ITEM('',(#8186),#9366);
#7991=STYLED_ITEM('',(#8187),#9367);
#7992=STYLED_ITEM('',(#8188),#9368);
#7993=STYLED_ITEM('',(#8189),#9369);
#7994=STYLED_ITEM('',(#8190),#9370);
#7995=STYLED_ITEM('',(#8191),#9371);
#7996=STYLED_ITEM('',(#8192),#9372);
#7997=STYLED_ITEM('',(#8193),#9373);
#7998=STYLED_ITEM('',(#8194),#9374);
#7999=STYLED_ITEM('',(#8195),#9375);
#8000=STYLED_ITEM('',(#8196),#9376);
#8001=STYLED_ITEM('',(#8197),#9377);
#8002=STYLED_ITEM('',(#8198),#9378);
#8003=STYLED_ITEM('',(#8199),#9379);
#8004=STYLED_ITEM('',(#8200),#9380);
#8005=STYLED_ITEM('',(#8201),#9381);
#8006=STYLED_ITEM('',(#8202),#9382);
#8007=STYLED_ITEM('',(#8203),#9383);
#8008=STYLED_ITEM('',(#8204),#9384);
#8009=STYLED_ITEM('',(#8205),#9385);
#8010=STYLED_ITEM('',(#8206),#9386);
#8011=STYLED_ITEM('',(#8207),#9387);
#8012=STYLED_ITEM('',(#8208),#9388);
#8013=STYLED_ITEM('',(#8209),#9389);
#8014=STYLED_ITEM('',(#8210),#9390);
#8015=STYLED_ITEM('',(#8211),#9391);
#8016=STYLED_ITEM('',(#8212),#9392);
#8017=STYLED_ITEM('',(#8213),#9393);
#8018=STYLED_ITEM('',(#8214),#9394);
#8019=STYLED_ITEM('',(#8215),#9395);
#8020=STYLED_ITEM('',(#8216),#9396);
#8021=STYLED_ITEM('',(#8217),#9397);
#8022=STYLED_ITEM('',(#8218),#9398);
#8023=STYLED_ITEM('',(#8219),#9399);
#8024=STYLED_ITEM('',(#8220),#9400);
#8025=STYLED_ITEM('',(#8221),#9401);
#8026=STYLED_ITEM('',(#8222),#9402);
#8027=STYLED_ITEM('',(#8223),#9403);
#8028=STYLED_ITEM('',(#8224),#9404);
#8029=STYLED_ITEM('',(#8225),#9405);
#8030=STYLED_ITEM('',(#8226),#9406);
#8031=STYLED_ITEM('',(#8227),#9407);
#8032=STYLED_ITEM('',(#8228),#9408);
#8033=STYLED_ITEM('',(#8229),#9409);
#8034=STYLED_ITEM('',(#8230),#9410);
#8035=STYLED_ITEM('',(#8231),#9411);
#8036=STYLED_ITEM('',(#8232),#9412);
#8037=STYLED_ITEM('',(#8233),#9413);
#8038=STYLED_ITEM('',(#8234),#9414);
#8039=STYLED_ITEM('',(#8235),#9415);
#8040=STYLED_ITEM('',(#8236),#9416);
#8041=STYLED_ITEM('',(#8237),#9417);
#8042=STYLED_ITEM('',(#8238),#9418);
#8043=STYLED_ITEM('',(#8239),#9419);
#8044=STYLED_ITEM('',(#8240),#9420);
#8045=STYLED_ITEM('',(#8241),#9421);
#8046=STYLED_ITEM('',(#8242),#9422);
#8047=STYLED_ITEM('',(#8243),#9423);
#8048=STYLED_ITEM('',(#8244),#9424);
#8049=STYLED_ITEM('',(#8245),#9425);
#8050=STYLED_ITEM('',(#8246),#9426);
#8051=STYLED_ITEM('',(#8247),#9427);
#8052=STYLED_ITEM('',(#8248),#9428);
#8053=STYLED_ITEM('',(#8249),#9429);
#8054=STYLED_ITEM('',(#8250),#9430);
#8055=STYLED_ITEM('',(#8251),#9431);
#8056=STYLED_ITEM('',(#8252),#9432);
#8057=STYLED_ITEM('',(#8253),#9433);
#8058=STYLED_ITEM('',(#8254),#9434);
#8059=STYLED_ITEM('',(#8255),#9435);
#8060=STYLED_ITEM('',(#8256),#9436);
#8061=STYLED_ITEM('',(#8257),#9437);
#8062=STYLED_ITEM('',(#8258),#9438);
#8063=STYLED_ITEM('',(#8259),#9439);
#8064=STYLED_ITEM('',(#8260),#9440);
#8065=STYLED_ITEM('',(#8261),#9441);
#8066=STYLED_ITEM('',(#8262),#9442);
#8067=STYLED_ITEM('',(#8263),#9443);
#8068=STYLED_ITEM('',(#8264),#9444);
#8069=STYLED_ITEM('',(#8265),#9445);
#8070=STYLED_ITEM('',(#8266),#9446);
#8071=STYLED_ITEM('',(#8267),#9447);
#8072=STYLED_ITEM('',(#8268),#9448);
#8073=STYLED_ITEM('',(#8269),#9449);
#8074=STYLED_ITEM('',(#8270),#9450);
#8075=STYLED_ITEM('',(#8271),#9451);
#8076=STYLED_ITEM('',(#8272),#9452);
#8077=STYLED_ITEM('',(#8273),#9453);
#8078=STYLED_ITEM('',(#8274),#9454);
#8079=STYLED_ITEM('',(#8275),#9455);
#8080=STYLED_ITEM('',(#8276),#9456);
#8081=STYLED_ITEM('',(#8277),#9457);
#8082=STYLED_ITEM('',(#8278),#9458);
#8083=STYLED_ITEM('',(#8279),#9459);
#8084=STYLED_ITEM('',(#8280),#9460);
#8085=STYLED_ITEM('',(#8281),#9461);
#8086=STYLED_ITEM('',(#8282),#9462);
#8087=STYLED_ITEM('',(#8283),#9463);
#8088=STYLED_ITEM('',(#8284),#9464);
#8089=STYLED_ITEM('',(#8285),#9465);
#8090=STYLED_ITEM('',(#8286),#9466);
#8091=STYLED_ITEM('',(#8287),#9467);
#8092=STYLED_ITEM('',(#8288),#9468);
#8093=STYLED_ITEM('',(#8289),#9469);
#8094=STYLED_ITEM('',(#8290),#9470);
#8095=STYLED_ITEM('',(#8291),#9471);
#8096=STYLED_ITEM('',(#8292),#9472);
#8097=STYLED_ITEM('',(#8293),#9473);
#8098=STYLED_ITEM('',(#8294),#9474);
#8099=STYLED_ITEM('',(#8295),#9475);
#8100=STYLED_ITEM('',(#8296),#9476);
#8101=STYLED_ITEM('',(#8297),#9477);
#8102=STYLED_ITEM('',(#8298),#9478);
#8103=STYLED_ITEM('',(#8299),#9479);
#8104=STYLED_ITEM('',(#8300),#9480);
#8105=STYLED_ITEM('',(#8301),#9481);
#8106=STYLED_ITEM('',(#8302),#9482);
#8107=STYLED_ITEM('',(#8303),#9483);
#8108=STYLED_ITEM('',(#8304),#9484);
#8109=STYLED_ITEM('',(#8305),#9485);
#8110=STYLED_ITEM('',(#8306),#9486);
#8111=STYLED_ITEM('',(#8307),#9487);
#8112=STYLED_ITEM('',(#8308),#9488);
#8113=STYLED_ITEM('',(#8309),#9489);
#8114=STYLED_ITEM('',(#8310),#9490);
#8115=STYLED_ITEM('',(#8311),#9491);
#8116=STYLED_ITEM('',(#8312),#9492);
#8117=STYLED_ITEM('',(#8313),#9493);
#8118=STYLED_ITEM('',(#8314),#9494);
#8119=STYLED_ITEM('',(#8315),#9495);
#8120=STYLED_ITEM('',(#8316),#9496);
#8121=STYLED_ITEM('',(#8317),#9497);
#8122=STYLED_ITEM('',(#8318),#9498);
#8123=STYLED_ITEM('',(#8319),#9499);
#8124=STYLED_ITEM('',(#8320),#9500);
#8125=STYLED_ITEM('',(#8321),#9501);
#8126=STYLED_ITEM('',(#8322),#9502);
#8127=STYLED_ITEM('',(#8323),#9503);
#8128=STYLED_ITEM('',(#8324),#9504);
#8129=STYLED_ITEM('',(#8325),#9505);
#8130=STYLED_ITEM('',(#8326),#9506);
#8131=STYLED_ITEM('',(#8327),#9507);
#8132=STYLED_ITEM('',(#8328),#9508);
#8133=STYLED_ITEM('',(#8329),#9722);
#8134=PRESENTATION_STYLE_ASSIGNMENT((#8330));
#8135=PRESENTATION_STYLE_ASSIGNMENT((#8331));
#8136=PRESENTATION_STYLE_ASSIGNMENT((#8332));
#8137=PRESENTATION_STYLE_ASSIGNMENT((#8333));
#8138=PRESENTATION_STYLE_ASSIGNMENT((#8334));
#8139=PRESENTATION_STYLE_ASSIGNMENT((#8335));
#8140=PRESENTATION_STYLE_ASSIGNMENT((#8336));
#8141=PRESENTATION_STYLE_ASSIGNMENT((#8337));
#8142=PRESENTATION_STYLE_ASSIGNMENT((#8338));
#8143=PRESENTATION_STYLE_ASSIGNMENT((#8339));
#8144=PRESENTATION_STYLE_ASSIGNMENT((#8340));
#8145=PRESENTATION_STYLE_ASSIGNMENT((#8341));
#8146=PRESENTATION_STYLE_ASSIGNMENT((#8342));
#8147=PRESENTATION_STYLE_ASSIGNMENT((#8343));
#8148=PRESENTATION_STYLE_ASSIGNMENT((#8344));
#8149=PRESENTATION_STYLE_ASSIGNMENT((#8345));
#8150=PRESENTATION_STYLE_ASSIGNMENT((#8346));
#8151=PRESENTATION_STYLE_ASSIGNMENT((#8347));
#8152=PRESENTATION_STYLE_ASSIGNMENT((#8348));
#8153=PRESENTATION_STYLE_ASSIGNMENT((#8349));
#8154=PRESENTATION_STYLE_ASSIGNMENT((#8350));
#8155=PRESENTATION_STYLE_ASSIGNMENT((#8351));
#8156=PRESENTATION_STYLE_ASSIGNMENT((#8352));
#8157=PRESENTATION_STYLE_ASSIGNMENT((#8353));
#8158=PRESENTATION_STYLE_ASSIGNMENT((#8354));
#8159=PRESENTATION_STYLE_ASSIGNMENT((#8355));
#8160=PRESENTATION_STYLE_ASSIGNMENT((#8356));
#8161=PRESENTATION_STYLE_ASSIGNMENT((#8357));
#8162=PRESENTATION_STYLE_ASSIGNMENT((#8358));
#8163=PRESENTATION_STYLE_ASSIGNMENT((#8359));
#8164=PRESENTATION_STYLE_ASSIGNMENT((#8360));
#8165=PRESENTATION_STYLE_ASSIGNMENT((#8361));
#8166=PRESENTATION_STYLE_ASSIGNMENT((#8362));
#8167=PRESENTATION_STYLE_ASSIGNMENT((#8363));
#8168=PRESENTATION_STYLE_ASSIGNMENT((#8364));
#8169=PRESENTATION_STYLE_ASSIGNMENT((#8365));
#8170=PRESENTATION_STYLE_ASSIGNMENT((#8366));
#8171=PRESENTATION_STYLE_ASSIGNMENT((#8367));
#8172=PRESENTATION_STYLE_ASSIGNMENT((#8368));
#8173=PRESENTATION_STYLE_ASSIGNMENT((#8369));
#8174=PRESENTATION_STYLE_ASSIGNMENT((#8370));
#8175=PRESENTATION_STYLE_ASSIGNMENT((#8371));
#8176=PRESENTATION_STYLE_ASSIGNMENT((#8372));
#8177=PRESENTATION_STYLE_ASSIGNMENT((#8373));
#8178=PRESENTATION_STYLE_ASSIGNMENT((#8374));
#8179=PRESENTATION_STYLE_ASSIGNMENT((#8375));
#8180=PRESENTATION_STYLE_ASSIGNMENT((#8376));
#8181=PRESENTATION_STYLE_ASSIGNMENT((#8377));
#8182=PRESENTATION_STYLE_ASSIGNMENT((#8378));
#8183=PRESENTATION_STYLE_ASSIGNMENT((#8379));
#8184=PRESENTATION_STYLE_ASSIGNMENT((#8380));
#8185=PRESENTATION_STYLE_ASSIGNMENT((#8381));
#8186=PRESENTATION_STYLE_ASSIGNMENT((#8382));
#8187=PRESENTATION_STYLE_ASSIGNMENT((#8383));
#8188=PRESENTATION_STYLE_ASSIGNMENT((#8384));
#8189=PRESENTATION_STYLE_ASSIGNMENT((#8385));
#8190=PRESENTATION_STYLE_ASSIGNMENT((#8386));
#8191=PRESENTATION_STYLE_ASSIGNMENT((#8387));
#8192=PRESENTATION_STYLE_ASSIGNMENT((#8388));
#8193=PRESENTATION_STYLE_ASSIGNMENT((#8389));
#8194=PRESENTATION_STYLE_ASSIGNMENT((#8390));
#8195=PRESENTATION_STYLE_ASSIGNMENT((#8391));
#8196=PRESENTATION_STYLE_ASSIGNMENT((#8392));
#8197=PRESENTATION_STYLE_ASSIGNMENT((#8393));
#8198=PRESENTATION_STYLE_ASSIGNMENT((#8394));
#8199=PRESENTATION_STYLE_ASSIGNMENT((#8395));
#8200=PRESENTATION_STYLE_ASSIGNMENT((#8396));
#8201=PRESENTATION_STYLE_ASSIGNMENT((#8397));
#8202=PRESENTATION_STYLE_ASSIGNMENT((#8398));
#8203=PRESENTATION_STYLE_ASSIGNMENT((#8399));
#8204=PRESENTATION_STYLE_ASSIGNMENT((#8400));
#8205=PRESENTATION_STYLE_ASSIGNMENT((#8401));
#8206=PRESENTATION_STYLE_ASSIGNMENT((#8402));
#8207=PRESENTATION_STYLE_ASSIGNMENT((#8403));
#8208=PRESENTATION_STYLE_ASSIGNMENT((#8404));
#8209=PRESENTATION_STYLE_ASSIGNMENT((#8405));
#8210=PRESENTATION_STYLE_ASSIGNMENT((#8406));
#8211=PRESENTATION_STYLE_ASSIGNMENT((#8407));
#8212=PRESENTATION_STYLE_ASSIGNMENT((#8408));
#8213=PRESENTATION_STYLE_ASSIGNMENT((#8409));
#8214=PRESENTATION_STYLE_ASSIGNMENT((#8410));
#8215=PRESENTATION_STYLE_ASSIGNMENT((#8411));
#8216=PRESENTATION_STYLE_ASSIGNMENT((#8412));
#8217=PRESENTATION_STYLE_ASSIGNMENT((#8413));
#8218=PRESENTATION_STYLE_ASSIGNMENT((#8414));
#8219=PRESENTATION_STYLE_ASSIGNMENT((#8415));
#8220=PRESENTATION_STYLE_ASSIGNMENT((#8416));
#8221=PRESENTATION_STYLE_ASSIGNMENT((#8417));
#8222=PRESENTATION_STYLE_ASSIGNMENT((#8418));
#8223=PRESENTATION_STYLE_ASSIGNMENT((#8419));
#8224=PRESENTATION_STYLE_ASSIGNMENT((#8420));
#8225=PRESENTATION_STYLE_ASSIGNMENT((#8421));
#8226=PRESENTATION_STYLE_ASSIGNMENT((#8422));
#8227=PRESENTATION_STYLE_ASSIGNMENT((#8423));
#8228=PRESENTATION_STYLE_ASSIGNMENT((#8424));
#8229=PRESENTATION_STYLE_ASSIGNMENT((#8425));
#8230=PRESENTATION_STYLE_ASSIGNMENT((#8426));
#8231=PRESENTATION_STYLE_ASSIGNMENT((#8427));
#8232=PRESENTATION_STYLE_ASSIGNMENT((#8428));
#8233=PRESENTATION_STYLE_ASSIGNMENT((#8429));
#8234=PRESENTATION_STYLE_ASSIGNMENT((#8430));
#8235=PRESENTATION_STYLE_ASSIGNMENT((#8431));
#8236=PRESENTATION_STYLE_ASSIGNMENT((#8432));
#8237=PRESENTATION_STYLE_ASSIGNMENT((#8433));
#8238=PRESENTATION_STYLE_ASSIGNMENT((#8434));
#8239=PRESENTATION_STYLE_ASSIGNMENT((#8435));
#8240=PRESENTATION_STYLE_ASSIGNMENT((#8436));
#8241=PRESENTATION_STYLE_ASSIGNMENT((#8437));
#8242=PRESENTATION_STYLE_ASSIGNMENT((#8438));
#8243=PRESENTATION_STYLE_ASSIGNMENT((#8439));
#8244=PRESENTATION_STYLE_ASSIGNMENT((#8440));
#8245=PRESENTATION_STYLE_ASSIGNMENT((#8441));
#8246=PRESENTATION_STYLE_ASSIGNMENT((#8442));
#8247=PRESENTATION_STYLE_ASSIGNMENT((#8443));
#8248=PRESENTATION_STYLE_ASSIGNMENT((#8444));
#8249=PRESENTATION_STYLE_ASSIGNMENT((#8445));
#8250=PRESENTATION_STYLE_ASSIGNMENT((#8446));
#8251=PRESENTATION_STYLE_ASSIGNMENT((#8447));
#8252=PRESENTATION_STYLE_ASSIGNMENT((#8448));
#8253=PRESENTATION_STYLE_ASSIGNMENT((#8449));
#8254=PRESENTATION_STYLE_ASSIGNMENT((#8450));
#8255=PRESENTATION_STYLE_ASSIGNMENT((#8451));
#8256=PRESENTATION_STYLE_ASSIGNMENT((#8452));
#8257=PRESENTATION_STYLE_ASSIGNMENT((#8453));
#8258=PRESENTATION_STYLE_ASSIGNMENT((#8454));
#8259=PRESENTATION_STYLE_ASSIGNMENT((#8455));
#8260=PRESENTATION_STYLE_ASSIGNMENT((#8456));
#8261=PRESENTATION_STYLE_ASSIGNMENT((#8457));
#8262=PRESENTATION_STYLE_ASSIGNMENT((#8458));
#8263=PRESENTATION_STYLE_ASSIGNMENT((#8459));
#8264=PRESENTATION_STYLE_ASSIGNMENT((#8460));
#8265=PRESENTATION_STYLE_ASSIGNMENT((#8461));
#8266=PRESENTATION_STYLE_ASSIGNMENT((#8462));
#8267=PRESENTATION_STYLE_ASSIGNMENT((#8463));
#8268=PRESENTATION_STYLE_ASSIGNMENT((#8464));
#8269=PRESENTATION_STYLE_ASSIGNMENT((#8465));
#8270=PRESENTATION_STYLE_ASSIGNMENT((#8466));
#8271=PRESENTATION_STYLE_ASSIGNMENT((#8467));
#8272=PRESENTATION_STYLE_ASSIGNMENT((#8468));
#8273=PRESENTATION_STYLE_ASSIGNMENT((#8469));
#8274=PRESENTATION_STYLE_ASSIGNMENT((#8470));
#8275=PRESENTATION_STYLE_ASSIGNMENT((#8471));
#8276=PRESENTATION_STYLE_ASSIGNMENT((#8472));
#8277=PRESENTATION_STYLE_ASSIGNMENT((#8473));
#8278=PRESENTATION_STYLE_ASSIGNMENT((#8474));
#8279=PRESENTATION_STYLE_ASSIGNMENT((#8475));
#8280=PRESENTATION_STYLE_ASSIGNMENT((#8476));
#8281=PRESENTATION_STYLE_ASSIGNMENT((#8477));
#8282=PRESENTATION_STYLE_ASSIGNMENT((#8478));
#8283=PRESENTATION_STYLE_ASSIGNMENT((#8479));
#8284=PRESENTATION_STYLE_ASSIGNMENT((#8480));
#8285=PRESENTATION_STYLE_ASSIGNMENT((#8481));
#8286=PRESENTATION_STYLE_ASSIGNMENT((#8482));
#8287=PRESENTATION_STYLE_ASSIGNMENT((#8483));
#8288=PRESENTATION_STYLE_ASSIGNMENT((#8484));
#8289=PRESENTATION_STYLE_ASSIGNMENT((#8485));
#8290=PRESENTATION_STYLE_ASSIGNMENT((#8486));
#8291=PRESENTATION_STYLE_ASSIGNMENT((#8487));
#8292=PRESENTATION_STYLE_ASSIGNMENT((#8488));
#8293=PRESENTATION_STYLE_ASSIGNMENT((#8489));
#8294=PRESENTATION_STYLE_ASSIGNMENT((#8490));
#8295=PRESENTATION_STYLE_ASSIGNMENT((#8491));
#8296=PRESENTATION_STYLE_ASSIGNMENT((#8492));
#8297=PRESENTATION_STYLE_ASSIGNMENT((#8493));
#8298=PRESENTATION_STYLE_ASSIGNMENT((#8494));
#8299=PRESENTATION_STYLE_ASSIGNMENT((#8495));
#8300=PRESENTATION_STYLE_ASSIGNMENT((#8496));
#8301=PRESENTATION_STYLE_ASSIGNMENT((#8497));
#8302=PRESENTATION_STYLE_ASSIGNMENT((#8498));
#8303=PRESENTATION_STYLE_ASSIGNMENT((#8499));
#8304=PRESENTATION_STYLE_ASSIGNMENT((#8500));
#8305=PRESENTATION_STYLE_ASSIGNMENT((#8501));
#8306=PRESENTATION_STYLE_ASSIGNMENT((#8502));
#8307=PRESENTATION_STYLE_ASSIGNMENT((#8503));
#8308=PRESENTATION_STYLE_ASSIGNMENT((#8504));
#8309=PRESENTATION_STYLE_ASSIGNMENT((#8505));
#8310=PRESENTATION_STYLE_ASSIGNMENT((#8506));
#8311=PRESENTATION_STYLE_ASSIGNMENT((#8507));
#8312=PRESENTATION_STYLE_ASSIGNMENT((#8508));
#8313=PRESENTATION_STYLE_ASSIGNMENT((#8509));
#8314=PRESENTATION_STYLE_ASSIGNMENT((#8510));
#8315=PRESENTATION_STYLE_ASSIGNMENT((#8511));
#8316=PRESENTATION_STYLE_ASSIGNMENT((#8512));
#8317=PRESENTATION_STYLE_ASSIGNMENT((#8513));
#8318=PRESENTATION_STYLE_ASSIGNMENT((#8514));
#8319=PRESENTATION_STYLE_ASSIGNMENT((#8515));
#8320=PRESENTATION_STYLE_ASSIGNMENT((#8516));
#8321=PRESENTATION_STYLE_ASSIGNMENT((#8517));
#8322=PRESENTATION_STYLE_ASSIGNMENT((#8518));
#8323=PRESENTATION_STYLE_ASSIGNMENT((#8519));
#8324=PRESENTATION_STYLE_ASSIGNMENT((#8520));
#8325=PRESENTATION_STYLE_ASSIGNMENT((#8521));
#8326=PRESENTATION_STYLE_ASSIGNMENT((#8522));
#8327=PRESENTATION_STYLE_ASSIGNMENT((#8523));
#8328=PRESENTATION_STYLE_ASSIGNMENT((#8524));
#8329=PRESENTATION_STYLE_ASSIGNMENT((#8525));
#8330=SURFACE_STYLE_USAGE(.BOTH.,#8526);
#8331=SURFACE_STYLE_USAGE(.BOTH.,#8527);
#8332=SURFACE_STYLE_USAGE(.BOTH.,#8528);
#8333=SURFACE_STYLE_USAGE(.BOTH.,#8529);
#8334=SURFACE_STYLE_USAGE(.BOTH.,#8530);
#8335=SURFACE_STYLE_USAGE(.BOTH.,#8531);
#8336=SURFACE_STYLE_USAGE(.BOTH.,#8532);
#8337=SURFACE_STYLE_USAGE(.BOTH.,#8533);
#8338=SURFACE_STYLE_USAGE(.BOTH.,#8534);
#8339=SURFACE_STYLE_USAGE(.BOTH.,#8535);
#8340=SURFACE_STYLE_USAGE(.BOTH.,#8536);
#8341=SURFACE_STYLE_USAGE(.BOTH.,#8537);
#8342=SURFACE_STYLE_USAGE(.BOTH.,#8538);
#8343=SURFACE_STYLE_USAGE(.BOTH.,#8539);
#8344=SURFACE_STYLE_USAGE(.BOTH.,#8540);
#8345=SURFACE_STYLE_USAGE(.BOTH.,#8541);
#8346=SURFACE_STYLE_USAGE(.BOTH.,#8542);
#8347=SURFACE_STYLE_USAGE(.BOTH.,#8543);
#8348=SURFACE_STYLE_USAGE(.BOTH.,#8544);
#8349=SURFACE_STYLE_USAGE(.BOTH.,#8545);
#8350=SURFACE_STYLE_USAGE(.BOTH.,#8546);
#8351=SURFACE_STYLE_USAGE(.BOTH.,#8547);
#8352=SURFACE_STYLE_USAGE(.BOTH.,#8548);
#8353=SURFACE_STYLE_USAGE(.BOTH.,#8549);
#8354=SURFACE_STYLE_USAGE(.BOTH.,#8550);
#8355=SURFACE_STYLE_USAGE(.BOTH.,#8551);
#8356=SURFACE_STYLE_USAGE(.BOTH.,#8552);
#8357=SURFACE_STYLE_USAGE(.BOTH.,#8553);
#8358=SURFACE_STYLE_USAGE(.BOTH.,#8554);
#8359=SURFACE_STYLE_USAGE(.BOTH.,#8555);
#8360=SURFACE_STYLE_USAGE(.BOTH.,#8556);
#8361=SURFACE_STYLE_USAGE(.BOTH.,#8557);
#8362=SURFACE_STYLE_USAGE(.BOTH.,#8558);
#8363=SURFACE_STYLE_USAGE(.BOTH.,#8559);
#8364=SURFACE_STYLE_USAGE(.BOTH.,#8560);
#8365=SURFACE_STYLE_USAGE(.BOTH.,#8561);
#8366=SURFACE_STYLE_USAGE(.BOTH.,#8562);
#8367=SURFACE_STYLE_USAGE(.BOTH.,#8563);
#8368=SURFACE_STYLE_USAGE(.BOTH.,#8564);
#8369=SURFACE_STYLE_USAGE(.BOTH.,#8565);
#8370=SURFACE_STYLE_USAGE(.BOTH.,#8566);
#8371=SURFACE_STYLE_USAGE(.BOTH.,#8567);
#8372=SURFACE_STYLE_USAGE(.BOTH.,#8568);
#8373=SURFACE_STYLE_USAGE(.BOTH.,#8569);
#8374=SURFACE_STYLE_USAGE(.BOTH.,#8570);
#8375=SURFACE_STYLE_USAGE(.BOTH.,#8571);
#8376=SURFACE_STYLE_USAGE(.BOTH.,#8572);
#8377=SURFACE_STYLE_USAGE(.BOTH.,#8573);
#8378=SURFACE_STYLE_USAGE(.BOTH.,#8574);
#8379=SURFACE_STYLE_USAGE(.BOTH.,#8575);
#8380=SURFACE_STYLE_USAGE(.BOTH.,#8576);
#8381=SURFACE_STYLE_USAGE(.BOTH.,#8577);
#8382=SURFACE_STYLE_USAGE(.BOTH.,#8578);
#8383=SURFACE_STYLE_USAGE(.BOTH.,#8579);
#8384=SURFACE_STYLE_USAGE(.BOTH.,#8580);
#8385=SURFACE_STYLE_USAGE(.BOTH.,#8581);
#8386=SURFACE_STYLE_USAGE(.BOTH.,#8582);
#8387=SURFACE_STYLE_USAGE(.BOTH.,#8583);
#8388=SURFACE_STYLE_USAGE(.BOTH.,#8584);
#8389=SURFACE_STYLE_USAGE(.BOTH.,#8585);
#8390=SURFACE_STYLE_USAGE(.BOTH.,#8586);
#8391=SURFACE_STYLE_USAGE(.BOTH.,#8587);
#8392=SURFACE_STYLE_USAGE(.BOTH.,#8588);
#8393=SURFACE_STYLE_USAGE(.BOTH.,#8589);
#8394=SURFACE_STYLE_USAGE(.BOTH.,#8590);
#8395=SURFACE_STYLE_USAGE(.BOTH.,#8591);
#8396=SURFACE_STYLE_USAGE(.BOTH.,#8592);
#8397=SURFACE_STYLE_USAGE(.BOTH.,#8593);
#8398=SURFACE_STYLE_USAGE(.BOTH.,#8594);
#8399=SURFACE_STYLE_USAGE(.BOTH.,#8595);
#8400=SURFACE_STYLE_USAGE(.BOTH.,#8596);
#8401=SURFACE_STYLE_USAGE(.BOTH.,#8597);
#8402=SURFACE_STYLE_USAGE(.BOTH.,#8598);
#8403=SURFACE_STYLE_USAGE(.BOTH.,#8599);
#8404=SURFACE_STYLE_USAGE(.BOTH.,#8600);
#8405=SURFACE_STYLE_USAGE(.BOTH.,#8601);
#8406=SURFACE_STYLE_USAGE(.BOTH.,#8602);
#8407=SURFACE_STYLE_USAGE(.BOTH.,#8603);
#8408=SURFACE_STYLE_USAGE(.BOTH.,#8604);
#8409=SURFACE_STYLE_USAGE(.BOTH.,#8605);
#8410=SURFACE_STYLE_USAGE(.BOTH.,#8606);
#8411=SURFACE_STYLE_USAGE(.BOTH.,#8607);
#8412=SURFACE_STYLE_USAGE(.BOTH.,#8608);
#8413=SURFACE_STYLE_USAGE(.BOTH.,#8609);
#8414=SURFACE_STYLE_USAGE(.BOTH.,#8610);
#8415=SURFACE_STYLE_USAGE(.BOTH.,#8611);
#8416=SURFACE_STYLE_USAGE(.BOTH.,#8612);
#8417=SURFACE_STYLE_USAGE(.BOTH.,#8613);
#8418=SURFACE_STYLE_USAGE(.BOTH.,#8614);
#8419=SURFACE_STYLE_USAGE(.BOTH.,#8615);
#8420=SURFACE_STYLE_USAGE(.BOTH.,#8616);
#8421=SURFACE_STYLE_USAGE(.BOTH.,#8617);
#8422=SURFACE_STYLE_USAGE(.BOTH.,#8618);
#8423=SURFACE_STYLE_USAGE(.BOTH.,#8619);
#8424=SURFACE_STYLE_USAGE(.BOTH.,#8620);
#8425=SURFACE_STYLE_USAGE(.BOTH.,#8621);
#8426=SURFACE_STYLE_USAGE(.BOTH.,#8622);
#8427=SURFACE_STYLE_USAGE(.BOTH.,#8623);
#8428=SURFACE_STYLE_USAGE(.BOTH.,#8624);
#8429=SURFACE_STYLE_USAGE(.BOTH.,#8625);
#8430=SURFACE_STYLE_USAGE(.BOTH.,#8626);
#8431=SURFACE_STYLE_USAGE(.BOTH.,#8627);
#8432=SURFACE_STYLE_USAGE(.BOTH.,#8628);
#8433=SURFACE_STYLE_USAGE(.BOTH.,#8629);
#8434=SURFACE_STYLE_USAGE(.BOTH.,#8630);
#8435=SURFACE_STYLE_USAGE(.BOTH.,#8631);
#8436=SURFACE_STYLE_USAGE(.BOTH.,#8632);
#8437=SURFACE_STYLE_USAGE(.BOTH.,#8633);
#8438=SURFACE_STYLE_USAGE(.BOTH.,#8634);
#8439=SURFACE_STYLE_USAGE(.BOTH.,#8635);
#8440=SURFACE_STYLE_USAGE(.BOTH.,#8636);
#8441=SURFACE_STYLE_USAGE(.BOTH.,#8637);
#8442=SURFACE_STYLE_USAGE(.BOTH.,#8638);
#8443=SURFACE_STYLE_USAGE(.BOTH.,#8639);
#8444=SURFACE_STYLE_USAGE(.BOTH.,#8640);
#8445=SURFACE_STYLE_USAGE(.BOTH.,#8641);
#8446=SURFACE_STYLE_USAGE(.BOTH.,#8642);
#8447=SURFACE_STYLE_USAGE(.BOTH.,#8643);
#8448=SURFACE_STYLE_USAGE(.BOTH.,#8644);
#8449=SURFACE_STYLE_USAGE(.BOTH.,#8645);
#8450=SURFACE_STYLE_USAGE(.BOTH.,#8646);
#8451=SURFACE_STYLE_USAGE(.BOTH.,#8647);
#8452=SURFACE_STYLE_USAGE(.BOTH.,#8648);
#8453=SURFACE_STYLE_USAGE(.BOTH.,#8649);
#8454=SURFACE_STYLE_USAGE(.BOTH.,#8650);
#8455=SURFACE_STYLE_USAGE(.BOTH.,#8651);
#8456=SURFACE_STYLE_USAGE(.BOTH.,#8652);
#8457=SURFACE_STYLE_USAGE(.BOTH.,#8653);
#8458=SURFACE_STYLE_USAGE(.BOTH.,#8654);
#8459=SURFACE_STYLE_USAGE(.BOTH.,#8655);
#8460=SURFACE_STYLE_USAGE(.BOTH.,#8656);
#8461=SURFACE_STYLE_USAGE(.BOTH.,#8657);
#8462=SURFACE_STYLE_USAGE(.BOTH.,#8658);
#8463=SURFACE_STYLE_USAGE(.BOTH.,#8659);
#8464=SURFACE_STYLE_USAGE(.BOTH.,#8660);
#8465=SURFACE_STYLE_USAGE(.BOTH.,#8661);
#8466=SURFACE_STYLE_USAGE(.BOTH.,#8662);
#8467=SURFACE_STYLE_USAGE(.BOTH.,#8663);
#8468=SURFACE_STYLE_USAGE(.BOTH.,#8664);
#8469=SURFACE_STYLE_USAGE(.BOTH.,#8665);
#8470=SURFACE_STYLE_USAGE(.BOTH.,#8666);
#8471=SURFACE_STYLE_USAGE(.BOTH.,#8667);
#8472=SURFACE_STYLE_USAGE(.BOTH.,#8668);
#8473=SURFACE_STYLE_USAGE(.BOTH.,#8669);
#8474=SURFACE_STYLE_USAGE(.BOTH.,#8670);
#8475=SURFACE_STYLE_USAGE(.BOTH.,#8671);
#8476=SURFACE_STYLE_USAGE(.BOTH.,#8672);
#8477=SURFACE_STYLE_USAGE(.BOTH.,#8673);
#8478=SURFACE_STYLE_USAGE(.BOTH.,#8674);
#8479=SURFACE_STYLE_USAGE(.BOTH.,#8675);
#8480=SURFACE_STYLE_USAGE(.BOTH.,#8676);
#8481=SURFACE_STYLE_USAGE(.BOTH.,#8677);
#8482=SURFACE_STYLE_USAGE(.BOTH.,#8678);
#8483=SURFACE_STYLE_USAGE(.BOTH.,#8679);
#8484=SURFACE_STYLE_USAGE(.BOTH.,#8680);
#8485=SURFACE_STYLE_USAGE(.BOTH.,#8681);
#8486=SURFACE_STYLE_USAGE(.BOTH.,#8682);
#8487=SURFACE_STYLE_USAGE(.BOTH.,#8683);
#8488=SURFACE_STYLE_USAGE(.BOTH.,#8684);
#8489=SURFACE_STYLE_USAGE(.BOTH.,#8685);
#8490=SURFACE_STYLE_USAGE(.BOTH.,#8686);
#8491=SURFACE_STYLE_USAGE(.BOTH.,#8687);
#8492=SURFACE_STYLE_USAGE(.BOTH.,#8688);
#8493=SURFACE_STYLE_USAGE(.BOTH.,#8689);
#8494=SURFACE_STYLE_USAGE(.BOTH.,#8690);
#8495=SURFACE_STYLE_USAGE(.BOTH.,#8691);
#8496=SURFACE_STYLE_USAGE(.BOTH.,#8692);
#8497=SURFACE_STYLE_USAGE(.BOTH.,#8693);
#8498=SURFACE_STYLE_USAGE(.BOTH.,#8694);
#8499=SURFACE_STYLE_USAGE(.BOTH.,#8695);
#8500=SURFACE_STYLE_USAGE(.BOTH.,#8696);
#8501=SURFACE_STYLE_USAGE(.BOTH.,#8697);
#8502=SURFACE_STYLE_USAGE(.BOTH.,#8698);
#8503=SURFACE_STYLE_USAGE(.BOTH.,#8699);
#8504=SURFACE_STYLE_USAGE(.BOTH.,#8700);
#8505=SURFACE_STYLE_USAGE(.BOTH.,#8701);
#8506=SURFACE_STYLE_USAGE(.BOTH.,#8702);
#8507=SURFACE_STYLE_USAGE(.BOTH.,#8703);
#8508=SURFACE_STYLE_USAGE(.BOTH.,#8704);
#8509=SURFACE_STYLE_USAGE(.BOTH.,#8705);
#8510=SURFACE_STYLE_USAGE(.BOTH.,#8706);
#8511=SURFACE_STYLE_USAGE(.BOTH.,#8707);
#8512=SURFACE_STYLE_USAGE(.BOTH.,#8708);
#8513=SURFACE_STYLE_USAGE(.BOTH.,#8709);
#8514=SURFACE_STYLE_USAGE(.BOTH.,#8710);
#8515=SURFACE_STYLE_USAGE(.BOTH.,#8711);
#8516=SURFACE_STYLE_USAGE(.BOTH.,#8712);
#8517=SURFACE_STYLE_USAGE(.BOTH.,#8713);
#8518=SURFACE_STYLE_USAGE(.BOTH.,#8714);
#8519=SURFACE_STYLE_USAGE(.BOTH.,#8715);
#8520=SURFACE_STYLE_USAGE(.BOTH.,#8716);
#8521=SURFACE_STYLE_USAGE(.BOTH.,#8717);
#8522=SURFACE_STYLE_USAGE(.BOTH.,#8718);
#8523=SURFACE_STYLE_USAGE(.BOTH.,#8719);
#8524=SURFACE_STYLE_USAGE(.BOTH.,#8720);
#8525=SURFACE_STYLE_USAGE(.BOTH.,#8721);
#8526=SURFACE_SIDE_STYLE('',(#8722));
#8527=SURFACE_SIDE_STYLE('',(#8723));
#8528=SURFACE_SIDE_STYLE('',(#8724));
#8529=SURFACE_SIDE_STYLE('',(#8725));
#8530=SURFACE_SIDE_STYLE('',(#8726));
#8531=SURFACE_SIDE_STYLE('',(#8727));
#8532=SURFACE_SIDE_STYLE('',(#8728));
#8533=SURFACE_SIDE_STYLE('',(#8729));
#8534=SURFACE_SIDE_STYLE('',(#8730));
#8535=SURFACE_SIDE_STYLE('',(#8731));
#8536=SURFACE_SIDE_STYLE('',(#8732));
#8537=SURFACE_SIDE_STYLE('',(#8733));
#8538=SURFACE_SIDE_STYLE('',(#8734));
#8539=SURFACE_SIDE_STYLE('',(#8735));
#8540=SURFACE_SIDE_STYLE('',(#8736));
#8541=SURFACE_SIDE_STYLE('',(#8737));
#8542=SURFACE_SIDE_STYLE('',(#8738));
#8543=SURFACE_SIDE_STYLE('',(#8739));
#8544=SURFACE_SIDE_STYLE('',(#8740));
#8545=SURFACE_SIDE_STYLE('',(#8741));
#8546=SURFACE_SIDE_STYLE('',(#8742));
#8547=SURFACE_SIDE_STYLE('',(#8743));
#8548=SURFACE_SIDE_STYLE('',(#8744));
#8549=SURFACE_SIDE_STYLE('',(#8745));
#8550=SURFACE_SIDE_STYLE('',(#8746));
#8551=SURFACE_SIDE_STYLE('',(#8747));
#8552=SURFACE_SIDE_STYLE('',(#8748));
#8553=SURFACE_SIDE_STYLE('',(#8749));
#8554=SURFACE_SIDE_STYLE('',(#8750));
#8555=SURFACE_SIDE_STYLE('',(#8751));
#8556=SURFACE_SIDE_STYLE('',(#8752));
#8557=SURFACE_SIDE_STYLE('',(#8753));
#8558=SURFACE_SIDE_STYLE('',(#8754));
#8559=SURFACE_SIDE_STYLE('',(#8755));
#8560=SURFACE_SIDE_STYLE('',(#8756));
#8561=SURFACE_SIDE_STYLE('',(#8757));
#8562=SURFACE_SIDE_STYLE('',(#8758));
#8563=SURFACE_SIDE_STYLE('',(#8759));
#8564=SURFACE_SIDE_STYLE('',(#8760));
#8565=SURFACE_SIDE_STYLE('',(#8761));
#8566=SURFACE_SIDE_STYLE('',(#8762));
#8567=SURFACE_SIDE_STYLE('',(#8763));
#8568=SURFACE_SIDE_STYLE('',(#8764));
#8569=SURFACE_SIDE_STYLE('',(#8765));
#8570=SURFACE_SIDE_STYLE('',(#8766));
#8571=SURFACE_SIDE_STYLE('',(#8767));
#8572=SURFACE_SIDE_STYLE('',(#8768));
#8573=SURFACE_SIDE_STYLE('',(#8769));
#8574=SURFACE_SIDE_STYLE('',(#8770));
#8575=SURFACE_SIDE_STYLE('',(#8771));
#8576=SURFACE_SIDE_STYLE('',(#8772));
#8577=SURFACE_SIDE_STYLE('',(#8773));
#8578=SURFACE_SIDE_STYLE('',(#8774));
#8579=SURFACE_SIDE_STYLE('',(#8775));
#8580=SURFACE_SIDE_STYLE('',(#8776));
#8581=SURFACE_SIDE_STYLE('',(#8777));
#8582=SURFACE_SIDE_STYLE('',(#8778));
#8583=SURFACE_SIDE_STYLE('',(#8779));
#8584=SURFACE_SIDE_STYLE('',(#8780));
#8585=SURFACE_SIDE_STYLE('',(#8781));
#8586=SURFACE_SIDE_STYLE('',(#8782));
#8587=SURFACE_SIDE_STYLE('',(#8783));
#8588=SURFACE_SIDE_STYLE('',(#8784));
#8589=SURFACE_SIDE_STYLE('',(#8785));
#8590=SURFACE_SIDE_STYLE('',(#8786));
#8591=SURFACE_SIDE_STYLE('',(#8787));
#8592=SURFACE_SIDE_STYLE('',(#8788));
#8593=SURFACE_SIDE_STYLE('',(#8789));
#8594=SURFACE_SIDE_STYLE('',(#8790));
#8595=SURFACE_SIDE_STYLE('',(#8791));
#8596=SURFACE_SIDE_STYLE('',(#8792));
#8597=SURFACE_SIDE_STYLE('',(#8793));
#8598=SURFACE_SIDE_STYLE('',(#8794));
#8599=SURFACE_SIDE_STYLE('',(#8795));
#8600=SURFACE_SIDE_STYLE('',(#8796));
#8601=SURFACE_SIDE_STYLE('',(#8797));
#8602=SURFACE_SIDE_STYLE('',(#8798));
#8603=SURFACE_SIDE_STYLE('',(#8799));
#8604=SURFACE_SIDE_STYLE('',(#8800));
#8605=SURFACE_SIDE_STYLE('',(#8801));
#8606=SURFACE_SIDE_STYLE('',(#8802));
#8607=SURFACE_SIDE_STYLE('',(#8803));
#8608=SURFACE_SIDE_STYLE('',(#8804));
#8609=SURFACE_SIDE_STYLE('',(#8805));
#8610=SURFACE_SIDE_STYLE('',(#8806));
#8611=SURFACE_SIDE_STYLE('',(#8807));
#8612=SURFACE_SIDE_STYLE('',(#8808));
#8613=SURFACE_SIDE_STYLE('',(#8809));
#8614=SURFACE_SIDE_STYLE('',(#8810));
#8615=SURFACE_SIDE_STYLE('',(#8811));
#8616=SURFACE_SIDE_STYLE('',(#8812));
#8617=SURFACE_SIDE_STYLE('',(#8813));
#8618=SURFACE_SIDE_STYLE('',(#8814));
#8619=SURFACE_SIDE_STYLE('',(#8815));
#8620=SURFACE_SIDE_STYLE('',(#8816));
#8621=SURFACE_SIDE_STYLE('',(#8817));
#8622=SURFACE_SIDE_STYLE('',(#8818));
#8623=SURFACE_SIDE_STYLE('',(#8819));
#8624=SURFACE_SIDE_STYLE('',(#8820));
#8625=SURFACE_SIDE_STYLE('',(#8821));
#8626=SURFACE_SIDE_STYLE('',(#8822));
#8627=SURFACE_SIDE_STYLE('',(#8823));
#8628=SURFACE_SIDE_STYLE('',(#8824));
#8629=SURFACE_SIDE_STYLE('',(#8825));
#8630=SURFACE_SIDE_STYLE('',(#8826));
#8631=SURFACE_SIDE_STYLE('',(#8827));
#8632=SURFACE_SIDE_STYLE('',(#8828));
#8633=SURFACE_SIDE_STYLE('',(#8829));
#8634=SURFACE_SIDE_STYLE('',(#8830));
#8635=SURFACE_SIDE_STYLE('',(#8831));
#8636=SURFACE_SIDE_STYLE('',(#8832));
#8637=SURFACE_SIDE_STYLE('',(#8833));
#8638=SURFACE_SIDE_STYLE('',(#8834));
#8639=SURFACE_SIDE_STYLE('',(#8835));
#8640=SURFACE_SIDE_STYLE('',(#8836));
#8641=SURFACE_SIDE_STYLE('',(#8837));
#8642=SURFACE_SIDE_STYLE('',(#8838));
#8643=SURFACE_SIDE_STYLE('',(#8839));
#8644=SURFACE_SIDE_STYLE('',(#8840));
#8645=SURFACE_SIDE_STYLE('',(#8841));
#8646=SURFACE_SIDE_STYLE('',(#8842));
#8647=SURFACE_SIDE_STYLE('',(#8843));
#8648=SURFACE_SIDE_STYLE('',(#8844));
#8649=SURFACE_SIDE_STYLE('',(#8845));
#8650=SURFACE_SIDE_STYLE('',(#8846));
#8651=SURFACE_SIDE_STYLE('',(#8847));
#8652=SURFACE_SIDE_STYLE('',(#8848));
#8653=SURFACE_SIDE_STYLE('',(#8849));
#8654=SURFACE_SIDE_STYLE('',(#8850));
#8655=SURFACE_SIDE_STYLE('',(#8851));
#8656=SURFACE_SIDE_STYLE('',(#8852));
#8657=SURFACE_SIDE_STYLE('',(#8853));
#8658=SURFACE_SIDE_STYLE('',(#8854));
#8659=SURFACE_SIDE_STYLE('',(#8855));
#8660=SURFACE_SIDE_STYLE('',(#8856));
#8661=SURFACE_SIDE_STYLE('',(#8857));
#8662=SURFACE_SIDE_STYLE('',(#8858));
#8663=SURFACE_SIDE_STYLE('',(#8859));
#8664=SURFACE_SIDE_STYLE('',(#8860));
#8665=SURFACE_SIDE_STYLE('',(#8861));
#8666=SURFACE_SIDE_STYLE('',(#8862));
#8667=SURFACE_SIDE_STYLE('',(#8863));
#8668=SURFACE_SIDE_STYLE('',(#8864));
#8669=SURFACE_SIDE_STYLE('',(#8865));
#8670=SURFACE_SIDE_STYLE('',(#8866));
#8671=SURFACE_SIDE_STYLE('',(#8867));
#8672=SURFACE_SIDE_STYLE('',(#8868));
#8673=SURFACE_SIDE_STYLE('',(#8869));
#8674=SURFACE_SIDE_STYLE('',(#8870));
#8675=SURFACE_SIDE_STYLE('',(#8871));
#8676=SURFACE_SIDE_STYLE('',(#8872));
#8677=SURFACE_SIDE_STYLE('',(#8873));
#8678=SURFACE_SIDE_STYLE('',(#8874));
#8679=SURFACE_SIDE_STYLE('',(#8875));
#8680=SURFACE_SIDE_STYLE('',(#8876));
#8681=SURFACE_SIDE_STYLE('',(#8877));
#8682=SURFACE_SIDE_STYLE('',(#8878));
#8683=SURFACE_SIDE_STYLE('',(#8879));
#8684=SURFACE_SIDE_STYLE('',(#8880));
#8685=SURFACE_SIDE_STYLE('',(#8881));
#8686=SURFACE_SIDE_STYLE('',(#8882));
#8687=SURFACE_SIDE_STYLE('',(#8883));
#8688=SURFACE_SIDE_STYLE('',(#8884));
#8689=SURFACE_SIDE_STYLE('',(#8885));
#8690=SURFACE_SIDE_STYLE('',(#8886));
#8691=SURFACE_SIDE_STYLE('',(#8887));
#8692=SURFACE_SIDE_STYLE('',(#8888));
#8693=SURFACE_SIDE_STYLE('',(#8889));
#8694=SURFACE_SIDE_STYLE('',(#8890));
#8695=SURFACE_SIDE_STYLE('',(#8891));
#8696=SURFACE_SIDE_STYLE('',(#8892));
#8697=SURFACE_SIDE_STYLE('',(#8893));
#8698=SURFACE_SIDE_STYLE('',(#8894));
#8699=SURFACE_SIDE_STYLE('',(#8895));
#8700=SURFACE_SIDE_STYLE('',(#8896));
#8701=SURFACE_SIDE_STYLE('',(#8897));
#8702=SURFACE_SIDE_STYLE('',(#8898));
#8703=SURFACE_SIDE_STYLE('',(#8899));
#8704=SURFACE_SIDE_STYLE('',(#8900));
#8705=SURFACE_SIDE_STYLE('',(#8901));
#8706=SURFACE_SIDE_STYLE('',(#8902));
#8707=SURFACE_SIDE_STYLE('',(#8903));
#8708=SURFACE_SIDE_STYLE('',(#8904));
#8709=SURFACE_SIDE_STYLE('',(#8905));
#8710=SURFACE_SIDE_STYLE('',(#8906));
#8711=SURFACE_SIDE_STYLE('',(#8907));
#8712=SURFACE_SIDE_STYLE('',(#8908));
#8713=SURFACE_SIDE_STYLE('',(#8909));
#8714=SURFACE_SIDE_STYLE('',(#8910));
#8715=SURFACE_SIDE_STYLE('',(#8911));
#8716=SURFACE_SIDE_STYLE('',(#8912));
#8717=SURFACE_SIDE_STYLE('',(#8913));
#8718=SURFACE_SIDE_STYLE('',(#8914));
#8719=SURFACE_SIDE_STYLE('',(#8915));
#8720=SURFACE_SIDE_STYLE('',(#8916));
#8721=SURFACE_SIDE_STYLE('',(#8917));
#8722=SURFACE_STYLE_FILL_AREA(#8918);
#8723=SURFACE_STYLE_FILL_AREA(#8919);
#8724=SURFACE_STYLE_FILL_AREA(#8920);
#8725=SURFACE_STYLE_FILL_AREA(#8921);
#8726=SURFACE_STYLE_FILL_AREA(#8922);
#8727=SURFACE_STYLE_FILL_AREA(#8923);
#8728=SURFACE_STYLE_FILL_AREA(#8924);
#8729=SURFACE_STYLE_FILL_AREA(#8925);
#8730=SURFACE_STYLE_FILL_AREA(#8926);
#8731=SURFACE_STYLE_FILL_AREA(#8927);
#8732=SURFACE_STYLE_FILL_AREA(#8928);
#8733=SURFACE_STYLE_FILL_AREA(#8929);
#8734=SURFACE_STYLE_FILL_AREA(#8930);
#8735=SURFACE_STYLE_FILL_AREA(#8931);
#8736=SURFACE_STYLE_FILL_AREA(#8932);
#8737=SURFACE_STYLE_FILL_AREA(#8933);
#8738=SURFACE_STYLE_FILL_AREA(#8934);
#8739=SURFACE_STYLE_FILL_AREA(#8935);
#8740=SURFACE_STYLE_FILL_AREA(#8936);
#8741=SURFACE_STYLE_FILL_AREA(#8937);
#8742=SURFACE_STYLE_FILL_AREA(#8938);
#8743=SURFACE_STYLE_FILL_AREA(#8939);
#8744=SURFACE_STYLE_FILL_AREA(#8940);
#8745=SURFACE_STYLE_FILL_AREA(#8941);
#8746=SURFACE_STYLE_FILL_AREA(#8942);
#8747=SURFACE_STYLE_FILL_AREA(#8943);
#8748=SURFACE_STYLE_FILL_AREA(#8944);
#8749=SURFACE_STYLE_FILL_AREA(#8945);
#8750=SURFACE_STYLE_FILL_AREA(#8946);
#8751=SURFACE_STYLE_FILL_AREA(#8947);
#8752=SURFACE_STYLE_FILL_AREA(#8948);
#8753=SURFACE_STYLE_FILL_AREA(#8949);
#8754=SURFACE_STYLE_FILL_AREA(#8950);
#8755=SURFACE_STYLE_FILL_AREA(#8951);
#8756=SURFACE_STYLE_FILL_AREA(#8952);
#8757=SURFACE_STYLE_FILL_AREA(#8953);
#8758=SURFACE_STYLE_FILL_AREA(#8954);
#8759=SURFACE_STYLE_FILL_AREA(#8955);
#8760=SURFACE_STYLE_FILL_AREA(#8956);
#8761=SURFACE_STYLE_FILL_AREA(#8957);
#8762=SURFACE_STYLE_FILL_AREA(#8958);
#8763=SURFACE_STYLE_FILL_AREA(#8959);
#8764=SURFACE_STYLE_FILL_AREA(#8960);
#8765=SURFACE_STYLE_FILL_AREA(#8961);
#8766=SURFACE_STYLE_FILL_AREA(#8962);
#8767=SURFACE_STYLE_FILL_AREA(#8963);
#8768=SURFACE_STYLE_FILL_AREA(#8964);
#8769=SURFACE_STYLE_FILL_AREA(#8965);
#8770=SURFACE_STYLE_FILL_AREA(#8966);
#8771=SURFACE_STYLE_FILL_AREA(#8967);
#8772=SURFACE_STYLE_FILL_AREA(#8968);
#8773=SURFACE_STYLE_FILL_AREA(#8969);
#8774=SURFACE_STYLE_FILL_AREA(#8970);
#8775=SURFACE_STYLE_FILL_AREA(#8971);
#8776=SURFACE_STYLE_FILL_AREA(#8972);
#8777=SURFACE_STYLE_FILL_AREA(#8973);
#8778=SURFACE_STYLE_FILL_AREA(#8974);
#8779=SURFACE_STYLE_FILL_AREA(#8975);
#8780=SURFACE_STYLE_FILL_AREA(#8976);
#8781=SURFACE_STYLE_FILL_AREA(#8977);
#8782=SURFACE_STYLE_FILL_AREA(#8978);
#8783=SURFACE_STYLE_FILL_AREA(#8979);
#8784=SURFACE_STYLE_FILL_AREA(#8980);
#8785=SURFACE_STYLE_FILL_AREA(#8981);
#8786=SURFACE_STYLE_FILL_AREA(#8982);
#8787=SURFACE_STYLE_FILL_AREA(#8983);
#8788=SURFACE_STYLE_FILL_AREA(#8984);
#8789=SURFACE_STYLE_FILL_AREA(#8985);
#8790=SURFACE_STYLE_FILL_AREA(#8986);
#8791=SURFACE_STYLE_FILL_AREA(#8987);
#8792=SURFACE_STYLE_FILL_AREA(#8988);
#8793=SURFACE_STYLE_FILL_AREA(#8989);
#8794=SURFACE_STYLE_FILL_AREA(#8990);
#8795=SURFACE_STYLE_FILL_AREA(#8991);
#8796=SURFACE_STYLE_FILL_AREA(#8992);
#8797=SURFACE_STYLE_FILL_AREA(#8993);
#8798=SURFACE_STYLE_FILL_AREA(#8994);
#8799=SURFACE_STYLE_FILL_AREA(#8995);
#8800=SURFACE_STYLE_FILL_AREA(#8996);
#8801=SURFACE_STYLE_FILL_AREA(#8997);
#8802=SURFACE_STYLE_FILL_AREA(#8998);
#8803=SURFACE_STYLE_FILL_AREA(#8999);
#8804=SURFACE_STYLE_FILL_AREA(#9000);
#8805=SURFACE_STYLE_FILL_AREA(#9001);
#8806=SURFACE_STYLE_FILL_AREA(#9002);
#8807=SURFACE_STYLE_FILL_AREA(#9003);
#8808=SURFACE_STYLE_FILL_AREA(#9004);
#8809=SURFACE_STYLE_FILL_AREA(#9005);
#8810=SURFACE_STYLE_FILL_AREA(#9006);
#8811=SURFACE_STYLE_FILL_AREA(#9007);
#8812=SURFACE_STYLE_FILL_AREA(#9008);
#8813=SURFACE_STYLE_FILL_AREA(#9009);
#8814=SURFACE_STYLE_FILL_AREA(#9010);
#8815=SURFACE_STYLE_FILL_AREA(#9011);
#8816=SURFACE_STYLE_FILL_AREA(#9012);
#8817=SURFACE_STYLE_FILL_AREA(#9013);
#8818=SURFACE_STYLE_FILL_AREA(#9014);
#8819=SURFACE_STYLE_FILL_AREA(#9015);
#8820=SURFACE_STYLE_FILL_AREA(#9016);
#8821=SURFACE_STYLE_FILL_AREA(#9017);
#8822=SURFACE_STYLE_FILL_AREA(#9018);
#8823=SURFACE_STYLE_FILL_AREA(#9019);
#8824=SURFACE_STYLE_FILL_AREA(#9020);
#8825=SURFACE_STYLE_FILL_AREA(#9021);
#8826=SURFACE_STYLE_FILL_AREA(#9022);
#8827=SURFACE_STYLE_FILL_AREA(#9023);
#8828=SURFACE_STYLE_FILL_AREA(#9024);
#8829=SURFACE_STYLE_FILL_AREA(#9025);
#8830=SURFACE_STYLE_FILL_AREA(#9026);
#8831=SURFACE_STYLE_FILL_AREA(#9027);
#8832=SURFACE_STYLE_FILL_AREA(#9028);
#8833=SURFACE_STYLE_FILL_AREA(#9029);
#8834=SURFACE_STYLE_FILL_AREA(#9030);
#8835=SURFACE_STYLE_FILL_AREA(#9031);
#8836=SURFACE_STYLE_FILL_AREA(#9032);
#8837=SURFACE_STYLE_FILL_AREA(#9033);
#8838=SURFACE_STYLE_FILL_AREA(#9034);
#8839=SURFACE_STYLE_FILL_AREA(#9035);
#8840=SURFACE_STYLE_FILL_AREA(#9036);
#8841=SURFACE_STYLE_FILL_AREA(#9037);
#8842=SURFACE_STYLE_FILL_AREA(#9038);
#8843=SURFACE_STYLE_FILL_AREA(#9039);
#8844=SURFACE_STYLE_FILL_AREA(#9040);
#8845=SURFACE_STYLE_FILL_AREA(#9041);
#8846=SURFACE_STYLE_FILL_AREA(#9042);
#8847=SURFACE_STYLE_FILL_AREA(#9043);
#8848=SURFACE_STYLE_FILL_AREA(#9044);
#8849=SURFACE_STYLE_FILL_AREA(#9045);
#8850=SURFACE_STYLE_FILL_AREA(#9046);
#8851=SURFACE_STYLE_FILL_AREA(#9047);
#8852=SURFACE_STYLE_FILL_AREA(#9048);
#8853=SURFACE_STYLE_FILL_AREA(#9049);
#8854=SURFACE_STYLE_FILL_AREA(#9050);
#8855=SURFACE_STYLE_FILL_AREA(#9051);
#8856=SURFACE_STYLE_FILL_AREA(#9052);
#8857=SURFACE_STYLE_FILL_AREA(#9053);
#8858=SURFACE_STYLE_FILL_AREA(#9054);
#8859=SURFACE_STYLE_FILL_AREA(#9055);
#8860=SURFACE_STYLE_FILL_AREA(#9056);
#8861=SURFACE_STYLE_FILL_AREA(#9057);
#8862=SURFACE_STYLE_FILL_AREA(#9058);
#8863=SURFACE_STYLE_FILL_AREA(#9059);
#8864=SURFACE_STYLE_FILL_AREA(#9060);
#8865=SURFACE_STYLE_FILL_AREA(#9061);
#8866=SURFACE_STYLE_FILL_AREA(#9062);
#8867=SURFACE_STYLE_FILL_AREA(#9063);
#8868=SURFACE_STYLE_FILL_AREA(#9064);
#8869=SURFACE_STYLE_FILL_AREA(#9065);
#8870=SURFACE_STYLE_FILL_AREA(#9066);
#8871=SURFACE_STYLE_FILL_AREA(#9067);
#8872=SURFACE_STYLE_FILL_AREA(#9068);
#8873=SURFACE_STYLE_FILL_AREA(#9069);
#8874=SURFACE_STYLE_FILL_AREA(#9070);
#8875=SURFACE_STYLE_FILL_AREA(#9071);
#8876=SURFACE_STYLE_FILL_AREA(#9072);
#8877=SURFACE_STYLE_FILL_AREA(#9073);
#8878=SURFACE_STYLE_FILL_AREA(#9074);
#8879=SURFACE_STYLE_FILL_AREA(#9075);
#8880=SURFACE_STYLE_FILL_AREA(#9076);
#8881=SURFACE_STYLE_FILL_AREA(#9077);
#8882=SURFACE_STYLE_FILL_AREA(#9078);
#8883=SURFACE_STYLE_FILL_AREA(#9079);
#8884=SURFACE_STYLE_FILL_AREA(#9080);
#8885=SURFACE_STYLE_FILL_AREA(#9081);
#8886=SURFACE_STYLE_FILL_AREA(#9082);
#8887=SURFACE_STYLE_FILL_AREA(#9083);
#8888=SURFACE_STYLE_FILL_AREA(#9084);
#8889=SURFACE_STYLE_FILL_AREA(#9085);
#8890=SURFACE_STYLE_FILL_AREA(#9086);
#8891=SURFACE_STYLE_FILL_AREA(#9087);
#8892=SURFACE_STYLE_FILL_AREA(#9088);
#8893=SURFACE_STYLE_FILL_AREA(#9089);
#8894=SURFACE_STYLE_FILL_AREA(#9090);
#8895=SURFACE_STYLE_FILL_AREA(#9091);
#8896=SURFACE_STYLE_FILL_AREA(#9092);
#8897=SURFACE_STYLE_FILL_AREA(#9093);
#8898=SURFACE_STYLE_FILL_AREA(#9094);
#8899=SURFACE_STYLE_FILL_AREA(#9095);
#8900=SURFACE_STYLE_FILL_AREA(#9096);
#8901=SURFACE_STYLE_FILL_AREA(#9097);
#8902=SURFACE_STYLE_FILL_AREA(#9098);
#8903=SURFACE_STYLE_FILL_AREA(#9099);
#8904=SURFACE_STYLE_FILL_AREA(#9100);
#8905=SURFACE_STYLE_FILL_AREA(#9101);
#8906=SURFACE_STYLE_FILL_AREA(#9102);
#8907=SURFACE_STYLE_FILL_AREA(#9103);
#8908=SURFACE_STYLE_FILL_AREA(#9104);
#8909=SURFACE_STYLE_FILL_AREA(#9105);
#8910=SURFACE_STYLE_FILL_AREA(#9106);
#8911=SURFACE_STYLE_FILL_AREA(#9107);
#8912=SURFACE_STYLE_FILL_AREA(#9108);
#8913=SURFACE_STYLE_FILL_AREA(#9109);
#8914=SURFACE_STYLE_FILL_AREA(#9110);
#8915=SURFACE_STYLE_FILL_AREA(#9111);
#8916=SURFACE_STYLE_FILL_AREA(#9112);
#8917=SURFACE_STYLE_FILL_AREA(#9113);
#8918=FILL_AREA_STYLE('',(#9114));
#8919=FILL_AREA_STYLE('',(#9115));
#8920=FILL_AREA_STYLE('',(#9116));
#8921=FILL_AREA_STYLE('',(#9117));
#8922=FILL_AREA_STYLE('',(#9118));
#8923=FILL_AREA_STYLE('',(#9119));
#8924=FILL_AREA_STYLE('',(#9120));
#8925=FILL_AREA_STYLE('',(#9121));
#8926=FILL_AREA_STYLE('',(#9122));
#8927=FILL_AREA_STYLE('',(#9123));
#8928=FILL_AREA_STYLE('',(#9124));
#8929=FILL_AREA_STYLE('',(#9125));
#8930=FILL_AREA_STYLE('',(#9126));
#8931=FILL_AREA_STYLE('',(#9127));
#8932=FILL_AREA_STYLE('',(#9128));
#8933=FILL_AREA_STYLE('',(#9129));
#8934=FILL_AREA_STYLE('',(#9130));
#8935=FILL_AREA_STYLE('',(#9131));
#8936=FILL_AREA_STYLE('',(#9132));
#8937=FILL_AREA_STYLE('',(#9133));
#8938=FILL_AREA_STYLE('',(#9134));
#8939=FILL_AREA_STYLE('',(#9135));
#8940=FILL_AREA_STYLE('',(#9136));
#8941=FILL_AREA_STYLE('',(#9137));
#8942=FILL_AREA_STYLE('',(#9138));
#8943=FILL_AREA_STYLE('',(#9139));
#8944=FILL_AREA_STYLE('',(#9140));
#8945=FILL_AREA_STYLE('',(#9141));
#8946=FILL_AREA_STYLE('',(#9142));
#8947=FILL_AREA_STYLE('',(#9143));
#8948=FILL_AREA_STYLE('',(#9144));
#8949=FILL_AREA_STYLE('',(#9145));
#8950=FILL_AREA_STYLE('',(#9146));
#8951=FILL_AREA_STYLE('',(#9147));
#8952=FILL_AREA_STYLE('',(#9148));
#8953=FILL_AREA_STYLE('',(#9149));
#8954=FILL_AREA_STYLE('',(#9150));
#8955=FILL_AREA_STYLE('',(#9151));
#8956=FILL_AREA_STYLE('',(#9152));
#8957=FILL_AREA_STYLE('',(#9153));
#8958=FILL_AREA_STYLE('',(#9154));
#8959=FILL_AREA_STYLE('',(#9155));
#8960=FILL_AREA_STYLE('',(#9156));
#8961=FILL_AREA_STYLE('',(#9157));
#8962=FILL_AREA_STYLE('',(#9158));
#8963=FILL_AREA_STYLE('',(#9159));
#8964=FILL_AREA_STYLE('',(#9160));
#8965=FILL_AREA_STYLE('',(#9161));
#8966=FILL_AREA_STYLE('',(#9162));
#8967=FILL_AREA_STYLE('',(#9163));
#8968=FILL_AREA_STYLE('',(#9164));
#8969=FILL_AREA_STYLE('',(#9165));
#8970=FILL_AREA_STYLE('',(#9166));
#8971=FILL_AREA_STYLE('',(#9167));
#8972=FILL_AREA_STYLE('',(#9168));
#8973=FILL_AREA_STYLE('',(#9169));
#8974=FILL_AREA_STYLE('',(#9170));
#8975=FILL_AREA_STYLE('',(#9171));
#8976=FILL_AREA_STYLE('',(#9172));
#8977=FILL_AREA_STYLE('',(#9173));
#8978=FILL_AREA_STYLE('',(#9174));
#8979=FILL_AREA_STYLE('',(#9175));
#8980=FILL_AREA_STYLE('',(#9176));
#8981=FILL_AREA_STYLE('',(#9177));
#8982=FILL_AREA_STYLE('',(#9178));
#8983=FILL_AREA_STYLE('',(#9179));
#8984=FILL_AREA_STYLE('',(#9180));
#8985=FILL_AREA_STYLE('',(#9181));
#8986=FILL_AREA_STYLE('',(#9182));
#8987=FILL_AREA_STYLE('',(#9183));
#8988=FILL_AREA_STYLE('',(#9184));
#8989=FILL_AREA_STYLE('',(#9185));
#8990=FILL_AREA_STYLE('',(#9186));
#8991=FILL_AREA_STYLE('',(#9187));
#8992=FILL_AREA_STYLE('',(#9188));
#8993=FILL_AREA_STYLE('',(#9189));
#8994=FILL_AREA_STYLE('',(#9190));
#8995=FILL_AREA_STYLE('',(#9191));
#8996=FILL_AREA_STYLE('',(#9192));
#8997=FILL_AREA_STYLE('',(#9193));
#8998=FILL_AREA_STYLE('',(#9194));
#8999=FILL_AREA_STYLE('',(#9195));
#9000=FILL_AREA_STYLE('',(#9196));
#9001=FILL_AREA_STYLE('',(#9197));
#9002=FILL_AREA_STYLE('',(#9198));
#9003=FILL_AREA_STYLE('',(#9199));
#9004=FILL_AREA_STYLE('',(#9200));
#9005=FILL_AREA_STYLE('',(#9201));
#9006=FILL_AREA_STYLE('',(#9202));
#9007=FILL_AREA_STYLE('',(#9203));
#9008=FILL_AREA_STYLE('',(#9204));
#9009=FILL_AREA_STYLE('',(#9205));
#9010=FILL_AREA_STYLE('',(#9206));
#9011=FILL_AREA_STYLE('',(#9207));
#9012=FILL_AREA_STYLE('',(#9208));
#9013=FILL_AREA_STYLE('',(#9209));
#9014=FILL_AREA_STYLE('',(#9210));
#9015=FILL_AREA_STYLE('',(#9211));
#9016=FILL_AREA_STYLE('',(#9212));
#9017=FILL_AREA_STYLE('',(#9213));
#9018=FILL_AREA_STYLE('',(#9214));
#9019=FILL_AREA_STYLE('',(#9215));
#9020=FILL_AREA_STYLE('',(#9216));
#9021=FILL_AREA_STYLE('',(#9217));
#9022=FILL_AREA_STYLE('',(#9218));
#9023=FILL_AREA_STYLE('',(#9219));
#9024=FILL_AREA_STYLE('',(#9220));
#9025=FILL_AREA_STYLE('',(#9221));
#9026=FILL_AREA_STYLE('',(#9222));
#9027=FILL_AREA_STYLE('',(#9223));
#9028=FILL_AREA_STYLE('',(#9224));
#9029=FILL_AREA_STYLE('',(#9225));
#9030=FILL_AREA_STYLE('',(#9226));
#9031=FILL_AREA_STYLE('',(#9227));
#9032=FILL_AREA_STYLE('',(#9228));
#9033=FILL_AREA_STYLE('',(#9229));
#9034=FILL_AREA_STYLE('',(#9230));
#9035=FILL_AREA_STYLE('',(#9231));
#9036=FILL_AREA_STYLE('',(#9232));
#9037=FILL_AREA_STYLE('',(#9233));
#9038=FILL_AREA_STYLE('',(#9234));
#9039=FILL_AREA_STYLE('',(#9235));
#9040=FILL_AREA_STYLE('',(#9236));
#9041=FILL_AREA_STYLE('',(#9237));
#9042=FILL_AREA_STYLE('',(#9238));
#9043=FILL_AREA_STYLE('',(#9239));
#9044=FILL_AREA_STYLE('',(#9240));
#9045=FILL_AREA_STYLE('',(#9241));
#9046=FILL_AREA_STYLE('',(#9242));
#9047=FILL_AREA_STYLE('',(#9243));
#9048=FILL_AREA_STYLE('',(#9244));
#9049=FILL_AREA_STYLE('',(#9245));
#9050=FILL_AREA_STYLE('',(#9246));
#9051=FILL_AREA_STYLE('',(#9247));
#9052=FILL_AREA_STYLE('',(#9248));
#9053=FILL_AREA_STYLE('',(#9249));
#9054=FILL_AREA_STYLE('',(#9250));
#9055=FILL_AREA_STYLE('',(#9251));
#9056=FILL_AREA_STYLE('',(#9252));
#9057=FILL_AREA_STYLE('',(#9253));
#9058=FILL_AREA_STYLE('',(#9254));
#9059=FILL_AREA_STYLE('',(#9255));
#9060=FILL_AREA_STYLE('',(#9256));
#9061=FILL_AREA_STYLE('',(#9257));
#9062=FILL_AREA_STYLE('',(#9258));
#9063=FILL_AREA_STYLE('',(#9259));
#9064=FILL_AREA_STYLE('',(#9260));
#9065=FILL_AREA_STYLE('',(#9261));
#9066=FILL_AREA_STYLE('',(#9262));
#9067=FILL_AREA_STYLE('',(#9263));
#9068=FILL_AREA_STYLE('',(#9264));
#9069=FILL_AREA_STYLE('',(#9265));
#9070=FILL_AREA_STYLE('',(#9266));
#9071=FILL_AREA_STYLE('',(#9267));
#9072=FILL_AREA_STYLE('',(#9268));
#9073=FILL_AREA_STYLE('',(#9269));
#9074=FILL_AREA_STYLE('',(#9270));
#9075=FILL_AREA_STYLE('',(#9271));
#9076=FILL_AREA_STYLE('',(#9272));
#9077=FILL_AREA_STYLE('',(#9273));
#9078=FILL_AREA_STYLE('',(#9274));
#9079=FILL_AREA_STYLE('',(#9275));
#9080=FILL_AREA_STYLE('',(#9276));
#9081=FILL_AREA_STYLE('',(#9277));
#9082=FILL_AREA_STYLE('',(#9278));
#9083=FILL_AREA_STYLE('',(#9279));
#9084=FILL_AREA_STYLE('',(#9280));
#9085=FILL_AREA_STYLE('',(#9281));
#9086=FILL_AREA_STYLE('',(#9282));
#9087=FILL_AREA_STYLE('',(#9283));
#9088=FILL_AREA_STYLE('',(#9284));
#9089=FILL_AREA_STYLE('',(#9285));
#9090=FILL_AREA_STYLE('',(#9286));
#9091=FILL_AREA_STYLE('',(#9287));
#9092=FILL_AREA_STYLE('',(#9288));
#9093=FILL_AREA_STYLE('',(#9289));
#9094=FILL_AREA_STYLE('',(#9290));
#9095=FILL_AREA_STYLE('',(#9291));
#9096=FILL_AREA_STYLE('',(#9292));
#9097=FILL_AREA_STYLE('',(#9293));
#9098=FILL_AREA_STYLE('',(#9294));
#9099=FILL_AREA_STYLE('',(#9295));
#9100=FILL_AREA_STYLE('',(#9296));
#9101=FILL_AREA_STYLE('',(#9297));
#9102=FILL_AREA_STYLE('',(#9298));
#9103=FILL_AREA_STYLE('',(#9299));
#9104=FILL_AREA_STYLE('',(#9300));
#9105=FILL_AREA_STYLE('',(#9301));
#9106=FILL_AREA_STYLE('',(#9302));
#9107=FILL_AREA_STYLE('',(#9303));
#9108=FILL_AREA_STYLE('',(#9304));
#9109=FILL_AREA_STYLE('',(#9305));
#9110=FILL_AREA_STYLE('',(#9306));
#9111=FILL_AREA_STYLE('',(#9307));
#9112=FILL_AREA_STYLE('',(#9308));
#9113=FILL_AREA_STYLE('',(#9309));
#9114=FILL_AREA_STYLE_COLOUR('',#9310);
#9115=FILL_AREA_STYLE_COLOUR('',#9310);
#9116=FILL_AREA_STYLE_COLOUR('',#9310);
#9117=FILL_AREA_STYLE_COLOUR('',#9310);
#9118=FILL_AREA_STYLE_COLOUR('',#9310);
#9119=FILL_AREA_STYLE_COLOUR('',#9310);
#9120=FILL_AREA_STYLE_COLOUR('',#9310);
#9121=FILL_AREA_STYLE_COLOUR('',#9310);
#9122=FILL_AREA_STYLE_COLOUR('',#9310);
#9123=FILL_AREA_STYLE_COLOUR('',#9310);
#9124=FILL_AREA_STYLE_COLOUR('',#9310);
#9125=FILL_AREA_STYLE_COLOUR('',#9310);
#9126=FILL_AREA_STYLE_COLOUR('',#9310);
#9127=FILL_AREA_STYLE_COLOUR('',#9310);
#9128=FILL_AREA_STYLE_COLOUR('',#9310);
#9129=FILL_AREA_STYLE_COLOUR('',#9310);
#9130=FILL_AREA_STYLE_COLOUR('',#9310);
#9131=FILL_AREA_STYLE_COLOUR('',#9310);
#9132=FILL_AREA_STYLE_COLOUR('',#9310);
#9133=FILL_AREA_STYLE_COLOUR('',#9310);
#9134=FILL_AREA_STYLE_COLOUR('',#9310);
#9135=FILL_AREA_STYLE_COLOUR('',#9310);
#9136=FILL_AREA_STYLE_COLOUR('',#9310);
#9137=FILL_AREA_STYLE_COLOUR('',#9310);
#9138=FILL_AREA_STYLE_COLOUR('',#9310);
#9139=FILL_AREA_STYLE_COLOUR('',#9310);
#9140=FILL_AREA_STYLE_COLOUR('',#9310);
#9141=FILL_AREA_STYLE_COLOUR('',#9310);
#9142=FILL_AREA_STYLE_COLOUR('',#9310);
#9143=FILL_AREA_STYLE_COLOUR('',#9310);
#9144=FILL_AREA_STYLE_COLOUR('',#9310);
#9145=FILL_AREA_STYLE_COLOUR('',#9310);
#9146=FILL_AREA_STYLE_COLOUR('',#9310);
#9147=FILL_AREA_STYLE_COLOUR('',#9310);
#9148=FILL_AREA_STYLE_COLOUR('',#9310);
#9149=FILL_AREA_STYLE_COLOUR('',#9310);
#9150=FILL_AREA_STYLE_COLOUR('',#9310);
#9151=FILL_AREA_STYLE_COLOUR('',#9310);
#9152=FILL_AREA_STYLE_COLOUR('',#9310);
#9153=FILL_AREA_STYLE_COLOUR('',#9310);
#9154=FILL_AREA_STYLE_COLOUR('',#9310);
#9155=FILL_AREA_STYLE_COLOUR('',#9310);
#9156=FILL_AREA_STYLE_COLOUR('',#9310);
#9157=FILL_AREA_STYLE_COLOUR('',#9310);
#9158=FILL_AREA_STYLE_COLOUR('',#9310);
#9159=FILL_AREA_STYLE_COLOUR('',#9310);
#9160=FILL_AREA_STYLE_COLOUR('',#9310);
#9161=FILL_AREA_STYLE_COLOUR('',#9310);
#9162=FILL_AREA_STYLE_COLOUR('',#9310);
#9163=FILL_AREA_STYLE_COLOUR('',#9310);
#9164=FILL_AREA_STYLE_COLOUR('',#9310);
#9165=FILL_AREA_STYLE_COLOUR('',#9310);
#9166=FILL_AREA_STYLE_COLOUR('',#9310);
#9167=FILL_AREA_STYLE_COLOUR('',#9310);
#9168=FILL_AREA_STYLE_COLOUR('',#9310);
#9169=FILL_AREA_STYLE_COLOUR('',#9311);
#9170=FILL_AREA_STYLE_COLOUR('',#9311);
#9171=FILL_AREA_STYLE_COLOUR('',#9311);
#9172=FILL_AREA_STYLE_COLOUR('',#9311);
#9173=FILL_AREA_STYLE_COLOUR('',#9311);
#9174=FILL_AREA_STYLE_COLOUR('',#9311);
#9175=FILL_AREA_STYLE_COLOUR('',#9311);
#9176=FILL_AREA_STYLE_COLOUR('',#9311);
#9177=FILL_AREA_STYLE_COLOUR('',#9311);
#9178=FILL_AREA_STYLE_COLOUR('',#9311);
#9179=FILL_AREA_STYLE_COLOUR('',#9311);
#9180=FILL_AREA_STYLE_COLOUR('',#9311);
#9181=FILL_AREA_STYLE_COLOUR('',#9311);
#9182=FILL_AREA_STYLE_COLOUR('',#9310);
#9183=FILL_AREA_STYLE_COLOUR('',#9310);
#9184=FILL_AREA_STYLE_COLOUR('',#9312);
#9185=FILL_AREA_STYLE_COLOUR('',#9310);
#9186=FILL_AREA_STYLE_COLOUR('',#9310);
#9187=FILL_AREA_STYLE_COLOUR('',#9312);
#9188=FILL_AREA_STYLE_COLOUR('',#9312);
#9189=FILL_AREA_STYLE_COLOUR('',#9310);
#9190=FILL_AREA_STYLE_COLOUR('',#9310);
#9191=FILL_AREA_STYLE_COLOUR('',#9310);
#9192=FILL_AREA_STYLE_COLOUR('',#9310);
#9193=FILL_AREA_STYLE_COLOUR('',#9312);
#9194=FILL_AREA_STYLE_COLOUR('',#9312);
#9195=FILL_AREA_STYLE_COLOUR('',#9312);
#9196=FILL_AREA_STYLE_COLOUR('',#9311);
#9197=FILL_AREA_STYLE_COLOUR('',#9311);
#9198=FILL_AREA_STYLE_COLOUR('',#9311);
#9199=FILL_AREA_STYLE_COLOUR('',#9311);
#9200=FILL_AREA_STYLE_COLOUR('',#9311);
#9201=FILL_AREA_STYLE_COLOUR('',#9311);
#9202=FILL_AREA_STYLE_COLOUR('',#9311);
#9203=FILL_AREA_STYLE_COLOUR('',#9311);
#9204=FILL_AREA_STYLE_COLOUR('',#9310);
#9205=FILL_AREA_STYLE_COLOUR('',#9310);
#9206=FILL_AREA_STYLE_COLOUR('',#9310);
#9207=FILL_AREA_STYLE_COLOUR('',#9310);
#9208=FILL_AREA_STYLE_COLOUR('',#9310);
#9209=FILL_AREA_STYLE_COLOUR('',#9310);
#9210=FILL_AREA_STYLE_COLOUR('',#9310);
#9211=FILL_AREA_STYLE_COLOUR('',#9310);
#9212=FILL_AREA_STYLE_COLOUR('',#9310);
#9213=FILL_AREA_STYLE_COLOUR('',#9310);
#9214=FILL_AREA_STYLE_COLOUR('',#9310);
#9215=FILL_AREA_STYLE_COLOUR('',#9310);
#9216=FILL_AREA_STYLE_COLOUR('',#9310);
#9217=FILL_AREA_STYLE_COLOUR('',#9310);
#9218=FILL_AREA_STYLE_COLOUR('',#9310);
#9219=FILL_AREA_STYLE_COLOUR('',#9310);
#9220=FILL_AREA_STYLE_COLOUR('',#9310);
#9221=FILL_AREA_STYLE_COLOUR('',#9310);
#9222=FILL_AREA_STYLE_COLOUR('',#9310);
#9223=FILL_AREA_STYLE_COLOUR('',#9310);
#9224=FILL_AREA_STYLE_COLOUR('',#9310);
#9225=FILL_AREA_STYLE_COLOUR('',#9310);
#9226=FILL_AREA_STYLE_COLOUR('',#9310);
#9227=FILL_AREA_STYLE_COLOUR('',#9310);
#9228=FILL_AREA_STYLE_COLOUR('',#9310);
#9229=FILL_AREA_STYLE_COLOUR('',#9310);
#9230=FILL_AREA_STYLE_COLOUR('',#9310);
#9231=FILL_AREA_STYLE_COLOUR('',#9310);
#9232=FILL_AREA_STYLE_COLOUR('',#9310);
#9233=FILL_AREA_STYLE_COLOUR('',#9310);
#9234=FILL_AREA_STYLE_COLOUR('',#9310);
#9235=FILL_AREA_STYLE_COLOUR('',#9310);
#9236=FILL_AREA_STYLE_COLOUR('',#9310);
#9237=FILL_AREA_STYLE_COLOUR('',#9310);
#9238=FILL_AREA_STYLE_COLOUR('',#9310);
#9239=FILL_AREA_STYLE_COLOUR('',#9310);
#9240=FILL_AREA_STYLE_COLOUR('',#9310);
#9241=FILL_AREA_STYLE_COLOUR('',#9310);
#9242=FILL_AREA_STYLE_COLOUR('',#9310);
#9243=FILL_AREA_STYLE_COLOUR('',#9310);
#9244=FILL_AREA_STYLE_COLOUR('',#9310);
#9245=FILL_AREA_STYLE_COLOUR('',#9310);
#9246=FILL_AREA_STYLE_COLOUR('',#9310);
#9247=FILL_AREA_STYLE_COLOUR('',#9310);
#9248=FILL_AREA_STYLE_COLOUR('',#9310);
#9249=FILL_AREA_STYLE_COLOUR('',#9310);
#9250=FILL_AREA_STYLE_COLOUR('',#9310);
#9251=FILL_AREA_STYLE_COLOUR('',#9310);
#9252=FILL_AREA_STYLE_COLOUR('',#9310);
#9253=FILL_AREA_STYLE_COLOUR('',#9310);
#9254=FILL_AREA_STYLE_COLOUR('',#9310);
#9255=FILL_AREA_STYLE_COLOUR('',#9310);
#9256=FILL_AREA_STYLE_COLOUR('',#9310);
#9257=FILL_AREA_STYLE_COLOUR('',#9310);
#9258=FILL_AREA_STYLE_COLOUR('',#9310);
#9259=FILL_AREA_STYLE_COLOUR('',#9310);
#9260=FILL_AREA_STYLE_COLOUR('',#9310);
#9261=FILL_AREA_STYLE_COLOUR('',#9310);
#9262=FILL_AREA_STYLE_COLOUR('',#9310);
#9263=FILL_AREA_STYLE_COLOUR('',#9310);
#9264=FILL_AREA_STYLE_COLOUR('',#9310);
#9265=FILL_AREA_STYLE_COLOUR('',#9310);
#9266=FILL_AREA_STYLE_COLOUR('',#9310);
#9267=FILL_AREA_STYLE_COLOUR('',#9310);
#9268=FILL_AREA_STYLE_COLOUR('',#9310);
#9269=FILL_AREA_STYLE_COLOUR('',#9310);
#9270=FILL_AREA_STYLE_COLOUR('',#9310);
#9271=FILL_AREA_STYLE_COLOUR('',#9310);
#9272=FILL_AREA_STYLE_COLOUR('',#9310);
#9273=FILL_AREA_STYLE_COLOUR('',#9310);
#9274=FILL_AREA_STYLE_COLOUR('',#9310);
#9275=FILL_AREA_STYLE_COLOUR('',#9310);
#9276=FILL_AREA_STYLE_COLOUR('',#9310);
#9277=FILL_AREA_STYLE_COLOUR('',#9310);
#9278=FILL_AREA_STYLE_COLOUR('',#9310);
#9279=FILL_AREA_STYLE_COLOUR('',#9310);
#9280=FILL_AREA_STYLE_COLOUR('',#9310);
#9281=FILL_AREA_STYLE_COLOUR('',#9310);
#9282=FILL_AREA_STYLE_COLOUR('',#9310);
#9283=FILL_AREA_STYLE_COLOUR('',#9310);
#9284=FILL_AREA_STYLE_COLOUR('',#9310);
#9285=FILL_AREA_STYLE_COLOUR('',#9310);
#9286=FILL_AREA_STYLE_COLOUR('',#9310);
#9287=FILL_AREA_STYLE_COLOUR('',#9310);
#9288=FILL_AREA_STYLE_COLOUR('',#9310);
#9289=FILL_AREA_STYLE_COLOUR('',#9310);
#9290=FILL_AREA_STYLE_COLOUR('',#9310);
#9291=FILL_AREA_STYLE_COLOUR('',#9310);
#9292=FILL_AREA_STYLE_COLOUR('',#9310);
#9293=FILL_AREA_STYLE_COLOUR('',#9310);
#9294=FILL_AREA_STYLE_COLOUR('',#9310);
#9295=FILL_AREA_STYLE_COLOUR('',#9310);
#9296=FILL_AREA_STYLE_COLOUR('',#9310);
#9297=FILL_AREA_STYLE_COLOUR('',#9310);
#9298=FILL_AREA_STYLE_COLOUR('',#9310);
#9299=FILL_AREA_STYLE_COLOUR('',#9310);
#9300=FILL_AREA_STYLE_COLOUR('',#9310);
#9301=FILL_AREA_STYLE_COLOUR('',#9310);
#9302=FILL_AREA_STYLE_COLOUR('',#9310);
#9303=FILL_AREA_STYLE_COLOUR('',#9310);
#9304=FILL_AREA_STYLE_COLOUR('',#9310);
#9305=FILL_AREA_STYLE_COLOUR('',#9310);
#9306=FILL_AREA_STYLE_COLOUR('',#9310);
#9307=FILL_AREA_STYLE_COLOUR('',#9310);
#9308=FILL_AREA_STYLE_COLOUR('',#9310);
#9309=FILL_AREA_STYLE_COLOUR('',#9313);
#9310=COLOUR_RGB('',0.95686274766922,0.95686274766922,0.898039221763611);
#9311=COLOUR_RGB('',0.32548999786377,0.32548999786377,0.32548999786377);
#9312=COLOUR_RGB('',0.89411801099777,0.87843102216721,0.92549002170563);
#9313=COLOUR_RGB('',0.772549033164978,0.772549033164978,0.772549033164978);
#9314=ADVANCED_FACE('',(#7160),#7565,.F.);
#9315=ADVANCED_FACE('',(#7161),#7566,.F.);
#9316=ADVANCED_FACE('',(#7162),#7567,.F.);
#9317=ADVANCED_FACE('',(#7163),#7568,.F.);
#9318=ADVANCED_FACE('',(#7164),#7569,.F.);
#9319=ADVANCED_FACE('',(#7165),#7570,.F.);
#9320=ADVANCED_FACE('',(#7166),#7571,.F.);
#9321=ADVANCED_FACE('',(#7167),#7572,.F.);
#9322=ADVANCED_FACE('',(#7168),#7573,.F.);
#9323=ADVANCED_FACE('',(#7169),#7574,.F.);
#9324=ADVANCED_FACE('',(#7170),#7575,.F.);
#9325=ADVANCED_FACE('',(#7171),#7576,.F.);
#9326=ADVANCED_FACE('',(#7172),#7577,.F.);
#9327=ADVANCED_FACE('',(#7173),#7578,.F.);
#9328=ADVANCED_FACE('',(#7174),#7579,.F.);
#9329=ADVANCED_FACE('',(#7175),#7580,.F.);
#9330=ADVANCED_FACE('',(#7176),#7581,.F.);
#9331=ADVANCED_FACE('',(#7177),#7582,.F.);
#9332=ADVANCED_FACE('',(#7178),#7583,.F.);
#9333=ADVANCED_FACE('',(#7179),#7584,.F.);
#9334=ADVANCED_FACE('',(#7180),#7585,.F.);
#9335=ADVANCED_FACE('',(#7181),#7586,.F.);
#9336=ADVANCED_FACE('',(#7182),#7587,.F.);
#9337=ADVANCED_FACE('',(#7183),#7588,.F.);
#9338=ADVANCED_FACE('',(#7184),#7589,.F.);
#9339=ADVANCED_FACE('',(#7185),#7590,.F.);
#9340=ADVANCED_FACE('',(#7186),#7591,.F.);
#9341=ADVANCED_FACE('',(#7187),#7592,.F.);
#9342=ADVANCED_FACE('',(#7188),#7593,.F.);
#9343=ADVANCED_FACE('',(#7189),#7594,.F.);
#9344=ADVANCED_FACE('',(#7190),#7595,.F.);
#9345=ADVANCED_FACE('',(#7191),#7596,.F.);
#9346=ADVANCED_FACE('',(#7192),#7597,.F.);
#9347=ADVANCED_FACE('',(#7193),#7598,.T.);
#9348=ADVANCED_FACE('',(#7194),#7599,.T.);
#9349=ADVANCED_FACE('',(#7195),#7600,.T.);
#9350=ADVANCED_FACE('',(#7196),#7601,.T.);
#9351=ADVANCED_FACE('',(#7197),#7602,.T.);
#9352=ADVANCED_FACE('',(#7198),#7603,.T.);
#9353=ADVANCED_FACE('',(#7199),#7604,.T.);
#9354=ADVANCED_FACE('',(#7200),#7605,.T.);
#9355=ADVANCED_FACE('',(#7201),#7606,.T.);
#9356=ADVANCED_FACE('',(#7202),#7607,.T.);
#9357=ADVANCED_FACE('',(#7203),#7608,.F.);
#9358=ADVANCED_FACE('',(#7204),#7609,.F.);
#9359=ADVANCED_FACE('',(#7205),#7610,.F.);
#9360=ADVANCED_FACE('',(#7206),#7611,.F.);
#9361=ADVANCED_FACE('',(#7207),#7612,.F.);
#9362=ADVANCED_FACE('',(#7208),#7613,.F.);
#9363=ADVANCED_FACE('',(#7209),#7614,.F.);
#9364=ADVANCED_FACE('',(#7210),#7615,.F.);
#9365=ADVANCED_FACE('',(#7211),#7616,.F.);
#9366=ADVANCED_FACE('',(#7212),#7617,.F.);
#9367=ADVANCED_FACE('',(#7213),#7618,.F.);
#9368=ADVANCED_FACE('',(#7214),#7619,.T.);
#9369=ADVANCED_FACE('',(#7215),#7620,.F.);
#9370=ADVANCED_FACE('',(#7216),#7621,.F.);
#9371=ADVANCED_FACE('',(#7217),#7622,.F.);
#9372=ADVANCED_FACE('',(#7218),#7623,.F.);
#9373=ADVANCED_FACE('',(#7219),#7624,.F.);
#9374=ADVANCED_FACE('',(#7220),#7625,.F.);
#9375=ADVANCED_FACE('',(#7221),#7626,.F.);
#9376=ADVANCED_FACE('',(#7222),#7627,.F.);
#9377=ADVANCED_FACE('',(#7223),#30,.T.);
#9378=ADVANCED_FACE('',(#7224),#31,.T.);
#9379=ADVANCED_FACE('',(#7225),#7628,.F.);
#9380=ADVANCED_FACE('',(#7226),#7629,.F.);
#9381=ADVANCED_FACE('',(#7227),#7630,.T.);
#9382=ADVANCED_FACE('',(#7228),#7631,.F.);
#9383=ADVANCED_FACE('',(#7229),#7632,.F.);
#9384=ADVANCED_FACE('',(#7230),#7633,.F.);
#9385=ADVANCED_FACE('',(#7231),#7634,.F.);
#9386=ADVANCED_FACE('',(#7232),#7635,.F.);
#9387=ADVANCED_FACE('',(#7233),#7636,.T.);
#9388=ADVANCED_FACE('',(#7234),#7637,.F.);
#9389=ADVANCED_FACE('',(#7235),#7638,.F.);
#9390=ADVANCED_FACE('',(#7236),#7639,.F.);
#9391=ADVANCED_FACE('',(#7237),#7640,.F.);
#9392=ADVANCED_FACE('',(#7238),#7641,.F.);
#9393=ADVANCED_FACE('',(#7239),#7642,.F.);
#9394=ADVANCED_FACE('',(#7240),#7643,.T.);
#9395=ADVANCED_FACE('',(#7241),#7644,.F.);
#9396=ADVANCED_FACE('',(#7242),#7645,.T.);
#9397=ADVANCED_FACE('',(#7243),#7646,.T.);
#9398=ADVANCED_FACE('',(#7244),#7647,.T.);
#9399=ADVANCED_FACE('',(#7245),#7648,.T.);
#9400=ADVANCED_FACE('',(#7246),#7649,.T.);
#9401=ADVANCED_FACE('',(#7247),#7650,.T.);
#9402=ADVANCED_FACE('',(#7248),#7651,.T.);
#9403=ADVANCED_FACE('',(#7249),#7652,.T.);
#9404=ADVANCED_FACE('',(#7250),#7653,.F.);
#9405=ADVANCED_FACE('',(#7251),#7654,.F.);
#9406=ADVANCED_FACE('',(#7252),#7655,.F.);
#9407=ADVANCED_FACE('',(#7253),#7656,.T.);
#9408=ADVANCED_FACE('',(#7254),#7657,.F.);
#9409=ADVANCED_FACE('',(#7255),#7658,.T.);
#9410=ADVANCED_FACE('',(#7256),#7659,.T.);
#9411=ADVANCED_FACE('',(#7257),#7660,.T.);
#9412=ADVANCED_FACE('',(#7258),#7661,.T.);
#9413=ADVANCED_FACE('',(#7259),#7662,.T.);
#9414=ADVANCED_FACE('',(#7260),#7663,.T.);
#9415=ADVANCED_FACE('',(#7261),#7664,.T.);
#9416=ADVANCED_FACE('',(#7262),#7665,.T.);
#9417=ADVANCED_FACE('',(#7263),#7666,.T.);
#9418=ADVANCED_FACE('',(#7264),#7667,.T.);
#9419=ADVANCED_FACE('',(#7265),#7668,.T.);
#9420=ADVANCED_FACE('',(#7266),#7669,.T.);
#9421=ADVANCED_FACE('',(#7267),#7670,.T.);
#9422=ADVANCED_FACE('',(#7268),#7671,.T.);
#9423=ADVANCED_FACE('',(#7269),#7672,.T.);
#9424=ADVANCED_FACE('',(#7270),#7673,.T.);
#9425=ADVANCED_FACE('',(#7271),#7674,.T.);
#9426=ADVANCED_FACE('',(#7272),#7675,.T.);
#9427=ADVANCED_FACE('',(#7273),#7676,.T.);
#9428=ADVANCED_FACE('',(#7274),#7677,.T.);
#9429=ADVANCED_FACE('',(#7275),#7678,.T.);
#9430=ADVANCED_FACE('',(#7276),#7679,.F.);
#9431=ADVANCED_FACE('',(#7277),#7680,.T.);
#9432=ADVANCED_FACE('',(#7278),#7681,.F.);
#9433=ADVANCED_FACE('',(#7279),#7682,.T.);
#9434=ADVANCED_FACE('',(#7280),#7683,.F.);
#9435=ADVANCED_FACE('',(#7281),#7684,.T.);
#9436=ADVANCED_FACE('',(#7282),#7685,.F.);
#9437=ADVANCED_FACE('',(#7283),#7686,.T.);
#9438=ADVANCED_FACE('',(#7284),#7687,.F.);
#9439=ADVANCED_FACE('',(#7285),#7688,.T.);
#9440=ADVANCED_FACE('',(#7286),#7689,.F.);
#9441=ADVANCED_FACE('',(#7287),#7690,.T.);
#9442=ADVANCED_FACE('',(#7288),#7691,.F.);
#9443=ADVANCED_FACE('',(#7289),#7692,.T.);
#9444=ADVANCED_FACE('',(#7290),#7693,.F.);
#9445=ADVANCED_FACE('',(#7291),#7694,.T.);
#9446=ADVANCED_FACE('',(#7292),#7695,.F.);
#9447=ADVANCED_FACE('',(#7293),#7696,.T.);
#9448=ADVANCED_FACE('',(#7294),#7697,.F.);
#9449=ADVANCED_FACE('',(#7295),#7698,.T.);
#9450=ADVANCED_FACE('',(#7296),#7699,.F.);
#9451=ADVANCED_FACE('',(#7297),#7700,.T.);
#9452=ADVANCED_FACE('',(#7298),#7701,.F.);
#9453=ADVANCED_FACE('',(#7299),#7702,.T.);
#9454=ADVANCED_FACE('',(#7300),#7703,.F.);
#9455=ADVANCED_FACE('',(#7301),#7704,.T.);
#9456=ADVANCED_FACE('',(#7302),#7705,.F.);
#9457=ADVANCED_FACE('',(#7303),#7706,.T.);
#9458=ADVANCED_FACE('',(#7304),#7707,.F.);
#9459=ADVANCED_FACE('',(#7305),#7708,.T.);
#9460=ADVANCED_FACE('',(#7306),#7709,.F.);
#9461=ADVANCED_FACE('',(#7307),#7710,.T.);
#9462=ADVANCED_FACE('',(#7308),#7711,.F.);
#9463=ADVANCED_FACE('',(#7309),#7712,.T.);
#9464=ADVANCED_FACE('',(#7310),#7713,.F.);
#9465=ADVANCED_FACE('',(#7311),#7714,.T.);
#9466=ADVANCED_FACE('',(#7312),#7715,.F.);
#9467=ADVANCED_FACE('',(#7313),#7716,.T.);
#9468=ADVANCED_FACE('',(#7314),#7717,.F.);
#9469=ADVANCED_FACE('',(#7315),#7718,.F.);
#9470=ADVANCED_FACE('',(#7316),#7719,.F.);
#9471=ADVANCED_FACE('',(#7317),#7720,.F.);
#9472=ADVANCED_FACE('',(#7318),#7721,.T.);
#9473=ADVANCED_FACE('',(#7319),#7722,.F.);
#9474=ADVANCED_FACE('',(#7320),#7723,.F.);
#9475=ADVANCED_FACE('',(#7321),#7724,.F.);
#9476=ADVANCED_FACE('',(#7322),#7725,.T.);
#9477=ADVANCED_FACE('',(#7323),#7726,.F.);
#9478=ADVANCED_FACE('',(#7324),#7727,.F.);
#9479=ADVANCED_FACE('',(#7325),#7728,.F.);
#9480=ADVANCED_FACE('',(#7326),#7729,.T.);
#9481=ADVANCED_FACE('',(#7327),#7730,.F.);
#9482=ADVANCED_FACE('',(#7328),#7731,.F.);
#9483=ADVANCED_FACE('',(#7329),#7732,.F.);
#9484=ADVANCED_FACE('',(#7330),#7733,.T.);
#9485=ADVANCED_FACE('',(#7331),#7734,.F.);
#9486=ADVANCED_FACE('',(#7332),#7735,.F.);
#9487=ADVANCED_FACE('',(#7333),#7736,.F.);
#9488=ADVANCED_FACE('',(#7334),#7737,.T.);
#9489=ADVANCED_FACE('',(#7335),#7738,.F.);
#9490=ADVANCED_FACE('',(#7336),#7739,.F.);
#9491=ADVANCED_FACE('',(#7337),#7740,.F.);
#9492=ADVANCED_FACE('',(#7338),#7741,.T.);
#9493=ADVANCED_FACE('',(#7339),#7742,.F.);
#9494=ADVANCED_FACE('',(#7340),#7743,.F.);
#9495=ADVANCED_FACE('',(#7341),#7744,.F.);
#9496=ADVANCED_FACE('',(#7342),#7745,.T.);
#9497=ADVANCED_FACE('',(#7343),#7746,.F.);
#9498=ADVANCED_FACE('',(#7344),#7747,.F.);
#9499=ADVANCED_FACE('',(#7345),#7748,.F.);
#9500=ADVANCED_FACE('',(#7346),#7749,.T.);
#9501=ADVANCED_FACE('',(#7347),#7750,.F.);
#9502=ADVANCED_FACE('',(#7348),#7751,.F.);
#9503=ADVANCED_FACE('',(#7349),#7752,.F.);
#9504=ADVANCED_FACE('',(#7350),#7753,.T.);
#9505=ADVANCED_FACE('',(#7351),#7754,.T.);
#9506=ADVANCED_FACE('',(#7352),#7755,.F.);
#9507=ADVANCED_FACE('',(#7353),#7756,.F.);
#9508=ADVANCED_FACE('',(#7354),#7757,.F.);
#9509=ADVANCED_FACE('',(#7355),#7758,.F.);
#9510=ADVANCED_FACE('',(#7356),#7759,.F.);
#9511=ADVANCED_FACE('',(#7357),#7760,.T.);
#9512=ADVANCED_FACE('',(#7358),#7761,.F.);
#9513=ADVANCED_FACE('',(#7359),#7762,.F.);
#9514=ADVANCED_FACE('',(#7360),#7763,.F.);
#9515=ADVANCED_FACE('',(#7361),#7764,.F.);
#9516=ADVANCED_FACE('',(#7362),#7765,.F.);
#9517=ADVANCED_FACE('',(#7363),#7766,.F.);
#9518=ADVANCED_FACE('',(#7364),#7767,.F.);
#9519=ADVANCED_FACE('',(#7365),#7768,.F.);
#9520=ADVANCED_FACE('',(#7366),#7769,.F.);
#9521=ADVANCED_FACE('',(#7367),#7770,.F.);
#9522=ADVANCED_FACE('',(#7368),#7771,.F.);
#9523=ADVANCED_FACE('',(#7369),#7772,.F.);
#9524=ADVANCED_FACE('',(#7370),#7773,.F.);
#9525=ADVANCED_FACE('',(#7371),#7774,.F.);
#9526=ADVANCED_FACE('',(#7372),#7775,.F.);
#9527=ADVANCED_FACE('',(#7373),#7776,.F.);
#9528=ADVANCED_FACE('',(#7374),#7777,.F.);
#9529=ADVANCED_FACE('',(#7375),#7778,.F.);
#9530=ADVANCED_FACE('',(#7376),#7779,.F.);
#9531=ADVANCED_FACE('',(#7377),#7780,.F.);
#9532=ADVANCED_FACE('',(#7378),#7781,.F.);
#9533=ADVANCED_FACE('',(#7379),#7782,.F.);
#9534=ADVANCED_FACE('',(#7380),#7783,.F.);
#9535=ADVANCED_FACE('',(#7381),#7784,.F.);
#9536=ADVANCED_FACE('',(#7382),#7785,.F.);
#9537=ADVANCED_FACE('',(#7383),#7786,.F.);
#9538=ADVANCED_FACE('',(#7384),#7787,.F.);
#9539=ADVANCED_FACE('',(#7385),#7788,.F.);
#9540=ADVANCED_FACE('',(#7386),#7789,.F.);
#9541=ADVANCED_FACE('',(#7387),#7790,.F.);
#9542=ADVANCED_FACE('',(#7388),#7791,.F.);
#9543=ADVANCED_FACE('',(#7389),#7792,.F.);
#9544=ADVANCED_FACE('',(#7390),#7793,.F.);
#9545=ADVANCED_FACE('',(#7391),#32,.T.);
#9546=ADVANCED_FACE('',(#7392),#33,.T.);
#9547=ADVANCED_FACE('',(#7393),#34,.T.);
#9548=ADVANCED_FACE('',(#7394),#35,.T.);
#9549=ADVANCED_FACE('',(#7395),#36,.T.);
#9550=ADVANCED_FACE('',(#7396),#37,.T.);
#9551=ADVANCED_FACE('',(#7397),#38,.T.);
#9552=ADVANCED_FACE('',(#7398),#39,.T.);
#9553=ADVANCED_FACE('',(#7399),#40,.T.);
#9554=ADVANCED_FACE('',(#7400),#41,.T.);
#9555=ADVANCED_FACE('',(#7401),#7794,.F.);
#9556=ADVANCED_FACE('',(#7402),#7795,.F.);
#9557=ADVANCED_FACE('',(#7403),#7796,.F.);
#9558=ADVANCED_FACE('',(#7404),#7797,.F.);
#9559=ADVANCED_FACE('',(#7405),#7798,.F.);
#9560=ADVANCED_FACE('',(#7406),#7799,.F.);
#9561=ADVANCED_FACE('',(#7407),#7800,.F.);
#9562=ADVANCED_FACE('',(#7408),#7801,.F.);
#9563=ADVANCED_FACE('',(#7409),#7802,.F.);
#9564=ADVANCED_FACE('',(#7410),#7803,.F.);
#9565=ADVANCED_FACE('',(#7411),#7804,.F.);
#9566=ADVANCED_FACE('',(#7412),#7805,.F.);
#9567=ADVANCED_FACE('',(#7413),#7806,.F.);
#9568=ADVANCED_FACE('',(#7414),#7807,.F.);
#9569=ADVANCED_FACE('',(#7415),#7808,.F.);
#9570=ADVANCED_FACE('',(#7416),#7809,.F.);
#9571=ADVANCED_FACE('',(#7417),#7810,.F.);
#9572=ADVANCED_FACE('',(#7418),#7811,.F.);
#9573=ADVANCED_FACE('',(#7419),#7812,.F.);
#9574=ADVANCED_FACE('',(#7420),#7813,.F.);
#9575=ADVANCED_FACE('',(#7421),#7814,.F.);
#9576=ADVANCED_FACE('',(#7422),#7815,.F.);
#9577=ADVANCED_FACE('',(#7423),#7816,.F.);
#9578=ADVANCED_FACE('',(#7424),#7817,.F.);
#9579=ADVANCED_FACE('',(#7425),#7818,.F.);
#9580=ADVANCED_FACE('',(#7426),#7819,.F.);
#9581=ADVANCED_FACE('',(#7427),#7820,.F.);
#9582=ADVANCED_FACE('',(#7428),#7821,.F.);
#9583=ADVANCED_FACE('',(#7429),#7822,.F.);
#9584=ADVANCED_FACE('',(#7430),#7823,.F.);
#9585=ADVANCED_FACE('',(#7431),#42,.T.);
#9586=ADVANCED_FACE('',(#7432),#43,.T.);
#9587=ADVANCED_FACE('',(#7433),#44,.T.);
#9588=ADVANCED_FACE('',(#7434),#45,.T.);
#9589=ADVANCED_FACE('',(#7435),#46,.T.);
#9590=ADVANCED_FACE('',(#7436),#47,.T.);
#9591=ADVANCED_FACE('',(#7437),#48,.T.);
#9592=ADVANCED_FACE('',(#7438),#49,.T.);
#9593=ADVANCED_FACE('',(#7439),#50,.T.);
#9594=ADVANCED_FACE('',(#7440),#51,.T.);
#9595=ADVANCED_FACE('',(#7441),#7824,.F.);
#9596=ADVANCED_FACE('',(#7442),#7825,.F.);
#9597=ADVANCED_FACE('',(#7443),#7826,.F.);
#9598=ADVANCED_FACE('',(#7444),#7827,.F.);
#9599=ADVANCED_FACE('',(#7445),#7828,.F.);
#9600=ADVANCED_FACE('',(#7446),#7829,.F.);
#9601=ADVANCED_FACE('',(#7447),#7830,.F.);
#9602=ADVANCED_FACE('',(#7448),#7831,.F.);
#9603=ADVANCED_FACE('',(#7449),#7832,.F.);
#9604=ADVANCED_FACE('',(#7450),#7833,.F.);
#9605=ADVANCED_FACE('',(#7451),#7834,.F.);
#9606=ADVANCED_FACE('',(#7452),#7835,.F.);
#9607=ADVANCED_FACE('',(#7453),#7836,.F.);
#9608=ADVANCED_FACE('',(#7454),#7837,.F.);
#9609=ADVANCED_FACE('',(#7455),#7838,.F.);
#9610=ADVANCED_FACE('',(#7456),#7839,.F.);
#9611=ADVANCED_FACE('',(#7457),#7840,.F.);
#9612=ADVANCED_FACE('',(#7458),#7841,.F.);
#9613=ADVANCED_FACE('',(#7459),#7842,.F.);
#9614=ADVANCED_FACE('',(#7460),#7843,.F.);
#9615=ADVANCED_FACE('',(#7461),#52,.T.);
#9616=ADVANCED_FACE('',(#7462),#53,.T.);
#9617=ADVANCED_FACE('',(#7463),#54,.T.);
#9618=ADVANCED_FACE('',(#7464),#55,.T.);
#9619=ADVANCED_FACE('',(#7465),#56,.T.);
#9620=ADVANCED_FACE('',(#7466),#57,.T.);
#9621=ADVANCED_FACE('',(#7467),#58,.T.);
#9622=ADVANCED_FACE('',(#7468),#59,.T.);
#9623=ADVANCED_FACE('',(#7469),#60,.T.);
#9624=ADVANCED_FACE('',(#7470),#61,.T.);
#9625=ADVANCED_FACE('',(#7471),#7844,.F.);
#9626=ADVANCED_FACE('',(#7472),#7845,.T.);
#9627=ADVANCED_FACE('',(#7473),#7846,.T.);
#9628=ADVANCED_FACE('',(#7474),#7847,.T.);
#9629=ADVANCED_FACE('',(#7475),#7848,.T.);
#9630=ADVANCED_FACE('',(#7476),#7849,.T.);
#9631=ADVANCED_FACE('',(#7477),#7850,.T.);
#9632=ADVANCED_FACE('',(#7478),#7851,.T.);
#9633=ADVANCED_FACE('',(#7479),#7852,.T.);
#9634=ADVANCED_FACE('',(#7480),#7853,.T.);
#9635=ADVANCED_FACE('',(#7481),#7854,.T.);
#9636=ADVANCED_FACE('',(#7482),#7855,.T.);
#9637=ADVANCED_FACE('',(#7483),#7856,.T.);
#9638=ADVANCED_FACE('',(#7484),#7857,.T.);
#9639=ADVANCED_FACE('',(#7485),#7858,.T.);
#9640=ADVANCED_FACE('',(#7486),#7859,.T.);
#9641=ADVANCED_FACE('',(#7487),#7860,.T.);
#9642=ADVANCED_FACE('',(#7488),#7861,.T.);
#9643=ADVANCED_FACE('',(#7489),#7862,.T.);
#9644=ADVANCED_FACE('',(#7490),#7863,.T.);
#9645=ADVANCED_FACE('',(#7491),#7864,.T.);
#9646=ADVANCED_FACE('',(#7492),#7865,.T.);
#9647=ADVANCED_FACE('',(#7493),#7866,.T.);
#9648=ADVANCED_FACE('',(#7494),#7867,.T.);
#9649=ADVANCED_FACE('',(#7495),#7868,.T.);
#9650=ADVANCED_FACE('',(#7496),#7869,.T.);
#9651=ADVANCED_FACE('',(#7497),#7870,.T.);
#9652=ADVANCED_FACE('',(#7498),#7871,.T.);
#9653=ADVANCED_FACE('',(#7499),#7872,.T.);
#9654=ADVANCED_FACE('',(#7500),#7873,.T.);
#9655=ADVANCED_FACE('',(#7501),#7874,.T.);
#9656=ADVANCED_FACE('',(#7502),#7875,.T.);
#9657=ADVANCED_FACE('',(#7503),#7876,.T.);
#9658=ADVANCED_FACE('',(#7504),#7877,.T.);
#9659=ADVANCED_FACE('',(#7505),#7878,.T.);
#9660=ADVANCED_FACE('',(#7506),#7879,.T.);
#9661=ADVANCED_FACE('',(#7507),#7880,.T.);
#9662=ADVANCED_FACE('',(#7508),#7881,.T.);
#9663=ADVANCED_FACE('',(#7509),#7882,.T.);
#9664=ADVANCED_FACE('',(#7510),#7883,.T.);
#9665=ADVANCED_FACE('',(#7511),#7884,.T.);
#9666=ADVANCED_FACE('',(#7512),#7885,.T.);
#9667=ADVANCED_FACE('',(#7513),#7886,.T.);
#9668=ADVANCED_FACE('',(#7514),#7887,.T.);
#9669=ADVANCED_FACE('',(#7515),#7888,.T.);
#9670=ADVANCED_FACE('',(#7516),#7889,.T.);
#9671=ADVANCED_FACE('',(#7517),#7890,.T.);
#9672=ADVANCED_FACE('',(#7518),#7891,.T.);
#9673=ADVANCED_FACE('',(#7519),#7892,.T.);
#9674=ADVANCED_FACE('',(#7520),#7893,.T.);
#9675=ADVANCED_FACE('',(#7521),#7894,.T.);
#9676=ADVANCED_FACE('',(#7522),#7895,.T.);
#9677=ADVANCED_FACE('',(#7523),#7896,.T.);
#9678=ADVANCED_FACE('',(#7524),#7897,.T.);
#9679=ADVANCED_FACE('',(#7525),#7898,.T.);
#9680=ADVANCED_FACE('',(#7526),#7899,.T.);
#9681=ADVANCED_FACE('',(#7527),#7900,.T.);
#9682=ADVANCED_FACE('',(#7528),#7901,.T.);
#9683=ADVANCED_FACE('',(#7529),#7902,.T.);
#9684=ADVANCED_FACE('',(#7530),#7903,.T.);
#9685=ADVANCED_FACE('',(#7531),#7904,.T.);
#9686=ADVANCED_FACE('',(#7532),#7905,.T.);
#9687=ADVANCED_FACE('',(#7533),#7906,.T.);
#9688=ADVANCED_FACE('',(#7534),#7907,.T.);
#9689=ADVANCED_FACE('',(#7535),#7908,.T.);
#9690=ADVANCED_FACE('',(#7536),#7909,.T.);
#9691=ADVANCED_FACE('',(#7537),#7910,.T.);
#9692=ADVANCED_FACE('',(#7538),#7911,.T.);
#9693=ADVANCED_FACE('',(#7539),#7912,.T.);
#9694=ADVANCED_FACE('',(#7540),#7913,.T.);
#9695=ADVANCED_FACE('',(#7541),#7914,.T.);
#9696=ADVANCED_FACE('',(#7542),#7915,.T.);
#9697=ADVANCED_FACE('',(#7543),#7916,.T.);
#9698=ADVANCED_FACE('',(#7544),#7917,.T.);
#9699=ADVANCED_FACE('',(#7545),#7918,.T.);
#9700=ADVANCED_FACE('',(#7546),#7919,.T.);
#9701=ADVANCED_FACE('',(#7547),#7920,.T.);
#9702=ADVANCED_FACE('',(#7548),#7921,.T.);
#9703=ADVANCED_FACE('',(#7549),#7922,.T.);
#9704=ADVANCED_FACE('',(#7550),#7923,.T.);
#9705=ADVANCED_FACE('',(#7551),#7924,.T.);
#9706=ADVANCED_FACE('',(#7552),#7925,.T.);
#9707=ADVANCED_FACE('',(#7553),#7926,.T.);
#9708=ADVANCED_FACE('',(#7554),#7927,.T.);
#9709=ADVANCED_FACE('',(#7555),#7928,.T.);
#9710=ADVANCED_FACE('',(#7556),#7929,.T.);
#9711=ADVANCED_FACE('',(#7557),#7930,.T.);
#9712=ADVANCED_FACE('',(#7558),#7931,.T.);
#9713=ADVANCED_FACE('',(#7559),#7932,.T.);
#9714=ADVANCED_FACE('',(#7560),#7933,.T.);
#9715=ADVANCED_FACE('',(#7561),#7934,.T.);
#9716=ADVANCED_FACE('',(#7562),#7935,.T.);
#9717=ADVANCED_FACE('',(#7563),#7936,.T.);
#9718=ADVANCED_FACE('',(#7564),#7937,.T.);
#9719=CLOSED_SHELL('',(#9314,#9315,#9316,#9317,#9318,#9319,#9320,#9321,
#9322,#9323,#9324,#9325,#9326,#9327,#9328,#9329,#9330,#9331,#9332,#9333,
#9334,#9335,#9336,#9337,#9338,#9339,#9340,#9341,#9342,#9343,#9344,#9345,
#9346,#9347,#9348,#9349,#9350,#9351,#9352,#9353,#9354,#9355,#9356,#9357,
#9358,#9359,#9360,#9361,#9362,#9363,#9364,#9365,#9366,#9367,#9368,#9369,
#9370,#9371,#9372,#9373,#9374,#9375,#9376,#9377,#9378,#9379,#9380,#9381,
#9382,#9383,#9384,#9385,#9386,#9387,#9388,#9389,#9390,#9391,#9392,#9393,
#9394,#9395,#9396,#9397,#9398,#9399,#9400,#9401,#9402,#9403,#9404,#9405,
#9406,#9407,#9408,#9409,#9410,#9411,#9412,#9413,#9414,#9415,#9416,#9417,
#9418,#9419,#9420,#9421,#9422,#9423,#9424,#9425,#9426,#9427,#9428,#9429,
#9430,#9431,#9432,#9433,#9434,#9435,#9436,#9437,#9438,#9439,#9440,#9441,
#9442,#9443,#9444,#9445,#9446,#9447,#9448,#9449,#9450,#9451,#9452,#9453,
#9454,#9455,#9456,#9457,#9458,#9459,#9460,#9461,#9462,#9463,#9464,#9465,
#9466,#9467,#9468,#9469,#9470,#9471,#9472,#9473,#9474,#9475,#9476,#9477,
#9478,#9479,#9480,#9481,#9482,#9483,#9484,#9485,#9486,#9487,#9488,#9489,
#9490,#9491,#9492,#9493,#9494,#9495,#9496,#9497,#9498,#9499,#9500,#9501,
#9502,#9503,#9504,#9505,#9506,#9507,#9508));
#9720=CLOSED_SHELL('',(#9509,#9510,#9511,#9512,#9513,#9514,#9515,#9516,
#9517,#9518,#9519,#9520,#9521,#9522,#9523,#9524,#9525,#9526,#9527,#9528,
#9529,#9530,#9531,#9532,#9533,#9534,#9535,#9536,#9537,#9538,#9539,#9540,
#9541,#9542,#9543,#9544,#9545,#9546,#9547,#9548,#9549,#9550,#9551,#9552,
#9553,#9554,#9555,#9556,#9557,#9558,#9559,#9560,#9561,#9562,#9563,#9564,
#9565,#9566,#9567,#9568,#9569,#9570,#9571,#9572,#9573,#9574,#9575,#9576,
#9577,#9578,#9579,#9580,#9581,#9582,#9583,#9584,#9585,#9586,#9587,#9588,
#9589,#9590,#9591,#9592,#9593,#9594,#9595,#9596,#9597,#9598,#9599,#9600,
#9601,#9602,#9603,#9604,#9605,#9606,#9607,#9608,#9609,#9610,#9611,#9612,
#9613,#9614,#9615,#9616,#9617,#9618,#9619,#9620,#9621,#9622,#9623,#9624,
#9625,#9626,#9627,#9628,#9629,#9630,#9631,#9632,#9633,#9634,#9635,#9636,
#9637,#9638,#9639,#9640,#9641,#9642,#9643,#9644,#9645,#9646,#9647,#9648,
#9649,#9650,#9651,#9652,#9653,#9654,#9655,#9656,#9657,#9658,#9659,#9660,
#9661,#9662,#9663,#9664,#9665,#9666,#9667,#9668,#9669,#9670,#9671,#9672,
#9673,#9674,#9675,#9676,#9677,#9678,#9679,#9680,#9681,#9682,#9683,#9684,
#9685,#9686,#9687,#9688,#9689,#9690,#9691,#9692,#9693,#9694,#9695,#9696,
#9697,#9698,#9699,#9700,#9701,#9702,#9703,#9704,#9705,#9706,#9707,#9708,
#9709,#9710,#9711,#9712,#9713,#9714,#9715,#9716,#9717,#9718));
#9721=MANIFOLD_SOLID_BREP('ZF5S-10-01-WT_socket',#9719);
#9722=MANIFOLD_SOLID_BREP('C-297-10-01_pins',#9720);
#9723=SHAPE_DEFINITION_REPRESENTATION(#14677,#9726);
#9724=SHAPE_DEFINITION_REPRESENTATION(#14678,#9727);
#9725=SHAPE_DEFINITION_REPRESENTATION(#14680,#9728);
#9726=SHAPE_REPRESENTATION('ZF5S-10-01-T-WT',(#9729,#9929,#10200),#14668);
#9727=SHAPE_REPRESENTATION('ZF5S-10-01-WT_socket',(#9729),#14669);
#9728=SHAPE_REPRESENTATION('C-297-10-01_pins',(#9729),#14670);
#9729=AXIS2_PLACEMENT_3D('',#12274,#10201,#10202);
#9730=AXIS2_PLACEMENT_3D('',#12275,#10203,#10204);
#9731=AXIS2_PLACEMENT_3D('',#12284,#10209,#10210);
#9732=AXIS2_PLACEMENT_3D('',#12293,#10215,#10216);
#9733=AXIS2_PLACEMENT_3D('',#12302,#10221,#10222);
#9734=AXIS2_PLACEMENT_3D('',#12311,#10227,#10228);
#9735=AXIS2_PLACEMENT_3D('',#12320,#10233,#10234);
#9736=AXIS2_PLACEMENT_3D('',#12329,#10239,#10240);
#9737=AXIS2_PLACEMENT_3D('',#12338,#10245,#10246);
#9738=AXIS2_PLACEMENT_3D('',#12347,#10251,#10252);
#9739=AXIS2_PLACEMENT_3D('',#12356,#10257,#10258);
#9740=AXIS2_PLACEMENT_3D('',#12365,#10263,#10264);
#9741=AXIS2_PLACEMENT_3D('',#12380,#10272,#10273);
#9742=AXIS2_PLACEMENT_3D('',#12389,#10278,#10279);
#9743=AXIS2_PLACEMENT_3D('',#12398,#10284,#10285);
#9744=AXIS2_PLACEMENT_3D('',#12407,#10290,#10291);
#9745=AXIS2_PLACEMENT_3D('',#12416,#10296,#10297);
#9746=AXIS2_PLACEMENT_3D('',#12425,#10302,#10303);
#9747=AXIS2_PLACEMENT_3D('',#12434,#10308,#10309);
#9748=AXIS2_PLACEMENT_3D('',#12443,#10314,#10315);
#9749=AXIS2_PLACEMENT_3D('',#12452,#10320,#10321);
#9750=AXIS2_PLACEMENT_3D('',#12461,#10326,#10327);
#9751=AXIS2_PLACEMENT_3D('',#12476,#10335,#10336);
#9752=AXIS2_PLACEMENT_3D('',#12482,#10340,#10341);
#9753=AXIS2_PLACEMENT_3D('',#12488,#10345,#10346);
#9754=AXIS2_PLACEMENT_3D('',#12494,#10350,#10351);
#9755=AXIS2_PLACEMENT_3D('',#12500,#10355,#10356);
#9756=AXIS2_PLACEMENT_3D('',#12506,#10360,#10361);
#9757=AXIS2_PLACEMENT_3D('',#12512,#10365,#10366);
#9758=AXIS2_PLACEMENT_3D('',#12518,#10370,#10371);
#9759=AXIS2_PLACEMENT_3D('',#12524,#10375,#10376);
#9760=AXIS2_PLACEMENT_3D('',#12530,#10380,#10381);
#9761=AXIS2_PLACEMENT_3D('',#12536,#10385,#10386);
#9762=AXIS2_PLACEMENT_3D('',#12542,#10390,#10391);
#9763=AXIS2_PLACEMENT_3D('',#12598,#10425,#10426);
#9764=AXIS2_PLACEMENT_3D('',#12607,#10431,#10432);
#9765=AXIS2_PLACEMENT_3D('',#12616,#10437,#10438);
#9766=AXIS2_PLACEMENT_3D('',#12625,#10443,#10444);
#9767=AXIS2_PLACEMENT_3D('',#12634,#10449,#10450);
#9768=AXIS2_PLACEMENT_3D('',#12643,#10455,#10456);
#9769=AXIS2_PLACEMENT_3D('',#12652,#10461,#10462);
#9770=AXIS2_PLACEMENT_3D('',#12661,#10467,#10468);
#9771=AXIS2_PLACEMENT_3D('',#12670,#10473,#10474);
#9772=AXIS2_PLACEMENT_3D('',#12679,#10479,#10480);
#9773=AXIS2_PLACEMENT_3D('',#12688,#10485,#10486);
#9774=AXIS2_PLACEMENT_3D('',#12694,#10490,#10491);
#9775=AXIS2_PLACEMENT_3D('',#12700,#10495,#10496);
#9776=AXIS2_PLACEMENT_3D('',#12706,#10500,#10501);
#9777=AXIS2_PLACEMENT_3D('',#12712,#10505,#10506);
#9778=AXIS2_PLACEMENT_3D('',#12718,#10510,#10511);
#9779=AXIS2_PLACEMENT_3D('',#12724,#10515,#10516);
#9780=AXIS2_PLACEMENT_3D('',#12730,#10520,#10521);
#9781=AXIS2_PLACEMENT_3D('',#12736,#10525,#10526);
#9782=AXIS2_PLACEMENT_3D('',#12742,#10530,#10531);
#9783=AXIS2_PLACEMENT_3D('',#12748,#10535,#10536);
#9784=AXIS2_PLACEMENT_3D('',#12754,#10540,#10541);
#9785=AXIS2_PLACEMENT_3D('',#12810,#10575,#10576);
#9786=AXIS2_PLACEMENT_3D('',#12816,#10580,#10581);
#9787=AXIS2_PLACEMENT_3D('',#12822,#10585,#10586);
#9788=AXIS2_PLACEMENT_3D('',#12839,#10595,#10596);
#9789=AXIS2_PLACEMENT_3D('',#12851,#10603,#10604);
#9790=AXIS2_PLACEMENT_3D('',#12852,#10605,#10606);
#9791=AXIS2_PLACEMENT_3D('',#12855,#10608,#10609);
#9792=AXIS2_PLACEMENT_3D('',#12865,#10615,#10616);
#9793=AXIS2_PLACEMENT_3D('',#12871,#10620,#10621);
#9794=AXIS2_PLACEMENT_3D('',#12877,#10625,#10626);
#9795=AXIS2_PLACEMENT_3D('',#12883,#10630,#10631);
#9796=AXIS2_PLACEMENT_3D('',#12884,#10632,#10633);
#9797=AXIS2_PLACEMENT_3D('',#12885,#10634,#10635);
#9798=AXIS2_PLACEMENT_3D('',#12888,#10637,#10638);
#9799=AXIS2_PLACEMENT_3D('',#12889,#10639,#10640);
#9800=AXIS2_PLACEMENT_3D('',#12891,#10642,#10643);
#9801=AXIS2_PLACEMENT_3D('',#12895,#10646,#10647);
#9802=AXIS2_PLACEMENT_3D('',#12898,#10650,#10651);
#9803=AXIS2_PLACEMENT_3D('',#12904,#10655,#10656);
#9804=AXIS2_PLACEMENT_3D('',#12913,#10661,#10662);
#9805=AXIS2_PLACEMENT_3D('',#12918,#10666,#10667);
#9806=AXIS2_PLACEMENT_3D('',#12922,#10670,#10671);
#9807=AXIS2_PLACEMENT_3D('',#12925,#10674,#10675);
#9808=AXIS2_PLACEMENT_3D('',#12926,#10676,#10677);
#9809=AXIS2_PLACEMENT_3D('',#12927,#10678,#10679);
#9810=AXIS2_PLACEMENT_3D('',#12933,#10683,#10684);
#9811=AXIS2_PLACEMENT_3D('',#12942,#10689,#10690);
#9812=AXIS2_PLACEMENT_3D('',#12947,#10694,#10695);
#9813=AXIS2_PLACEMENT_3D('',#12951,#10698,#10699);
#9814=AXIS2_PLACEMENT_3D('',#12954,#10702,#10703);
#9815=AXIS2_PLACEMENT_3D('',#12955,#10704,#10705);
#9816=AXIS2_PLACEMENT_3D('',#12956,#10706,#10707);
#9817=AXIS2_PLACEMENT_3D('',#12962,#10711,#10712);
#9818=AXIS2_PLACEMENT_3D('',#12971,#10718,#10719);
#9819=AXIS2_PLACEMENT_3D('',#12975,#10722,#10723);
#9820=AXIS2_PLACEMENT_3D('',#12979,#10726,#10727);
#9821=AXIS2_PLACEMENT_3D('',#12981,#10729,#10730);
#9822=AXIS2_PLACEMENT_3D('',#12985,#10733,#10734);
#9823=AXIS2_PLACEMENT_3D('',#12987,#10736,#10737);
#9824=AXIS2_PLACEMENT_3D('',#12988,#10738,#10739);
#9825=AXIS2_PLACEMENT_3D('',#12997,#10744,#10745);
#9826=AXIS2_PLACEMENT_3D('',#13050,#10778,#10779);
#9827=AXIS2_PLACEMENT_3D('',#13103,#10812,#10813);
#9828=AXIS2_PLACEMENT_3D('',#13104,#10814,#10815);
#9829=AXIS2_PLACEMENT_3D('',#13105,#10816,#10817);
#9830=AXIS2_PLACEMENT_3D('',#13112,#10822,#10823);
#9831=AXIS2_PLACEMENT_3D('',#13119,#10828,#10829);
#9832=AXIS2_PLACEMENT_3D('',#13126,#10834,#10835);
#9833=AXIS2_PLACEMENT_3D('',#13133,#10840,#10841);
#9834=AXIS2_PLACEMENT_3D('',#13140,#10846,#10847);
#9835=AXIS2_PLACEMENT_3D('',#13147,#10852,#10853);
#9836=AXIS2_PLACEMENT_3D('',#13154,#10858,#10859);
#9837=AXIS2_PLACEMENT_3D('',#13161,#10864,#10865);
#9838=AXIS2_PLACEMENT_3D('',#13168,#10870,#10871);
#9839=AXIS2_PLACEMENT_3D('',#13175,#10876,#10877);
#9840=AXIS2_PLACEMENT_3D('',#13182,#10882,#10883);
#9841=AXIS2_PLACEMENT_3D('',#13189,#10888,#10889);
#9842=AXIS2_PLACEMENT_3D('',#13196,#10894,#10895);
#9843=AXIS2_PLACEMENT_3D('',#13203,#10900,#10901);
#9844=AXIS2_PLACEMENT_3D('',#13210,#10906,#10907);
#9845=AXIS2_PLACEMENT_3D('',#13217,#10912,#10913);
#9846=AXIS2_PLACEMENT_3D('',#13224,#10918,#10919);
#9847=AXIS2_PLACEMENT_3D('',#13231,#10924,#10925);
#9848=AXIS2_PLACEMENT_3D('',#13238,#10930,#10931);
#9849=AXIS2_PLACEMENT_3D('',#13245,#10936,#10937);
#9850=AXIS2_PLACEMENT_3D('',#13247,#10939,#10940);
#9851=AXIS2_PLACEMENT_3D('',#13248,#10941,#10942);
#9852=AXIS2_PLACEMENT_3D('',#13250,#10944,#10945);
#9853=AXIS2_PLACEMENT_3D('',#13251,#10946,#10947);
#9854=AXIS2_PLACEMENT_3D('',#13253,#10949,#10950);
#9855=AXIS2_PLACEMENT_3D('',#13254,#10951,#10952);
#9856=AXIS2_PLACEMENT_3D('',#13256,#10954,#10955);
#9857=AXIS2_PLACEMENT_3D('',#13257,#10956,#10957);
#9858=AXIS2_PLACEMENT_3D('',#13259,#10959,#10960);
#9859=AXIS2_PLACEMENT_3D('',#13260,#10961,#10962);
#9860=AXIS2_PLACEMENT_3D('',#13262,#10964,#10965);
#9861=AXIS2_PLACEMENT_3D('',#13263,#10966,#10967);
#9862=AXIS2_PLACEMENT_3D('',#13265,#10969,#10970);
#9863=AXIS2_PLACEMENT_3D('',#13266,#10971,#10972);
#9864=AXIS2_PLACEMENT_3D('',#13268,#10974,#10975);
#9865=AXIS2_PLACEMENT_3D('',#13269,#10976,#10977);
#9866=AXIS2_PLACEMENT_3D('',#13271,#10979,#10980);
#9867=AXIS2_PLACEMENT_3D('',#13272,#10981,#10982);
#9868=AXIS2_PLACEMENT_3D('',#13274,#10984,#10985);
#9869=AXIS2_PLACEMENT_3D('',#13275,#10986,#10987);
#9870=AXIS2_PLACEMENT_3D('',#13277,#10989,#10990);
#9871=AXIS2_PLACEMENT_3D('',#13278,#10991,#10992);
#9872=AXIS2_PLACEMENT_3D('',#13280,#10994,#10995);
#9873=AXIS2_PLACEMENT_3D('',#13281,#10996,#10997);
#9874=AXIS2_PLACEMENT_3D('',#13283,#10999,#11000);
#9875=AXIS2_PLACEMENT_3D('',#13284,#11001,#11002);
#9876=AXIS2_PLACEMENT_3D('',#13286,#11004,#11005);
#9877=AXIS2_PLACEMENT_3D('',#13287,#11006,#11007);
#9878=AXIS2_PLACEMENT_3D('',#13289,#11009,#11010);
#9879=AXIS2_PLACEMENT_3D('',#13290,#11011,#11012);
#9880=AXIS2_PLACEMENT_3D('',#13292,#11014,#11015);
#9881=AXIS2_PLACEMENT_3D('',#13293,#11016,#11017);
#9882=AXIS2_PLACEMENT_3D('',#13295,#11019,#11020);
#9883=AXIS2_PLACEMENT_3D('',#13296,#11021,#11022);
#9884=AXIS2_PLACEMENT_3D('',#13298,#11024,#11025);
#9885=AXIS2_PLACEMENT_3D('',#13299,#11026,#11027);
#9886=AXIS2_PLACEMENT_3D('',#13301,#11029,#11030);
#9887=AXIS2_PLACEMENT_3D('',#13302,#11031,#11032);
#9888=AXIS2_PLACEMENT_3D('',#13304,#11034,#11035);
#9889=AXIS2_PLACEMENT_3D('',#13305,#11036,#11037);
#9890=AXIS2_PLACEMENT_3D('',#13311,#11041,#11042);
#9891=AXIS2_PLACEMENT_3D('',#13313,#11044,#11045);
#9892=AXIS2_PLACEMENT_3D('',#13315,#11047,#11048);
#9893=AXIS2_PLACEMENT_3D('',#13316,#11049,#11050);
#9894=AXIS2_PLACEMENT_3D('',#13320,#11053,#11054);
#9895=AXIS2_PLACEMENT_3D('',#13324,#11057,#11058);
#9896=AXIS2_PLACEMENT_3D('',#13326,#11060,#11061);
#9897=AXIS2_PLACEMENT_3D('',#13327,#11062,#11063);
#9898=AXIS2_PLACEMENT_3D('',#13331,#11066,#11067);
#9899=AXIS2_PLACEMENT_3D('',#13335,#11070,#11071);
#9900=AXIS2_PLACEMENT_3D('',#13337,#11073,#11074);
#9901=AXIS2_PLACEMENT_3D('',#13338,#11075,#11076);
#9902=AXIS2_PLACEMENT_3D('',#13342,#11079,#11080);
#9903=AXIS2_PLACEMENT_3D('',#13346,#11083,#11084);
#9904=AXIS2_PLACEMENT_3D('',#13348,#11086,#11087);
#9905=AXIS2_PLACEMENT_3D('',#13349,#11088,#11089);
#9906=AXIS2_PLACEMENT_3D('',#13353,#11092,#11093);
#9907=AXIS2_PLACEMENT_3D('',#13357,#11096,#11097);
#9908=AXIS2_PLACEMENT_3D('',#13359,#11099,#11100);
#9909=AXIS2_PLACEMENT_3D('',#13360,#11101,#11102);
#9910=AXIS2_PLACEMENT_3D('',#13364,#11105,#11106);
#9911=AXIS2_PLACEMENT_3D('',#13368,#11109,#11110);
#9912=AXIS2_PLACEMENT_3D('',#13370,#11112,#11113);
#9913=AXIS2_PLACEMENT_3D('',#13371,#11114,#11115);
#9914=AXIS2_PLACEMENT_3D('',#13375,#11118,#11119);
#9915=AXIS2_PLACEMENT_3D('',#13379,#11122,#11123);
#9916=AXIS2_PLACEMENT_3D('',#13381,#11125,#11126);
#9917=AXIS2_PLACEMENT_3D('',#13382,#11127,#11128);
#9918=AXIS2_PLACEMENT_3D('',#13386,#11131,#11132);
#9919=AXIS2_PLACEMENT_3D('',#13390,#11135,#11136);
#9920=AXIS2_PLACEMENT_3D('',#13392,#11138,#11139);
#9921=AXIS2_PLACEMENT_3D('',#13393,#11140,#11141);
#9922=AXIS2_PLACEMENT_3D('',#13397,#11144,#11145);
#9923=AXIS2_PLACEMENT_3D('',#13401,#11148,#11149);
#9924=AXIS2_PLACEMENT_3D('',#13403,#11151,#11152);
#9925=AXIS2_PLACEMENT_3D('',#13404,#11153,#11154);
#9926=AXIS2_PLACEMENT_3D('',#13410,#11158,#11159);
#9927=AXIS2_PLACEMENT_3D('',#13412,#11161,#11162);
#9928=AXIS2_PLACEMENT_3D('',#13414,#11164,#11165);
#9929=AXIS2_PLACEMENT_3D('',#13415,#11166,#11167);
#9930=AXIS2_PLACEMENT_3D('',#13416,#11168,#11169);
#9931=AXIS2_PLACEMENT_3D('',#13585,#11254,#11255);
#9932=AXIS2_PLACEMENT_3D('',#13754,#11340,#11341);
#9933=AXIS2_PLACEMENT_3D('',#13765,#11348,#11349);
#9934=AXIS2_PLACEMENT_3D('',#13776,#11356,#11357);
#9935=AXIS2_PLACEMENT_3D('',#13782,#11361,#11362);
#9936=AXIS2_PLACEMENT_3D('',#13788,#11366,#11367);
#9937=AXIS2_PLACEMENT_3D('',#13794,#11371,#11372);
#9938=AXIS2_PLACEMENT_3D('',#13800,#11376,#11377);
#9939=AXIS2_PLACEMENT_3D('',#13806,#11381,#11382);
#9940=AXIS2_PLACEMENT_3D('',#13812,#11386,#11387);
#9941=AXIS2_PLACEMENT_3D('',#13818,#11391,#11392);
#9942=AXIS2_PLACEMENT_3D('',#13824,#11396,#11397);
#9943=AXIS2_PLACEMENT_3D('',#13830,#11401,#11402);
#9944=AXIS2_PLACEMENT_3D('',#13836,#11406,#11407);
#9945=AXIS2_PLACEMENT_3D('',#13842,#11411,#11412);
#9946=AXIS2_PLACEMENT_3D('',#13848,#11416,#11417);
#9947=AXIS2_PLACEMENT_3D('',#13854,#11421,#11422);
#9948=AXIS2_PLACEMENT_3D('',#13860,#11426,#11427);
#9949=AXIS2_PLACEMENT_3D('',#13866,#11431,#11432);
#9950=AXIS2_PLACEMENT_3D('',#13872,#11436,#11437);
#9951=AXIS2_PLACEMENT_3D('',#13878,#11441,#11442);
#9952=AXIS2_PLACEMENT_3D('',#13884,#11446,#11447);
#9953=AXIS2_PLACEMENT_3D('',#13890,#11451,#11452);
#9954=AXIS2_PLACEMENT_3D('',#13896,#11456,#11457);
#9955=AXIS2_PLACEMENT_3D('',#13949,#11490,#11491);
#9956=AXIS2_PLACEMENT_3D('',#14032,#11534,#11535);
#9957=AXIS2_PLACEMENT_3D('',#14038,#11539,#11540);
#9958=AXIS2_PLACEMENT_3D('',#14044,#11544,#11545);
#9959=AXIS2_PLACEMENT_3D('',#14050,#11549,#11550);
#9960=AXIS2_PLACEMENT_3D('',#14056,#11554,#11555);
#9961=AXIS2_PLACEMENT_3D('',#14062,#11559,#11560);
#9962=AXIS2_PLACEMENT_3D('',#14068,#11564,#11565);
#9963=AXIS2_PLACEMENT_3D('',#14074,#11569,#11570);
#9964=AXIS2_PLACEMENT_3D('',#14080,#11574,#11575);
#9965=AXIS2_PLACEMENT_3D('',#14086,#11579,#11580);
#9966=AXIS2_PLACEMENT_3D('',#14092,#11584,#11585);
#9967=AXIS2_PLACEMENT_3D('',#14093,#11586,#11587);
#9968=AXIS2_PLACEMENT_3D('',#14094,#11588,#11589);
#9969=AXIS2_PLACEMENT_3D('',#14095,#11590,#11591);
#9970=AXIS2_PLACEMENT_3D('',#14096,#11592,#11593);
#9971=AXIS2_PLACEMENT_3D('',#14097,#11594,#11595);
#9972=AXIS2_PLACEMENT_3D('',#14098,#11596,#11597);
#9973=AXIS2_PLACEMENT_3D('',#14099,#11598,#11599);
#9974=AXIS2_PLACEMENT_3D('',#14100,#11600,#11601);
#9975=AXIS2_PLACEMENT_3D('',#14101,#11602,#11603);
#9976=AXIS2_PLACEMENT_3D('',#14102,#11604,#11605);
#9977=AXIS2_PLACEMENT_3D('',#14103,#11606,#11607);
#9978=AXIS2_PLACEMENT_3D('',#14104,#11608,#11609);
#9979=AXIS2_PLACEMENT_3D('',#14105,#11610,#11611);
#9980=AXIS2_PLACEMENT_3D('',#14106,#11612,#11613);
#9981=AXIS2_PLACEMENT_3D('',#14107,#11614,#11615);
#9982=AXIS2_PLACEMENT_3D('',#14108,#11616,#11617);
#9983=AXIS2_PLACEMENT_3D('',#14109,#11618,#11619);
#9984=AXIS2_PLACEMENT_3D('',#14110,#11620,#11621);
#9985=AXIS2_PLACEMENT_3D('',#14111,#11622,#11623);
#9986=AXIS2_PLACEMENT_3D('',#14112,#11624,#11625);
#9987=AXIS2_PLACEMENT_3D('',#14113,#11626,#11627);
#9988=AXIS2_PLACEMENT_3D('',#14114,#11628,#11629);
#9989=AXIS2_PLACEMENT_3D('',#14115,#11630,#11631);
#9990=AXIS2_PLACEMENT_3D('',#14116,#11632,#11633);
#9991=AXIS2_PLACEMENT_3D('',#14117,#11634,#11635);
#9992=AXIS2_PLACEMENT_3D('',#14118,#11636,#11637);
#9993=AXIS2_PLACEMENT_3D('',#14119,#11638,#11639);
#9994=AXIS2_PLACEMENT_3D('',#14120,#11640,#11641);
#9995=AXIS2_PLACEMENT_3D('',#14121,#11642,#11643);
#9996=AXIS2_PLACEMENT_3D('',#14122,#11644,#11645);
#9997=AXIS2_PLACEMENT_3D('',#14128,#11649,#11650);
#9998=AXIS2_PLACEMENT_3D('',#14134,#11654,#11655);
#9999=AXIS2_PLACEMENT_3D('',#14140,#11659,#11660);
#10000=AXIS2_PLACEMENT_3D('',#14146,#11664,#11665);
#10001=AXIS2_PLACEMENT_3D('',#14152,#11669,#11670);
#10002=AXIS2_PLACEMENT_3D('',#14158,#11674,#11675);
#10003=AXIS2_PLACEMENT_3D('',#14164,#11679,#11680);
#10004=AXIS2_PLACEMENT_3D('',#14170,#11684,#11685);
#10005=AXIS2_PLACEMENT_3D('',#14176,#11689,#11690);
#10006=AXIS2_PLACEMENT_3D('',#14182,#11694,#11695);
#10007=AXIS2_PLACEMENT_3D('',#14188,#11699,#11700);
#10008=AXIS2_PLACEMENT_3D('',#14194,#11704,#11705);
#10009=AXIS2_PLACEMENT_3D('',#14200,#11709,#11710);
#10010=AXIS2_PLACEMENT_3D('',#14206,#11714,#11715);
#10011=AXIS2_PLACEMENT_3D('',#14212,#11719,#11720);
#10012=AXIS2_PLACEMENT_3D('',#14218,#11724,#11725);
#10013=AXIS2_PLACEMENT_3D('',#14224,#11729,#11730);
#10014=AXIS2_PLACEMENT_3D('',#14230,#11734,#11735);
#10015=AXIS2_PLACEMENT_3D('',#14236,#11739,#11740);
#10016=AXIS2_PLACEMENT_3D('',#14242,#11744,#11745);
#10017=AXIS2_PLACEMENT_3D('',#14248,#11749,#11750);
#10018=AXIS2_PLACEMENT_3D('',#14254,#11754,#11755);
#10019=AXIS2_PLACEMENT_3D('',#14260,#11759,#11760);
#10020=AXIS2_PLACEMENT_3D('',#14266,#11764,#11765);
#10021=AXIS2_PLACEMENT_3D('',#14272,#11769,#11770);
#10022=AXIS2_PLACEMENT_3D('',#14278,#11774,#11775);
#10023=AXIS2_PLACEMENT_3D('',#14284,#11779,#11780);
#10024=AXIS2_PLACEMENT_3D('',#14290,#11784,#11785);
#10025=AXIS2_PLACEMENT_3D('',#14296,#11789,#11790);
#10026=AXIS2_PLACEMENT_3D('',#14302,#11794,#11795);
#10027=AXIS2_PLACEMENT_3D('',#14303,#11796,#11797);
#10028=AXIS2_PLACEMENT_3D('',#14307,#11799,#11800);
#10029=AXIS2_PLACEMENT_3D('',#14308,#11801,#11802);
#10030=AXIS2_PLACEMENT_3D('',#14309,#11803,#11804);
#10031=AXIS2_PLACEMENT_3D('',#14313,#11806,#11807);
#10032=AXIS2_PLACEMENT_3D('',#14314,#11808,#11809);
#10033=AXIS2_PLACEMENT_3D('',#14315,#11810,#11811);
#10034=AXIS2_PLACEMENT_3D('',#14319,#11813,#11814);
#10035=AXIS2_PLACEMENT_3D('',#14320,#11815,#11816);
#10036=AXIS2_PLACEMENT_3D('',#14321,#11817,#11818);
#10037=AXIS2_PLACEMENT_3D('',#14325,#11820,#11821);
#10038=AXIS2_PLACEMENT_3D('',#14326,#11822,#11823);
#10039=AXIS2_PLACEMENT_3D('',#14327,#11824,#11825);
#10040=AXIS2_PLACEMENT_3D('',#14331,#11827,#11828);
#10041=AXIS2_PLACEMENT_3D('',#14332,#11829,#11830);
#10042=AXIS2_PLACEMENT_3D('',#14333,#11831,#11832);
#10043=AXIS2_PLACEMENT_3D('',#14337,#11834,#11835);
#10044=AXIS2_PLACEMENT_3D('',#14338,#11836,#11837);
#10045=AXIS2_PLACEMENT_3D('',#14339,#11838,#11839);
#10046=AXIS2_PLACEMENT_3D('',#14343,#11841,#11842);
#10047=AXIS2_PLACEMENT_3D('',#14344,#11843,#11844);
#10048=AXIS2_PLACEMENT_3D('',#14345,#11845,#11846);
#10049=AXIS2_PLACEMENT_3D('',#14349,#11848,#11849);
#10050=AXIS2_PLACEMENT_3D('',#14350,#11850,#11851);
#10051=AXIS2_PLACEMENT_3D('',#14351,#11852,#11853);
#10052=AXIS2_PLACEMENT_3D('',#14355,#11855,#11856);
#10053=AXIS2_PLACEMENT_3D('',#14356,#11857,#11858);
#10054=AXIS2_PLACEMENT_3D('',#14357,#11859,#11860);
#10055=AXIS2_PLACEMENT_3D('',#14361,#11862,#11863);
#10056=AXIS2_PLACEMENT_3D('',#14362,#11864,#11865);
#10057=AXIS2_PLACEMENT_3D('',#14368,#11869,#11870);
#10058=AXIS2_PLACEMENT_3D('',#14374,#11874,#11875);
#10059=AXIS2_PLACEMENT_3D('',#14380,#11879,#11880);
#10060=AXIS2_PLACEMENT_3D('',#14386,#11884,#11885);
#10061=AXIS2_PLACEMENT_3D('',#14392,#11889,#11890);
#10062=AXIS2_PLACEMENT_3D('',#14398,#11894,#11895);
#10063=AXIS2_PLACEMENT_3D('',#14404,#11899,#11900);
#10064=AXIS2_PLACEMENT_3D('',#14410,#11904,#11905);
#10065=AXIS2_PLACEMENT_3D('',#14416,#11909,#11910);
#10066=AXIS2_PLACEMENT_3D('',#14422,#11914,#11915);
#10067=AXIS2_PLACEMENT_3D('',#14428,#11919,#11920);
#10068=AXIS2_PLACEMENT_3D('',#14434,#11924,#11925);
#10069=AXIS2_PLACEMENT_3D('',#14440,#11929,#11930);
#10070=AXIS2_PLACEMENT_3D('',#14446,#11934,#11935);
#10071=AXIS2_PLACEMENT_3D('',#14452,#11939,#11940);
#10072=AXIS2_PLACEMENT_3D('',#14458,#11944,#11945);
#10073=AXIS2_PLACEMENT_3D('',#14464,#11949,#11950);
#10074=AXIS2_PLACEMENT_3D('',#14470,#11954,#11955);
#10075=AXIS2_PLACEMENT_3D('',#14476,#11959,#11960);
#10076=AXIS2_PLACEMENT_3D('',#14482,#11964,#11965);
#10077=AXIS2_PLACEMENT_3D('',#14483,#11966,#11967);
#10078=AXIS2_PLACEMENT_3D('',#14484,#11968,#11969);
#10079=AXIS2_PLACEMENT_3D('',#14485,#11970,#11971);
#10080=AXIS2_PLACEMENT_3D('',#14486,#11972,#11973);
#10081=AXIS2_PLACEMENT_3D('',#14487,#11974,#11975);
#10082=AXIS2_PLACEMENT_3D('',#14488,#11976,#11977);
#10083=AXIS2_PLACEMENT_3D('',#14489,#11978,#11979);
#10084=AXIS2_PLACEMENT_3D('',#14490,#11980,#11981);
#10085=AXIS2_PLACEMENT_3D('',#14491,#11982,#11983);
#10086=AXIS2_PLACEMENT_3D('',#14492,#11984,#11985);
#10087=AXIS2_PLACEMENT_3D('',#14493,#11986,#11987);
#10088=AXIS2_PLACEMENT_3D('',#14494,#11988,#11989);
#10089=AXIS2_PLACEMENT_3D('',#14495,#11990,#11991);
#10090=AXIS2_PLACEMENT_3D('',#14496,#11992,#11993);
#10091=AXIS2_PLACEMENT_3D('',#14497,#11994,#11995);
#10092=AXIS2_PLACEMENT_3D('',#14498,#11996,#11997);
#10093=AXIS2_PLACEMENT_3D('',#14499,#11998,#11999);
#10094=AXIS2_PLACEMENT_3D('',#14500,#12000,#12001);
#10095=AXIS2_PLACEMENT_3D('',#14501,#12002,#12003);
#10096=AXIS2_PLACEMENT_3D('',#14502,#12004,#12005);
#10097=AXIS2_PLACEMENT_3D('',#14503,#12006,#12007);
#10098=AXIS2_PLACEMENT_3D('',#14504,#12008,#12009);
#10099=AXIS2_PLACEMENT_3D('',#14505,#12010,#12011);
#10100=AXIS2_PLACEMENT_3D('',#14506,#12012,#12013);
#10101=AXIS2_PLACEMENT_3D('',#14507,#12014,#12015);
#10102=AXIS2_PLACEMENT_3D('',#14508,#12016,#12017);
#10103=AXIS2_PLACEMENT_3D('',#14509,#12018,#12019);
#10104=AXIS2_PLACEMENT_3D('',#14510,#12020,#12021);
#10105=AXIS2_PLACEMENT_3D('',#14511,#12022,#12023);
#10106=AXIS2_PLACEMENT_3D('',#14512,#12024,#12025);
#10107=AXIS2_PLACEMENT_3D('',#14513,#12026,#12027);
#10108=AXIS2_PLACEMENT_3D('',#14515,#12029,#12030);
#10109=AXIS2_PLACEMENT_3D('',#14516,#12031,#12032);
#10110=AXIS2_PLACEMENT_3D('',#14518,#12034,#12035);
#10111=AXIS2_PLACEMENT_3D('',#14519,#12036,#12037);
#10112=AXIS2_PLACEMENT_3D('',#14521,#12039,#12040);
#10113=AXIS2_PLACEMENT_3D('',#14523,#12042,#12043);
#10114=AXIS2_PLACEMENT_3D('',#14524,#12044,#12045);
#10115=AXIS2_PLACEMENT_3D('',#14526,#12047,#12048);
#10116=AXIS2_PLACEMENT_3D('',#14528,#12050,#12051);
#10117=AXIS2_PLACEMENT_3D('',#14529,#12052,#12053);
#10118=AXIS2_PLACEMENT_3D('',#14531,#12055,#12056);
#10119=AXIS2_PLACEMENT_3D('',#14533,#12058,#12059);
#10120=AXIS2_PLACEMENT_3D('',#14534,#12060,#12061);
#10121=AXIS2_PLACEMENT_3D('',#14536,#12063,#12064);
#10122=AXIS2_PLACEMENT_3D('',#14538,#12066,#12067);
#10123=AXIS2_PLACEMENT_3D('',#14539,#12068,#12069);
#10124=AXIS2_PLACEMENT_3D('',#14541,#12071,#12072);
#10125=AXIS2_PLACEMENT_3D('',#14543,#12074,#12075);
#10126=AXIS2_PLACEMENT_3D('',#14544,#12076,#12077);
#10127=AXIS2_PLACEMENT_3D('',#14546,#12079,#12080);
#10128=AXIS2_PLACEMENT_3D('',#14548,#12082,#12083);
#10129=AXIS2_PLACEMENT_3D('',#14549,#12084,#12085);
#10130=AXIS2_PLACEMENT_3D('',#14551,#12087,#12088);
#10131=AXIS2_PLACEMENT_3D('',#14553,#12090,#12091);
#10132=AXIS2_PLACEMENT_3D('',#14554,#12092,#12093);
#10133=AXIS2_PLACEMENT_3D('',#14556,#12095,#12096);
#10134=AXIS2_PLACEMENT_3D('',#14558,#12098,#12099);
#10135=AXIS2_PLACEMENT_3D('',#14559,#12100,#12101);
#10136=AXIS2_PLACEMENT_3D('',#14561,#12103,#12104);
#10137=AXIS2_PLACEMENT_3D('',#14563,#12106,#12107);
#10138=AXIS2_PLACEMENT_3D('',#14564,#12108,#12109);
#10139=AXIS2_PLACEMENT_3D('',#14566,#12111,#12112);
#10140=AXIS2_PLACEMENT_3D('',#14567,#12113,#12114);
#10141=AXIS2_PLACEMENT_3D('',#14569,#12116,#12117);
#10142=AXIS2_PLACEMENT_3D('',#14571,#12119,#12120);
#10143=AXIS2_PLACEMENT_3D('',#14572,#12121,#12122);
#10144=AXIS2_PLACEMENT_3D('',#14574,#12124,#12125);
#10145=AXIS2_PLACEMENT_3D('',#14576,#12127,#12128);
#10146=AXIS2_PLACEMENT_3D('',#14577,#12129,#12130);
#10147=AXIS2_PLACEMENT_3D('',#14579,#12132,#12133);
#10148=AXIS2_PLACEMENT_3D('',#14581,#12135,#12136);
#10149=AXIS2_PLACEMENT_3D('',#14582,#12137,#12138);
#10150=AXIS2_PLACEMENT_3D('',#14584,#12140,#12141);
#10151=AXIS2_PLACEMENT_3D('',#14586,#12143,#12144);
#10152=AXIS2_PLACEMENT_3D('',#14587,#12145,#12146);
#10153=AXIS2_PLACEMENT_3D('',#14589,#12148,#12149);
#10154=AXIS2_PLACEMENT_3D('',#14591,#12151,#12152);
#10155=AXIS2_PLACEMENT_3D('',#14592,#12153,#12154);
#10156=AXIS2_PLACEMENT_3D('',#14594,#12156,#12157);
#10157=AXIS2_PLACEMENT_3D('',#14596,#12159,#12160);
#10158=AXIS2_PLACEMENT_3D('',#14597,#12161,#12162);
#10159=AXIS2_PLACEMENT_3D('',#14599,#12164,#12165);
#10160=AXIS2_PLACEMENT_3D('',#14601,#12167,#12168);
#10161=AXIS2_PLACEMENT_3D('',#14602,#12169,#12170);
#10162=AXIS2_PLACEMENT_3D('',#14604,#12172,#12173);
#10163=AXIS2_PLACEMENT_3D('',#14606,#12175,#12176);
#10164=AXIS2_PLACEMENT_3D('',#14607,#12177,#12178);
#10165=AXIS2_PLACEMENT_3D('',#14609,#12180,#12181);
#10166=AXIS2_PLACEMENT_3D('',#14611,#12183,#12184);
#10167=AXIS2_PLACEMENT_3D('',#14612,#12185,#12186);
#10168=AXIS2_PLACEMENT_3D('',#14614,#12188,#12189);
#10169=AXIS2_PLACEMENT_3D('',#14615,#12190,#12191);
#10170=AXIS2_PLACEMENT_3D('',#14617,#12193,#12194);
#10171=AXIS2_PLACEMENT_3D('',#14618,#12195,#12196);
#10172=AXIS2_PLACEMENT_3D('',#14620,#12198,#12199);
#10173=AXIS2_PLACEMENT_3D('',#14622,#12201,#12202);
#10174=AXIS2_PLACEMENT_3D('',#14623,#12203,#12204);
#10175=AXIS2_PLACEMENT_3D('',#14625,#12206,#12207);
#10176=AXIS2_PLACEMENT_3D('',#14627,#12209,#12210);
#10177=AXIS2_PLACEMENT_3D('',#14628,#12211,#12212);
#10178=AXIS2_PLACEMENT_3D('',#14630,#12214,#12215);
#10179=AXIS2_PLACEMENT_3D('',#14632,#12217,#12218);
#10180=AXIS2_PLACEMENT_3D('',#14633,#12219,#12220);
#10181=AXIS2_PLACEMENT_3D('',#14635,#12222,#12223);
#10182=AXIS2_PLACEMENT_3D('',#14637,#12225,#12226);
#10183=AXIS2_PLACEMENT_3D('',#14638,#12227,#12228);
#10184=AXIS2_PLACEMENT_3D('',#14640,#12230,#12231);
#10185=AXIS2_PLACEMENT_3D('',#14642,#12233,#12234);
#10186=AXIS2_PLACEMENT_3D('',#14643,#12235,#12236);
#10187=AXIS2_PLACEMENT_3D('',#14645,#12238,#12239);
#10188=AXIS2_PLACEMENT_3D('',#14647,#12241,#12242);
#10189=AXIS2_PLACEMENT_3D('',#14648,#12243,#12244);
#10190=AXIS2_PLACEMENT_3D('',#14650,#12246,#12247);
#10191=AXIS2_PLACEMENT_3D('',#14652,#12249,#12250);
#10192=AXIS2_PLACEMENT_3D('',#14653,#12251,#12252);
#10193=AXIS2_PLACEMENT_3D('',#14655,#12254,#12255);
#10194=AXIS2_PLACEMENT_3D('',#14657,#12257,#12258);
#10195=AXIS2_PLACEMENT_3D('',#14658,#12259,#12260);
#10196=AXIS2_PLACEMENT_3D('',#14660,#12262,#12263);
#10197=AXIS2_PLACEMENT_3D('',#14662,#12265,#12266);
#10198=AXIS2_PLACEMENT_3D('',#14663,#12267,#12268);
#10199=AXIS2_PLACEMENT_3D('',#14665,#12270,#12271);
#10200=AXIS2_PLACEMENT_3D('',#14666,#12272,#12273);
#10201=DIRECTION('',(0.,0.,1.));
#10202=DIRECTION('',(1.,0.,0.));
#10203=DIRECTION('',(0.,-0.939692620785908,-0.342020143325669));
#10204=DIRECTION('',(0.,0.342020143325669,-0.939692620785908));
#10205=DIRECTION('',(-1.,0.,0.));
#10206=DIRECTION('',(0.,-0.342020143325669,0.939692620785908));
#10207=DIRECTION('',(-1.,0.,0.));
#10208=DIRECTION('',(0.,-0.342020143325669,0.939692620785908));
#10209=DIRECTION('',(0.,-0.939692620785908,-0.342020143325669));
#10210=DIRECTION('',(0.,0.342020143325669,-0.939692620785908));
#10211=DIRECTION('',(-1.,0.,0.));
#10212=DIRECTION('',(0.,0.342020143325669,-0.939692620785908));
#10213=DIRECTION('',(-1.,0.,0.));
#10214=DIRECTION('',(0.,-0.342020143325669,0.939692620785908));
#10215=DIRECTION('',(0.,-0.939692620785908,-0.342020143325669));
#10216=DIRECTION('',(0.,0.342020143325669,-0.939692620785908));
#10217=DIRECTION('',(-1.,0.,0.));
#10218=DIRECTION('',(0.,0.342020143325669,-0.939692620785908));
#10219=DIRECTION('',(-1.,0.,0.));
#10220=DIRECTION('',(0.,-0.342020143325669,0.939692620785908));
#10221=DIRECTION('',(0.,-0.939692620785908,-0.342020143325669));
#10222=DIRECTION('',(0.,0.342020143325669,-0.939692620785908));
#10223=DIRECTION('',(-1.,0.,0.));
#10224=DIRECTION('',(0.,0.342020143325669,-0.939692620785908));
#10225=DIRECTION('',(-1.,0.,0.));
#10226=DIRECTION('',(0.,-0.342020143325669,0.939692620785908));
#10227=DIRECTION('',(0.,-0.939692620785908,-0.342020143325669));
#10228=DIRECTION('',(0.,0.342020143325669,-0.939692620785908));
#10229=DIRECTION('',(-1.,0.,0.));
#10230=DIRECTION('',(0.,0.342020143325669,-0.939692620785908));
#10231=DIRECTION('',(-1.,0.,0.));
#10232=DIRECTION('',(0.,-0.342020143325669,0.939692620785908));
#10233=DIRECTION('',(0.,-0.939692620785908,-0.342020143325669));
#10234=DIRECTION('',(0.,0.342020143325669,-0.939692620785908));
#10235=DIRECTION('',(-1.,0.,0.));
#10236=DIRECTION('',(0.,0.342020143325669,-0.939692620785908));
#10237=DIRECTION('',(-1.,0.,0.));
#10238=DIRECTION('',(0.,-0.342020143325669,0.939692620785908));
#10239=DIRECTION('',(0.,-0.939692620785908,-0.342020143325669));
#10240=DIRECTION('',(0.,0.342020143325669,-0.939692620785908));
#10241=DIRECTION('',(-1.,0.,0.));
#10242=DIRECTION('',(0.,0.342020143325669,-0.939692620785908));
#10243=DIRECTION('',(-1.,0.,0.));
#10244=DIRECTION('',(0.,-0.342020143325669,0.939692620785908));
#10245=DIRECTION('',(0.,-0.939692620785908,-0.342020143325669));
#10246=DIRECTION('',(0.,0.342020143325669,-0.939692620785908));
#10247=DIRECTION('',(-1.,0.,0.));
#10248=DIRECTION('',(0.,0.342020143325669,-0.939692620785908));
#10249=DIRECTION('',(-1.,0.,0.));
#10250=DIRECTION('',(0.,-0.342020143325669,0.939692620785908));
#10251=DIRECTION('',(0.,-0.939692620785908,-0.342020143325669));
#10252=DIRECTION('',(0.,0.342020143325669,-0.939692620785908));
#10253=DIRECTION('',(-1.,0.,0.));
#10254=DIRECTION('',(0.,0.342020143325669,-0.939692620785908));
#10255=DIRECTION('',(-1.,0.,0.));
#10256=DIRECTION('',(0.,-0.342020143325669,0.939692620785908));
#10257=DIRECTION('',(0.,-0.939692620785908,-0.342020143325669));
#10258=DIRECTION('',(0.,0.342020143325669,-0.939692620785908));
#10259=DIRECTION('',(-1.,0.,0.));
#10260=DIRECTION('',(0.,0.342020143325669,-0.939692620785908));
#10261=DIRECTION('',(-1.,0.,0.));
#10262=DIRECTION('',(0.,-0.342020143325669,0.939692620785908));
#10263=DIRECTION('',(0.,1.,0.));
#10264=DIRECTION('',(0.,0.,1.));
#10265=DIRECTION('',(0.,0.,-1.));
#10266=DIRECTION('',(1.,0.,-7.74430123203932E-17));
#10267=DIRECTION('',(1.,0.,-7.74430123203932E-17));
#10268=DIRECTION('',(0.,0.,-1.));
#10269=DIRECTION('',(1.,0.,3.5258607235301E-17));
#10270=DIRECTION('',(0.,0.,1.));
#10271=DIRECTION('',(-1.,0.,0.));
#10272=DIRECTION('',(0.,1.,0.));
#10273=DIRECTION('',(0.,0.,1.));
#10274=DIRECTION('',(1.,0.,-7.74430123203932E-17));
#10275=DIRECTION('',(0.,0.,1.));
#10276=DIRECTION('',(-1.,0.,0.));
#10277=DIRECTION('',(0.,0.,-1.));
#10278=DIRECTION('',(0.,1.,0.));
#10279=DIRECTION('',(0.,0.,1.));
#10280=DIRECTION('',(1.,0.,-7.74430123203932E-17));
#10281=DIRECTION('',(0.,0.,1.));
#10282=DIRECTION('',(-1.,0.,0.));
#10283=DIRECTION('',(0.,0.,-1.));
#10284=DIRECTION('',(0.,1.,0.));
#10285=DIRECTION('',(0.,0.,1.));
#10286=DIRECTION('',(1.,0.,-7.74430123203932E-17));
#10287=DIRECTION('',(0.,0.,1.));
#10288=DIRECTION('',(-1.,0.,0.));
#10289=DIRECTION('',(0.,0.,-1.));
#10290=DIRECTION('',(0.,1.,0.));
#10291=DIRECTION('',(0.,0.,1.));
#10292=DIRECTION('',(1.,0.,-7.74430123203932E-17));
#10293=DIRECTION('',(0.,0.,1.));
#10294=DIRECTION('',(-1.,0.,0.));
#10295=DIRECTION('',(0.,0.,-1.));
#10296=DIRECTION('',(0.,1.,0.));
#10297=DIRECTION('',(0.,0.,1.));
#10298=DIRECTION('',(1.,0.,-7.74430123203932E-17));
#10299=DIRECTION('',(0.,0.,1.));
#10300=DIRECTION('',(-1.,0.,0.));
#10301=DIRECTION('',(0.,0.,-1.));
#10302=DIRECTION('',(0.,1.,0.));
#10303=DIRECTION('',(0.,0.,1.));
#10304=DIRECTION('',(1.,0.,-7.74430123203932E-17));
#10305=DIRECTION('',(0.,0.,1.));
#10306=DIRECTION('',(-1.,0.,0.));
#10307=DIRECTION('',(0.,0.,-1.));
#10308=DIRECTION('',(0.,1.,0.));
#10309=DIRECTION('',(0.,0.,1.));
#10310=DIRECTION('',(1.,0.,-7.74430123203932E-17));
#10311=DIRECTION('',(0.,0.,1.));
#10312=DIRECTION('',(-1.,0.,0.));
#10313=DIRECTION('',(0.,0.,-1.));
#10314=DIRECTION('',(0.,1.,0.));
#10315=DIRECTION('',(0.,0.,1.));
#10316=DIRECTION('',(1.,0.,-7.74430123203932E-17));
#10317=DIRECTION('',(0.,0.,1.));
#10318=DIRECTION('',(-1.,0.,0.));
#10319=DIRECTION('',(0.,0.,-1.));
#10320=DIRECTION('',(0.,1.,0.));
#10321=DIRECTION('',(0.,0.,1.));
#10322=DIRECTION('',(1.,0.,-7.74430123203932E-17));
#10323=DIRECTION('',(0.,0.,1.));
#10324=DIRECTION('',(-1.,0.,0.));
#10325=DIRECTION('',(0.,0.,-1.));
#10326=DIRECTION('',(0.,1.,0.));
#10327=DIRECTION('',(0.,0.,1.));
#10328=DIRECTION('',(1.,0.,-7.74430123203932E-17));
#10329=DIRECTION('',(0.,0.,1.));
#10330=DIRECTION('',(-1.,0.,0.));
#10331=DIRECTION('',(0.,0.,-1.));
#10332=DIRECTION('',(1.,0.,3.5258607235301E-17));
#10333=DIRECTION('',(0.,0.,1.));
#10334=DIRECTION('',(1.,0.,-7.74430123203932E-17));
#10335=DIRECTION('',(0.,0.,1.));
#10336=DIRECTION('',(1.,0.,0.));
#10337=DIRECTION('',(0.,1.,0.));
#10338=DIRECTION('',(-1.,0.,0.));
#10339=DIRECTION('',(0.,1.,0.));
#10340=DIRECTION('',(0.,0.,1.));
#10341=DIRECTION('',(1.,0.,0.));
#10342=DIRECTION('',(0.,-1.,0.));
#10343=DIRECTION('',(0.,1.,0.));
#10344=DIRECTION('',(-1.,0.,0.));
#10345=DIRECTION('',(0.,0.,1.));
#10346=DIRECTION('',(1.,0.,0.));
#10347=DIRECTION('',(0.,-1.,0.));
#10348=DIRECTION('',(0.,1.,0.));
#10349=DIRECTION('',(-1.,0.,0.));
#10350=DIRECTION('',(0.,0.,1.));
#10351=DIRECTION('',(1.,0.,0.));
#10352=DIRECTION('',(0.,-1.,0.));
#10353=DIRECTION('',(0.,1.,0.));
#10354=DIRECTION('',(-1.,0.,0.));
#10355=DIRECTION('',(0.,0.,1.));
#10356=DIRECTION('',(1.,0.,0.));
#10357=DIRECTION('',(0.,-1.,0.));
#10358=DIRECTION('',(0.,1.,0.));
#10359=DIRECTION('',(-1.,0.,0.));
#10360=DIRECTION('',(0.,0.,1.));
#10361=DIRECTION('',(1.,0.,0.));
#10362=DIRECTION('',(0.,-1.,0.));
#10363=DIRECTION('',(0.,1.,0.));
#10364=DIRECTION('',(-1.,0.,0.));
#10365=DIRECTION('',(0.,0.,1.));
#10366=DIRECTION('',(1.,0.,0.));
#10367=DIRECTION('',(0.,-1.,0.));
#10368=DIRECTION('',(0.,1.,0.));
#10369=DIRECTION('',(-1.,0.,0.));
#10370=DIRECTION('',(0.,0.,1.));
#10371=DIRECTION('',(1.,0.,0.));
#10372=DIRECTION('',(0.,-1.,0.));
#10373=DIRECTION('',(0.,1.,0.));
#10374=DIRECTION('',(-1.,0.,0.));
#10375=DIRECTION('',(0.,0.,1.));
#10376=DIRECTION('',(1.,0.,0.));
#10377=DIRECTION('',(0.,-1.,0.));
#10378=DIRECTION('',(0.,1.,0.));
#10379=DIRECTION('',(-1.,0.,0.));
#10380=DIRECTION('',(0.,0.,1.));
#10381=DIRECTION('',(1.,0.,0.));
#10382=DIRECTION('',(0.,-1.,0.));
#10383=DIRECTION('',(0.,1.,0.));
#10384=DIRECTION('',(-1.,0.,0.));
#10385=DIRECTION('',(0.,0.,1.));
#10386=DIRECTION('',(1.,0.,0.));
#10387=DIRECTION('',(0.,-1.,0.));
#10388=DIRECTION('',(0.,1.,0.));
#10389=DIRECTION('',(-1.,0.,0.));
#10390=DIRECTION('',(0.,1.,0.));
#10391=DIRECTION('',(0.,0.,1.));
#10392=DIRECTION('',(0.,0.,-1.));
#10393=DIRECTION('',(1.,0.,2.16840434497101E-15));
#10394=DIRECTION('',(0.,0.,-1.));
#10395=DIRECTION('',(0.,0.,-1.));
#10396=DIRECTION('',(1.,0.,0.));
#10397=DIRECTION('',(0.,0.,-1.));
#10398=DIRECTION('',(0.,0.,-1.));
#10399=DIRECTION('',(1.,0.,0.));
#10400=DIRECTION('',(0.,0.,-1.));
#10401=DIRECTION('',(0.,0.,-1.));
#10402=DIRECTION('',(1.,0.,0.));
#10403=DIRECTION('',(0.,0.,-1.));
#10404=DIRECTION('',(0.,0.,-1.));
#10405=DIRECTION('',(1.,0.,0.));
#10406=DIRECTION('',(0.,0.,-1.));
#10407=DIRECTION('',(0.,0.,-1.));
#10408=DIRECTION('',(1.,0.,0.));
#10409=DIRECTION('',(0.,0.,-1.));
#10410=DIRECTION('',(0.,0.,-1.));
#10411=DIRECTION('',(1.,0.,0.));
#10412=DIRECTION('',(0.,0.,-1.));
#10413=DIRECTION('',(0.,0.,-1.));
#10414=DIRECTION('',(1.,0.,0.));
#10415=DIRECTION('',(0.,0.,-1.));
#10416=DIRECTION('',(0.,0.,-1.));
#10417=DIRECTION('',(1.,0.,0.));
#10418=DIRECTION('',(0.,0.,-1.));
#10419=DIRECTION('',(0.,0.,-1.));
#10420=DIRECTION('',(1.,0.,0.));
#10421=DIRECTION('',(0.,0.,-1.));
#10422=DIRECTION('',(0.,0.,-1.));
#10423=DIRECTION('',(-1.,0.,0.));
#10424=DIRECTION('',(0.,0.,-1.));
#10425=DIRECTION('',(0.,0.,-1.));
#10426=DIRECTION('',(-1.,0.,0.));
#10427=DIRECTION('',(1.,0.,0.));
#10428=DIRECTION('',(0.,-1.,0.));
#10429=DIRECTION('',(1.,0.,0.));
#10430=DIRECTION('',(0.,-1.,0.));
#10431=DIRECTION('',(0.,0.,-1.));
#10432=DIRECTION('',(-1.,0.,0.));
#10433=DIRECTION('',(1.,0.,0.));
#10434=DIRECTION('',(0.,-1.,0.));
#10435=DIRECTION('',(1.,0.,0.));
#10436=DIRECTION('',(0.,-1.,0.));
#10437=DIRECTION('',(0.,0.,-1.));
#10438=DIRECTION('',(-1.,0.,0.));
#10439=DIRECTION('',(1.,0.,0.));
#10440=DIRECTION('',(0.,-1.,0.));
#10441=DIRECTION('',(1.,0.,0.));
#10442=DIRECTION('',(0.,-1.,0.));
#10443=DIRECTION('',(0.,0.,-1.));
#10444=DIRECTION('',(-1.,0.,0.));
#10445=DIRECTION('',(1.,0.,0.));
#10446=DIRECTION('',(0.,-1.,0.));
#10447=DIRECTION('',(1.,0.,0.));
#10448=DIRECTION('',(0.,-1.,0.));
#10449=DIRECTION('',(0.,0.,-1.));
#10450=DIRECTION('',(-1.,0.,0.));
#10451=DIRECTION('',(1.,0.,0.));
#10452=DIRECTION('',(0.,-1.,0.));
#10453=DIRECTION('',(1.,0.,0.));
#10454=DIRECTION('',(0.,-1.,0.));
#10455=DIRECTION('',(0.,0.,-1.));
#10456=DIRECTION('',(-1.,0.,0.));
#10457=DIRECTION('',(1.,0.,0.));
#10458=DIRECTION('',(0.,-1.,0.));
#10459=DIRECTION('',(1.,0.,0.));
#10460=DIRECTION('',(0.,-1.,0.));
#10461=DIRECTION('',(0.,0.,-1.));
#10462=DIRECTION('',(-1.,0.,0.));
#10463=DIRECTION('',(1.,0.,0.));
#10464=DIRECTION('',(0.,-1.,0.));
#10465=DIRECTION('',(1.,0.,0.));
#10466=DIRECTION('',(0.,-1.,0.));
#10467=DIRECTION('',(0.,0.,-1.));
#10468=DIRECTION('',(-1.,0.,0.));
#10469=DIRECTION('',(1.,0.,0.));
#10470=DIRECTION('',(0.,-1.,0.));
#10471=DIRECTION('',(1.,0.,0.));
#10472=DIRECTION('',(0.,-1.,0.));
#10473=DIRECTION('',(0.,0.,-1.));
#10474=DIRECTION('',(-1.,0.,0.));
#10475=DIRECTION('',(1.,0.,0.));
#10476=DIRECTION('',(0.,-1.,0.));
#10477=DIRECTION('',(1.,0.,0.));
#10478=DIRECTION('',(0.,-1.,0.));
#10479=DIRECTION('',(0.,0.,-1.));
#10480=DIRECTION('',(-1.,0.,0.));
#10481=DIRECTION('',(1.,0.,0.));
#10482=DIRECTION('',(0.,-1.,0.));
#10483=DIRECTION('',(1.,0.,0.));
#10484=DIRECTION('',(0.,-1.,0.));
#10485=DIRECTION('',(0.,0.,1.));
#10486=DIRECTION('',(1.,0.,0.));
#10487=DIRECTION('',(0.,1.,0.));
#10488=DIRECTION('',(0.,-1.,0.));
#10489=DIRECTION('',(-1.,0.,0.));
#10490=DIRECTION('',(0.,0.,1.));
#10491=DIRECTION('',(1.,0.,0.));
#10492=DIRECTION('',(0.,-1.,0.));
#10493=DIRECTION('',(-1.,0.,0.));
#10494=DIRECTION('',(0.,1.,0.));
#10495=DIRECTION('',(0.,0.,1.));
#10496=DIRECTION('',(1.,0.,0.));
#10497=DIRECTION('',(0.,-1.,0.));
#10498=DIRECTION('',(-1.,0.,0.));
#10499=DIRECTION('',(0.,1.,0.));
#10500=DIRECTION('',(0.,0.,1.));
#10501=DIRECTION('',(1.,0.,0.));
#10502=DIRECTION('',(0.,-1.,0.));
#10503=DIRECTION('',(-1.,0.,0.));
#10504=DIRECTION('',(0.,1.,0.));
#10505=DIRECTION('',(0.,0.,1.));
#10506=DIRECTION('',(1.,0.,0.));
#10507=DIRECTION('',(0.,-1.,0.));
#10508=DIRECTION('',(-1.,0.,0.));
#10509=DIRECTION('',(0.,1.,0.));
#10510=DIRECTION('',(0.,0.,1.));
#10511=DIRECTION('',(1.,0.,0.));
#10512=DIRECTION('',(0.,-1.,0.));
#10513=DIRECTION('',(-1.,0.,0.));
#10514=DIRECTION('',(0.,1.,0.));
#10515=DIRECTION('',(0.,0.,1.));
#10516=DIRECTION('',(1.,0.,0.));
#10517=DIRECTION('',(0.,-1.,0.));
#10518=DIRECTION('',(-1.,0.,0.));
#10519=DIRECTION('',(0.,1.,0.));
#10520=DIRECTION('',(0.,0.,1.));
#10521=DIRECTION('',(1.,0.,0.));
#10522=DIRECTION('',(0.,-1.,0.));
#10523=DIRECTION('',(-1.,0.,0.));
#10524=DIRECTION('',(0.,1.,0.));
#10525=DIRECTION('',(0.,0.,1.));
#10526=DIRECTION('',(1.,0.,0.));
#10527=DIRECTION('',(0.,-1.,0.));
#10528=DIRECTION('',(-1.,0.,0.));
#10529=DIRECTION('',(0.,1.,0.));
#10530=DIRECTION('',(0.,0.,1.));
#10531=DIRECTION('',(1.,0.,0.));
#10532=DIRECTION('',(0.,-1.,0.));
#10533=DIRECTION('',(-1.,0.,0.));
#10534=DIRECTION('',(0.,1.,0.));
#10535=DIRECTION('',(0.,0.,1.));
#10536=DIRECTION('',(1.,0.,0.));
#10537=DIRECTION('',(0.,-1.,0.));
#10538=DIRECTION('',(-1.,0.,0.));
#10539=DIRECTION('',(0.,-1.,0.));
#10540=DIRECTION('',(0.,1.,0.));
#10541=DIRECTION('',(0.,0.,1.));
#10542=DIRECTION('',(1.,0.,2.16840434497101E-15));
#10543=DIRECTION('',(0.,0.,-1.));
#10544=DIRECTION('',(0.,0.,1.));
#10545=DIRECTION('',(1.,0.,3.5258607235301E-17));
#10546=DIRECTION('',(0.,0.,-1.));
#10547=DIRECTION('',(0.,0.,1.));
#10548=DIRECTION('',(1.,0.,0.));
#10549=DIRECTION('',(0.,0.,-1.));
#10550=DIRECTION('',(0.,0.,1.));
#10551=DIRECTION('',(1.,0.,0.));
#10552=DIRECTION('',(0.,0.,-1.));
#10553=DIRECTION('',(0.,0.,1.));
#10554=DIRECTION('',(1.,0.,0.));
#10555=DIRECTION('',(0.,0.,-1.));
#10556=DIRECTION('',(0.,0.,1.));
#10557=DIRECTION('',(1.,0.,0.));
#10558=DIRECTION('',(0.,0.,-1.));
#10559=DIRECTION('',(0.,0.,1.));
#10560=DIRECTION('',(1.,0.,0.));
#10561=DIRECTION('',(0.,0.,-1.));
#10562=DIRECTION('',(0.,0.,1.));
#10563=DIRECTION('',(1.,0.,0.));
#10564=DIRECTION('',(0.,0.,-1.));
#10565=DIRECTION('',(0.,0.,1.));
#10566=DIRECTION('',(1.,0.,0.));
#10567=DIRECTION('',(0.,0.,-1.));
#10568=DIRECTION('',(0.,0.,1.));
#10569=DIRECTION('',(1.,0.,0.));
#10570=DIRECTION('',(0.,0.,-1.));
#10571=DIRECTION('',(0.,0.,1.));
#10572=DIRECTION('',(1.,0.,0.));
#10573=DIRECTION('',(0.,0.,-1.));
#10574=DIRECTION('',(0.,0.,1.));
#10575=DIRECTION('',(0.,0.,1.));
#10576=DIRECTION('',(1.,0.,0.));
#10577=DIRECTION('',(0.,-1.,0.));
#10578=DIRECTION('',(0.,-1.,0.));
#10579=DIRECTION('',(-1.,0.,0.));
#10580=DIRECTION('',(0.,0.,1.));
#10581=DIRECTION('',(1.,0.,0.));
#10582=DIRECTION('',(0.,1.,0.));
#10583=DIRECTION('',(-1.,0.,0.));
#10584=DIRECTION('',(0.,-1.,0.));
#10585=DIRECTION('',(0.,0.,-1.));
#10586=DIRECTION('',(-1.,0.,0.));
#10587=DIRECTION('',(0.,-1.,0.));
#10588=DIRECTION('',(1.,0.,0.));
#10589=DIRECTION('',(0.,-1.,0.));
#10590=DIRECTION('',(1.,0.,0.));
#10591=DIRECTION('',(0.,-1.,0.));
#10592=DIRECTION('',(1.,0.,0.));
#10593=DIRECTION('',(0.,-1.,0.));
#10594=DIRECTION('',(1.,0.,0.));
#10595=DIRECTION('',(0.,1.,0.));
#10596=DIRECTION('',(0.,0.,1.));
#10597=DIRECTION('',(0.,0.,-1.));
#10598=DIRECTION('',(-0.707106781186548,0.,-0.707106781186547));
#10599=DIRECTION('',(0.,0.,-1.));
#10600=DIRECTION('',(-1.,0.,0.));
#10601=DIRECTION('',(-1.,0.,0.));
#10602=DIRECTION('',(0.,0.,-1.));
#10603=DIRECTION('',(0.,1.,0.));
#10604=DIRECTION('',(1.,0.,0.));
#10605=DIRECTION('',(0.,1.,0.));
#10606=DIRECTION('',(0.,0.,1.));
#10607=DIRECTION('',(0.,0.,1.));
#10608=DIRECTION('',(0.,1.,0.));
#10609=DIRECTION('',(1.,0.,0.));
#10610=DIRECTION('',(0.,0.,1.));
#10611=DIRECTION('',(-1.,0.,0.));
#10612=DIRECTION('',(-1.,0.,0.));
#10613=DIRECTION('',(0.,0.,1.));
#10614=DIRECTION('',(-0.707106781186548,0.,0.707106781186547));
#10615=DIRECTION('',(0.,0.,1.));
#10616=DIRECTION('',(1.,0.,0.));
#10617=DIRECTION('',(0.,-1.,0.));
#10618=DIRECTION('',(0.,-1.,0.));
#10619=DIRECTION('',(-1.,0.,0.));
#10620=DIRECTION('',(0.,0.,1.));
#10621=DIRECTION('',(1.,0.,0.));
#10622=DIRECTION('',(0.,-1.,0.));
#10623=DIRECTION('',(-1.,0.,0.));
#10624=DIRECTION('',(0.,-1.,0.));
#10625=DIRECTION('',(1.,0.,0.));
#10626=DIRECTION('',(0.,0.,-1.));
#10627=DIRECTION('',(0.,-1.,0.));
#10628=DIRECTION('',(0.,0.,1.));
#10629=DIRECTION('',(0.,-1.,0.));
#10630=DIRECTION('',(0.,-1.,0.));
#10631=DIRECTION('',(0.,0.,-1.));
#10632=DIRECTION('',(0.,1.,0.));
#10633=DIRECTION('',(1.,0.,0.));
#10634=DIRECTION('',(0.,-1.,0.));
#10635=DIRECTION('',(0.,0.,-1.));
#10636=DIRECTION('',(0.,-1.,0.));
#10637=DIRECTION('',(0.,1.,0.));
#10638=DIRECTION('',(1.,0.,0.));
#10639=DIRECTION('',(-1.,0.,0.));
#10640=DIRECTION('',(0.,0.,1.));
#10641=DIRECTION('',(0.,0.,-1.));
#10642=DIRECTION('',(0.,0.,1.));
#10643=DIRECTION('',(1.,0.,0.));
#10644=DIRECTION('',(-1.,0.,0.));
#10645=DIRECTION('',(0.,-1.,0.));
#10646=DIRECTION('',(0.,1.,0.));
#10647=DIRECTION('',(0.,0.,1.));
#10648=DIRECTION('',(-1.,0.,-1.44560289664734E-16));
#10649=DIRECTION('',(-1.,0.,0.));
#10650=DIRECTION('',(1.44560289664734E-16,0.,-1.));
#10651=DIRECTION('',(-1.,0.,-1.44560289664734E-16));
#10652=DIRECTION('',(0.,-1.,0.));
#10653=DIRECTION('',(0.,-1.,0.));
#10654=DIRECTION('',(1.,0.,1.44560289664734E-16));
#10655=DIRECTION('',(0.,0.,1.));
#10656=DIRECTION('',(1.,0.,0.));
#10657=DIRECTION('',(-1.,0.,0.));
#10658=DIRECTION('',(0.,-1.,0.));
#10659=DIRECTION('',(-1.,0.,0.));
#10660=DIRECTION('',(0.,-1.,0.));
#10661=DIRECTION('',(1.,0.,0.));
#10662=DIRECTION('',(0.,0.,-1.));
#10663=DIRECTION('',(0.,0.,1.));
#10664=DIRECTION('',(0.,-1.,0.));
#10665=DIRECTION('',(0.,0.,1.));
#10666=DIRECTION('',(1.44560289664734E-16,0.,-1.));
#10667=DIRECTION('',(-1.,0.,-1.44560289664734E-16));
#10668=DIRECTION('',(0.,-1.,0.));
#10669=DIRECTION('',(1.,0.,1.44560289664734E-16));
#10670=DIRECTION('',(-1.,0.,0.));
#10671=DIRECTION('',(0.,0.,1.));
#10672=DIRECTION('',(0.,0.,-1.));
#10673=DIRECTION('',(0.,0.,-1.));
#10674=DIRECTION('',(0.,1.,0.));
#10675=DIRECTION('',(0.,0.,1.));
#10676=DIRECTION('',(0.,1.,0.));
#10677=DIRECTION('',(0.,0.,1.));
#10678=DIRECTION('',(1.44560289664734E-16,0.,-1.));
#10679=DIRECTION('',(-1.,0.,-1.44560289664734E-16));
#10680=DIRECTION('',(0.,-1.,0.));
#10681=DIRECTION('',(0.,-1.,0.));
#10682=DIRECTION('',(1.,0.,1.44560289664734E-16));
#10683=DIRECTION('',(0.,0.,1.));
#10684=DIRECTION('',(1.,0.,0.));
#10685=DIRECTION('',(-1.,0.,0.));
#10686=DIRECTION('',(0.,-1.,0.));
#10687=DIRECTION('',(-1.,0.,0.));
#10688=DIRECTION('',(0.,-1.,0.));
#10689=DIRECTION('',(1.,0.,0.));
#10690=DIRECTION('',(0.,0.,-1.));
#10691=DIRECTION('',(0.,-1.,0.));
#10692=DIRECTION('',(0.,0.,1.));
#10693=DIRECTION('',(0.,0.,1.));
#10694=DIRECTION('',(1.44560289664734E-16,0.,-1.));
#10695=DIRECTION('',(-1.,0.,-1.44560289664734E-16));
#10696=DIRECTION('',(0.,-1.,0.));
#10697=DIRECTION('',(1.,0.,1.44560289664734E-16));
#10698=DIRECTION('',(-1.,0.,0.));
#10699=DIRECTION('',(0.,0.,1.));
#10700=DIRECTION('',(0.,0.,-1.));
#10701=DIRECTION('',(0.,0.,-1.));
#10702=DIRECTION('',(0.,1.,0.));
#10703=DIRECTION('',(0.,0.,1.));
#10704=DIRECTION('',(0.,1.,0.));
#10705=DIRECTION('',(0.,0.,1.));
#10706=DIRECTION('',(-1.,0.,0.));
#10707=DIRECTION('',(0.,0.,1.));
#10708=DIRECTION('',(0.,-1.,0.));
#10709=DIRECTION('',(0.,0.,-1.));
#10710=DIRECTION('',(0.,-1.,0.));
#10711=DIRECTION('',(7.74430123203932E-17,0.,1.));
#10712=DIRECTION('',(1.,0.,-7.74430123203932E-17));
#10713=DIRECTION('',(0.,1.,0.));
#10714=DIRECTION('',(-1.,0.,7.74430123203932E-17));
#10715=DIRECTION('',(0.,-1.,0.));
#10716=DIRECTION('',(0.,1.,0.));
#10717=DIRECTION('',(-1.,0.,0.));
#10718=DIRECTION('',(1.,0.,0.));
#10719=DIRECTION('',(0.,0.,-1.));
#10720=DIRECTION('',(0.,0.,1.));
#10721=DIRECTION('',(0.,-1.,0.));
#10722=DIRECTION('',(0.707106781186547,0.,0.707106781186548));
#10723=DIRECTION('',(0.707106781186548,0.,-0.707106781186547));
#10724=DIRECTION('',(-0.707106781186548,0.,0.707106781186547));
#10725=DIRECTION('',(0.,-1.,0.));
#10726=DIRECTION('',(1.,0.,0.));
#10727=DIRECTION('',(0.,0.,-1.));
#10728=DIRECTION('',(0.,0.,1.));
#10729=DIRECTION('',(-1.,0.,0.));
#10730=DIRECTION('',(0.,0.,1.));
#10731=DIRECTION('',(0.,0.,-1.));
#10732=DIRECTION('',(0.,-1.,0.));
#10733=DIRECTION('',(-0.707106781186547,0.,0.707106781186548));
#10734=DIRECTION('',(0.707106781186548,0.,0.707106781186547));
#10735=DIRECTION('',(-0.707106781186548,0.,-0.707106781186547));
#10736=DIRECTION('',(0.,-1.,0.));
#10737=DIRECTION('',(0.,0.,-1.));
#10738=DIRECTION('',(0.,-0.939692620785908,-0.342020143325669));
#10739=DIRECTION('',(0.,0.342020143325669,-0.939692620785908));
#10740=DIRECTION('',(-1.,0.,0.));
#10741=DIRECTION('',(0.,0.342020143325669,-0.939692620785908));
#10742=DIRECTION('',(-1.,0.,0.));
#10743=DIRECTION('',(0.,-0.342020143325669,0.939692620785908));
#10744=DIRECTION('',(0.,-2.71050543121376E-16,-1.));
#10745=DIRECTION('',(0.,1.,-2.71050543121376E-16));
#10746=DIRECTION('',(1.,0.,0.));
#10747=DIRECTION('',(0.,1.,-2.71050543121376E-16));
#10748=DIRECTION('',(0.,-1.,2.71050543121376E-16));
#10749=DIRECTION('',(0.,-1.,2.71050543121376E-16));
#10750=DIRECTION('',(0.,-1.,2.71050543121376E-16));
#10751=DIRECTION('',(1.,0.,0.));
#10752=DIRECTION('',(0.,1.,-2.71050543121376E-16));
#10753=DIRECTION('',(0.,-1.,2.71050543121376E-16));
#10754=DIRECTION('',(1.,0.,0.));
#10755=DIRECTION('',(0.,1.,-2.71050543121376E-16));
#10756=DIRECTION('',(0.,-1.,2.71050543121376E-16));
#10757=DIRECTION('',(1.,0.,0.));
#10758=DIRECTION('',(0.,1.,-2.71050543121376E-16));
#10759=DIRECTION('',(0.,-1.,2.71050543121376E-16));
#10760=DIRECTION('',(1.,0.,0.));
#10761=DIRECTION('',(0.,1.,-2.71050543121376E-16));
#10762=DIRECTION('',(0.,-1.,2.71050543121376E-16));
#10763=DIRECTION('',(1.,0.,0.));
#10764=DIRECTION('',(0.,1.,-2.71050543121376E-16));
#10765=DIRECTION('',(0.,-1.,2.71050543121376E-16));
#10766=DIRECTION('',(1.,0.,0.));
#10767=DIRECTION('',(0.,1.,-2.71050543121376E-16));
#10768=DIRECTION('',(0.,-1.,2.71050543121376E-16));
#10769=DIRECTION('',(1.,0.,0.));
#10770=DIRECTION('',(0.,1.,-2.71050543121376E-16));
#10771=DIRECTION('',(0.,-1.,2.71050543121376E-16));
#10772=DIRECTION('',(1.,0.,0.));
#10773=DIRECTION('',(0.,1.,-2.71050543121376E-16));
#10774=DIRECTION('',(0.,-1.,2.71050543121376E-16));
#10775=DIRECTION('',(1.,0.,0.));
#10776=DIRECTION('',(0.,1.,-2.71050543121376E-16));
#10777=DIRECTION('',(0.,-1.,2.71050543121376E-16));
#10778=DIRECTION('',(0.,-1.,0.));
#10779=DIRECTION('',(0.,0.,-1.));
#10780=DIRECTION('',(1.,0.,0.));
#10781=DIRECTION('',(0.,0.,1.));
#10782=DIRECTION('',(0.,0.,1.));
#10783=DIRECTION('',(0.,0.,1.));
#10784=DIRECTION('',(0.,0.,-1.));
#10785=DIRECTION('',(1.,0.,0.));
#10786=DIRECTION('',(0.,0.,1.));
#10787=DIRECTION('',(0.,0.,-1.));
#10788=DIRECTION('',(1.,0.,0.));
#10789=DIRECTION('',(0.,0.,1.));
#10790=DIRECTION('',(0.,0.,-1.));
#10791=DIRECTION('',(1.,0.,0.));
#10792=DIRECTION('',(0.,0.,1.));
#10793=DIRECTION('',(0.,0.,-1.));
#10794=DIRECTION('',(1.,0.,0.));
#10795=DIRECTION('',(0.,0.,1.));
#10796=DIRECTION('',(0.,0.,-1.));
#10797=DIRECTION('',(1.,0.,0.));
#10798=DIRECTION('',(0.,0.,1.));
#10799=DIRECTION('',(0.,0.,-1.));
#10800=DIRECTION('',(1.,0.,0.));
#10801=DIRECTION('',(0.,0.,1.));
#10802=DIRECTION('',(0.,0.,-1.));
#10803=DIRECTION('',(1.,0.,0.));
#10804=DIRECTION('',(0.,0.,1.));
#10805=DIRECTION('',(0.,0.,-1.));
#10806=DIRECTION('',(1.,0.,0.));
#10807=DIRECTION('',(0.,0.,1.));
#10808=DIRECTION('',(0.,0.,-1.));
#10809=DIRECTION('',(1.,0.,0.));
#10810=DIRECTION('',(0.,0.,1.));
#10811=DIRECTION('',(0.,0.,-1.));
#10812=DIRECTION('',(1.,0.,0.));
#10813=DIRECTION('',(0.,0.,-1.));
#10814=DIRECTION('',(1.,0.,0.));
#10815=DIRECTION('',(0.,0.,-1.));
#10816=DIRECTION('',(-1.,0.,0.));
#10817=DIRECTION('',(0.,0.,1.));
#10818=DIRECTION('',(0.,-1.,0.));
#10819=DIRECTION('',(0.,0.,-1.));
#10820=DIRECTION('',(0.,0.,-1.));
#10821=DIRECTION('',(0.,1.,0.));
#10822=DIRECTION('',(1.,0.,0.));
#10823=DIRECTION('',(0.,0.,-1.));
#10824=DIRECTION('',(0.,0.,1.));
#10825=DIRECTION('',(0.,-1.,0.));
#10826=DIRECTION('',(0.,1.,0.));
#10827=DIRECTION('',(0.,0.,1.));
#10828=DIRECTION('',(-1.,0.,0.));
#10829=DIRECTION('',(0.,0.,1.));
#10830=DIRECTION('',(0.,-1.,0.));
#10831=DIRECTION('',(0.,0.,-1.));
#10832=DIRECTION('',(0.,0.,-1.));
#10833=DIRECTION('',(0.,1.,0.));
#10834=DIRECTION('',(1.,0.,0.));
#10835=DIRECTION('',(0.,0.,-1.));
#10836=DIRECTION('',(0.,0.,1.));
#10837=DIRECTION('',(0.,-1.,0.));
#10838=DIRECTION('',(0.,1.,0.));
#10839=DIRECTION('',(0.,0.,1.));
#10840=DIRECTION('',(-1.,0.,0.));
#10841=DIRECTION('',(0.,0.,1.));
#10842=DIRECTION('',(0.,-1.,0.));
#10843=DIRECTION('',(0.,0.,-1.));
#10844=DIRECTION('',(0.,0.,-1.));
#10845=DIRECTION('',(0.,1.,0.));
#10846=DIRECTION('',(1.,0.,0.));
#10847=DIRECTION('',(0.,0.,-1.));
#10848=DIRECTION('',(0.,0.,1.));
#10849=DIRECTION('',(0.,-1.,0.));
#10850=DIRECTION('',(0.,1.,0.));
#10851=DIRECTION('',(0.,0.,1.));
#10852=DIRECTION('',(-1.,0.,0.));
#10853=DIRECTION('',(0.,0.,1.));
#10854=DIRECTION('',(0.,-1.,0.));
#10855=DIRECTION('',(0.,0.,-1.));
#10856=DIRECTION('',(0.,0.,-1.));
#10857=DIRECTION('',(0.,1.,0.));
#10858=DIRECTION('',(1.,0.,0.));
#10859=DIRECTION('',(0.,0.,-1.));
#10860=DIRECTION('',(0.,0.,1.));
#10861=DIRECTION('',(0.,-1.,0.));
#10862=DIRECTION('',(0.,1.,0.));
#10863=DIRECTION('',(0.,0.,1.));
#10864=DIRECTION('',(-1.,0.,0.));
#10865=DIRECTION('',(0.,0.,1.));
#10866=DIRECTION('',(0.,-1.,0.));
#10867=DIRECTION('',(0.,0.,-1.));
#10868=DIRECTION('',(0.,0.,-1.));
#10869=DIRECTION('',(0.,1.,0.));
#10870=DIRECTION('',(1.,0.,0.));
#10871=DIRECTION('',(0.,0.,-1.));
#10872=DIRECTION('',(0.,0.,1.));
#10873=DIRECTION('',(0.,-1.,0.));
#10874=DIRECTION('',(0.,1.,0.));
#10875=DIRECTION('',(0.,0.,1.));
#10876=DIRECTION('',(-1.,0.,0.));
#10877=DIRECTION('',(0.,0.,1.));
#10878=DIRECTION('',(0.,-1.,0.));
#10879=DIRECTION('',(0.,0.,-1.));
#10880=DIRECTION('',(0.,0.,-1.));
#10881=DIRECTION('',(0.,1.,0.));
#10882=DIRECTION('',(1.,0.,0.));
#10883=DIRECTION('',(0.,0.,-1.));
#10884=DIRECTION('',(0.,0.,1.));
#10885=DIRECTION('',(0.,-1.,0.));
#10886=DIRECTION('',(0.,1.,0.));
#10887=DIRECTION('',(0.,0.,1.));
#10888=DIRECTION('',(-1.,0.,0.));
#10889=DIRECTION('',(0.,0.,1.));
#10890=DIRECTION('',(0.,-1.,0.));
#10891=DIRECTION('',(0.,0.,-1.));
#10892=DIRECTION('',(0.,0.,-1.));
#10893=DIRECTION('',(0.,1.,0.));
#10894=DIRECTION('',(1.,0.,0.));
#10895=DIRECTION('',(0.,0.,-1.));
#10896=DIRECTION('',(0.,0.,1.));
#10897=DIRECTION('',(0.,-1.,0.));
#10898=DIRECTION('',(0.,1.,0.));
#10899=DIRECTION('',(0.,0.,1.));
#10900=DIRECTION('',(-1.,0.,0.));
#10901=DIRECTION('',(0.,0.,1.));
#10902=DIRECTION('',(0.,-1.,0.));
#10903=DIRECTION('',(0.,0.,-1.));
#10904=DIRECTION('',(0.,0.,-1.));
#10905=DIRECTION('',(0.,1.,0.));
#10906=DIRECTION('',(1.,0.,0.));
#10907=DIRECTION('',(0.,0.,-1.));
#10908=DIRECTION('',(0.,0.,1.));
#10909=DIRECTION('',(0.,-1.,0.));
#10910=DIRECTION('',(0.,1.,0.));
#10911=DIRECTION('',(0.,0.,1.));
#10912=DIRECTION('',(-1.,0.,0.));
#10913=DIRECTION('',(0.,0.,1.));
#10914=DIRECTION('',(0.,-1.,0.));
#10915=DIRECTION('',(0.,0.,-1.));
#10916=DIRECTION('',(0.,0.,-1.));
#10917=DIRECTION('',(0.,1.,0.));
#10918=DIRECTION('',(1.,0.,0.));
#10919=DIRECTION('',(0.,0.,-1.));
#10920=DIRECTION('',(0.,0.,1.));
#10921=DIRECTION('',(0.,-1.,0.));
#10922=DIRECTION('',(0.,1.,0.));
#10923=DIRECTION('',(0.,0.,1.));
#10924=DIRECTION('',(1.,0.,0.));
#10925=DIRECTION('',(0.,0.,-1.));
#10926=DIRECTION('',(0.,0.,1.));
#10927=DIRECTION('',(0.,-1.,0.));
#10928=DIRECTION('',(0.,1.,0.));
#10929=DIRECTION('',(0.,0.,1.));
#10930=DIRECTION('',(-1.,0.,0.));
#10931=DIRECTION('',(0.,0.,1.));
#10932=DIRECTION('',(0.,-1.,0.));
#10933=DIRECTION('',(0.,0.,-1.));
#10934=DIRECTION('',(0.,0.,-1.));
#10935=DIRECTION('',(0.,1.,0.));
#10936=DIRECTION('',(0.,1.,0.));
#10937=DIRECTION('',(0.,0.,1.));
#10938=DIRECTION('',(1.,0.,2.16840434497101E-15));
#10939=DIRECTION('',(-2.16840434497101E-15,0.,1.));
#10940=DIRECTION('',(1.,0.,2.16840434497101E-15));
#10941=DIRECTION('',(0.,1.,0.));
#10942=DIRECTION('',(0.,0.,1.));
#10943=DIRECTION('',(1.,0.,0.));
#10944=DIRECTION('',(0.,0.,1.));
#10945=DIRECTION('',(1.,0.,0.));
#10946=DIRECTION('',(0.,1.,0.));
#10947=DIRECTION('',(0.,0.,1.));
#10948=DIRECTION('',(1.,0.,0.));
#10949=DIRECTION('',(0.,0.,1.));
#10950=DIRECTION('',(1.,0.,0.));
#10951=DIRECTION('',(0.,1.,0.));
#10952=DIRECTION('',(0.,0.,1.));
#10953=DIRECTION('',(1.,0.,0.));
#10954=DIRECTION('',(0.,0.,1.));
#10955=DIRECTION('',(1.,0.,0.));
#10956=DIRECTION('',(0.,1.,0.));
#10957=DIRECTION('',(0.,0.,1.));
#10958=DIRECTION('',(1.,0.,0.));
#10959=DIRECTION('',(0.,0.,1.));
#10960=DIRECTION('',(1.,0.,0.));
#10961=DIRECTION('',(0.,1.,0.));
#10962=DIRECTION('',(0.,0.,1.));
#10963=DIRECTION('',(1.,0.,0.));
#10964=DIRECTION('',(0.,0.,1.));
#10965=DIRECTION('',(1.,0.,0.));
#10966=DIRECTION('',(0.,1.,0.));
#10967=DIRECTION('',(0.,0.,1.));
#10968=DIRECTION('',(1.,0.,0.));
#10969=DIRECTION('',(0.,0.,1.));
#10970=DIRECTION('',(1.,0.,0.));
#10971=DIRECTION('',(0.,1.,0.));
#10972=DIRECTION('',(0.,0.,1.));
#10973=DIRECTION('',(1.,0.,0.));
#10974=DIRECTION('',(0.,0.,1.));
#10975=DIRECTION('',(1.,0.,0.));
#10976=DIRECTION('',(0.,1.,0.));
#10977=DIRECTION('',(0.,0.,1.));
#10978=DIRECTION('',(1.,0.,0.));
#10979=DIRECTION('',(0.,0.,1.));
#10980=DIRECTION('',(1.,0.,0.));
#10981=DIRECTION('',(0.,1.,0.));
#10982=DIRECTION('',(0.,0.,1.));
#10983=DIRECTION('',(1.,0.,0.));
#10984=DIRECTION('',(0.,0.,1.));
#10985=DIRECTION('',(1.,0.,0.));
#10986=DIRECTION('',(0.,0.,-1.));
#10987=DIRECTION('',(-1.,0.,0.));
#10988=DIRECTION('',(1.,0.,0.));
#10989=DIRECTION('',(0.,1.,0.));
#10990=DIRECTION('',(0.,0.,1.));
#10991=DIRECTION('',(0.,0.,-1.));
#10992=DIRECTION('',(-1.,0.,0.));
#10993=DIRECTION('',(1.,0.,0.));
#10994=DIRECTION('',(0.,1.,0.));
#10995=DIRECTION('',(0.,0.,1.));
#10996=DIRECTION('',(0.,0.,-1.));
#10997=DIRECTION('',(-1.,0.,0.));
#10998=DIRECTION('',(1.,0.,0.));
#10999=DIRECTION('',(0.,1.,0.));
#11000=DIRECTION('',(0.,0.,1.));
#11001=DIRECTION('',(0.,0.,-1.));
#11002=DIRECTION('',(-1.,0.,0.));
#11003=DIRECTION('',(1.,0.,0.));
#11004=DIRECTION('',(0.,1.,0.));
#11005=DIRECTION('',(0.,0.,1.));
#11006=DIRECTION('',(0.,0.,-1.));
#11007=DIRECTION('',(-1.,0.,0.));
#11008=DIRECTION('',(1.,0.,0.));
#11009=DIRECTION('',(0.,1.,0.));
#11010=DIRECTION('',(0.,0.,1.));
#11011=DIRECTION('',(0.,0.,-1.));
#11012=DIRECTION('',(-1.,0.,0.));
#11013=DIRECTION('',(1.,0.,0.));
#11014=DIRECTION('',(0.,1.,0.));
#11015=DIRECTION('',(0.,0.,1.));
#11016=DIRECTION('',(0.,0.,-1.));
#11017=DIRECTION('',(-1.,0.,0.));
#11018=DIRECTION('',(1.,0.,0.));
#11019=DIRECTION('',(0.,1.,0.));
#11020=DIRECTION('',(0.,0.,1.));
#11021=DIRECTION('',(0.,0.,-1.));
#11022=DIRECTION('',(-1.,0.,0.));
#11023=DIRECTION('',(1.,0.,0.));
#11024=DIRECTION('',(0.,1.,0.));
#11025=DIRECTION('',(0.,0.,1.));
#11026=DIRECTION('',(0.,0.,-1.));
#11027=DIRECTION('',(-1.,0.,0.));
#11028=DIRECTION('',(1.,0.,0.));
#11029=DIRECTION('',(0.,1.,0.));
#11030=DIRECTION('',(0.,0.,1.));
#11031=DIRECTION('',(2.16840434497101E-15,0.,-1.));
#11032=DIRECTION('',(-1.,0.,-2.16840434497101E-15));
#11033=DIRECTION('',(1.,0.,2.16840434497101E-15));
#11034=DIRECTION('',(0.,1.,0.));
#11035=DIRECTION('',(0.,0.,1.));
#11036=DIRECTION('',(0.,0.,-1.));
#11037=DIRECTION('',(-1.,0.,0.));
#11038=DIRECTION('',(0.,1.,0.));
#11039=DIRECTION('',(-1.,0.,0.));
#11040=DIRECTION('',(0.,1.,0.));
#11041=DIRECTION('',(1.,0.,0.));
#11042=DIRECTION('',(0.,0.,-1.));
#11043=DIRECTION('',(0.,0.,-1.));
#11044=DIRECTION('',(-1.,0.,0.));
#11045=DIRECTION('',(0.,0.,1.));
#11046=DIRECTION('',(0.,0.,1.));
#11047=DIRECTION('',(0.,1.,0.));
#11048=DIRECTION('',(0.,0.,1.));
#11049=DIRECTION('',(-1.,0.,0.));
#11050=DIRECTION('',(0.,0.,1.));
#11051=DIRECTION('',(0.,0.,1.));
#11052=DIRECTION('',(0.,1.,0.));
#11053=DIRECTION('',(0.,0.,-1.));
#11054=DIRECTION('',(-1.,0.,0.));
#11055=DIRECTION('',(-1.,0.,0.));
#11056=DIRECTION('',(0.,1.,0.));
#11057=DIRECTION('',(1.,0.,0.));
#11058=DIRECTION('',(0.,0.,-1.));
#11059=DIRECTION('',(0.,0.,-1.));
#11060=DIRECTION('',(0.,1.,0.));
#11061=DIRECTION('',(0.,0.,1.));
#11062=DIRECTION('',(-1.,0.,0.));
#11063=DIRECTION('',(0.,0.,1.));
#11064=DIRECTION('',(0.,0.,1.));
#11065=DIRECTION('',(0.,1.,0.));
#11066=DIRECTION('',(0.,0.,-1.));
#11067=DIRECTION('',(-1.,0.,0.));
#11068=DIRECTION('',(-1.,0.,0.));
#11069=DIRECTION('',(0.,1.,0.));
#11070=DIRECTION('',(1.,0.,0.));
#11071=DIRECTION('',(0.,0.,-1.));
#11072=DIRECTION('',(0.,0.,-1.));
#11073=DIRECTION('',(0.,1.,0.));
#11074=DIRECTION('',(0.,0.,1.));
#11075=DIRECTION('',(-1.,0.,0.));
#11076=DIRECTION('',(0.,0.,1.));
#11077=DIRECTION('',(0.,0.,1.));
#11078=DIRECTION('',(0.,1.,0.));
#11079=DIRECTION('',(0.,0.,-1.));
#11080=DIRECTION('',(-1.,0.,0.));
#11081=DIRECTION('',(-1.,0.,0.));
#11082=DIRECTION('',(0.,1.,0.));
#11083=DIRECTION('',(1.,0.,0.));
#11084=DIRECTION('',(0.,0.,-1.));
#11085=DIRECTION('',(0.,0.,-1.));
#11086=DIRECTION('',(0.,1.,0.));
#11087=DIRECTION('',(0.,0.,1.));
#11088=DIRECTION('',(-1.,0.,0.));
#11089=DIRECTION('',(0.,0.,1.));
#11090=DIRECTION('',(0.,0.,1.));
#11091=DIRECTION('',(0.,1.,0.));
#11092=DIRECTION('',(0.,0.,-1.));
#11093=DIRECTION('',(-1.,0.,0.));
#11094=DIRECTION('',(-1.,0.,0.));
#11095=DIRECTION('',(0.,1.,0.));
#11096=DIRECTION('',(1.,0.,0.));
#11097=DIRECTION('',(0.,0.,-1.));
#11098=DIRECTION('',(0.,0.,-1.));
#11099=DIRECTION('',(0.,1.,0.));
#11100=DIRECTION('',(0.,0.,1.));
#11101=DIRECTION('',(-1.,0.,0.));
#11102=DIRECTION('',(0.,0.,1.));
#11103=DIRECTION('',(0.,0.,1.));
#11104=DIRECTION('',(0.,1.,0.));
#11105=DIRECTION('',(0.,0.,-1.));
#11106=DIRECTION('',(-1.,0.,0.));
#11107=DIRECTION('',(-1.,0.,0.));
#11108=DIRECTION('',(0.,1.,0.));
#11109=DIRECTION('',(1.,0.,0.));
#11110=DIRECTION('',(0.,0.,-1.));
#11111=DIRECTION('',(0.,0.,-1.));
#11112=DIRECTION('',(0.,1.,0.));
#11113=DIRECTION('',(0.,0.,1.));
#11114=DIRECTION('',(-1.,0.,0.));
#11115=DIRECTION('',(0.,0.,1.));
#11116=DIRECTION('',(0.,0.,1.));
#11117=DIRECTION('',(0.,1.,0.));
#11118=DIRECTION('',(0.,0.,-1.));
#11119=DIRECTION('',(-1.,0.,0.));
#11120=DIRECTION('',(-1.,0.,0.));
#11121=DIRECTION('',(0.,1.,0.));
#11122=DIRECTION('',(1.,0.,0.));
#11123=DIRECTION('',(0.,0.,-1.));
#11124=DIRECTION('',(0.,0.,-1.));
#11125=DIRECTION('',(0.,1.,0.));
#11126=DIRECTION('',(0.,0.,1.));
#11127=DIRECTION('',(-1.,0.,0.));
#11128=DIRECTION('',(0.,0.,1.));
#11129=DIRECTION('',(0.,0.,1.));
#11130=DIRECTION('',(0.,1.,0.));
#11131=DIRECTION('',(0.,0.,-1.));
#11132=DIRECTION('',(-1.,0.,0.));
#11133=DIRECTION('',(-1.,0.,0.));
#11134=DIRECTION('',(0.,1.,0.));
#11135=DIRECTION('',(1.,0.,0.));
#11136=DIRECTION('',(0.,0.,-1.));
#11137=DIRECTION('',(0.,0.,-1.));
#11138=DIRECTION('',(0.,1.,0.));
#11139=DIRECTION('',(0.,0.,1.));
#11140=DIRECTION('',(-1.,0.,0.));
#11141=DIRECTION('',(0.,0.,1.));
#11142=DIRECTION('',(0.,0.,1.));
#11143=DIRECTION('',(0.,1.,0.));
#11144=DIRECTION('',(0.,0.,-1.));
#11145=DIRECTION('',(-1.,0.,0.));
#11146=DIRECTION('',(-1.,0.,0.));
#11147=DIRECTION('',(0.,1.,0.));
#11148=DIRECTION('',(1.,0.,0.));
#11149=DIRECTION('',(0.,0.,-1.));
#11150=DIRECTION('',(0.,0.,-1.));
#11151=DIRECTION('',(0.,1.,0.));
#11152=DIRECTION('',(0.,0.,1.));
#11153=DIRECTION('',(0.,1.,0.));
#11154=DIRECTION('',(0.,0.,1.));
#11155=DIRECTION('',(0.,0.,-1.));
#11156=DIRECTION('',(-1.,0.,0.));
#11157=DIRECTION('',(0.,0.,1.));
#11158=DIRECTION('',(1.,0.,0.));
#11159=DIRECTION('',(0.,0.,-1.));
#11160=DIRECTION('',(0.,1.,0.));
#11161=DIRECTION('',(0.,0.,-1.));
#11162=DIRECTION('',(-1.,0.,0.));
#11163=DIRECTION('',(0.,1.,0.));
#11164=DIRECTION('',(-1.,0.,0.));
#11165=DIRECTION('',(0.,0.,1.));
#11166=DIRECTION('',(0.,0.,1.));
#11167=DIRECTION('',(1.,0.,0.));
#11168=DIRECTION('',(0.,1.,0.));
#11169=DIRECTION('',(0.,0.,1.));
#11170=DIRECTION('',(1.,0.,0.));
#11171=DIRECTION('',(0.,0.,-1.));
#11172=DIRECTION('',(-1.,0.,0.));
#11173=DIRECTION('',(0.,0.,1.));
#11174=DIRECTION('',(1.,0.,0.));
#11175=DIRECTION('',(0.,0.,-1.));
#11176=DIRECTION('',(-1.,0.,0.));
#11177=DIRECTION('',(0.,0.,1.));
#11178=DIRECTION('',(1.,0.,0.));
#11179=DIRECTION('',(0.,0.,-1.));
#11180=DIRECTION('',(-1.,0.,0.));
#11181=DIRECTION('',(0.,0.,1.));
#11182=DIRECTION('',(1.,0.,0.));
#11183=DIRECTION('',(0.,0.,-1.));
#11184=DIRECTION('',(-1.,0.,0.));
#11185=DIRECTION('',(0.,0.,1.));
#11186=DIRECTION('',(1.,0.,0.));
#11187=DIRECTION('',(0.,0.,-1.));
#11188=DIRECTION('',(-1.,0.,0.));
#11189=DIRECTION('',(0.,0.,1.));
#11190=DIRECTION('',(1.,0.,0.));
#11191=DIRECTION('',(0.,0.,-1.));
#11192=DIRECTION('',(-1.,0.,0.));
#11193=DIRECTION('',(0.,0.,1.));
#11194=DIRECTION('',(1.,0.,0.));
#11195=DIRECTION('',(0.,0.,-1.));
#11196=DIRECTION('',(-1.,0.,0.));
#11197=DIRECTION('',(0.,0.,1.));
#11198=DIRECTION('',(1.,0.,0.));
#11199=DIRECTION('',(0.,0.,-1.));
#11200=DIRECTION('',(-1.,0.,0.));
#11201=DIRECTION('',(0.,0.,1.));
#11202=DIRECTION('',(1.,0.,0.));
#11203=DIRECTION('',(0.,0.,-1.));
#11204=DIRECTION('',(-1.,0.,0.));
#11205=DIRECTION('',(0.,0.,1.));
#11206=DIRECTION('',(1.,0.,0.));
#11207=DIRECTION('',(0.,0.,-1.));
#11208=DIRECTION('',(-1.,0.,0.));
#11209=DIRECTION('',(0.,0.,1.));
#11210=DIRECTION('',(1.,0.,0.));
#11211=DIRECTION('',(0.,0.,-1.));
#11212=DIRECTION('',(-1.,0.,0.));
#11213=DIRECTION('',(0.,0.,1.));
#11214=DIRECTION('',(-1.,0.,0.));
#11215=DIRECTION('',(0.,0.,-1.));
#11216=DIRECTION('',(-1.,0.,0.));
#11217=DIRECTION('',(0.,0.,1.));
#11218=DIRECTION('',(-1.,0.,0.));
#11219=DIRECTION('',(0.,0.,-1.));
#11220=DIRECTION('',(-1.,0.,0.));
#11221=DIRECTION('',(0.,0.,1.));
#11222=DIRECTION('',(-1.,0.,0.));
#11223=DIRECTION('',(0.,0.,-1.));
#11224=DIRECTION('',(-1.,0.,0.));
#11225=DIRECTION('',(0.,0.,1.));
#11226=DIRECTION('',(-1.,0.,0.));
#11227=DIRECTION('',(0.,0.,-1.));
#11228=DIRECTION('',(-1.,0.,0.));
#11229=DIRECTION('',(0.,0.,1.));
#11230=DIRECTION('',(-1.,0.,0.));
#11231=DIRECTION('',(0.,0.,-1.));
#11232=DIRECTION('',(-1.,0.,0.));
#11233=DIRECTION('',(0.,0.,1.));
#11234=DIRECTION('',(-1.,0.,0.));
#11235=DIRECTION('',(0.,0.,-1.));
#11236=DIRECTION('',(-1.,0.,0.));
#11237=DIRECTION('',(0.,0.,1.));
#11238=DIRECTION('',(-1.,0.,0.));
#11239=DIRECTION('',(0.,0.,-1.));
#11240=DIRECTION('',(-1.,0.,0.));
#11241=DIRECTION('',(0.,0.,1.));
#11242=DIRECTION('',(-1.,0.,0.));
#11243=DIRECTION('',(0.,0.,-1.));
#11244=DIRECTION('',(-1.,0.,0.));
#11245=DIRECTION('',(0.,0.,1.));
#11246=DIRECTION('',(-1.,0.,0.));
#11247=DIRECTION('',(0.,0.,-1.));
#11248=DIRECTION('',(-1.,0.,0.));
#11249=DIRECTION('',(0.,0.,1.));
#11250=DIRECTION('',(-1.,0.,0.));
#11251=DIRECTION('',(0.,0.,-1.));
#11252=DIRECTION('',(-1.,0.,0.));
#11253=DIRECTION('',(0.,0.,-1.));
#11254=DIRECTION('',(0.,-1.,0.));
#11255=DIRECTION('',(0.,0.,-1.));
#11256=DIRECTION('',(-1.,0.,0.));
#11257=DIRECTION('',(0.,0.,1.));
#11258=DIRECTION('',(1.,0.,0.));
#11259=DIRECTION('',(0.,0.,1.));
#11260=DIRECTION('',(-1.,0.,0.));
#11261=DIRECTION('',(0.,0.,-1.));
#11262=DIRECTION('',(1.,0.,0.));
#11263=DIRECTION('',(0.,0.,1.));
#11264=DIRECTION('',(-1.,0.,0.));
#11265=DIRECTION('',(0.,0.,-1.));
#11266=DIRECTION('',(1.,0.,0.));
#11267=DIRECTION('',(0.,0.,1.));
#11268=DIRECTION('',(-1.,0.,0.));
#11269=DIRECTION('',(0.,0.,-1.));
#11270=DIRECTION('',(1.,0.,0.));
#11271=DIRECTION('',(0.,0.,1.));
#11272=DIRECTION('',(-1.,0.,0.));
#11273=DIRECTION('',(0.,0.,-1.));
#11274=DIRECTION('',(1.,0.,0.));
#11275=DIRECTION('',(0.,0.,1.));
#11276=DIRECTION('',(-1.,0.,0.));
#11277=DIRECTION('',(0.,0.,-1.));
#11278=DIRECTION('',(1.,0.,0.));
#11279=DIRECTION('',(0.,0.,1.));
#11280=DIRECTION('',(-1.,0.,0.));
#11281=DIRECTION('',(0.,0.,-1.));
#11282=DIRECTION('',(1.,0.,0.));
#11283=DIRECTION('',(0.,0.,1.));
#11284=DIRECTION('',(-1.,0.,0.));
#11285=DIRECTION('',(0.,0.,-1.));
#11286=DIRECTION('',(1.,0.,0.));
#11287=DIRECTION('',(0.,0.,1.));
#11288=DIRECTION('',(-1.,0.,0.));
#11289=DIRECTION('',(0.,0.,-1.));
#11290=DIRECTION('',(1.,0.,0.));
#11291=DIRECTION('',(0.,0.,1.));
#11292=DIRECTION('',(-1.,0.,0.));
#11293=DIRECTION('',(0.,0.,-1.));
#11294=DIRECTION('',(1.,0.,0.));
#11295=DIRECTION('',(0.,0.,1.));
#11296=DIRECTION('',(-1.,0.,0.));
#11297=DIRECTION('',(0.,0.,-1.));
#11298=DIRECTION('',(1.,0.,0.));
#11299=DIRECTION('',(0.,0.,1.));
#11300=DIRECTION('',(-1.,0.,0.));
#11301=DIRECTION('',(0.,0.,-1.));
#11302=DIRECTION('',(-1.,0.,0.));
#11303=DIRECTION('',(0.,0.,1.));
#11304=DIRECTION('',(-1.,0.,0.));
#11305=DIRECTION('',(0.,0.,-1.));
#11306=DIRECTION('',(-1.,0.,0.));
#11307=DIRECTION('',(0.,0.,1.));
#11308=DIRECTION('',(-1.,0.,0.));
#11309=DIRECTION('',(0.,0.,-1.));
#11310=DIRECTION('',(-1.,0.,0.));
#11311=DIRECTION('',(0.,0.,1.));
#11312=DIRECTION('',(-1.,0.,0.));
#11313=DIRECTION('',(0.,0.,-1.));
#11314=DIRECTION('',(-1.,0.,0.));
#11315=DIRECTION('',(0.,0.,1.));
#11316=DIRECTION('',(-1.,0.,0.));
#11317=DIRECTION('',(0.,0.,-1.));
#11318=DIRECTION('',(-1.,0.,0.));
#11319=DIRECTION('',(0.,0.,1.));
#11320=DIRECTION('',(-1.,0.,0.));
#11321=DIRECTION('',(0.,0.,-1.));
#11322=DIRECTION('',(-1.,0.,0.));
#11323=DIRECTION('',(0.,0.,1.));
#11324=DIRECTION('',(-1.,0.,0.));
#11325=DIRECTION('',(0.,0.,-1.));
#11326=DIRECTION('',(-1.,0.,0.));
#11327=DIRECTION('',(0.,0.,1.));
#11328=DIRECTION('',(-1.,0.,0.));
#11329=DIRECTION('',(0.,0.,-1.));
#11330=DIRECTION('',(-1.,0.,0.));
#11331=DIRECTION('',(0.,0.,1.));
#11332=DIRECTION('',(-1.,0.,0.));
#11333=DIRECTION('',(0.,0.,-1.));
#11334=DIRECTION('',(-1.,0.,0.));
#11335=DIRECTION('',(0.,0.,1.));
#11336=DIRECTION('',(-1.,0.,0.));
#11337=DIRECTION('',(0.,0.,-1.));
#11338=DIRECTION('',(-1.,0.,0.));
#11339=DIRECTION('',(0.,0.,1.));
#11340=DIRECTION('',(1.,0.,0.));
#11341=DIRECTION('',(0.,0.,-1.));
#11342=DIRECTION('',(0.,-1.,0.));
#11343=DIRECTION('',(0.,0.,-1.));
#11344=DIRECTION('',(0.,-1.,0.));
#11345=DIRECTION('',(0.,0.17364817766693,0.984807753012208));
#11346=DIRECTION('',(0.,-1.,0.));
#11347=DIRECTION('',(0.,1.,0.));
#11348=DIRECTION('',(1.,0.,0.));
#11349=DIRECTION('',(0.,0.,-1.));
#11350=DIRECTION('',(0.,-1.,0.));
#11351=DIRECTION('',(0.,1.,0.));
#11352=DIRECTION('',(0.,-1.,0.));
#11353=DIRECTION('',(0.,0.17364817766693,0.984807753012208));
#11354=DIRECTION('',(0.,-1.,0.));
#11355=DIRECTION('',(0.,0.,-1.));
#11356=DIRECTION('',(0.,0.,-1.));
#11357=DIRECTION('',(-1.,0.,0.));
#11358=DIRECTION('',(0.,-1.,0.));
#11359=DIRECTION('',(-1.,0.,0.));
#11360=DIRECTION('',(0.,1.,0.));
#11361=DIRECTION('',(0.,0.,-1.));
#11362=DIRECTION('',(-1.,0.,0.));
#11363=DIRECTION('',(0.,-1.,0.));
#11364=DIRECTION('',(-1.,0.,0.));
#11365=DIRECTION('',(0.,1.,0.));
#11366=DIRECTION('',(0.,0.,-1.));
#11367=DIRECTION('',(-1.,0.,0.));
#11368=DIRECTION('',(0.,-1.,0.));
#11369=DIRECTION('',(-1.,0.,0.));
#11370=DIRECTION('',(0.,1.,0.));
#11371=DIRECTION('',(0.,0.,-1.));
#11372=DIRECTION('',(-1.,0.,0.));
#11373=DIRECTION('',(0.,-1.,0.));
#11374=DIRECTION('',(-1.,0.,0.));
#11375=DIRECTION('',(0.,1.,0.));
#11376=DIRECTION('',(0.,0.,-1.));
#11377=DIRECTION('',(-1.,0.,0.));
#11378=DIRECTION('',(0.,-1.,0.));
#11379=DIRECTION('',(-1.,0.,0.));
#11380=DIRECTION('',(0.,1.,0.));
#11381=DIRECTION('',(0.,0.,-1.));
#11382=DIRECTION('',(-1.,0.,0.));
#11383=DIRECTION('',(0.,-1.,0.));
#11384=DIRECTION('',(-1.,0.,0.));
#11385=DIRECTION('',(0.,1.,0.));
#11386=DIRECTION('',(0.,0.,-1.));
#11387=DIRECTION('',(-1.,0.,0.));
#11388=DIRECTION('',(0.,-1.,0.));
#11389=DIRECTION('',(-1.,0.,0.));
#11390=DIRECTION('',(0.,1.,0.));
#11391=DIRECTION('',(0.,0.,-1.));
#11392=DIRECTION('',(-1.,0.,0.));
#11393=DIRECTION('',(0.,-1.,0.));
#11394=DIRECTION('',(-1.,0.,0.));
#11395=DIRECTION('',(0.,1.,0.));
#11396=DIRECTION('',(0.,0.,-1.));
#11397=DIRECTION('',(-1.,0.,0.));
#11398=DIRECTION('',(0.,-1.,0.));
#11399=DIRECTION('',(-1.,0.,0.));
#11400=DIRECTION('',(0.,1.,0.));
#11401=DIRECTION('',(0.,0.,-1.));
#11402=DIRECTION('',(-1.,0.,0.));
#11403=DIRECTION('',(0.,-1.,0.));
#11404=DIRECTION('',(-1.,0.,0.));
#11405=DIRECTION('',(0.,1.,0.));
#11406=DIRECTION('',(0.,0.,-1.));
#11407=DIRECTION('',(-1.,0.,0.));
#11408=DIRECTION('',(0.,-1.,0.));
#11409=DIRECTION('',(0.,1.,0.));
#11410=DIRECTION('',(-1.,0.,0.));
#11411=DIRECTION('',(0.,0.,-1.));
#11412=DIRECTION('',(-1.,0.,0.));
#11413=DIRECTION('',(0.,-1.,0.));
#11414=DIRECTION('',(0.,1.,0.));
#11415=DIRECTION('',(-1.,0.,0.));
#11416=DIRECTION('',(0.,0.,-1.));
#11417=DIRECTION('',(-1.,0.,0.));
#11418=DIRECTION('',(0.,-1.,0.));
#11419=DIRECTION('',(0.,1.,0.));
#11420=DIRECTION('',(-1.,0.,0.));
#11421=DIRECTION('',(0.,0.,-1.));
#11422=DIRECTION('',(-1.,0.,0.));
#11423=DIRECTION('',(0.,-1.,0.));
#11424=DIRECTION('',(0.,1.,0.));
#11425=DIRECTION('',(-1.,0.,0.));
#11426=DIRECTION('',(0.,0.,-1.));
#11427=DIRECTION('',(-1.,0.,0.));
#11428=DIRECTION('',(0.,-1.,0.));
#11429=DIRECTION('',(0.,1.,0.));
#11430=DIRECTION('',(-1.,0.,0.));
#11431=DIRECTION('',(0.,0.,-1.));
#11432=DIRECTION('',(-1.,0.,0.));
#11433=DIRECTION('',(0.,-1.,0.));
#11434=DIRECTION('',(0.,1.,0.));
#11435=DIRECTION('',(-1.,0.,0.));
#11436=DIRECTION('',(0.,0.,-1.));
#11437=DIRECTION('',(-1.,0.,0.));
#11438=DIRECTION('',(0.,-1.,0.));
#11439=DIRECTION('',(0.,1.,0.));
#11440=DIRECTION('',(-1.,0.,0.));
#11441=DIRECTION('',(0.,0.,-1.));
#11442=DIRECTION('',(-1.,0.,0.));
#11443=DIRECTION('',(0.,-1.,0.));
#11444=DIRECTION('',(0.,1.,0.));
#11445=DIRECTION('',(-1.,0.,0.));
#11446=DIRECTION('',(0.,0.,-1.));
#11447=DIRECTION('',(-1.,0.,0.));
#11448=DIRECTION('',(0.,-1.,0.));
#11449=DIRECTION('',(0.,1.,0.));
#11450=DIRECTION('',(-1.,0.,0.));
#11451=DIRECTION('',(0.,0.,-1.));
#11452=DIRECTION('',(-1.,0.,0.));
#11453=DIRECTION('',(0.,-1.,0.));
#11454=DIRECTION('',(0.,1.,0.));
#11455=DIRECTION('',(-1.,0.,0.));
#11456=DIRECTION('',(0.,1.,0.));
#11457=DIRECTION('',(0.,0.,1.));
#11458=DIRECTION('',(1.,0.,0.));
#11459=DIRECTION('',(0.,0.,-1.));
#11460=DIRECTION('',(0.,0.,1.));
#11461=DIRECTION('',(1.,0.,0.));
#11462=DIRECTION('',(0.,0.,-1.));
#11463=DIRECTION('',(0.,0.,1.));
#11464=DIRECTION('',(1.,0.,0.));
#11465=DIRECTION('',(0.,0.,-1.));
#11466=DIRECTION('',(0.,0.,1.));
#11467=DIRECTION('',(1.,0.,0.));
#11468=DIRECTION('',(0.,0.,-1.));
#11469=DIRECTION('',(0.,0.,1.));
#11470=DIRECTION('',(1.,0.,0.));
#11471=DIRECTION('',(0.,0.,-1.));
#11472=DIRECTION('',(0.,0.,1.));
#11473=DIRECTION('',(1.,0.,0.));
#11474=DIRECTION('',(0.,0.,-1.));
#11475=DIRECTION('',(0.,0.,1.));
#11476=DIRECTION('',(1.,0.,0.));
#11477=DIRECTION('',(0.,0.,-1.));
#11478=DIRECTION('',(0.,0.,1.));
#11479=DIRECTION('',(1.,0.,0.));
#11480=DIRECTION('',(0.,0.,-1.));
#11481=DIRECTION('',(0.,0.,1.));
#11482=DIRECTION('',(1.,0.,0.));
#11483=DIRECTION('',(0.,0.,-1.));
#11484=DIRECTION('',(0.,0.,1.));
#11485=DIRECTION('',(1.,0.,0.));
#11486=DIRECTION('',(0.,0.,-1.));
#11487=DIRECTION('',(0.,0.,1.));
#11488=DIRECTION('',(1.,0.,0.));
#11489=DIRECTION('',(-1.,0.,0.));
#11490=DIRECTION('',(0.,-0.984807753012208,0.17364817766693));
#11491=DIRECTION('',(0.,-0.17364817766693,-0.984807753012208));
#11492=DIRECTION('',(-1.,0.,0.));
#11493=DIRECTION('',(-1.,0.,0.));
#11494=DIRECTION('',(-1.,0.,0.));
#11495=DIRECTION('',(0.,-0.17364817766693,-0.984807753012208));
#11496=DIRECTION('',(-1.,0.,0.));
#11497=DIRECTION('',(0.,0.17364817766693,0.984807753012208));
#11498=DIRECTION('',(-1.,0.,0.));
#11499=DIRECTION('',(0.,-0.17364817766693,-0.984807753012208));
#11500=DIRECTION('',(-1.,0.,0.));
#11501=DIRECTION('',(0.,0.17364817766693,0.984807753012208));
#11502=DIRECTION('',(-1.,0.,0.));
#11503=DIRECTION('',(0.,-0.17364817766693,-0.984807753012208));
#11504=DIRECTION('',(-1.,0.,0.));
#11505=DIRECTION('',(0.,0.17364817766693,0.984807753012208));
#11506=DIRECTION('',(-1.,0.,0.));
#11507=DIRECTION('',(0.,-0.17364817766693,-0.984807753012208));
#11508=DIRECTION('',(-1.,0.,0.));
#11509=DIRECTION('',(0.,0.17364817766693,0.984807753012208));
#11510=DIRECTION('',(-1.,0.,0.));
#11511=DIRECTION('',(0.,-0.17364817766693,-0.984807753012208));
#11512=DIRECTION('',(-1.,0.,0.));
#11513=DIRECTION('',(0.,0.17364817766693,0.984807753012208));
#11514=DIRECTION('',(-1.,0.,0.));
#11515=DIRECTION('',(0.,-0.17364817766693,-0.984807753012208));
#11516=DIRECTION('',(-1.,0.,0.));
#11517=DIRECTION('',(0.,0.17364817766693,0.984807753012208));
#11518=DIRECTION('',(-1.,0.,0.));
#11519=DIRECTION('',(0.,-0.17364817766693,-0.984807753012208));
#11520=DIRECTION('',(-1.,0.,0.));
#11521=DIRECTION('',(0.,0.17364817766693,0.984807753012208));
#11522=DIRECTION('',(-1.,0.,0.));
#11523=DIRECTION('',(0.,-0.17364817766693,-0.984807753012208));
#11524=DIRECTION('',(-1.,0.,0.));
#11525=DIRECTION('',(0.,0.17364817766693,0.984807753012208));
#11526=DIRECTION('',(-1.,0.,0.));
#11527=DIRECTION('',(0.,-0.17364817766693,-0.984807753012208));
#11528=DIRECTION('',(-1.,0.,0.));
#11529=DIRECTION('',(0.,0.17364817766693,0.984807753012208));
#11530=DIRECTION('',(-1.,0.,0.));
#11531=DIRECTION('',(0.,-0.17364817766693,-0.984807753012208));
#11532=DIRECTION('',(-1.,0.,0.));
#11533=DIRECTION('',(0.,0.17364817766693,0.984807753012208));
#11534=DIRECTION('',(0.,-0.866025403784439,-0.5));
#11535=DIRECTION('',(0.,0.5,-0.866025403784439));
#11536=DIRECTION('',(0.,-0.5,0.866025403784439));
#11537=DIRECTION('',(0.,0.5,-0.866025403784439));
#11538=DIRECTION('',(-1.,0.,0.));
#11539=DIRECTION('',(0.,-0.866025403784439,-0.5));
#11540=DIRECTION('',(0.,0.5,-0.866025403784439));
#11541=DIRECTION('',(0.,-0.5,0.866025403784439));
#11542=DIRECTION('',(0.,0.5,-0.866025403784439));
#11543=DIRECTION('',(-1.,0.,0.));
#11544=DIRECTION('',(0.,-0.866025403784439,-0.5));
#11545=DIRECTION('',(0.,0.5,-0.866025403784439));
#11546=DIRECTION('',(0.,-0.5,0.866025403784439));
#11547=DIRECTION('',(0.,0.5,-0.866025403784439));
#11548=DIRECTION('',(-1.,0.,0.));
#11549=DIRECTION('',(0.,-0.866025403784439,-0.5));
#11550=DIRECTION('',(0.,0.5,-0.866025403784439));
#11551=DIRECTION('',(0.,-0.5,0.866025403784439));
#11552=DIRECTION('',(0.,0.5,-0.866025403784439));
#11553=DIRECTION('',(-1.,0.,0.));
#11554=DIRECTION('',(0.,-0.866025403784439,-0.5));
#11555=DIRECTION('',(0.,0.5,-0.866025403784439));
#11556=DIRECTION('',(0.,-0.5,0.866025403784439));
#11557=DIRECTION('',(0.,0.5,-0.866025403784439));
#11558=DIRECTION('',(-1.,0.,0.));
#11559=DIRECTION('',(0.,-0.866025403784439,-0.5));
#11560=DIRECTION('',(0.,0.5,-0.866025403784439));
#11561=DIRECTION('',(0.,-0.5,0.866025403784439));
#11562=DIRECTION('',(0.,0.5,-0.866025403784439));
#11563=DIRECTION('',(-1.,0.,0.));
#11564=DIRECTION('',(0.,-0.866025403784439,-0.5));
#11565=DIRECTION('',(0.,0.5,-0.866025403784439));
#11566=DIRECTION('',(0.,-0.5,0.866025403784439));
#11567=DIRECTION('',(0.,0.5,-0.866025403784439));
#11568=DIRECTION('',(-1.,0.,0.));
#11569=DIRECTION('',(0.,-0.866025403784439,-0.5));
#11570=DIRECTION('',(0.,0.5,-0.866025403784439));
#11571=DIRECTION('',(0.,-0.5,0.866025403784439));
#11572=DIRECTION('',(0.,0.5,-0.866025403784439));
#11573=DIRECTION('',(-1.,0.,0.));
#11574=DIRECTION('',(0.,-0.866025403784439,-0.5));
#11575=DIRECTION('',(0.,0.5,-0.866025403784439));
#11576=DIRECTION('',(0.,-0.5,0.866025403784439));
#11577=DIRECTION('',(0.,0.5,-0.866025403784439));
#11578=DIRECTION('',(-1.,0.,0.));
#11579=DIRECTION('',(0.,-0.866025403784439,-0.5));
#11580=DIRECTION('',(0.,0.5,-0.866025403784439));
#11581=DIRECTION('',(0.,-0.5,0.866025403784439));
#11582=DIRECTION('',(0.,0.5,-0.866025403784439));
#11583=DIRECTION('',(-1.,0.,0.));
#11584=DIRECTION('',(-1.,0.,0.));
#11585=DIRECTION('',(0.,0.,1.));
#11586=DIRECTION('',(1.,0.,0.));
#11587=DIRECTION('',(0.,0.,-1.));
#11588=DIRECTION('',(-1.,0.,0.));
#11589=DIRECTION('',(0.,0.,1.));
#11590=DIRECTION('',(-1.,0.,0.));
#11591=DIRECTION('',(0.,0.,1.));
#11592=DIRECTION('',(1.,0.,0.));
#11593=DIRECTION('',(0.,0.,-1.));
#11594=DIRECTION('',(-1.,0.,0.));
#11595=DIRECTION('',(0.,0.,1.));
#11596=DIRECTION('',(-1.,0.,0.));
#11597=DIRECTION('',(0.,0.,1.));
#11598=DIRECTION('',(1.,0.,0.));
#11599=DIRECTION('',(0.,0.,-1.));
#11600=DIRECTION('',(-1.,0.,0.));
#11601=DIRECTION('',(0.,0.,1.));
#11602=DIRECTION('',(-1.,0.,0.));
#11603=DIRECTION('',(0.,0.,1.));
#11604=DIRECTION('',(1.,0.,0.));
#11605=DIRECTION('',(0.,0.,-1.));
#11606=DIRECTION('',(-1.,0.,0.));
#11607=DIRECTION('',(0.,0.,1.));
#11608=DIRECTION('',(-1.,0.,0.));
#11609=DIRECTION('',(0.,0.,1.));
#11610=DIRECTION('',(1.,0.,0.));
#11611=DIRECTION('',(0.,0.,-1.));
#11612=DIRECTION('',(-1.,0.,0.));
#11613=DIRECTION('',(0.,0.,1.));
#11614=DIRECTION('',(-1.,0.,0.));
#11615=DIRECTION('',(0.,0.,1.));
#11616=DIRECTION('',(1.,0.,0.));
#11617=DIRECTION('',(0.,0.,-1.));
#11618=DIRECTION('',(-1.,0.,0.));
#11619=DIRECTION('',(0.,0.,1.));
#11620=DIRECTION('',(-1.,0.,0.));
#11621=DIRECTION('',(0.,0.,1.));
#11622=DIRECTION('',(1.,0.,0.));
#11623=DIRECTION('',(0.,0.,-1.));
#11624=DIRECTION('',(-1.,0.,0.));
#11625=DIRECTION('',(0.,0.,1.));
#11626=DIRECTION('',(-1.,0.,0.));
#11627=DIRECTION('',(0.,0.,1.));
#11628=DIRECTION('',(1.,0.,0.));
#11629=DIRECTION('',(0.,0.,-1.));
#11630=DIRECTION('',(-1.,0.,0.));
#11631=DIRECTION('',(0.,0.,1.));
#11632=DIRECTION('',(-1.,0.,0.));
#11633=DIRECTION('',(0.,0.,1.));
#11634=DIRECTION('',(1.,0.,0.));
#11635=DIRECTION('',(0.,0.,-1.));
#11636=DIRECTION('',(-1.,0.,0.));
#11637=DIRECTION('',(0.,0.,1.));
#11638=DIRECTION('',(-1.,0.,0.));
#11639=DIRECTION('',(0.,0.,1.));
#11640=DIRECTION('',(1.,0.,0.));
#11641=DIRECTION('',(0.,0.,-1.));
#11642=DIRECTION('',(-1.,0.,0.));
#11643=DIRECTION('',(0.,0.,1.));
#11644=DIRECTION('',(0.,0.707106781186548,-0.707106781186547));
#11645=DIRECTION('',(0.,0.707106781186547,0.707106781186548));
#11646=DIRECTION('',(0.,0.707106781186547,0.707106781186548));
#11647=DIRECTION('',(-1.,0.,0.));
#11648=DIRECTION('',(0.,-0.707106781186547,-0.707106781186548));
#11649=DIRECTION('',(0.,0.707106781186548,-0.707106781186547));
#11650=DIRECTION('',(0.,0.707106781186547,0.707106781186548));
#11651=DIRECTION('',(0.,0.707106781186547,0.707106781186548));
#11652=DIRECTION('',(-1.,0.,0.));
#11653=DIRECTION('',(0.,-0.707106781186547,-0.707106781186548));
#11654=DIRECTION('',(0.,0.707106781186548,-0.707106781186547));
#11655=DIRECTION('',(0.,0.707106781186547,0.707106781186548));
#11656=DIRECTION('',(0.,0.707106781186547,0.707106781186548));
#11657=DIRECTION('',(-1.,0.,0.));
#11658=DIRECTION('',(0.,-0.707106781186547,-0.707106781186548));
#11659=DIRECTION('',(0.,0.707106781186548,-0.707106781186547));
#11660=DIRECTION('',(0.,0.707106781186547,0.707106781186548));
#11661=DIRECTION('',(0.,0.707106781186547,0.707106781186548));
#11662=DIRECTION('',(-1.,0.,0.));
#11663=DIRECTION('',(0.,-0.707106781186547,-0.707106781186548));
#11664=DIRECTION('',(0.,0.707106781186548,-0.707106781186547));
#11665=DIRECTION('',(0.,0.707106781186547,0.707106781186548));
#11666=DIRECTION('',(0.,0.707106781186547,0.707106781186548));
#11667=DIRECTION('',(-1.,0.,0.));
#11668=DIRECTION('',(0.,-0.707106781186547,-0.707106781186548));
#11669=DIRECTION('',(0.,0.707106781186548,-0.707106781186547));
#11670=DIRECTION('',(0.,0.707106781186547,0.707106781186548));
#11671=DIRECTION('',(0.,0.707106781186547,0.707106781186548));
#11672=DIRECTION('',(-1.,0.,0.));
#11673=DIRECTION('',(0.,-0.707106781186547,-0.707106781186548));
#11674=DIRECTION('',(0.,0.707106781186548,-0.707106781186547));
#11675=DIRECTION('',(0.,0.707106781186547,0.707106781186548));
#11676=DIRECTION('',(0.,0.707106781186547,0.707106781186548));
#11677=DIRECTION('',(-1.,0.,0.));
#11678=DIRECTION('',(0.,-0.707106781186547,-0.707106781186548));
#11679=DIRECTION('',(0.,0.707106781186548,-0.707106781186547));
#11680=DIRECTION('',(0.,0.707106781186547,0.707106781186548));
#11681=DIRECTION('',(0.,0.707106781186547,0.707106781186548));
#11682=DIRECTION('',(-1.,0.,0.));
#11683=DIRECTION('',(0.,-0.707106781186547,-0.707106781186548));
#11684=DIRECTION('',(0.,0.707106781186548,-0.707106781186547));
#11685=DIRECTION('',(0.,0.707106781186547,0.707106781186548));
#11686=DIRECTION('',(0.,0.707106781186547,0.707106781186548));
#11687=DIRECTION('',(-1.,0.,0.));
#11688=DIRECTION('',(0.,-0.707106781186547,-0.707106781186548));
#11689=DIRECTION('',(0.,0.707106781186548,-0.707106781186547));
#11690=DIRECTION('',(0.,0.707106781186547,0.707106781186548));
#11691=DIRECTION('',(0.,0.707106781186547,0.707106781186548));
#11692=DIRECTION('',(-1.,0.,0.));
#11693=DIRECTION('',(0.,-0.707106781186547,-0.707106781186548));
#11694=DIRECTION('',(0.,1.,6.7762635780344E-18));
#11695=DIRECTION('',(0.,-6.7762635780344E-18,1.));
#11696=DIRECTION('',(0.,0.,-1.));
#11697=DIRECTION('',(-1.,0.,0.));
#11698=DIRECTION('',(0.,0.,1.));
#11699=DIRECTION('',(0.,1.,6.7762635780344E-18));
#11700=DIRECTION('',(0.,-6.7762635780344E-18,1.));
#11701=DIRECTION('',(0.,0.,-1.));
#11702=DIRECTION('',(-1.,0.,0.));
#11703=DIRECTION('',(0.,0.,1.));
#11704=DIRECTION('',(0.,1.,6.7762635780344E-18));
#11705=DIRECTION('',(0.,-6.7762635780344E-18,1.));
#11706=DIRECTION('',(0.,0.,-1.));
#11707=DIRECTION('',(-1.,0.,0.));
#11708=DIRECTION('',(0.,0.,1.));
#11709=DIRECTION('',(0.,1.,6.7762635780344E-18));
#11710=DIRECTION('',(0.,-6.7762635780344E-18,1.));
#11711=DIRECTION('',(0.,0.,-1.));
#11712=DIRECTION('',(-1.,0.,0.));
#11713=DIRECTION('',(0.,0.,1.));
#11714=DIRECTION('',(0.,1.,6.7762635780344E-18));
#11715=DIRECTION('',(0.,-6.7762635780344E-18,1.));
#11716=DIRECTION('',(0.,0.,-1.));
#11717=DIRECTION('',(-1.,0.,0.));
#11718=DIRECTION('',(0.,0.,1.));
#11719=DIRECTION('',(0.,1.,6.7762635780344E-18));
#11720=DIRECTION('',(0.,-6.7762635780344E-18,1.));
#11721=DIRECTION('',(0.,0.,-1.));
#11722=DIRECTION('',(-1.,0.,0.));
#11723=DIRECTION('',(0.,0.,1.));
#11724=DIRECTION('',(0.,1.,6.7762635780344E-18));
#11725=DIRECTION('',(0.,-6.7762635780344E-18,1.));
#11726=DIRECTION('',(0.,0.,-1.));
#11727=DIRECTION('',(-1.,0.,0.));
#11728=DIRECTION('',(0.,0.,1.));
#11729=DIRECTION('',(0.,1.,6.7762635780344E-18));
#11730=DIRECTION('',(0.,-6.7762635780344E-18,1.));
#11731=DIRECTION('',(0.,0.,-1.));
#11732=DIRECTION('',(-1.,0.,0.));
#11733=DIRECTION('',(0.,0.,1.));
#11734=DIRECTION('',(0.,1.,6.7762635780344E-18));
#11735=DIRECTION('',(0.,-6.7762635780344E-18,1.));
#11736=DIRECTION('',(0.,0.,-1.));
#11737=DIRECTION('',(-1.,0.,0.));
#11738=DIRECTION('',(0.,0.,1.));
#11739=DIRECTION('',(0.,1.,6.7762635780344E-18));
#11740=DIRECTION('',(0.,-6.7762635780344E-18,1.));
#11741=DIRECTION('',(0.,0.,-1.));
#11742=DIRECTION('',(-1.,0.,0.));
#11743=DIRECTION('',(0.,0.,1.));
#11744=DIRECTION('',(0.,0.,1.));
#11745=DIRECTION('',(1.,0.,0.));
#11746=DIRECTION('',(0.,-1.,0.));
#11747=DIRECTION('',(-1.,0.,0.));
#11748=DIRECTION('',(0.,1.,0.));
#11749=DIRECTION('',(0.,0.,1.));
#11750=DIRECTION('',(1.,0.,0.));
#11751=DIRECTION('',(0.,-1.,0.));
#11752=DIRECTION('',(-1.,0.,0.));
#11753=DIRECTION('',(0.,1.,0.));
#11754=DIRECTION('',(0.,0.,1.));
#11755=DIRECTION('',(1.,0.,0.));
#11756=DIRECTION('',(0.,-1.,0.));
#11757=DIRECTION('',(-1.,0.,0.));
#11758=DIRECTION('',(0.,1.,0.));
#11759=DIRECTION('',(0.,0.,1.));
#11760=DIRECTION('',(1.,0.,0.));
#11761=DIRECTION('',(0.,-1.,0.));
#11762=DIRECTION('',(-1.,0.,0.));
#11763=DIRECTION('',(0.,1.,0.));
#11764=DIRECTION('',(0.,0.,1.));
#11765=DIRECTION('',(1.,0.,0.));
#11766=DIRECTION('',(0.,-1.,0.));
#11767=DIRECTION('',(-1.,0.,0.));
#11768=DIRECTION('',(0.,1.,0.));
#11769=DIRECTION('',(0.,0.,1.));
#11770=DIRECTION('',(1.,0.,0.));
#11771=DIRECTION('',(0.,-1.,0.));
#11772=DIRECTION('',(-1.,0.,0.));
#11773=DIRECTION('',(0.,1.,0.));
#11774=DIRECTION('',(0.,0.,1.));
#11775=DIRECTION('',(1.,0.,0.));
#11776=DIRECTION('',(0.,-1.,0.));
#11777=DIRECTION('',(-1.,0.,0.));
#11778=DIRECTION('',(0.,1.,0.));
#11779=DIRECTION('',(0.,0.,1.));
#11780=DIRECTION('',(1.,0.,0.));
#11781=DIRECTION('',(0.,-1.,0.));
#11782=DIRECTION('',(-1.,0.,0.));
#11783=DIRECTION('',(0.,1.,0.));
#11784=DIRECTION('',(0.,0.,1.));
#11785=DIRECTION('',(1.,0.,0.));
#11786=DIRECTION('',(0.,-1.,0.));
#11787=DIRECTION('',(-1.,0.,0.));
#11788=DIRECTION('',(0.,1.,0.));
#11789=DIRECTION('',(0.,0.,1.));
#11790=DIRECTION('',(1.,0.,0.));
#11791=DIRECTION('',(0.,-1.,0.));
#11792=DIRECTION('',(-1.,0.,0.));
#11793=DIRECTION('',(0.,1.,0.));
#11794=DIRECTION('',(-1.,0.,0.));
#11795=DIRECTION('',(0.,0.,1.));
#11796=DIRECTION('',(-1.,0.,0.));
#11797=DIRECTION('',(0.,0.,1.));
#11798=DIRECTION('',(-1.,0.,0.));
#11799=DIRECTION('',(1.,0.,0.));
#11800=DIRECTION('',(0.,0.,-1.));
#11801=DIRECTION('',(-1.,0.,0.));
#11802=DIRECTION('',(0.,0.,1.));
#11803=DIRECTION('',(-1.,0.,0.));
#11804=DIRECTION('',(0.,0.,1.));
#11805=DIRECTION('',(-1.,0.,0.));
#11806=DIRECTION('',(1.,0.,0.));
#11807=DIRECTION('',(0.,0.,-1.));
#11808=DIRECTION('',(-1.,0.,0.));
#11809=DIRECTION('',(0.,0.,1.));
#11810=DIRECTION('',(-1.,0.,0.));
#11811=DIRECTION('',(0.,0.,1.));
#11812=DIRECTION('',(-1.,0.,0.));
#11813=DIRECTION('',(1.,0.,0.));
#11814=DIRECTION('',(0.,0.,-1.));
#11815=DIRECTION('',(-1.,0.,0.));
#11816=DIRECTION('',(0.,0.,1.));
#11817=DIRECTION('',(-1.,0.,0.));
#11818=DIRECTION('',(0.,0.,1.));
#11819=DIRECTION('',(-1.,0.,0.));
#11820=DIRECTION('',(1.,0.,0.));
#11821=DIRECTION('',(0.,0.,-1.));
#11822=DIRECTION('',(-1.,0.,0.));
#11823=DIRECTION('',(0.,0.,1.));
#11824=DIRECTION('',(-1.,0.,0.));
#11825=DIRECTION('',(0.,0.,1.));
#11826=DIRECTION('',(-1.,0.,0.));
#11827=DIRECTION('',(1.,0.,0.));
#11828=DIRECTION('',(0.,0.,-1.));
#11829=DIRECTION('',(-1.,0.,0.));
#11830=DIRECTION('',(0.,0.,1.));
#11831=DIRECTION('',(-1.,0.,0.));
#11832=DIRECTION('',(0.,0.,1.));
#11833=DIRECTION('',(-1.,0.,0.));
#11834=DIRECTION('',(1.,0.,0.));
#11835=DIRECTION('',(0.,0.,-1.));
#11836=DIRECTION('',(-1.,0.,0.));
#11837=DIRECTION('',(0.,0.,1.));
#11838=DIRECTION('',(-1.,0.,0.));
#11839=DIRECTION('',(0.,0.,1.));
#11840=DIRECTION('',(-1.,0.,0.));
#11841=DIRECTION('',(1.,0.,0.));
#11842=DIRECTION('',(0.,0.,-1.));
#11843=DIRECTION('',(-1.,0.,0.));
#11844=DIRECTION('',(0.,0.,1.));
#11845=DIRECTION('',(-1.,0.,0.));
#11846=DIRECTION('',(0.,0.,1.));
#11847=DIRECTION('',(-1.,0.,0.));
#11848=DIRECTION('',(1.,0.,0.));
#11849=DIRECTION('',(0.,0.,-1.));
#11850=DIRECTION('',(-1.,0.,0.));
#11851=DIRECTION('',(0.,0.,1.));
#11852=DIRECTION('',(-1.,0.,0.));
#11853=DIRECTION('',(0.,0.,1.));
#11854=DIRECTION('',(-1.,0.,0.));
#11855=DIRECTION('',(1.,0.,0.));
#11856=DIRECTION('',(0.,0.,-1.));
#11857=DIRECTION('',(-1.,0.,0.));
#11858=DIRECTION('',(0.,0.,1.));
#11859=DIRECTION('',(-1.,0.,0.));
#11860=DIRECTION('',(0.,0.,1.));
#11861=DIRECTION('',(-1.,0.,0.));
#11862=DIRECTION('',(1.,0.,0.));
#11863=DIRECTION('',(0.,0.,-1.));
#11864=DIRECTION('',(0.,-0.90630778703665,0.422618261740699));
#11865=DIRECTION('',(0.,-0.422618261740699,-0.90630778703665));
#11866=DIRECTION('',(0.,-0.422618261740699,-0.90630778703665));
#11867=DIRECTION('',(-1.,0.,0.));
#11868=DIRECTION('',(0.,0.422618261740699,0.90630778703665));
#11869=DIRECTION('',(0.,-0.90630778703665,0.422618261740699));
#11870=DIRECTION('',(0.,-0.422618261740699,-0.90630778703665));
#11871=DIRECTION('',(0.,-0.422618261740699,-0.90630778703665));
#11872=DIRECTION('',(-1.,0.,0.));
#11873=DIRECTION('',(0.,0.422618261740699,0.90630778703665));
#11874=DIRECTION('',(0.,-0.90630778703665,0.422618261740699));
#11875=DIRECTION('',(0.,-0.422618261740699,-0.90630778703665));
#11876=DIRECTION('',(0.,-0.422618261740699,-0.90630778703665));
#11877=DIRECTION('',(-1.,0.,0.));
#11878=DIRECTION('',(0.,0.422618261740699,0.90630778703665));
#11879=DIRECTION('',(0.,-0.90630778703665,0.422618261740699));
#11880=DIRECTION('',(0.,-0.422618261740699,-0.90630778703665));
#11881=DIRECTION('',(0.,-0.422618261740699,-0.90630778703665));
#11882=DIRECTION('',(-1.,0.,0.));
#11883=DIRECTION('',(0.,0.422618261740699,0.90630778703665));
#11884=DIRECTION('',(0.,-0.90630778703665,0.422618261740699));
#11885=DIRECTION('',(0.,-0.422618261740699,-0.90630778703665));
#11886=DIRECTION('',(0.,-0.422618261740699,-0.90630778703665));
#11887=DIRECTION('',(-1.,0.,0.));
#11888=DIRECTION('',(0.,0.422618261740699,0.90630778703665));
#11889=DIRECTION('',(0.,-0.90630778703665,0.422618261740699));
#11890=DIRECTION('',(0.,-0.422618261740699,-0.90630778703665));
#11891=DIRECTION('',(0.,-0.422618261740699,-0.90630778703665));
#11892=DIRECTION('',(-1.,0.,0.));
#11893=DIRECTION('',(0.,0.422618261740699,0.90630778703665));
#11894=DIRECTION('',(0.,-0.90630778703665,0.422618261740699));
#11895=DIRECTION('',(0.,-0.422618261740699,-0.90630778703665));
#11896=DIRECTION('',(0.,-0.422618261740699,-0.90630778703665));
#11897=DIRECTION('',(-1.,0.,0.));
#11898=DIRECTION('',(0.,0.422618261740699,0.90630778703665));
#11899=DIRECTION('',(0.,-0.90630778703665,0.422618261740699));
#11900=DIRECTION('',(0.,-0.422618261740699,-0.90630778703665));
#11901=DIRECTION('',(0.,-0.422618261740699,-0.90630778703665));
#11902=DIRECTION('',(-1.,0.,0.));
#11903=DIRECTION('',(0.,0.422618261740699,0.90630778703665));
#11904=DIRECTION('',(0.,-0.90630778703665,0.422618261740699));
#11905=DIRECTION('',(0.,-0.422618261740699,-0.90630778703665));
#11906=DIRECTION('',(0.,-0.422618261740699,-0.90630778703665));
#11907=DIRECTION('',(-1.,0.,0.));
#11908=DIRECTION('',(0.,0.422618261740699,0.90630778703665));
#11909=DIRECTION('',(0.,-0.90630778703665,0.422618261740699));
#11910=DIRECTION('',(0.,-0.422618261740699,-0.90630778703665));
#11911=DIRECTION('',(0.,-0.422618261740699,-0.90630778703665));
#11912=DIRECTION('',(-1.,0.,0.));
#11913=DIRECTION('',(0.,0.422618261740699,0.90630778703665));
#11914=DIRECTION('',(0.,0.,1.));
#11915=DIRECTION('',(1.,0.,0.));
#11916=DIRECTION('',(0.,-1.,0.));
#11917=DIRECTION('',(-1.,0.,0.));
#11918=DIRECTION('',(0.,1.,0.));
#11919=DIRECTION('',(0.,0.,1.));
#11920=DIRECTION('',(1.,0.,0.));
#11921=DIRECTION('',(0.,-1.,0.));
#11922=DIRECTION('',(-1.,0.,0.));
#11923=DIRECTION('',(0.,1.,0.));
#11924=DIRECTION('',(0.,0.,1.));
#11925=DIRECTION('',(1.,0.,0.));
#11926=DIRECTION('',(0.,-1.,0.));
#11927=DIRECTION('',(-1.,0.,0.));
#11928=DIRECTION('',(0.,1.,0.));
#11929=DIRECTION('',(0.,0.,1.));
#11930=DIRECTION('',(1.,0.,0.));
#11931=DIRECTION('',(0.,-1.,0.));
#11932=DIRECTION('',(-1.,0.,0.));
#11933=DIRECTION('',(0.,1.,0.));
#11934=DIRECTION('',(0.,0.,1.));
#11935=DIRECTION('',(1.,0.,0.));
#11936=DIRECTION('',(0.,-1.,0.));
#11937=DIRECTION('',(-1.,0.,0.));
#11938=DIRECTION('',(0.,1.,0.));
#11939=DIRECTION('',(0.,0.,1.));
#11940=DIRECTION('',(1.,0.,0.));
#11941=DIRECTION('',(0.,-1.,0.));
#11942=DIRECTION('',(-1.,0.,0.));
#11943=DIRECTION('',(0.,1.,0.));
#11944=DIRECTION('',(0.,0.,1.));
#11945=DIRECTION('',(1.,0.,0.));
#11946=DIRECTION('',(0.,-1.,0.));
#11947=DIRECTION('',(-1.,0.,0.));
#11948=DIRECTION('',(0.,1.,0.));
#11949=DIRECTION('',(0.,0.,1.));
#11950=DIRECTION('',(1.,0.,0.));
#11951=DIRECTION('',(0.,-1.,0.));
#11952=DIRECTION('',(-1.,0.,0.));
#11953=DIRECTION('',(0.,1.,0.));
#11954=DIRECTION('',(0.,0.,1.));
#11955=DIRECTION('',(1.,0.,0.));
#11956=DIRECTION('',(0.,-1.,0.));
#11957=DIRECTION('',(-1.,0.,0.));
#11958=DIRECTION('',(0.,1.,0.));
#11959=DIRECTION('',(0.,0.,1.));
#11960=DIRECTION('',(1.,0.,0.));
#11961=DIRECTION('',(0.,-1.,0.));
#11962=DIRECTION('',(-1.,0.,0.));
#11963=DIRECTION('',(0.,1.,0.));
#11964=DIRECTION('',(-1.,0.,0.));
#11965=DIRECTION('',(0.,0.,1.));
#11966=DIRECTION('',(-1.,0.,0.));
#11967=DIRECTION('',(0.,0.,1.));
#11968=DIRECTION('',(1.,0.,0.));
#11969=DIRECTION('',(0.,0.,-1.));
#11970=DIRECTION('',(-1.,0.,0.));
#11971=DIRECTION('',(0.,0.,1.));
#11972=DIRECTION('',(-1.,0.,0.));
#11973=DIRECTION('',(0.,0.,1.));
#11974=DIRECTION('',(1.,0.,0.));
#11975=DIRECTION('',(0.,0.,-1.));
#11976=DIRECTION('',(-1.,0.,0.));
#11977=DIRECTION('',(0.,0.,1.));
#11978=DIRECTION('',(-1.,0.,0.));
#11979=DIRECTION('',(0.,0.,1.));
#11980=DIRECTION('',(1.,0.,0.));
#11981=DIRECTION('',(0.,0.,-1.));
#11982=DIRECTION('',(-1.,0.,0.));
#11983=DIRECTION('',(0.,0.,1.));
#11984=DIRECTION('',(-1.,0.,0.));
#11985=DIRECTION('',(0.,0.,1.));
#11986=DIRECTION('',(1.,0.,0.));
#11987=DIRECTION('',(0.,0.,-1.));
#11988=DIRECTION('',(-1.,0.,0.));
#11989=DIRECTION('',(0.,0.,1.));
#11990=DIRECTION('',(-1.,0.,0.));
#11991=DIRECTION('',(0.,0.,1.));
#11992=DIRECTION('',(1.,0.,0.));
#11993=DIRECTION('',(0.,0.,-1.));
#11994=DIRECTION('',(-1.,0.,0.));
#11995=DIRECTION('',(0.,0.,1.));
#11996=DIRECTION('',(-1.,0.,0.));
#11997=DIRECTION('',(0.,0.,1.));
#11998=DIRECTION('',(1.,0.,0.));
#11999=DIRECTION('',(0.,0.,-1.));
#12000=DIRECTION('',(-1.,0.,0.));
#12001=DIRECTION('',(0.,0.,1.));
#12002=DIRECTION('',(-1.,0.,0.));
#12003=DIRECTION('',(0.,0.,1.));
#12004=DIRECTION('',(1.,0.,0.));
#12005=DIRECTION('',(0.,0.,-1.));
#12006=DIRECTION('',(-1.,0.,0.));
#12007=DIRECTION('',(0.,0.,1.));
#12008=DIRECTION('',(-1.,0.,0.));
#12009=DIRECTION('',(0.,0.,1.));
#12010=DIRECTION('',(1.,0.,0.));
#12011=DIRECTION('',(0.,0.,-1.));
#12012=DIRECTION('',(-1.,0.,0.));
#12013=DIRECTION('',(0.,0.,1.));
#12014=DIRECTION('',(-1.,0.,0.));
#12015=DIRECTION('',(0.,0.,1.));
#12016=DIRECTION('',(1.,0.,0.));
#12017=DIRECTION('',(0.,0.,-1.));
#12018=DIRECTION('',(-1.,0.,0.));
#12019=DIRECTION('',(0.,0.,1.));
#12020=DIRECTION('',(-1.,0.,0.));
#12021=DIRECTION('',(0.,0.,1.));
#12022=DIRECTION('',(1.,0.,0.));
#12023=DIRECTION('',(0.,0.,-1.));
#12024=DIRECTION('',(0.,0.,-1.));
#12025=DIRECTION('',(-1.,0.,0.));
#12026=DIRECTION('',(0.,0.,-1.));
#12027=DIRECTION('',(-1.,0.,0.));
#12028=DIRECTION('',(0.,-1.,0.));
#12029=DIRECTION('',(-1.,0.,0.));
#12030=DIRECTION('',(0.,0.,1.));
#12031=DIRECTION('',(0.,0.,-1.));
#12032=DIRECTION('',(-1.,0.,0.));
#12033=DIRECTION('',(0.,-1.,0.));
#12034=DIRECTION('',(1.,0.,0.));
#12035=DIRECTION('',(0.,0.,-1.));
#12036=DIRECTION('',(-1.,0.,0.));
#12037=DIRECTION('',(0.,0.,1.));
#12038=DIRECTION('',(0.,-1.,0.));
#12039=DIRECTION('',(0.,0.,-1.));
#12040=DIRECTION('',(-1.,0.,0.));
#12041=DIRECTION('',(0.,-1.,0.));
#12042=DIRECTION('',(1.,0.,0.));
#12043=DIRECTION('',(0.,0.,-1.));
#12044=DIRECTION('',(-1.,0.,0.));
#12045=DIRECTION('',(0.,0.,1.));
#12046=DIRECTION('',(0.,-1.,0.));
#12047=DIRECTION('',(0.,0.,-1.));
#12048=DIRECTION('',(-1.,0.,0.));
#12049=DIRECTION('',(0.,-1.,0.));
#12050=DIRECTION('',(1.,0.,0.));
#12051=DIRECTION('',(0.,0.,-1.));
#12052=DIRECTION('',(-1.,0.,0.));
#12053=DIRECTION('',(0.,0.,1.));
#12054=DIRECTION('',(0.,-1.,0.));
#12055=DIRECTION('',(0.,0.,-1.));
#12056=DIRECTION('',(-1.,0.,0.));
#12057=DIRECTION('',(0.,-1.,0.));
#12058=DIRECTION('',(1.,0.,0.));
#12059=DIRECTION('',(0.,0.,-1.));
#12060=DIRECTION('',(-1.,0.,0.));
#12061=DIRECTION('',(0.,0.,1.));
#12062=DIRECTION('',(0.,-1.,0.));
#12063=DIRECTION('',(0.,0.,-1.));
#12064=DIRECTION('',(-1.,0.,0.));
#12065=DIRECTION('',(0.,-1.,0.));
#12066=DIRECTION('',(1.,0.,0.));
#12067=DIRECTION('',(0.,0.,-1.));
#12068=DIRECTION('',(-1.,0.,0.));
#12069=DIRECTION('',(0.,0.,1.));
#12070=DIRECTION('',(0.,-1.,0.));
#12071=DIRECTION('',(0.,0.,-1.));
#12072=DIRECTION('',(-1.,0.,0.));
#12073=DIRECTION('',(0.,-1.,0.));
#12074=DIRECTION('',(1.,0.,0.));
#12075=DIRECTION('',(0.,0.,-1.));
#12076=DIRECTION('',(-1.,0.,0.));
#12077=DIRECTION('',(0.,0.,1.));
#12078=DIRECTION('',(0.,-1.,0.));
#12079=DIRECTION('',(0.,0.,-1.));
#12080=DIRECTION('',(-1.,0.,0.));
#12081=DIRECTION('',(0.,-1.,0.));
#12082=DIRECTION('',(1.,0.,0.));
#12083=DIRECTION('',(0.,0.,-1.));
#12084=DIRECTION('',(-1.,0.,0.));
#12085=DIRECTION('',(0.,0.,1.));
#12086=DIRECTION('',(0.,-1.,0.));
#12087=DIRECTION('',(0.,0.,-1.));
#12088=DIRECTION('',(-1.,0.,0.));
#12089=DIRECTION('',(0.,-1.,0.));
#12090=DIRECTION('',(1.,0.,0.));
#12091=DIRECTION('',(0.,0.,-1.));
#12092=DIRECTION('',(-1.,0.,0.));
#12093=DIRECTION('',(0.,0.,1.));
#12094=DIRECTION('',(0.,-1.,0.));
#12095=DIRECTION('',(0.,0.,-1.));
#12096=DIRECTION('',(-1.,0.,0.));
#12097=DIRECTION('',(0.,-1.,0.));
#12098=DIRECTION('',(1.,0.,0.));
#12099=DIRECTION('',(0.,0.,-1.));
#12100=DIRECTION('',(1.,0.,0.));
#12101=DIRECTION('',(0.,0.,-1.));
#12102=DIRECTION('',(0.,-1.,0.));
#12103=DIRECTION('',(0.,0.,-1.));
#12104=DIRECTION('',(-1.,0.,0.));
#12105=DIRECTION('',(0.,-1.,0.));
#12106=DIRECTION('',(-1.,0.,0.));
#12107=DIRECTION('',(0.,0.,1.));
#12108=DIRECTION('',(-1.,0.,0.));
#12109=DIRECTION('',(0.,0.,1.));
#12110=DIRECTION('',(0.,-1.,0.));
#12111=DIRECTION('',(0.,0.,1.));
#12112=DIRECTION('',(1.,0.,0.));
#12113=DIRECTION('',(-1.,0.,0.));
#12114=DIRECTION('',(0.,0.,1.));
#12115=DIRECTION('',(0.,-1.,0.));
#12116=DIRECTION('',(1.,0.,0.));
#12117=DIRECTION('',(0.,0.,-1.));
#12118=DIRECTION('',(0.,-1.,0.));
#12119=DIRECTION('',(0.,0.,1.));
#12120=DIRECTION('',(1.,0.,0.));
#12121=DIRECTION('',(-1.,0.,0.));
#12122=DIRECTION('',(0.,0.,1.));
#12123=DIRECTION('',(0.,-1.,0.));
#12124=DIRECTION('',(1.,0.,0.));
#12125=DIRECTION('',(0.,0.,-1.));
#12126=DIRECTION('',(0.,-1.,0.));
#12127=DIRECTION('',(0.,0.,1.));
#12128=DIRECTION('',(1.,0.,0.));
#12129=DIRECTION('',(-1.,0.,0.));
#12130=DIRECTION('',(0.,0.,1.));
#12131=DIRECTION('',(0.,-1.,0.));
#12132=DIRECTION('',(1.,0.,0.));
#12133=DIRECTION('',(0.,0.,-1.));
#12134=DIRECTION('',(0.,-1.,0.));
#12135=DIRECTION('',(0.,0.,1.));
#12136=DIRECTION('',(1.,0.,0.));
#12137=DIRECTION('',(-1.,0.,0.));
#12138=DIRECTION('',(0.,0.,1.));
#12139=DIRECTION('',(0.,-1.,0.));
#12140=DIRECTION('',(1.,0.,0.));
#12141=DIRECTION('',(0.,0.,-1.));
#12142=DIRECTION('',(0.,-1.,0.));
#12143=DIRECTION('',(0.,0.,1.));
#12144=DIRECTION('',(1.,0.,0.));
#12145=DIRECTION('',(-1.,0.,0.));
#12146=DIRECTION('',(0.,0.,1.));
#12147=DIRECTION('',(0.,-1.,0.));
#12148=DIRECTION('',(1.,0.,0.));
#12149=DIRECTION('',(0.,0.,-1.));
#12150=DIRECTION('',(0.,-1.,0.));
#12151=DIRECTION('',(0.,0.,1.));
#12152=DIRECTION('',(1.,0.,0.));
#12153=DIRECTION('',(-1.,0.,0.));
#12154=DIRECTION('',(0.,0.,1.));
#12155=DIRECTION('',(0.,-1.,0.));
#12156=DIRECTION('',(1.,0.,0.));
#12157=DIRECTION('',(0.,0.,-1.));
#12158=DIRECTION('',(0.,-1.,0.));
#12159=DIRECTION('',(0.,0.,1.));
#12160=DIRECTION('',(1.,0.,0.));
#12161=DIRECTION('',(-1.,0.,0.));
#12162=DIRECTION('',(0.,0.,1.));
#12163=DIRECTION('',(0.,-1.,0.));
#12164=DIRECTION('',(1.,0.,0.));
#12165=DIRECTION('',(0.,0.,-1.));
#12166=DIRECTION('',(0.,-1.,0.));
#12167=DIRECTION('',(0.,0.,1.));
#12168=DIRECTION('',(1.,0.,0.));
#12169=DIRECTION('',(-1.,0.,0.));
#12170=DIRECTION('',(0.,0.,1.));
#12171=DIRECTION('',(0.,-1.,0.));
#12172=DIRECTION('',(1.,0.,0.));
#12173=DIRECTION('',(0.,0.,-1.));
#12174=DIRECTION('',(0.,-1.,0.));
#12175=DIRECTION('',(0.,0.,1.));
#12176=DIRECTION('',(1.,0.,0.));
#12177=DIRECTION('',(-1.,0.,0.));
#12178=DIRECTION('',(0.,0.,1.));
#12179=DIRECTION('',(0.,-1.,0.));
#12180=DIRECTION('',(1.,0.,0.));
#12181=DIRECTION('',(0.,0.,-1.));
#12182=DIRECTION('',(0.,-1.,0.));
#12183=DIRECTION('',(0.,0.,1.));
#12184=DIRECTION('',(1.,0.,0.));
#12185=DIRECTION('',(1.,0.,0.));
#12186=DIRECTION('',(0.,0.,-1.));
#12187=DIRECTION('',(0.,-1.,0.));
#12188=DIRECTION('',(0.,0.,1.));
#12189=DIRECTION('',(1.,0.,0.));
#12190=DIRECTION('',(0.,0.,1.));
#12191=DIRECTION('',(1.,0.,0.));
#12192=DIRECTION('',(0.,-1.,0.));
#12193=DIRECTION('',(-1.,0.,0.));
#12194=DIRECTION('',(0.,0.,1.));
#12195=DIRECTION('',(1.,0.,0.));
#12196=DIRECTION('',(0.,0.,-1.));
#12197=DIRECTION('',(0.,-1.,0.));
#12198=DIRECTION('',(0.,0.,1.));
#12199=DIRECTION('',(1.,0.,0.));
#12200=DIRECTION('',(0.,-1.,0.));
#12201=DIRECTION('',(-1.,0.,0.));
#12202=DIRECTION('',(0.,0.,1.));
#12203=DIRECTION('',(1.,0.,0.));
#12204=DIRECTION('',(0.,0.,-1.));
#12205=DIRECTION('',(0.,-1.,0.));
#12206=DIRECTION('',(0.,0.,1.));
#12207=DIRECTION('',(1.,0.,0.));
#12208=DIRECTION('',(0.,-1.,0.));
#12209=DIRECTION('',(-1.,0.,0.));
#12210=DIRECTION('',(0.,0.,1.));
#12211=DIRECTION('',(1.,0.,0.));
#12212=DIRECTION('',(0.,0.,-1.));
#12213=DIRECTION('',(0.,-1.,0.));
#12214=DIRECTION('',(0.,0.,1.));
#12215=DIRECTION('',(1.,0.,0.));
#12216=DIRECTION('',(0.,-1.,0.));
#12217=DIRECTION('',(-1.,0.,0.));
#12218=DIRECTION('',(0.,0.,1.));
#12219=DIRECTION('',(1.,0.,0.));
#12220=DIRECTION('',(0.,0.,-1.));
#12221=DIRECTION('',(0.,-1.,0.));
#12222=DIRECTION('',(0.,0.,1.));
#12223=DIRECTION('',(1.,0.,0.));
#12224=DIRECTION('',(0.,-1.,0.));
#12225=DIRECTION('',(-1.,0.,0.));
#12226=DIRECTION('',(0.,0.,1.));
#12227=DIRECTION('',(1.,0.,0.));
#12228=DIRECTION('',(0.,0.,-1.));
#12229=DIRECTION('',(0.,-1.,0.));
#12230=DIRECTION('',(0.,0.,1.));
#12231=DIRECTION('',(1.,0.,0.));
#12232=DIRECTION('',(0.,-1.,0.));
#12233=DIRECTION('',(-1.,0.,0.));
#12234=DIRECTION('',(0.,0.,1.));
#12235=DIRECTION('',(1.,0.,0.));
#12236=DIRECTION('',(0.,0.,-1.));
#12237=DIRECTION('',(0.,-1.,0.));
#12238=DIRECTION('',(0.,0.,1.));
#12239=DIRECTION('',(1.,0.,0.));
#12240=DIRECTION('',(0.,-1.,0.));
#12241=DIRECTION('',(-1.,0.,0.));
#12242=DIRECTION('',(0.,0.,1.));
#12243=DIRECTION('',(1.,0.,0.));
#12244=DIRECTION('',(0.,0.,-1.));
#12245=DIRECTION('',(0.,-1.,0.));
#12246=DIRECTION('',(0.,0.,1.));
#12247=DIRECTION('',(1.,0.,0.));
#12248=DIRECTION('',(0.,-1.,0.));
#12249=DIRECTION('',(-1.,0.,0.));
#12250=DIRECTION('',(0.,0.,1.));
#12251=DIRECTION('',(1.,0.,0.));
#12252=DIRECTION('',(0.,0.,-1.));
#12253=DIRECTION('',(0.,-1.,0.));
#12254=DIRECTION('',(0.,0.,1.));
#12255=DIRECTION('',(1.,0.,0.));
#12256=DIRECTION('',(0.,-1.,0.));
#12257=DIRECTION('',(-1.,0.,0.));
#12258=DIRECTION('',(0.,0.,1.));
#12259=DIRECTION('',(1.,0.,0.));
#12260=DIRECTION('',(0.,0.,-1.));
#12261=DIRECTION('',(0.,-1.,0.));
#12262=DIRECTION('',(0.,0.,1.));
#12263=DIRECTION('',(1.,0.,0.));
#12264=DIRECTION('',(0.,-1.,0.));
#12265=DIRECTION('',(-1.,0.,0.));
#12266=DIRECTION('',(0.,0.,1.));
#12267=DIRECTION('',(0.,0.,1.));
#12268=DIRECTION('',(1.,0.,0.));
#12269=DIRECTION('',(0.,-1.,0.));
#12270=DIRECTION('',(1.,0.,0.));
#12271=DIRECTION('',(0.,0.,-1.));
#12272=DIRECTION('',(0.,0.,1.));
#12273=DIRECTION('',(1.,0.,0.));
#12274=CARTESIAN_POINT('',(0.,0.,0.));
#12275=CARTESIAN_POINT('',(2.75,0.9,-1.74373870972731));
#12276=CARTESIAN_POINT('',(2.75,0.9,-1.74373870972731));
#12277=CARTESIAN_POINT('',(2.75,0.9,-1.74373870972731));
#12278=CARTESIAN_POINT('',(2.35,0.9,-1.74373870972731));
#12279=CARTESIAN_POINT('',(2.35,0.9,-1.74373870972731));
#12280=CARTESIAN_POINT('',(2.35,0.4,-0.37));
#12281=CARTESIAN_POINT('',(2.75,0.4,-0.37));
#12282=CARTESIAN_POINT('',(2.75,0.4,-0.37));
#12283=CARTESIAN_POINT('',(2.75,0.9,-1.74373870972731));
#12284=CARTESIAN_POINT('',(2.75,0.9,-1.74373870972731));
#12285=CARTESIAN_POINT('',(2.75,0.4,-0.37));
#12286=CARTESIAN_POINT('',(2.15,0.4,-0.37));
#12287=CARTESIAN_POINT('',(1.85,0.4,-0.37));
#12288=CARTESIAN_POINT('',(2.15,0.9,-1.74373870972731));
#12289=CARTESIAN_POINT('',(2.15,0.9,-1.74373870972731));
#12290=CARTESIAN_POINT('',(2.75,0.9,-1.74373870972731));
#12291=CARTESIAN_POINT('',(1.85,0.9,-1.74373870972731));
#12292=CARTESIAN_POINT('',(1.85,0.9,-1.74373870972731));
#12293=CARTESIAN_POINT('',(2.75,0.9,-1.74373870972731));
#12294=CARTESIAN_POINT('',(2.75,0.4,-0.37));
#12295=CARTESIAN_POINT('',(1.65,0.4,-0.37));
#12296=CARTESIAN_POINT('',(1.35,0.4,-0.37));
#12297=CARTESIAN_POINT('',(1.65,0.9,-1.74373870972731));
#12298=CARTESIAN_POINT('',(1.65,0.9,-1.74373870972731));
#12299=CARTESIAN_POINT('',(2.75,0.9,-1.74373870972731));
#12300=CARTESIAN_POINT('',(1.35,0.9,-1.74373870972731));
#12301=CARTESIAN_POINT('',(1.35,0.9,-1.74373870972731));
#12302=CARTESIAN_POINT('',(2.75,0.9,-1.74373870972731));
#12303=CARTESIAN_POINT('',(2.75,0.4,-0.37));
#12304=CARTESIAN_POINT('',(1.15,0.4,-0.37));
#12305=CARTESIAN_POINT('',(0.85,0.4,-0.37));
#12306=CARTESIAN_POINT('',(1.15,0.9,-1.74373870972731));
#12307=CARTESIAN_POINT('',(1.15,0.9,-1.74373870972731));
#12308=CARTESIAN_POINT('',(2.75,0.9,-1.74373870972731));
#12309=CARTESIAN_POINT('',(0.85,0.9,-1.74373870972731));
#12310=CARTESIAN_POINT('',(0.85,0.9,-1.74373870972731));
#12311=CARTESIAN_POINT('',(2.75,0.9,-1.74373870972731));
#12312=CARTESIAN_POINT('',(2.75,0.4,-0.37));
#12313=CARTESIAN_POINT('',(0.65,0.4,-0.37));
#12314=CARTESIAN_POINT('',(0.35,0.4,-0.37));
#12315=CARTESIAN_POINT('',(0.65,0.9,-1.74373870972731));
#12316=CARTESIAN_POINT('',(0.65,0.9,-1.74373870972731));
#12317=CARTESIAN_POINT('',(2.75,0.9,-1.74373870972731));
#12318=CARTESIAN_POINT('',(0.35,0.9,-1.74373870972731));
#12319=CARTESIAN_POINT('',(0.35,0.9,-1.74373870972731));
#12320=CARTESIAN_POINT('',(2.75,0.9,-1.74373870972731));
#12321=CARTESIAN_POINT('',(2.75,0.4,-0.37));
#12322=CARTESIAN_POINT('',(0.15,0.4,-0.37));
#12323=CARTESIAN_POINT('',(-0.15,0.4,-0.37));
#12324=CARTESIAN_POINT('',(0.15,0.9,-1.74373870972731));
#12325=CARTESIAN_POINT('',(0.15,0.9,-1.74373870972731));
#12326=CARTESIAN_POINT('',(2.75,0.9,-1.74373870972731));
#12327=CARTESIAN_POINT('',(-0.15,0.9,-1.74373870972731));
#12328=CARTESIAN_POINT('',(-0.15,0.9,-1.74373870972731));
#12329=CARTESIAN_POINT('',(2.75,0.9,-1.74373870972731));
#12330=CARTESIAN_POINT('',(2.75,0.4,-0.37));
#12331=CARTESIAN_POINT('',(-0.35,0.4,-0.37));
#12332=CARTESIAN_POINT('',(-0.65,0.4,-0.37));
#12333=CARTESIAN_POINT('',(-0.35,0.9,-1.74373870972731));
#12334=CARTESIAN_POINT('',(-0.35,0.9,-1.74373870972731));
#12335=CARTESIAN_POINT('',(2.75,0.9,-1.74373870972731));
#12336=CARTESIAN_POINT('',(-0.65,0.9,-1.74373870972731));
#12337=CARTESIAN_POINT('',(-0.65,0.9,-1.74373870972731));
#12338=CARTESIAN_POINT('',(2.75,0.9,-1.74373870972731));
#12339=CARTESIAN_POINT('',(2.75,0.4,-0.37));
#12340=CARTESIAN_POINT('',(-0.85,0.4,-0.37));
#12341=CARTESIAN_POINT('',(-1.15,0.4,-0.37));
#12342=CARTESIAN_POINT('',(-0.85,0.9,-1.74373870972731));
#12343=CARTESIAN_POINT('',(-0.85,0.9,-1.74373870972731));
#12344=CARTESIAN_POINT('',(2.75,0.9,-1.74373870972731));
#12345=CARTESIAN_POINT('',(-1.15,0.9,-1.74373870972731));
#12346=CARTESIAN_POINT('',(-1.15,0.9,-1.74373870972731));
#12347=CARTESIAN_POINT('',(2.75,0.9,-1.74373870972731));
#12348=CARTESIAN_POINT('',(2.75,0.4,-0.37));
#12349=CARTESIAN_POINT('',(-1.35,0.4,-0.37));
#12350=CARTESIAN_POINT('',(-1.65,0.4,-0.37));
#12351=CARTESIAN_POINT('',(-1.35,0.9,-1.74373870972731));
#12352=CARTESIAN_POINT('',(-1.35,0.9,-1.74373870972731));
#12353=CARTESIAN_POINT('',(2.75,0.9,-1.74373870972731));
#12354=CARTESIAN_POINT('',(-1.65,0.9,-1.74373870972731));
#12355=CARTESIAN_POINT('',(-1.65,0.9,-1.74373870972731));
#12356=CARTESIAN_POINT('',(2.75,0.9,-1.74373870972731));
#12357=CARTESIAN_POINT('',(2.75,0.4,-0.37));
#12358=CARTESIAN_POINT('',(-2.35,0.4,-0.37));
#12359=CARTESIAN_POINT('',(-2.75,0.4,-0.37));
#12360=CARTESIAN_POINT('',(-2.35,0.9,-1.74373870972731));
#12361=CARTESIAN_POINT('',(-2.35,0.9,-1.74373870972731));
#12362=CARTESIAN_POINT('',(2.75,0.9,-1.74373870972731));
#12363=CARTESIAN_POINT('',(-2.75,0.9,-1.74373870972731));
#12364=CARTESIAN_POINT('',(-2.75,0.9,-1.74373870972731));
#12365=CARTESIAN_POINT('',(0.,0.01,0.));
#12366=CARTESIAN_POINT('',(-2.35,0.01,0.));
#12367=CARTESIAN_POINT('',(-2.35,0.01,-2.98));
#12368=CARTESIAN_POINT('',(-2.35,0.01,-4.72));
#12369=CARTESIAN_POINT('',(-2.30780176714772E-16,0.01,-2.98));
#12370=CARTESIAN_POINT('',(-2.75,0.01,-2.98));
#12371=CARTESIAN_POINT('',(-2.30780176714772E-16,0.01,-2.98));
#12372=CARTESIAN_POINT('',(-2.8,0.01,-2.98));
#12373=CARTESIAN_POINT('',(-2.8,0.01,0.));
#12374=CARTESIAN_POINT('',(-2.8,0.01,-1.7));
#12375=CARTESIAN_POINT('',(-3.075,0.01,-1.7));
#12376=CARTESIAN_POINT('',(-3.075,0.01,-1.7));
#12377=CARTESIAN_POINT('',(-3.075,0.01,-4.72));
#12378=CARTESIAN_POINT('',(-3.075,0.01,-4.72));
#12379=CARTESIAN_POINT('',(3.075,0.01,-4.72));
#12380=CARTESIAN_POINT('',(0.,0.01,0.));
#12381=CARTESIAN_POINT('',(-2.30780176714772E-16,0.01,-2.98));
#12382=CARTESIAN_POINT('',(-2.15,0.01,-2.98));
#12383=CARTESIAN_POINT('',(-1.85,0.01,-2.98));
#12384=CARTESIAN_POINT('',(-2.15,0.01,0.));
#12385=CARTESIAN_POINT('',(-2.15,0.01,-4.72));
#12386=CARTESIAN_POINT('',(3.075,0.01,-4.72));
#12387=CARTESIAN_POINT('',(-1.85,0.01,-4.72));
#12388=CARTESIAN_POINT('',(-1.85,0.01,0.));
#12389=CARTESIAN_POINT('',(0.,0.01,0.));
#12390=CARTESIAN_POINT('',(-2.30780176714772E-16,0.01,-2.98));
#12391=CARTESIAN_POINT('',(-1.65,0.01,-2.98));
#12392=CARTESIAN_POINT('',(-1.35,0.01,-2.98));
#12393=CARTESIAN_POINT('',(-1.65,0.01,0.));
#12394=CARTESIAN_POINT('',(-1.65,0.01,-4.72));
#12395=CARTESIAN_POINT('',(3.075,0.01,-4.72));
#12396=CARTESIAN_POINT('',(-1.35,0.01,-4.72));
#12397=CARTESIAN_POINT('',(-1.35,0.01,0.));
#12398=CARTESIAN_POINT('',(0.,0.01,0.));
#12399=CARTESIAN_POINT('',(-2.30780176714772E-16,0.01,-2.98));
#12400=CARTESIAN_POINT('',(-1.15,0.01,-2.98));
#12401=CARTESIAN_POINT('',(-0.850000000000003,0.01,-2.98));
#12402=CARTESIAN_POINT('',(-1.15,0.01,0.));
#12403=CARTESIAN_POINT('',(-1.15,0.01,-4.72));
#12404=CARTESIAN_POINT('',(3.075,0.01,-4.72));
#12405=CARTESIAN_POINT('',(-0.850000000000003,0.01,-4.72));
#12406=CARTESIAN_POINT('',(-0.850000000000003,0.01,0.));
#12407=CARTESIAN_POINT('',(0.,0.01,0.));
#12408=CARTESIAN_POINT('',(-2.30780176714772E-16,0.01,-2.98));
#12409=CARTESIAN_POINT('',(-0.649999999999999,0.01,-2.98));
#12410=CARTESIAN_POINT('',(-0.350000000000001,0.01,-2.98));
#12411=CARTESIAN_POINT('',(-0.649999999999999,0.01,0.));
#12412=CARTESIAN_POINT('',(-0.649999999999999,0.01,-4.72));
#12413=CARTESIAN_POINT('',(3.075,0.01,-4.72));
#12414=CARTESIAN_POINT('',(-0.350000000000001,0.01,-4.72));
#12415=CARTESIAN_POINT('',(-0.350000000000001,0.01,0.));
#12416=CARTESIAN_POINT('',(0.,0.01,0.));
#12417=CARTESIAN_POINT('',(-2.30780176714772E-16,0.01,-2.98));
#12418=CARTESIAN_POINT('',(-0.149999999999999,0.01,-2.98));
#12419=CARTESIAN_POINT('',(0.149999999999997,0.01,-2.98));
#12420=CARTESIAN_POINT('',(-0.149999999999999,0.01,0.));
#12421=CARTESIAN_POINT('',(-0.149999999999999,0.01,-4.72));
#12422=CARTESIAN_POINT('',(3.075,0.01,-4.72));
#12423=CARTESIAN_POINT('',(0.149999999999997,0.01,-4.72));
#12424=CARTESIAN_POINT('',(0.149999999999997,0.01,0.));
#12425=CARTESIAN_POINT('',(0.,0.01,0.));
#12426=CARTESIAN_POINT('',(-2.30780176714772E-16,0.01,-2.98));
#12427=CARTESIAN_POINT('',(0.350000000000001,0.01,-2.98));
#12428=CARTESIAN_POINT('',(0.649999999999999,0.01,-2.98));
#12429=CARTESIAN_POINT('',(0.350000000000001,0.01,0.));
#12430=CARTESIAN_POINT('',(0.350000000000001,0.01,-4.72));
#12431=CARTESIAN_POINT('',(3.075,0.01,-4.72));
#12432=CARTESIAN_POINT('',(0.649999999999999,0.01,-4.72));
#12433=CARTESIAN_POINT('',(0.649999999999999,0.01,0.));
#12434=CARTESIAN_POINT('',(0.,0.01,0.));
#12435=CARTESIAN_POINT('',(-2.30780176714772E-16,0.01,-2.98));
#12436=CARTESIAN_POINT('',(0.850000000000003,0.01,-2.98));
#12437=CARTESIAN_POINT('',(1.15,0.01,-2.98));
#12438=CARTESIAN_POINT('',(0.850000000000003,0.01,0.));
#12439=CARTESIAN_POINT('',(0.850000000000003,0.01,-4.72));
#12440=CARTESIAN_POINT('',(3.075,0.01,-4.72));
#12441=CARTESIAN_POINT('',(1.15,0.01,-4.72));
#12442=CARTESIAN_POINT('',(1.15,0.01,0.));
#12443=CARTESIAN_POINT('',(0.,0.01,0.));
#12444=CARTESIAN_POINT('',(-2.30780176714772E-16,0.01,-2.98));
#12445=CARTESIAN_POINT('',(1.35,0.01,-2.98));
#12446=CARTESIAN_POINT('',(1.65,0.01,-2.98));
#12447=CARTESIAN_POINT('',(1.35,0.01,0.));
#12448=CARTESIAN_POINT('',(1.35,0.01,-4.72));
#12449=CARTESIAN_POINT('',(3.075,0.01,-4.72));
#12450=CARTESIAN_POINT('',(1.65,0.01,-4.72));
#12451=CARTESIAN_POINT('',(1.65,0.01,0.));
#12452=CARTESIAN_POINT('',(0.,0.01,0.));
#12453=CARTESIAN_POINT('',(-2.30780176714772E-16,0.01,-2.98));
#12454=CARTESIAN_POINT('',(1.85,0.01,-2.98));
#12455=CARTESIAN_POINT('',(2.15,0.01,-2.98));
#12456=CARTESIAN_POINT('',(1.85,0.01,0.));
#12457=CARTESIAN_POINT('',(1.85,0.01,-4.72));
#12458=CARTESIAN_POINT('',(3.075,0.01,-4.72));
#12459=CARTESIAN_POINT('',(2.15,0.01,-4.72));
#12460=CARTESIAN_POINT('',(2.15,0.01,0.));
#12461=CARTESIAN_POINT('',(0.,0.01,0.));
#12462=CARTESIAN_POINT('',(-2.30780176714772E-16,0.01,-2.98));
#12463=CARTESIAN_POINT('',(2.35,0.01,-2.98));
#12464=CARTESIAN_POINT('',(2.75,0.01,-2.98));
#12465=CARTESIAN_POINT('',(2.35,0.01,0.));
#12466=CARTESIAN_POINT('',(2.35,0.01,-4.72));
#12467=CARTESIAN_POINT('',(3.075,0.01,-4.72));
#12468=CARTESIAN_POINT('',(3.075,0.01,-4.72));
#12469=CARTESIAN_POINT('',(3.075,0.01,-1.7));
#12470=CARTESIAN_POINT('',(3.075,0.01,-1.7));
#12471=CARTESIAN_POINT('',(-3.075,0.01,-1.7));
#12472=CARTESIAN_POINT('',(2.8,0.01,-1.7));
#12473=CARTESIAN_POINT('',(2.8,0.01,0.));
#12474=CARTESIAN_POINT('',(2.8,0.01,-2.98));
#12475=CARTESIAN_POINT('',(-2.30780176714772E-16,0.01,-2.98));
#12476=CARTESIAN_POINT('',(2.75,0.,-2.98));
#12477=CARTESIAN_POINT('',(-2.35,0.,-2.98));
#12478=CARTESIAN_POINT('',(-2.35,0.,-2.98));
#12479=CARTESIAN_POINT('',(2.75,0.,-2.98));
#12480=CARTESIAN_POINT('',(-2.75,0.,-2.98));
#12481=CARTESIAN_POINT('',(-2.75,0.,-2.98));
#12482=CARTESIAN_POINT('',(2.75,0.,-2.98));
#12483=CARTESIAN_POINT('',(-2.15,0.,-2.98));
#12484=CARTESIAN_POINT('',(-2.15,0.,-2.98));
#12485=CARTESIAN_POINT('',(-1.85,0.,-2.98));
#12486=CARTESIAN_POINT('',(-1.85,0.,-2.98));
#12487=CARTESIAN_POINT('',(2.75,0.,-2.98));
#12488=CARTESIAN_POINT('',(2.75,0.,-2.98));
#12489=CARTESIAN_POINT('',(-1.65,0.,-2.98));
#12490=CARTESIAN_POINT('',(-1.65,0.,-2.98));
#12491=CARTESIAN_POINT('',(-1.35,0.,-2.98));
#12492=CARTESIAN_POINT('',(-1.35,0.,-2.98));
#12493=CARTESIAN_POINT('',(2.75,0.,-2.98));
#12494=CARTESIAN_POINT('',(2.75,0.,-2.98));
#12495=CARTESIAN_POINT('',(-1.15,0.,-2.98));
#12496=CARTESIAN_POINT('',(-1.15,0.,-2.98));
#12497=CARTESIAN_POINT('',(-0.850000000000003,0.,-2.98));
#12498=CARTESIAN_POINT('',(-0.850000000000003,0.,-2.98));
#12499=CARTESIAN_POINT('',(2.75,0.,-2.98));
#12500=CARTESIAN_POINT('',(2.75,0.,-2.98));
#12501=CARTESIAN_POINT('',(-0.649999999999999,0.,-2.98));
#12502=CARTESIAN_POINT('',(-0.649999999999999,0.,-2.98));
#12503=CARTESIAN_POINT('',(-0.350000000000001,0.,-2.98));
#12504=CARTESIAN_POINT('',(-0.350000000000001,0.,-2.98));
#12505=CARTESIAN_POINT('',(2.75,0.,-2.98));
#12506=CARTESIAN_POINT('',(2.75,0.,-2.98));
#12507=CARTESIAN_POINT('',(-0.149999999999999,0.,-2.98));
#12508=CARTESIAN_POINT('',(-0.149999999999999,0.,-2.98));
#12509=CARTESIAN_POINT('',(0.149999999999997,0.,-2.98));
#12510=CARTESIAN_POINT('',(0.149999999999997,0.,-2.98));
#12511=CARTESIAN_POINT('',(2.75,0.,-2.98));
#12512=CARTESIAN_POINT('',(2.75,0.,-2.98));
#12513=CARTESIAN_POINT('',(0.350000000000001,0.,-2.98));
#12514=CARTESIAN_POINT('',(0.350000000000001,0.,-2.98));
#12515=CARTESIAN_POINT('',(0.649999999999999,0.,-2.98));
#12516=CARTESIAN_POINT('',(0.649999999999999,0.,-2.98));
#12517=CARTESIAN_POINT('',(2.75,0.,-2.98));
#12518=CARTESIAN_POINT('',(2.75,0.,-2.98));
#12519=CARTESIAN_POINT('',(0.850000000000003,0.,-2.98));
#12520=CARTESIAN_POINT('',(0.850000000000003,0.,-2.98));
#12521=CARTESIAN_POINT('',(1.15,0.,-2.98));
#12522=CARTESIAN_POINT('',(1.15,0.,-2.98));
#12523=CARTESIAN_POINT('',(2.75,0.,-2.98));
#12524=CARTESIAN_POINT('',(2.75,0.,-2.98));
#12525=CARTESIAN_POINT('',(1.35,0.,-2.98));
#12526=CARTESIAN_POINT('',(1.35,0.,-2.98));
#12527=CARTESIAN_POINT('',(1.65,0.,-2.98));
#12528=CARTESIAN_POINT('',(1.65,0.,-2.98));
#12529=CARTESIAN_POINT('',(2.75,0.,-2.98));
#12530=CARTESIAN_POINT('',(2.75,0.,-2.98));
#12531=CARTESIAN_POINT('',(1.85,0.,-2.98));
#12532=CARTESIAN_POINT('',(1.85,0.,-2.98));
#12533=CARTESIAN_POINT('',(2.15,0.,-2.98));
#12534=CARTESIAN_POINT('',(2.15,0.,-2.98));
#12535=CARTESIAN_POINT('',(2.75,0.,-2.98));
#12536=CARTESIAN_POINT('',(2.75,0.,-2.98));
#12537=CARTESIAN_POINT('',(2.35,0.,-2.98));
#12538=CARTESIAN_POINT('',(2.35,0.,-2.98));
#12539=CARTESIAN_POINT('',(2.75,0.,-2.98));
#12540=CARTESIAN_POINT('',(2.75,0.,-2.98));
#12541=CARTESIAN_POINT('',(2.75,0.,-2.98));
#12542=CARTESIAN_POINT('',(2.75,0.,-0.37));
#12543=CARTESIAN_POINT('',(-2.35,0.,-0.37));
#12544=CARTESIAN_POINT('',(-2.35,0.,-1.8));
#12545=CARTESIAN_POINT('',(-2.35,0.,-1.8));
#12546=CARTESIAN_POINT('',(-2.15,0.,-1.8));
#12547=CARTESIAN_POINT('',(-2.15,0.,-1.8));
#12548=CARTESIAN_POINT('',(-1.85,0.,-0.37));
#12549=CARTESIAN_POINT('',(-1.85,0.,-1.8));
#12550=CARTESIAN_POINT('',(-1.85,0.,-1.8));
#12551=CARTESIAN_POINT('',(-1.65,0.,-1.8));
#12552=CARTESIAN_POINT('',(-1.65,0.,-1.8));
#12553=CARTESIAN_POINT('',(-1.35,0.,-0.37));
#12554=CARTESIAN_POINT('',(-1.35,0.,-1.8));
#12555=CARTESIAN_POINT('',(-1.35,0.,-1.8));
#12556=CARTESIAN_POINT('',(-1.15,0.,-1.8));
#12557=CARTESIAN_POINT('',(-1.15,0.,-1.8));
#12558=CARTESIAN_POINT('',(-0.850000000000003,0.,-0.37));
#12559=CARTESIAN_POINT('',(-0.850000000000003,0.,-1.8));
#12560=CARTESIAN_POINT('',(-0.850000000000003,0.,-1.8));
#12561=CARTESIAN_POINT('',(-0.649999999999999,0.,-1.8));
#12562=CARTESIAN_POINT('',(-0.649999999999999,0.,-1.8));
#12563=CARTESIAN_POINT('',(-0.350000000000001,0.,-0.37));
#12564=CARTESIAN_POINT('',(-0.350000000000001,0.,-1.8));
#12565=CARTESIAN_POINT('',(-0.350000000000001,0.,-1.8));
#12566=CARTESIAN_POINT('',(-0.149999999999999,0.,-1.8));
#12567=CARTESIAN_POINT('',(-0.149999999999999,0.,-1.8));
#12568=CARTESIAN_POINT('',(0.149999999999997,0.,-0.37));
#12569=CARTESIAN_POINT('',(0.149999999999997,0.,-1.8));
#12570=CARTESIAN_POINT('',(0.149999999999997,0.,-1.8));
#12571=CARTESIAN_POINT('',(0.350000000000001,0.,-1.8));
#12572=CARTESIAN_POINT('',(0.350000000000001,0.,-1.8));
#12573=CARTESIAN_POINT('',(0.649999999999999,0.,-0.37));
#12574=CARTESIAN_POINT('',(0.649999999999999,0.,-1.8));
#12575=CARTESIAN_POINT('',(0.649999999999999,0.,-1.8));
#12576=CARTESIAN_POINT('',(0.850000000000003,0.,-1.8));
#12577=CARTESIAN_POINT('',(0.850000000000003,0.,-1.8));
#12578=CARTESIAN_POINT('',(1.15,0.,-0.37));
#12579=CARTESIAN_POINT('',(1.15,0.,-1.8));
#12580=CARTESIAN_POINT('',(1.15,0.,-1.8));
#12581=CARTESIAN_POINT('',(1.35,0.,-1.8));
#12582=CARTESIAN_POINT('',(1.35,0.,-1.8));
#12583=CARTESIAN_POINT('',(1.65,0.,-0.37));
#12584=CARTESIAN_POINT('',(1.65,0.,-1.8));
#12585=CARTESIAN_POINT('',(1.65,0.,-1.8));
#12586=CARTESIAN_POINT('',(1.85,0.,-1.8));
#12587=CARTESIAN_POINT('',(1.85,0.,-1.8));
#12588=CARTESIAN_POINT('',(2.15,0.,-0.37));
#12589=CARTESIAN_POINT('',(2.15,0.,-1.8));
#12590=CARTESIAN_POINT('',(2.15,0.,-1.8));
#12591=CARTESIAN_POINT('',(2.35,0.,-1.8));
#12592=CARTESIAN_POINT('',(2.35,0.,-1.8));
#12593=CARTESIAN_POINT('',(2.75,0.,-0.37));
#12594=CARTESIAN_POINT('',(2.75,0.,-0.37));
#12595=CARTESIAN_POINT('',(2.75,0.,-0.37));
#12596=CARTESIAN_POINT('',(-2.75,0.,-0.37));
#12597=CARTESIAN_POINT('',(-2.75,0.,-0.37));
#12598=CARTESIAN_POINT('',(2.15,2.,-4.));
#12599=CARTESIAN_POINT('',(2.15,0.1,-4.));
#12600=CARTESIAN_POINT('',(2.15,0.1,-4.));
#12601=CARTESIAN_POINT('',(2.35,0.1,-4.));
#12602=CARTESIAN_POINT('',(2.15,2.,-4.));
#12603=CARTESIAN_POINT('',(2.15,1.9,-4.));
#12604=CARTESIAN_POINT('',(2.15,1.9,-4.));
#12605=CARTESIAN_POINT('',(2.35,1.9,-4.));
#12606=CARTESIAN_POINT('',(2.35,2.,-4.));
#12607=CARTESIAN_POINT('',(1.65,2.,-4.));
#12608=CARTESIAN_POINT('',(1.65,0.1,-4.));
#12609=CARTESIAN_POINT('',(1.65,0.1,-4.));
#12610=CARTESIAN_POINT('',(1.85,0.1,-4.));
#12611=CARTESIAN_POINT('',(1.65,2.,-4.));
#12612=CARTESIAN_POINT('',(1.65,1.9,-4.));
#12613=CARTESIAN_POINT('',(1.65,1.9,-4.));
#12614=CARTESIAN_POINT('',(1.85,1.9,-4.));
#12615=CARTESIAN_POINT('',(1.85,2.,-4.));
#12616=CARTESIAN_POINT('',(1.15,2.,-4.));
#12617=CARTESIAN_POINT('',(1.15,0.1,-4.));
#12618=CARTESIAN_POINT('',(1.15,0.1,-4.));
#12619=CARTESIAN_POINT('',(1.35,0.1,-4.));
#12620=CARTESIAN_POINT('',(1.15,2.,-4.));
#12621=CARTESIAN_POINT('',(1.15,1.9,-4.));
#12622=CARTESIAN_POINT('',(1.15,1.9,-4.));
#12623=CARTESIAN_POINT('',(1.35,1.9,-4.));
#12624=CARTESIAN_POINT('',(1.35,2.,-4.));
#12625=CARTESIAN_POINT('',(0.649999999999999,2.,-4.));
#12626=CARTESIAN_POINT('',(0.649999999999999,0.1,-4.));
#12627=CARTESIAN_POINT('',(0.649999999999999,0.1,-4.));
#12628=CARTESIAN_POINT('',(0.850000000000003,0.1,-4.));
#12629=CARTESIAN_POINT('',(0.649999999999999,2.,-4.));
#12630=CARTESIAN_POINT('',(0.649999999999999,1.9,-4.));
#12631=CARTESIAN_POINT('',(0.649999999999999,1.9,-4.));
#12632=CARTESIAN_POINT('',(0.850000000000003,1.9,-4.));
#12633=CARTESIAN_POINT('',(0.850000000000003,2.,-4.));
#12634=CARTESIAN_POINT('',(0.149999999999997,2.,-4.));
#12635=CARTESIAN_POINT('',(0.149999999999997,0.1,-4.));
#12636=CARTESIAN_POINT('',(0.149999999999997,0.1,-4.));
#12637=CARTESIAN_POINT('',(0.350000000000001,0.1,-4.));
#12638=CARTESIAN_POINT('',(0.149999999999997,2.,-4.));
#12639=CARTESIAN_POINT('',(0.149999999999997,1.9,-4.));
#12640=CARTESIAN_POINT('',(0.149999999999997,1.9,-4.));
#12641=CARTESIAN_POINT('',(0.350000000000001,1.9,-4.));
#12642=CARTESIAN_POINT('',(0.350000000000001,2.,-4.));
#12643=CARTESIAN_POINT('',(-0.350000000000001,2.,-4.));
#12644=CARTESIAN_POINT('',(-0.350000000000001,0.1,-4.));
#12645=CARTESIAN_POINT('',(-0.350000000000001,0.1,-4.));
#12646=CARTESIAN_POINT('',(-0.149999999999999,0.1,-4.));
#12647=CARTESIAN_POINT('',(-0.350000000000001,2.,-4.));
#12648=CARTESIAN_POINT('',(-0.350000000000001,1.9,-4.));
#12649=CARTESIAN_POINT('',(-0.350000000000001,1.9,-4.));
#12650=CARTESIAN_POINT('',(-0.149999999999999,1.9,-4.));
#12651=CARTESIAN_POINT('',(-0.149999999999999,2.,-4.));
#12652=CARTESIAN_POINT('',(-0.850000000000003,2.,-4.));
#12653=CARTESIAN_POINT('',(-0.850000000000003,0.1,-4.));
#12654=CARTESIAN_POINT('',(-0.850000000000003,0.1,-4.));
#12655=CARTESIAN_POINT('',(-0.649999999999999,0.1,-4.));
#12656=CARTESIAN_POINT('',(-0.850000000000003,2.,-4.));
#12657=CARTESIAN_POINT('',(-0.850000000000003,1.9,-4.));
#12658=CARTESIAN_POINT('',(-0.850000000000003,1.9,-4.));
#12659=CARTESIAN_POINT('',(-0.649999999999999,1.9,-4.));
#12660=CARTESIAN_POINT('',(-0.649999999999999,2.,-4.));
#12661=CARTESIAN_POINT('',(-1.35,2.,-4.));
#12662=CARTESIAN_POINT('',(-1.35,0.1,-4.));
#12663=CARTESIAN_POINT('',(-1.35,0.1,-4.));
#12664=CARTESIAN_POINT('',(-1.15,0.1,-4.));
#12665=CARTESIAN_POINT('',(-1.35,2.,-4.));
#12666=CARTESIAN_POINT('',(-1.35,1.9,-4.));
#12667=CARTESIAN_POINT('',(-1.35,1.9,-4.));
#12668=CARTESIAN_POINT('',(-1.15,1.9,-4.));
#12669=CARTESIAN_POINT('',(-1.15,2.,-4.));
#12670=CARTESIAN_POINT('',(-1.85,2.,-4.));
#12671=CARTESIAN_POINT('',(-1.85,0.1,-4.));
#12672=CARTESIAN_POINT('',(-1.85,0.1,-4.));
#12673=CARTESIAN_POINT('',(-1.65,0.1,-4.));
#12674=CARTESIAN_POINT('',(-1.85,2.,-4.));
#12675=CARTESIAN_POINT('',(-1.85,1.9,-4.));
#12676=CARTESIAN_POINT('',(-1.85,1.9,-4.));
#12677=CARTESIAN_POINT('',(-1.65,1.9,-4.));
#12678=CARTESIAN_POINT('',(-1.65,2.,-4.));
#12679=CARTESIAN_POINT('',(-2.35,2.,-4.));
#12680=CARTESIAN_POINT('',(-2.35,0.1,-4.));
#12681=CARTESIAN_POINT('',(-2.35,0.1,-4.));
#12682=CARTESIAN_POINT('',(-2.15,0.1,-4.));
#12683=CARTESIAN_POINT('',(-2.35,2.,-4.));
#12684=CARTESIAN_POINT('',(-2.35,1.9,-4.));
#12685=CARTESIAN_POINT('',(-2.35,1.9,-4.));
#12686=CARTESIAN_POINT('',(-2.15,1.9,-4.));
#12687=CARTESIAN_POINT('',(-2.15,2.,-4.));
#12688=CARTESIAN_POINT('',(3.075,1.98,-4.72));
#12689=CARTESIAN_POINT('',(-2.35,1.98,-4.72));
#12690=CARTESIAN_POINT('',(-2.35,1.98,-4.72));
#12691=CARTESIAN_POINT('',(-3.075,1.98,-4.72));
#12692=CARTESIAN_POINT('',(-3.075,1.98,-4.72));
#12693=CARTESIAN_POINT('',(3.075,1.98,-4.72));
#12694=CARTESIAN_POINT('',(3.075,1.98,-4.72));
#12695=CARTESIAN_POINT('',(-2.15,1.98,-4.72));
#12696=CARTESIAN_POINT('',(-2.15,1.98,-4.72));
#12697=CARTESIAN_POINT('',(3.075,1.98,-4.72));
#12698=CARTESIAN_POINT('',(-1.85,1.98,-4.72));
#12699=CARTESIAN_POINT('',(-1.85,1.98,-4.72));
#12700=CARTESIAN_POINT('',(3.075,1.98,-4.72));
#12701=CARTESIAN_POINT('',(-1.65,1.98,-4.72));
#12702=CARTESIAN_POINT('',(-1.65,1.98,-4.72));
#12703=CARTESIAN_POINT('',(3.075,1.98,-4.72));
#12704=CARTESIAN_POINT('',(-1.35,1.98,-4.72));
#12705=CARTESIAN_POINT('',(-1.35,1.98,-4.72));
#12706=CARTESIAN_POINT('',(3.075,1.98,-4.72));
#12707=CARTESIAN_POINT('',(-1.15,1.98,-4.72));
#12708=CARTESIAN_POINT('',(-1.15,1.98,-4.72));
#12709=CARTESIAN_POINT('',(3.075,1.98,-4.72));
#12710=CARTESIAN_POINT('',(-0.850000000000003,1.98,-4.72));
#12711=CARTESIAN_POINT('',(-0.850000000000003,1.98,-4.72));
#12712=CARTESIAN_POINT('',(3.075,1.98,-4.72));
#12713=CARTESIAN_POINT('',(-0.649999999999999,1.98,-4.72));
#12714=CARTESIAN_POINT('',(-0.649999999999999,1.98,-4.72));
#12715=CARTESIAN_POINT('',(3.075,1.98,-4.72));
#12716=CARTESIAN_POINT('',(-0.350000000000001,1.98,-4.72));
#12717=CARTESIAN_POINT('',(-0.350000000000001,1.98,-4.72));
#12718=CARTESIAN_POINT('',(3.075,1.98,-4.72));
#12719=CARTESIAN_POINT('',(-0.149999999999999,1.98,-4.72));
#12720=CARTESIAN_POINT('',(-0.149999999999999,1.98,-4.72));
#12721=CARTESIAN_POINT('',(3.075,1.98,-4.72));
#12722=CARTESIAN_POINT('',(0.149999999999997,1.98,-4.72));
#12723=CARTESIAN_POINT('',(0.149999999999997,1.98,-4.72));
#12724=CARTESIAN_POINT('',(3.075,1.98,-4.72));
#12725=CARTESIAN_POINT('',(0.350000000000001,1.98,-4.72));
#12726=CARTESIAN_POINT('',(0.350000000000001,1.98,-4.72));
#12727=CARTESIAN_POINT('',(3.075,1.98,-4.72));
#12728=CARTESIAN_POINT('',(0.649999999999999,1.98,-4.72));
#12729=CARTESIAN_POINT('',(0.649999999999999,1.98,-4.72));
#12730=CARTESIAN_POINT('',(3.075,1.98,-4.72));
#12731=CARTESIAN_POINT('',(0.850000000000003,1.98,-4.72));
#12732=CARTESIAN_POINT('',(0.850000000000003,1.98,-4.72));
#12733=CARTESIAN_POINT('',(3.075,1.98,-4.72));
#12734=CARTESIAN_POINT('',(1.15,1.98,-4.72));
#12735=CARTESIAN_POINT('',(1.15,1.98,-4.72));
#12736=CARTESIAN_POINT('',(3.075,1.98,-4.72));
#12737=CARTESIAN_POINT('',(1.35,1.98,-4.72));
#12738=CARTESIAN_POINT('',(1.35,1.98,-4.72));
#12739=CARTESIAN_POINT('',(3.075,1.98,-4.72));
#12740=CARTESIAN_POINT('',(1.65,1.98,-4.72));
#12741=CARTESIAN_POINT('',(1.65,1.98,-4.72));
#12742=CARTESIAN_POINT('',(3.075,1.98,-4.72));
#12743=CARTESIAN_POINT('',(1.85,1.98,-4.72));
#12744=CARTESIAN_POINT('',(1.85,1.98,-4.72));
#12745=CARTESIAN_POINT('',(3.075,1.98,-4.72));
#12746=CARTESIAN_POINT('',(2.15,1.98,-4.72));
#12747=CARTESIAN_POINT('',(2.15,1.98,-4.72));
#12748=CARTESIAN_POINT('',(3.075,1.98,-4.72));
#12749=CARTESIAN_POINT('',(2.35,1.98,-4.72));
#12750=CARTESIAN_POINT('',(2.35,1.98,-4.72));
#12751=CARTESIAN_POINT('',(3.075,1.98,-4.72));
#12752=CARTESIAN_POINT('',(3.075,1.98,-4.72));
#12753=CARTESIAN_POINT('',(3.075,1.98,-4.72));
#12754=CARTESIAN_POINT('',(0.,1.98,0.));
#12755=CARTESIAN_POINT('',(3.9031278209478E-15,1.98,-1.8));
#12756=CARTESIAN_POINT('',(-2.35,1.98,-1.8));
#12757=CARTESIAN_POINT('',(-2.15,1.98,-1.8));
#12758=CARTESIAN_POINT('',(-2.35,1.98,0.));
#12759=CARTESIAN_POINT('',(-3.075,1.98,-4.72));
#12760=CARTESIAN_POINT('',(-3.075,1.98,-1.7));
#12761=CARTESIAN_POINT('',(-3.075,1.98,-1.7));
#12762=CARTESIAN_POINT('',(3.075,1.98,-1.7));
#12763=CARTESIAN_POINT('',(3.075,1.98,-1.7));
#12764=CARTESIAN_POINT('',(2.35,1.98,0.));
#12765=CARTESIAN_POINT('',(2.35,1.98,-1.8));
#12766=CARTESIAN_POINT('',(0.,1.98,-1.8));
#12767=CARTESIAN_POINT('',(2.15,1.98,-1.8));
#12768=CARTESIAN_POINT('',(2.15,1.98,0.));
#12769=CARTESIAN_POINT('',(1.85,1.98,0.));
#12770=CARTESIAN_POINT('',(1.85,1.98,-1.8));
#12771=CARTESIAN_POINT('',(0.,1.98,-1.8));
#12772=CARTESIAN_POINT('',(1.65,1.98,-1.8));
#12773=CARTESIAN_POINT('',(1.65,1.98,0.));
#12774=CARTESIAN_POINT('',(1.35,1.98,0.));
#12775=CARTESIAN_POINT('',(1.35,1.98,-1.8));
#12776=CARTESIAN_POINT('',(0.,1.98,-1.8));
#12777=CARTESIAN_POINT('',(1.15,1.98,-1.8));
#12778=CARTESIAN_POINT('',(1.15,1.98,0.));
#12779=CARTESIAN_POINT('',(0.850000000000003,1.98,0.));
#12780=CARTESIAN_POINT('',(0.850000000000003,1.98,-1.8));
#12781=CARTESIAN_POINT('',(0.,1.98,-1.8));
#12782=CARTESIAN_POINT('',(0.649999999999999,1.98,-1.8));
#12783=CARTESIAN_POINT('',(0.649999999999999,1.98,0.));
#12784=CARTESIAN_POINT('',(0.350000000000001,1.98,0.));
#12785=CARTESIAN_POINT('',(0.350000000000001,1.98,-1.8));
#12786=CARTESIAN_POINT('',(0.,1.98,-1.8));
#12787=CARTESIAN_POINT('',(0.149999999999997,1.98,-1.8));
#12788=CARTESIAN_POINT('',(0.149999999999997,1.98,0.));
#12789=CARTESIAN_POINT('',(-0.149999999999999,1.98,0.));
#12790=CARTESIAN_POINT('',(-0.149999999999999,1.98,-1.8));
#12791=CARTESIAN_POINT('',(0.,1.98,-1.8));
#12792=CARTESIAN_POINT('',(-0.350000000000001,1.98,-1.8));
#12793=CARTESIAN_POINT('',(-0.350000000000001,1.98,0.));
#12794=CARTESIAN_POINT('',(-0.649999999999999,1.98,0.));
#12795=CARTESIAN_POINT('',(-0.649999999999999,1.98,-1.8));
#12796=CARTESIAN_POINT('',(0.,1.98,-1.8));
#12797=CARTESIAN_POINT('',(-0.850000000000003,1.98,-1.8));
#12798=CARTESIAN_POINT('',(-0.850000000000003,1.98,0.));
#12799=CARTESIAN_POINT('',(-1.15,1.98,0.));
#12800=CARTESIAN_POINT('',(-1.15,1.98,-1.8));
#12801=CARTESIAN_POINT('',(0.,1.98,-1.8));
#12802=CARTESIAN_POINT('',(-1.35,1.98,-1.8));
#12803=CARTESIAN_POINT('',(-1.35,1.98,0.));
#12804=CARTESIAN_POINT('',(-1.65,1.98,0.));
#12805=CARTESIAN_POINT('',(-1.65,1.98,-1.8));
#12806=CARTESIAN_POINT('',(0.,1.98,-1.8));
#12807=CARTESIAN_POINT('',(-1.85,1.98,-1.8));
#12808=CARTESIAN_POINT('',(-1.85,1.98,0.));
#12809=CARTESIAN_POINT('',(-2.15,1.98,0.));
#12810=CARTESIAN_POINT('',(5.325,2.,-1.7));
#12811=CARTESIAN_POINT('',(2.8,2.,-1.7));
#12812=CARTESIAN_POINT('',(2.8,0.,-1.7));
#12813=CARTESIAN_POINT('',(3.075,2.05,-1.7));
#12814=CARTESIAN_POINT('',(3.075,0.,-1.7));
#12815=CARTESIAN_POINT('',(5.325,0.,-1.7));
#12816=CARTESIAN_POINT('',(5.325,2.,-1.7));
#12817=CARTESIAN_POINT('',(-2.8,2.,-1.7));
#12818=CARTESIAN_POINT('',(-2.8,0.,-1.7));
#12819=CARTESIAN_POINT('',(5.325,0.,-1.7));
#12820=CARTESIAN_POINT('',(-3.075,0.,-1.7));
#12821=CARTESIAN_POINT('',(-3.075,2.05,-1.7));
#12822=CARTESIAN_POINT('',(-4.825,2.,0.));
#12823=CARTESIAN_POINT('',(-3.1,1.1,-5.42101086242752E-17));
#12824=CARTESIAN_POINT('',(-3.1,1.1,-5.42101086242752E-17));
#12825=CARTESIAN_POINT('',(-3.1,0.,-5.42101086242752E-17));
#12826=CARTESIAN_POINT('',(-3.1,1.1,0.));
#12827=CARTESIAN_POINT('',(3.1,1.1,0.));
#12828=CARTESIAN_POINT('',(3.1,1.1,0.));
#12829=CARTESIAN_POINT('',(3.1,0.,0.));
#12830=CARTESIAN_POINT('',(-4.825,0.,0.));
#12831=CARTESIAN_POINT('',(4.825,0.,0.));
#12832=CARTESIAN_POINT('',(4.825,2.,0.));
#12833=CARTESIAN_POINT('',(4.825,2.,0.));
#12834=CARTESIAN_POINT('',(-4.825,2.,0.));
#12835=CARTESIAN_POINT('',(-4.825,2.,3.25260651745651E-16));
#12836=CARTESIAN_POINT('',(-4.825,2.,3.25260651745651E-16));
#12837=CARTESIAN_POINT('',(-4.825,0.,3.25260651745651E-16));
#12838=CARTESIAN_POINT('',(-4.825,0.,0.));
#12839=CARTESIAN_POINT('',(-4.825,0.,-0.499999999999998));
#12840=CARTESIAN_POINT('',(3.1,0.,0.));
#12841=CARTESIAN_POINT('',(3.1,0.,-0.4));
#12842=CARTESIAN_POINT('',(3.1,0.,-0.4));
#12843=CARTESIAN_POINT('',(2.8,0.,-0.699999999999999));
#12844=CARTESIAN_POINT('',(2.8,0.,-0.699999999999999));
#12845=CARTESIAN_POINT('',(5.325,0.,-1.7));
#12846=CARTESIAN_POINT('',(4.575,0.,-1.7));
#12847=CARTESIAN_POINT('',(5.325,0.,-1.7));
#12848=CARTESIAN_POINT('',(5.325,0.,-1.7));
#12849=CARTESIAN_POINT('',(5.325,0.,-0.5));
#12850=CARTESIAN_POINT('',(5.325,0.,-0.5));
#12851=CARTESIAN_POINT('',(4.825,0.,-0.499999999999998));
#12852=CARTESIAN_POINT('',(-4.825,0.,-0.499999999999998));
#12853=CARTESIAN_POINT('',(-3.1,0.,-0.4));
#12854=CARTESIAN_POINT('',(-3.1,0.,-0.4));
#12855=CARTESIAN_POINT('',(-4.825,0.,-0.499999999999998));
#12856=CARTESIAN_POINT('',(-5.325,0.,-0.5));
#12857=CARTESIAN_POINT('',(-5.325,0.,-1.7));
#12858=CARTESIAN_POINT('',(-5.325,0.,-1.7));
#12859=CARTESIAN_POINT('',(5.325,0.,-1.7));
#12860=CARTESIAN_POINT('',(-4.575,0.,-1.7));
#12861=CARTESIAN_POINT('',(5.325,0.,-1.7));
#12862=CARTESIAN_POINT('',(-2.8,0.,-2.98));
#12863=CARTESIAN_POINT('',(-2.8,0.,-0.7));
#12864=CARTESIAN_POINT('',(-2.8,0.,-0.7));
#12865=CARTESIAN_POINT('',(5.325,2.,-1.7));
#12866=CARTESIAN_POINT('',(3.075,2.05,-1.7));
#12867=CARTESIAN_POINT('',(3.075,2.,-1.7));
#12868=CARTESIAN_POINT('',(-3.075,2.05,-1.7));
#12869=CARTESIAN_POINT('',(-3.075,2.,-1.7));
#12870=CARTESIAN_POINT('',(5.325,2.,-1.7));
#12871=CARTESIAN_POINT('',(5.325,2.,-1.7));
#12872=CARTESIAN_POINT('',(4.575,2.05,-1.7));
#12873=CARTESIAN_POINT('',(4.575,2.,-1.7));
#12874=CARTESIAN_POINT('',(5.325,2.,-1.7));
#12875=CARTESIAN_POINT('',(5.325,2.,-1.7));
#12876=CARTESIAN_POINT('',(5.325,2.,-1.7));
#12877=CARTESIAN_POINT('',(-5.325,2.,-1.7));
#12878=CARTESIAN_POINT('',(-5.325,2.,-0.5));
#12879=CARTESIAN_POINT('',(-5.325,2.,-0.5));
#12880=CARTESIAN_POINT('',(-5.325,2.,-1.7));
#12881=CARTESIAN_POINT('',(-5.325,2.,-1.7));
#12882=CARTESIAN_POINT('',(-5.325,2.,-1.7));
#12883=CARTESIAN_POINT('',(-4.825,2.,-0.499999999999998));
#12884=CARTESIAN_POINT('',(-4.825,2.,-0.499999999999998));
#12885=CARTESIAN_POINT('',(4.825,2.,-0.499999999999998));
#12886=CARTESIAN_POINT('',(5.325,2.,-0.5));
#12887=CARTESIAN_POINT('',(5.325,2.,-0.5));
#12888=CARTESIAN_POINT('',(4.825,2.,-0.499999999999998));
#12889=CARTESIAN_POINT('',(5.325,2.,-0.5));
#12890=CARTESIAN_POINT('',(5.325,2.,-0.5));
#12891=CARTESIAN_POINT('',(5.325,2.,-1.7));
#12892=CARTESIAN_POINT('',(5.325,2.,-1.7));
#12893=CARTESIAN_POINT('',(-4.575,2.,-1.7));
#12894=CARTESIAN_POINT('',(-4.575,2.05,-1.7));
#12895=CARTESIAN_POINT('',(-4.825,2.,-0.499999999999998));
#12896=CARTESIAN_POINT('',(-4.825,2.,-1.7));
#12897=CARTESIAN_POINT('',(5.325,2.,-1.7));
#12898=CARTESIAN_POINT('',(-4.575,2.05,-1.7));
#12899=CARTESIAN_POINT('',(-3.075,2.05,-1.7));
#12900=CARTESIAN_POINT('',(-3.075,-0.05,-1.7));
#12901=CARTESIAN_POINT('',(-4.575,2.05,-1.7));
#12902=CARTESIAN_POINT('',(-4.575,-0.05,-1.7));
#12903=CARTESIAN_POINT('',(-4.575,-0.05,-1.7));
#12904=CARTESIAN_POINT('',(-3.075,2.05,-4.82));
#12905=CARTESIAN_POINT('',(-3.075,-0.05,-4.82));
#12906=CARTESIAN_POINT('',(-3.075,-0.05,-4.82));
#12907=CARTESIAN_POINT('',(-4.575,-0.05,-4.82));
#12908=CARTESIAN_POINT('',(-4.575,2.05,-4.82));
#12909=CARTESIAN_POINT('',(-4.575,2.05,-4.82));
#12910=CARTESIAN_POINT('',(-3.075,2.05,-4.82));
#12911=CARTESIAN_POINT('',(-3.075,2.05,-4.82));
#12912=CARTESIAN_POINT('',(-3.075,2.05,-4.82));
#12913=CARTESIAN_POINT('',(-4.575,2.05,-4.82));
#12914=CARTESIAN_POINT('',(-4.575,-0.05,-4.82));
#12915=CARTESIAN_POINT('',(-4.575,2.05,-1.7));
#12916=CARTESIAN_POINT('',(-4.575,2.05,-1.7));
#12917=CARTESIAN_POINT('',(-4.575,2.05,-4.82));
#12918=CARTESIAN_POINT('',(-4.575,2.05,-1.7));
#12919=CARTESIAN_POINT('',(-3.075,2.05,-1.7));
#12920=CARTESIAN_POINT('',(-3.075,2.05,-1.7));
#12921=CARTESIAN_POINT('',(-4.575,2.05,-1.7));
#12922=CARTESIAN_POINT('',(-3.075,2.05,-1.7));
#12923=CARTESIAN_POINT('',(-3.075,-0.05,-1.7));
#12924=CARTESIAN_POINT('',(-3.075,2.05,-1.7));
#12925=CARTESIAN_POINT('',(0.,2.05,0.));
#12926=CARTESIAN_POINT('',(0.,-0.05,0.));
#12927=CARTESIAN_POINT('',(3.075,2.05,-1.7));
#12928=CARTESIAN_POINT('',(4.575,2.05,-1.7));
#12929=CARTESIAN_POINT('',(4.575,-0.05,-1.7));
#12930=CARTESIAN_POINT('',(3.075,2.05,-1.7));
#12931=CARTESIAN_POINT('',(3.075,-0.05,-1.7));
#12932=CARTESIAN_POINT('',(3.075,-0.05,-1.7));
#12933=CARTESIAN_POINT('',(4.575,2.05,-4.82));
#12934=CARTESIAN_POINT('',(4.575,-0.05,-4.82));
#12935=CARTESIAN_POINT('',(4.575,-0.05,-4.82));
#12936=CARTESIAN_POINT('',(3.075,-0.05,-4.82));
#12937=CARTESIAN_POINT('',(3.075,2.05,-4.82));
#12938=CARTESIAN_POINT('',(3.075,2.05,-4.82));
#12939=CARTESIAN_POINT('',(4.575,2.05,-4.82));
#12940=CARTESIAN_POINT('',(4.575,2.05,-4.82));
#12941=CARTESIAN_POINT('',(4.575,2.05,-4.82));
#12942=CARTESIAN_POINT('',(3.075,2.05,-4.82));
#12943=CARTESIAN_POINT('',(3.075,2.05,-1.7));
#12944=CARTESIAN_POINT('',(3.075,2.05,-1.7));
#12945=CARTESIAN_POINT('',(3.075,2.05,-4.82));
#12946=CARTESIAN_POINT('',(3.075,-0.05,-4.82));
#12947=CARTESIAN_POINT('',(3.075,2.05,-1.7));
#12948=CARTESIAN_POINT('',(4.575,2.05,-1.7));
#12949=CARTESIAN_POINT('',(4.575,2.05,-1.7));
#12950=CARTESIAN_POINT('',(3.075,2.05,-1.7));
#12951=CARTESIAN_POINT('',(4.575,2.05,-1.7));
#12952=CARTESIAN_POINT('',(4.575,-0.05,-1.7));
#12953=CARTESIAN_POINT('',(4.575,2.05,-1.7));
#12954=CARTESIAN_POINT('',(0.,2.05,0.));
#12955=CARTESIAN_POINT('',(0.,-0.05,0.));
#12956=CARTESIAN_POINT('',(2.8,1.1,-0.699999999999999));
#12957=CARTESIAN_POINT('',(2.8,1.1,-0.699999999999999));
#12958=CARTESIAN_POINT('',(2.8,1.1,-0.699999999999999));
#12959=CARTESIAN_POINT('',(2.8,1.1,-0.699999999999999));
#12960=CARTESIAN_POINT('',(2.8,1.1,-2.98));
#12961=CARTESIAN_POINT('',(2.8,1.1,-2.98));
#12962=CARTESIAN_POINT('',(2.8,1.1,-2.98));
#12963=CARTESIAN_POINT('',(2.75,1.1,-2.98));
#12964=CARTESIAN_POINT('',(2.75,0.9,-2.98));
#12965=CARTESIAN_POINT('',(2.8,1.1,-2.98));
#12966=CARTESIAN_POINT('',(-2.8,1.1,-2.98));
#12967=CARTESIAN_POINT('',(-2.8,1.1,-2.98));
#12968=CARTESIAN_POINT('',(-2.75,1.1,-2.98));
#12969=CARTESIAN_POINT('',(-2.75,0.9,-2.98));
#12970=CARTESIAN_POINT('',(2.75,0.9,-2.98));
#12971=CARTESIAN_POINT('',(-2.8,1.1,-2.98));
#12972=CARTESIAN_POINT('',(-2.8,1.1,-2.98));
#12973=CARTESIAN_POINT('',(-2.8,1.1,-0.7));
#12974=CARTESIAN_POINT('',(-2.8,1.1,-0.7));
#12975=CARTESIAN_POINT('',(-2.8,1.1,-0.7));
#12976=CARTESIAN_POINT('',(-2.8,1.1,-0.7));
#12977=CARTESIAN_POINT('',(-3.1,1.1,-0.4));
#12978=CARTESIAN_POINT('',(-3.1,1.1,-0.4));
#12979=CARTESIAN_POINT('',(-3.1,1.1,-0.4));
#12980=CARTESIAN_POINT('',(-3.1,1.1,-0.4));
#12981=CARTESIAN_POINT('',(3.1,1.1,0.));
#12982=CARTESIAN_POINT('',(3.1,1.1,0.));
#12983=CARTESIAN_POINT('',(3.1,1.1,-0.4));
#12984=CARTESIAN_POINT('',(3.1,1.1,-0.4));
#12985=CARTESIAN_POINT('',(3.1,1.1,-0.4));
#12986=CARTESIAN_POINT('',(3.1,1.1,-0.4));
#12987=CARTESIAN_POINT('',(0.,1.1,0.));
#12988=CARTESIAN_POINT('',(2.75,0.9,-1.74373870972731));
#12989=CARTESIAN_POINT('',(2.75,0.4,-0.37));
#12990=CARTESIAN_POINT('',(-1.85,0.4,-0.37));
#12991=CARTESIAN_POINT('',(-2.15,0.4,-0.37));
#12992=CARTESIAN_POINT('',(-1.85,0.9,-1.74373870972731));
#12993=CARTESIAN_POINT('',(-1.85,0.9,-1.74373870972731));
#12994=CARTESIAN_POINT('',(2.75,0.9,-1.74373870972731));
#12995=CARTESIAN_POINT('',(-2.15,0.9,-1.74373870972731));
#12996=CARTESIAN_POINT('',(-2.15,0.9,-1.74373870972731));
#12997=CARTESIAN_POINT('',(2.75,0.4,-0.37));
#12998=CARTESIAN_POINT('',(2.75,0.25,-0.37));
#12999=CARTESIAN_POINT('',(-2.35,0.25,-0.37));
#13000=CARTESIAN_POINT('',(-2.15,0.25,-0.37));
#13001=CARTESIAN_POINT('',(-2.35,0.4,-0.37));
#13002=CARTESIAN_POINT('',(-2.75,0.4,-0.37));
#13003=CARTESIAN_POINT('',(2.75,0.4,-0.37));
#13004=CARTESIAN_POINT('',(2.35,0.4,-0.37));
#13005=CARTESIAN_POINT('',(2.35,0.25,-0.37));
#13006=CARTESIAN_POINT('',(2.75,0.25,-0.37));
#13007=CARTESIAN_POINT('',(2.15,0.25,-0.37));
#13008=CARTESIAN_POINT('',(2.15,0.4,-0.37));
#13009=CARTESIAN_POINT('',(1.85,0.4,-0.37));
#13010=CARTESIAN_POINT('',(1.85,0.25,-0.37));
#13011=CARTESIAN_POINT('',(2.75,0.25,-0.37));
#13012=CARTESIAN_POINT('',(1.65,0.25,-0.37));
#13013=CARTESIAN_POINT('',(1.65,0.4,-0.37));
#13014=CARTESIAN_POINT('',(1.35,0.4,-0.37));
#13015=CARTESIAN_POINT('',(1.35,0.25,-0.37));
#13016=CARTESIAN_POINT('',(2.75,0.25,-0.37));
#13017=CARTESIAN_POINT('',(1.15,0.25,-0.37));
#13018=CARTESIAN_POINT('',(1.15,0.4,-0.37));
#13019=CARTESIAN_POINT('',(0.85,0.4,-0.37));
#13020=CARTESIAN_POINT('',(0.85,0.25,-0.37));
#13021=CARTESIAN_POINT('',(2.75,0.25,-0.37));
#13022=CARTESIAN_POINT('',(0.65,0.25,-0.37));
#13023=CARTESIAN_POINT('',(0.65,0.4,-0.37));
#13024=CARTESIAN_POINT('',(0.35,0.4,-0.37));
#13025=CARTESIAN_POINT('',(0.35,0.25,-0.37));
#13026=CARTESIAN_POINT('',(2.75,0.25,-0.37));
#13027=CARTESIAN_POINT('',(0.15,0.25,-0.37));
#13028=CARTESIAN_POINT('',(0.15,0.4,-0.37));
#13029=CARTESIAN_POINT('',(-0.15,0.4,-0.37));
#13030=CARTESIAN_POINT('',(-0.15,0.25,-0.37));
#13031=CARTESIAN_POINT('',(2.75,0.25,-0.37));
#13032=CARTESIAN_POINT('',(-0.35,0.25,-0.37));
#13033=CARTESIAN_POINT('',(-0.35,0.4,-0.37));
#13034=CARTESIAN_POINT('',(-0.65,0.4,-0.37));
#13035=CARTESIAN_POINT('',(-0.65,0.25,-0.37));
#13036=CARTESIAN_POINT('',(2.75,0.25,-0.37));
#13037=CARTESIAN_POINT('',(-0.85,0.25,-0.37));
#13038=CARTESIAN_POINT('',(-0.85,0.4,-0.37));
#13039=CARTESIAN_POINT('',(-1.15,0.4,-0.37));
#13040=CARTESIAN_POINT('',(-1.15,0.25,-0.37));
#13041=CARTESIAN_POINT('',(2.75,0.25,-0.37));
#13042=CARTESIAN_POINT('',(-1.35,0.25,-0.37));
#13043=CARTESIAN_POINT('',(-1.35,0.4,-0.37));
#13044=CARTESIAN_POINT('',(-1.65,0.4,-0.37));
#13045=CARTESIAN_POINT('',(-1.65,0.25,-0.37));
#13046=CARTESIAN_POINT('',(2.75,0.25,-0.37));
#13047=CARTESIAN_POINT('',(-1.85,0.25,-0.37));
#13048=CARTESIAN_POINT('',(-1.85,0.4,-0.37));
#13049=CARTESIAN_POINT('',(-2.15,0.4,-0.37));
#13050=CARTESIAN_POINT('',(2.75,0.9,-2.98));
#13051=CARTESIAN_POINT('',(2.75,0.9,-2.));
#13052=CARTESIAN_POINT('',(2.15,0.9,-2.));
#13053=CARTESIAN_POINT('',(2.35,0.9,-2.));
#13054=CARTESIAN_POINT('',(2.35,0.9,-2.98));
#13055=CARTESIAN_POINT('',(2.75,0.9,-2.98));
#13056=CARTESIAN_POINT('',(-2.75,0.9,-2.98));
#13057=CARTESIAN_POINT('',(-2.35,0.9,-2.98));
#13058=CARTESIAN_POINT('',(-2.35,0.9,-2.));
#13059=CARTESIAN_POINT('',(2.75,0.9,-2.));
#13060=CARTESIAN_POINT('',(-2.15,0.9,-2.));
#13061=CARTESIAN_POINT('',(-2.15,0.9,-2.98));
#13062=CARTESIAN_POINT('',(-1.85,0.9,-2.98));
#13063=CARTESIAN_POINT('',(-1.85,0.9,-2.));
#13064=CARTESIAN_POINT('',(2.75,0.9,-2.));
#13065=CARTESIAN_POINT('',(-1.65,0.9,-2.));
#13066=CARTESIAN_POINT('',(-1.65,0.9,-2.98));
#13067=CARTESIAN_POINT('',(-1.35,0.9,-2.98));
#13068=CARTESIAN_POINT('',(-1.35,0.9,-2.));
#13069=CARTESIAN_POINT('',(2.75,0.9,-2.));
#13070=CARTESIAN_POINT('',(-1.15,0.9,-2.));
#13071=CARTESIAN_POINT('',(-1.15,0.9,-2.98));
#13072=CARTESIAN_POINT('',(-0.85,0.9,-2.98));
#13073=CARTESIAN_POINT('',(-0.85,0.9,-2.));
#13074=CARTESIAN_POINT('',(2.75,0.9,-2.));
#13075=CARTESIAN_POINT('',(-0.65,0.9,-2.));
#13076=CARTESIAN_POINT('',(-0.65,0.9,-2.98));
#13077=CARTESIAN_POINT('',(-0.35,0.9,-2.98));
#13078=CARTESIAN_POINT('',(-0.35,0.9,-2.));
#13079=CARTESIAN_POINT('',(2.75,0.9,-2.));
#13080=CARTESIAN_POINT('',(-0.15,0.9,-2.));
#13081=CARTESIAN_POINT('',(-0.15,0.9,-2.98));
#13082=CARTESIAN_POINT('',(0.15,0.9,-2.98));
#13083=CARTESIAN_POINT('',(0.15,0.9,-2.));
#13084=CARTESIAN_POINT('',(2.75,0.9,-2.));
#13085=CARTESIAN_POINT('',(0.35,0.9,-2.));
#13086=CARTESIAN_POINT('',(0.35,0.9,-2.98));
#13087=CARTESIAN_POINT('',(0.65,0.9,-2.98));
#13088=CARTESIAN_POINT('',(0.65,0.9,-2.));
#13089=CARTESIAN_POINT('',(2.75,0.9,-2.));
#13090=CARTESIAN_POINT('',(0.85,0.9,-2.));
#13091=CARTESIAN_POINT('',(0.85,0.9,-2.98));
#13092=CARTESIAN_POINT('',(1.15,0.9,-2.98));
#13093=CARTESIAN_POINT('',(1.15,0.9,-2.));
#13094=CARTESIAN_POINT('',(2.75,0.9,-2.));
#13095=CARTESIAN_POINT('',(1.35,0.9,-2.));
#13096=CARTESIAN_POINT('',(1.35,0.9,-2.98));
#13097=CARTESIAN_POINT('',(1.65,0.9,-2.98));
#13098=CARTESIAN_POINT('',(1.65,0.9,-2.));
#13099=CARTESIAN_POINT('',(2.75,0.9,-2.));
#13100=CARTESIAN_POINT('',(1.85,0.9,-2.));
#13101=CARTESIAN_POINT('',(1.85,0.9,-2.98));
#13102=CARTESIAN_POINT('',(2.15,0.9,-2.98));
#13103=CARTESIAN_POINT('',(2.75,0.,0.));
#13104=CARTESIAN_POINT('',(-2.75,0.,0.));
#13105=CARTESIAN_POINT('',(2.35,2.,-4.));
#13106=CARTESIAN_POINT('',(2.35,0.1,-1.8));
#13107=CARTESIAN_POINT('',(2.35,0.1,-1.8));
#13108=CARTESIAN_POINT('',(2.35,0.1,-1.8));
#13109=CARTESIAN_POINT('',(2.35,1.9,-1.8));
#13110=CARTESIAN_POINT('',(2.35,1.9,-1.8));
#13111=CARTESIAN_POINT('',(2.35,1.9,-1.8));
#13112=CARTESIAN_POINT('',(2.15,2.,-5.2));
#13113=CARTESIAN_POINT('',(2.15,0.1,-4.8));
#13114=CARTESIAN_POINT('',(2.15,0.1,-1.8));
#13115=CARTESIAN_POINT('',(2.15,0.1,-1.8));
#13116=CARTESIAN_POINT('',(2.15,1.9,-1.8));
#13117=CARTESIAN_POINT('',(2.15,1.9,-1.8));
#13118=CARTESIAN_POINT('',(2.15,1.9,-4.8));
#13119=CARTESIAN_POINT('',(1.85,2.,-4.));
#13120=CARTESIAN_POINT('',(1.85,0.1,-1.8));
#13121=CARTESIAN_POINT('',(1.85,0.1,-1.8));
#13122=CARTESIAN_POINT('',(1.85,0.1,-1.8));
#13123=CARTESIAN_POINT('',(1.85,1.9,-1.8));
#13124=CARTESIAN_POINT('',(1.85,1.9,-1.8));
#13125=CARTESIAN_POINT('',(1.85,1.9,-1.8));
#13126=CARTESIAN_POINT('',(1.65,2.,-5.2));
#13127=CARTESIAN_POINT('',(1.65,0.1,-4.8));
#13128=CARTESIAN_POINT('',(1.65,0.1,-1.8));
#13129=CARTESIAN_POINT('',(1.65,0.1,-1.8));
#13130=CARTESIAN_POINT('',(1.65,1.9,-1.8));
#13131=CARTESIAN_POINT('',(1.65,1.9,-1.8));
#13132=CARTESIAN_POINT('',(1.65,1.9,-4.8));
#13133=CARTESIAN_POINT('',(1.35,2.,-4.));
#13134=CARTESIAN_POINT('',(1.35,0.1,-1.8));
#13135=CARTESIAN_POINT('',(1.35,0.1,-1.8));
#13136=CARTESIAN_POINT('',(1.35,0.1,-1.8));
#13137=CARTESIAN_POINT('',(1.35,1.9,-1.8));
#13138=CARTESIAN_POINT('',(1.35,1.9,-1.8));
#13139=CARTESIAN_POINT('',(1.35,1.9,-1.8));
#13140=CARTESIAN_POINT('',(1.15,2.,-5.2));
#13141=CARTESIAN_POINT('',(1.15,0.1,-4.8));
#13142=CARTESIAN_POINT('',(1.15,0.1,-1.8));
#13143=CARTESIAN_POINT('',(1.15,0.1,-1.8));
#13144=CARTESIAN_POINT('',(1.15,1.9,-1.8));
#13145=CARTESIAN_POINT('',(1.15,1.9,-1.8));
#13146=CARTESIAN_POINT('',(1.15,1.9,-4.8));
#13147=CARTESIAN_POINT('',(0.850000000000003,2.,-4.));
#13148=CARTESIAN_POINT('',(0.850000000000003,0.1,-1.8));
#13149=CARTESIAN_POINT('',(0.850000000000003,0.1,-1.8));
#13150=CARTESIAN_POINT('',(0.850000000000003,0.1,-1.8));
#13151=CARTESIAN_POINT('',(0.850000000000003,1.9,-1.8));
#13152=CARTESIAN_POINT('',(0.850000000000003,1.9,-1.8));
#13153=CARTESIAN_POINT('',(0.850000000000003,1.9,-1.8));
#13154=CARTESIAN_POINT('',(0.649999999999999,2.,-5.2));
#13155=CARTESIAN_POINT('',(0.649999999999999,0.1,-4.8));
#13156=CARTESIAN_POINT('',(0.649999999999999,0.1,-1.8));
#13157=CARTESIAN_POINT('',(0.649999999999999,0.1,-1.8));
#13158=CARTESIAN_POINT('',(0.649999999999999,1.9,-1.8));
#13159=CARTESIAN_POINT('',(0.649999999999999,1.9,-1.8));
#13160=CARTESIAN_POINT('',(0.649999999999999,1.9,-4.8));
#13161=CARTESIAN_POINT('',(0.350000000000001,2.,-4.));
#13162=CARTESIAN_POINT('',(0.350000000000001,0.1,-1.8));
#13163=CARTESIAN_POINT('',(0.350000000000001,0.1,-1.8));
#13164=CARTESIAN_POINT('',(0.350000000000001,0.1,-1.8));
#13165=CARTESIAN_POINT('',(0.350000000000001,1.9,-1.8));
#13166=CARTESIAN_POINT('',(0.350000000000001,1.9,-1.8));
#13167=CARTESIAN_POINT('',(0.350000000000001,1.9,-1.8));
#13168=CARTESIAN_POINT('',(0.149999999999997,2.,-5.2));
#13169=CARTESIAN_POINT('',(0.149999999999997,0.1,-4.8));
#13170=CARTESIAN_POINT('',(0.149999999999997,0.1,-1.8));
#13171=CARTESIAN_POINT('',(0.149999999999997,0.1,-1.8));
#13172=CARTESIAN_POINT('',(0.149999999999997,1.9,-1.8));
#13173=CARTESIAN_POINT('',(0.149999999999997,1.9,-1.8));
#13174=CARTESIAN_POINT('',(0.149999999999997,1.9,-4.8));
#13175=CARTESIAN_POINT('',(-0.149999999999999,2.,-4.));
#13176=CARTESIAN_POINT('',(-0.149999999999999,0.1,-1.8));
#13177=CARTESIAN_POINT('',(-0.149999999999999,0.1,-1.8));
#13178=CARTESIAN_POINT('',(-0.149999999999999,0.1,-1.8));
#13179=CARTESIAN_POINT('',(-0.149999999999999,1.9,-1.8));
#13180=CARTESIAN_POINT('',(-0.149999999999999,1.9,-1.8));
#13181=CARTESIAN_POINT('',(-0.149999999999999,1.9,-1.8));
#13182=CARTESIAN_POINT('',(-0.350000000000001,2.,-5.2));
#13183=CARTESIAN_POINT('',(-0.350000000000001,0.1,-4.8));
#13184=CARTESIAN_POINT('',(-0.350000000000001,0.1,-1.8));
#13185=CARTESIAN_POINT('',(-0.350000000000001,0.1,-1.8));
#13186=CARTESIAN_POINT('',(-0.350000000000001,1.9,-1.8));
#13187=CARTESIAN_POINT('',(-0.350000000000001,1.9,-1.8));
#13188=CARTESIAN_POINT('',(-0.350000000000001,1.9,-4.8));
#13189=CARTESIAN_POINT('',(-0.649999999999999,2.,-4.));
#13190=CARTESIAN_POINT('',(-0.649999999999999,0.1,-1.8));
#13191=CARTESIAN_POINT('',(-0.649999999999999,0.1,-1.8));
#13192=CARTESIAN_POINT('',(-0.649999999999999,0.1,-1.8));
#13193=CARTESIAN_POINT('',(-0.649999999999999,1.9,-1.8));
#13194=CARTESIAN_POINT('',(-0.649999999999999,1.9,-1.8));
#13195=CARTESIAN_POINT('',(-0.649999999999999,1.9,-1.8));
#13196=CARTESIAN_POINT('',(-0.850000000000003,2.,-5.2));
#13197=CARTESIAN_POINT('',(-0.850000000000003,0.1,-4.8));
#13198=CARTESIAN_POINT('',(-0.850000000000003,0.1,-1.8));
#13199=CARTESIAN_POINT('',(-0.850000000000003,0.1,-1.8));
#13200=CARTESIAN_POINT('',(-0.850000000000003,1.9,-1.8));
#13201=CARTESIAN_POINT('',(-0.850000000000003,1.9,-1.8));
#13202=CARTESIAN_POINT('',(-0.850000000000003,1.9,-4.8));
#13203=CARTESIAN_POINT('',(-1.15,2.,-4.));
#13204=CARTESIAN_POINT('',(-1.15,0.1,-1.8));
#13205=CARTESIAN_POINT('',(-1.15,0.1,-1.8));
#13206=CARTESIAN_POINT('',(-1.15,0.1,-1.8));
#13207=CARTESIAN_POINT('',(-1.15,1.9,-1.8));
#13208=CARTESIAN_POINT('',(-1.15,1.9,-1.8));
#13209=CARTESIAN_POINT('',(-1.15,1.9,-1.8));
#13210=CARTESIAN_POINT('',(-1.35,2.,-5.2));
#13211=CARTESIAN_POINT('',(-1.35,0.1,-4.8));
#13212=CARTESIAN_POINT('',(-1.35,0.1,-1.8));
#13213=CARTESIAN_POINT('',(-1.35,0.1,-1.8));
#13214=CARTESIAN_POINT('',(-1.35,1.9,-1.8));
#13215=CARTESIAN_POINT('',(-1.35,1.9,-1.8));
#13216=CARTESIAN_POINT('',(-1.35,1.9,-4.8));
#13217=CARTESIAN_POINT('',(-1.65,2.,-4.));
#13218=CARTESIAN_POINT('',(-1.65,0.1,-1.8));
#13219=CARTESIAN_POINT('',(-1.65,0.1,-1.8));
#13220=CARTESIAN_POINT('',(-1.65,0.1,-1.8));
#13221=CARTESIAN_POINT('',(-1.65,1.9,-1.8));
#13222=CARTESIAN_POINT('',(-1.65,1.9,-1.8));
#13223=CARTESIAN_POINT('',(-1.65,1.9,-1.8));
#13224=CARTESIAN_POINT('',(-1.85,2.,-5.2));
#13225=CARTESIAN_POINT('',(-1.85,0.1,-4.8));
#13226=CARTESIAN_POINT('',(-1.85,0.1,-1.8));
#13227=CARTESIAN_POINT('',(-1.85,0.1,-1.8));
#13228=CARTESIAN_POINT('',(-1.85,1.9,-1.8));
#13229=CARTESIAN_POINT('',(-1.85,1.9,-1.8));
#13230=CARTESIAN_POINT('',(-1.85,1.9,-4.8));
#13231=CARTESIAN_POINT('',(-2.35,2.,-5.8));
#13232=CARTESIAN_POINT('',(-2.35,0.1,-7.4));
#13233=CARTESIAN_POINT('',(-2.35,0.1,-1.8));
#13234=CARTESIAN_POINT('',(-2.35,0.1,-1.8));
#13235=CARTESIAN_POINT('',(-2.35,1.9,-1.8));
#13236=CARTESIAN_POINT('',(-2.35,1.9,-1.8));
#13237=CARTESIAN_POINT('',(-2.35,1.9,-7.4));
#13238=CARTESIAN_POINT('',(-2.15,2.,-4.));
#13239=CARTESIAN_POINT('',(-2.15,0.1,-1.8));
#13240=CARTESIAN_POINT('',(-2.15,0.1,-1.8));
#13241=CARTESIAN_POINT('',(-2.15,0.1,-1.8));
#13242=CARTESIAN_POINT('',(-2.15,1.9,-1.8));
#13243=CARTESIAN_POINT('',(-2.15,1.9,-1.8));
#13244=CARTESIAN_POINT('',(-2.15,1.9,-1.8));
#13245=CARTESIAN_POINT('',(0.,1.9,0.));
#13246=CARTESIAN_POINT('',(-2.35,1.9,-1.8));
#13247=CARTESIAN_POINT('',(-2.35,1.9,-1.8));
#13248=CARTESIAN_POINT('',(0.,1.9,0.));
#13249=CARTESIAN_POINT('',(-1.85,1.9,-1.8));
#13250=CARTESIAN_POINT('',(-1.85,1.9,-1.8));
#13251=CARTESIAN_POINT('',(0.,1.9,0.));
#13252=CARTESIAN_POINT('',(-1.35,1.9,-1.8));
#13253=CARTESIAN_POINT('',(-1.35,1.9,-1.8));
#13254=CARTESIAN_POINT('',(0.,1.9,0.));
#13255=CARTESIAN_POINT('',(-0.850000000000003,1.9,-1.8));
#13256=CARTESIAN_POINT('',(-0.850000000000003,1.9,-1.8));
#13257=CARTESIAN_POINT('',(0.,1.9,0.));
#13258=CARTESIAN_POINT('',(-0.350000000000001,1.9,-1.8));
#13259=CARTESIAN_POINT('',(-0.350000000000001,1.9,-1.8));
#13260=CARTESIAN_POINT('',(0.,1.9,0.));
#13261=CARTESIAN_POINT('',(0.149999999999997,1.9,-1.8));
#13262=CARTESIAN_POINT('',(0.149999999999997,1.9,-1.8));
#13263=CARTESIAN_POINT('',(0.,1.9,0.));
#13264=CARTESIAN_POINT('',(0.649999999999999,1.9,-1.8));
#13265=CARTESIAN_POINT('',(0.649999999999999,1.9,-1.8));
#13266=CARTESIAN_POINT('',(0.,1.9,0.));
#13267=CARTESIAN_POINT('',(1.15,1.9,-1.8));
#13268=CARTESIAN_POINT('',(1.15,1.9,-1.8));
#13269=CARTESIAN_POINT('',(0.,1.9,0.));
#13270=CARTESIAN_POINT('',(1.65,1.9,-1.8));
#13271=CARTESIAN_POINT('',(1.65,1.9,-1.8));
#13272=CARTESIAN_POINT('',(0.,1.9,0.));
#13273=CARTESIAN_POINT('',(2.15,1.9,-1.8));
#13274=CARTESIAN_POINT('',(2.15,1.9,-1.8));
#13275=CARTESIAN_POINT('',(2.15,0.1,-1.8));
#13276=CARTESIAN_POINT('',(2.15,0.1,-1.8));
#13277=CARTESIAN_POINT('',(0.,0.1,0.));
#13278=CARTESIAN_POINT('',(1.65,0.1,-1.8));
#13279=CARTESIAN_POINT('',(1.65,0.1,-1.8));
#13280=CARTESIAN_POINT('',(0.,0.1,0.));
#13281=CARTESIAN_POINT('',(1.15,0.1,-1.8));
#13282=CARTESIAN_POINT('',(1.15,0.1,-1.8));
#13283=CARTESIAN_POINT('',(0.,0.1,0.));
#13284=CARTESIAN_POINT('',(0.649999999999999,0.1,-1.8));
#13285=CARTESIAN_POINT('',(0.649999999999999,0.1,-1.8));
#13286=CARTESIAN_POINT('',(0.,0.1,0.));
#13287=CARTESIAN_POINT('',(0.149999999999997,0.1,-1.8));
#13288=CARTESIAN_POINT('',(0.149999999999997,0.1,-1.8));
#13289=CARTESIAN_POINT('',(0.,0.1,0.));
#13290=CARTESIAN_POINT('',(-0.350000000000001,0.1,-1.8));
#13291=CARTESIAN_POINT('',(-0.350000000000001,0.1,-1.8));
#13292=CARTESIAN_POINT('',(0.,0.1,0.));
#13293=CARTESIAN_POINT('',(-0.850000000000003,0.1,-1.8));
#13294=CARTESIAN_POINT('',(-0.850000000000003,0.1,-1.8));
#13295=CARTESIAN_POINT('',(0.,0.1,0.));
#13296=CARTESIAN_POINT('',(-1.35,0.1,-1.8));
#13297=CARTESIAN_POINT('',(-1.35,0.1,-1.8));
#13298=CARTESIAN_POINT('',(0.,0.1,0.));
#13299=CARTESIAN_POINT('',(-1.85,0.1,-1.8));
#13300=CARTESIAN_POINT('',(-1.85,0.1,-1.8));
#13301=CARTESIAN_POINT('',(0.,0.1,0.));
#13302=CARTESIAN_POINT('',(-2.35,0.1,-1.8));
#13303=CARTESIAN_POINT('',(-2.35,0.1,-1.8));
#13304=CARTESIAN_POINT('',(0.,0.1,0.));
#13305=CARTESIAN_POINT('',(-2.15,0.25,-2.));
#13306=CARTESIAN_POINT('',(-2.35,0.25,-2.));
#13307=CARTESIAN_POINT('',(-2.35,0.25,-2.));
#13308=CARTESIAN_POINT('',(-2.15,0.25,-2.));
#13309=CARTESIAN_POINT('',(-2.15,0.25,-2.));
#13310=CARTESIAN_POINT('',(-2.15,0.25,-2.));
#13311=CARTESIAN_POINT('',(-2.15,0.25,0.0499999999999998));
#13312=CARTESIAN_POINT('',(-2.15,0.25,0.0499999999999998));
#13313=CARTESIAN_POINT('',(-2.35,0.25,-2.));
#13314=CARTESIAN_POINT('',(-2.35,0.25,-2.));
#13315=CARTESIAN_POINT('',(0.,0.25,0.));
#13316=CARTESIAN_POINT('',(-1.85,0.25,-2.));
#13317=CARTESIAN_POINT('',(-1.85,0.25,-2.));
#13318=CARTESIAN_POINT('',(-1.85,0.25,-2.));
#13319=CARTESIAN_POINT('',(-1.85,0.25,-2.));
#13320=CARTESIAN_POINT('',(-1.65,0.25,-2.));
#13321=CARTESIAN_POINT('',(-1.65,0.25,-2.));
#13322=CARTESIAN_POINT('',(-1.65,0.25,-2.));
#13323=CARTESIAN_POINT('',(-1.65,0.25,-2.));
#13324=CARTESIAN_POINT('',(-1.65,0.25,0.0499999999999998));
#13325=CARTESIAN_POINT('',(-1.65,0.25,0.0499999999999998));
#13326=CARTESIAN_POINT('',(0.,0.25,0.));
#13327=CARTESIAN_POINT('',(-1.35,0.25,-2.));
#13328=CARTESIAN_POINT('',(-1.35,0.25,-2.));
#13329=CARTESIAN_POINT('',(-1.35,0.25,-2.));
#13330=CARTESIAN_POINT('',(-1.35,0.25,-2.));
#13331=CARTESIAN_POINT('',(-1.15,0.25,-2.));
#13332=CARTESIAN_POINT('',(-1.15,0.25,-2.));
#13333=CARTESIAN_POINT('',(-1.15,0.25,-2.));
#13334=CARTESIAN_POINT('',(-1.15,0.25,-2.));
#13335=CARTESIAN_POINT('',(-1.15,0.25,0.0499999999999998));
#13336=CARTESIAN_POINT('',(-1.15,0.25,0.0499999999999998));
#13337=CARTESIAN_POINT('',(0.,0.25,0.));
#13338=CARTESIAN_POINT('',(-0.85,0.25,-2.));
#13339=CARTESIAN_POINT('',(-0.85,0.25,-2.));
#13340=CARTESIAN_POINT('',(-0.85,0.25,-2.));
#13341=CARTESIAN_POINT('',(-0.85,0.25,-2.));
#13342=CARTESIAN_POINT('',(-0.65,0.25,-2.));
#13343=CARTESIAN_POINT('',(-0.65,0.25,-2.));
#13344=CARTESIAN_POINT('',(-0.65,0.25,-2.));
#13345=CARTESIAN_POINT('',(-0.65,0.25,-2.));
#13346=CARTESIAN_POINT('',(-0.65,0.25,0.0499999999999998));
#13347=CARTESIAN_POINT('',(-0.65,0.25,0.0499999999999998));
#13348=CARTESIAN_POINT('',(0.,0.25,0.));
#13349=CARTESIAN_POINT('',(-0.35,0.25,-2.));
#13350=CARTESIAN_POINT('',(-0.35,0.25,-2.));
#13351=CARTESIAN_POINT('',(-0.35,0.25,-2.));
#13352=CARTESIAN_POINT('',(-0.35,0.25,-2.));
#13353=CARTESIAN_POINT('',(-0.15,0.25,-2.));
#13354=CARTESIAN_POINT('',(-0.15,0.25,-2.));
#13355=CARTESIAN_POINT('',(-0.15,0.25,-2.));
#13356=CARTESIAN_POINT('',(-0.15,0.25,-2.));
#13357=CARTESIAN_POINT('',(-0.15,0.25,0.0499999999999998));
#13358=CARTESIAN_POINT('',(-0.15,0.25,0.0499999999999998));
#13359=CARTESIAN_POINT('',(0.,0.25,0.));
#13360=CARTESIAN_POINT('',(0.15,0.25,-2.));
#13361=CARTESIAN_POINT('',(0.15,0.25,-2.));
#13362=CARTESIAN_POINT('',(0.15,0.25,-2.));
#13363=CARTESIAN_POINT('',(0.15,0.25,-2.));
#13364=CARTESIAN_POINT('',(0.35,0.25,-2.));
#13365=CARTESIAN_POINT('',(0.35,0.25,-2.));
#13366=CARTESIAN_POINT('',(0.35,0.25,-2.));
#13367=CARTESIAN_POINT('',(0.35,0.25,-2.));
#13368=CARTESIAN_POINT('',(0.35,0.25,0.0499999999999998));
#13369=CARTESIAN_POINT('',(0.35,0.25,0.0499999999999998));
#13370=CARTESIAN_POINT('',(0.,0.25,0.));
#13371=CARTESIAN_POINT('',(0.65,0.25,-2.));
#13372=CARTESIAN_POINT('',(0.65,0.25,-2.));
#13373=CARTESIAN_POINT('',(0.65,0.25,-2.));
#13374=CARTESIAN_POINT('',(0.65,0.25,-2.));
#13375=CARTESIAN_POINT('',(0.85,0.25,-2.));
#13376=CARTESIAN_POINT('',(0.85,0.25,-2.));
#13377=CARTESIAN_POINT('',(0.85,0.25,-2.));
#13378=CARTESIAN_POINT('',(0.85,0.25,-2.));
#13379=CARTESIAN_POINT('',(0.85,0.25,0.0499999999999998));
#13380=CARTESIAN_POINT('',(0.85,0.25,0.0499999999999998));
#13381=CARTESIAN_POINT('',(0.,0.25,0.));
#13382=CARTESIAN_POINT('',(1.15,0.25,-2.));
#13383=CARTESIAN_POINT('',(1.15,0.25,-2.));
#13384=CARTESIAN_POINT('',(1.15,0.25,-2.));
#13385=CARTESIAN_POINT('',(1.15,0.25,-2.));
#13386=CARTESIAN_POINT('',(1.35,0.25,-2.));
#13387=CARTESIAN_POINT('',(1.35,0.25,-2.));
#13388=CARTESIAN_POINT('',(1.35,0.25,-2.));
#13389=CARTESIAN_POINT('',(1.35,0.25,-2.));
#13390=CARTESIAN_POINT('',(1.35,0.25,0.0499999999999998));
#13391=CARTESIAN_POINT('',(1.35,0.25,0.0499999999999998));
#13392=CARTESIAN_POINT('',(0.,0.25,0.));
#13393=CARTESIAN_POINT('',(1.65,0.25,-2.));
#13394=CARTESIAN_POINT('',(1.65,0.25,-2.));
#13395=CARTESIAN_POINT('',(1.65,0.25,-2.));
#13396=CARTESIAN_POINT('',(1.65,0.25,-2.));
#13397=CARTESIAN_POINT('',(1.85,0.25,-2.));
#13398=CARTESIAN_POINT('',(1.85,0.25,-2.));
#13399=CARTESIAN_POINT('',(1.85,0.25,-2.));
#13400=CARTESIAN_POINT('',(1.85,0.25,-2.));
#13401=CARTESIAN_POINT('',(1.85,0.25,0.0499999999999998));
#13402=CARTESIAN_POINT('',(1.85,0.25,0.0499999999999998));
#13403=CARTESIAN_POINT('',(0.,0.25,0.));
#13404=CARTESIAN_POINT('',(0.,0.25,0.));
#13405=CARTESIAN_POINT('',(2.35,0.25,0.0499999999999998));
#13406=CARTESIAN_POINT('',(2.35,0.25,-2.));
#13407=CARTESIAN_POINT('',(2.35,0.25,-2.));
#13408=CARTESIAN_POINT('',(2.15,0.25,-2.));
#13409=CARTESIAN_POINT('',(2.15,0.25,-2.));
#13410=CARTESIAN_POINT('',(2.35,0.25,0.0499999999999998));
#13411=CARTESIAN_POINT('',(2.35,0.25,-2.));
#13412=CARTESIAN_POINT('',(2.35,0.25,-2.));
#13413=CARTESIAN_POINT('',(2.15,0.25,-2.));
#13414=CARTESIAN_POINT('',(2.15,0.25,-2.));
#13415=CARTESIAN_POINT('',(0.,0.,0.));
#13416=CARTESIAN_POINT('',(2.6,0.25,-1.5));
#13417=CARTESIAN_POINT('',(2.6,0.25,-3.));
#13418=CARTESIAN_POINT('',(2.35,0.25,-3.));
#13419=CARTESIAN_POINT('',(2.6,0.25,-3.));
#13420=CARTESIAN_POINT('',(2.35,0.25,-1.5));
#13421=CARTESIAN_POINT('',(2.35,0.25,-1.5));
#13422=CARTESIAN_POINT('',(2.6,0.25,-1.5));
#13423=CARTESIAN_POINT('',(2.15,0.25,-1.5));
#13424=CARTESIAN_POINT('',(2.15,0.25,-1.5));
#13425=CARTESIAN_POINT('',(2.15,0.25,-3.));
#13426=CARTESIAN_POINT('',(2.6,0.25,-3.));
#13427=CARTESIAN_POINT('',(1.85,0.25,-3.));
#13428=CARTESIAN_POINT('',(1.85,0.25,-1.5));
#13429=CARTESIAN_POINT('',(1.85,0.25,-1.5));
#13430=CARTESIAN_POINT('',(2.6,0.25,-1.5));
#13431=CARTESIAN_POINT('',(1.65,0.25,-1.5));
#13432=CARTESIAN_POINT('',(1.65,0.25,-1.5));
#13433=CARTESIAN_POINT('',(1.65,0.25,-3.));
#13434=CARTESIAN_POINT('',(2.6,0.25,-3.));
#13435=CARTESIAN_POINT('',(1.35,0.25,-3.));
#13436=CARTESIAN_POINT('',(1.35,0.25,-1.5));
#13437=CARTESIAN_POINT('',(1.35,0.25,-1.5));
#13438=CARTESIAN_POINT('',(2.6,0.25,-1.5));
#13439=CARTESIAN_POINT('',(1.15,0.25,-1.5));
#13440=CARTESIAN_POINT('',(1.15,0.25,-1.5));
#13441=CARTESIAN_POINT('',(1.15,0.25,-3.));
#13442=CARTESIAN_POINT('',(2.6,0.25,-3.));
#13443=CARTESIAN_POINT('',(0.85,0.25,-3.));
#13444=CARTESIAN_POINT('',(0.85,0.25,-1.5));
#13445=CARTESIAN_POINT('',(0.85,0.25,-1.5));
#13446=CARTESIAN_POINT('',(2.6,0.25,-1.5));
#13447=CARTESIAN_POINT('',(0.65,0.25,-1.5));
#13448=CARTESIAN_POINT('',(0.65,0.25,-1.5));
#13449=CARTESIAN_POINT('',(0.65,0.25,-3.));
#13450=CARTESIAN_POINT('',(2.6,0.25,-3.));
#13451=CARTESIAN_POINT('',(0.35,0.25,-3.));
#13452=CARTESIAN_POINT('',(0.35,0.25,-1.5));
#13453=CARTESIAN_POINT('',(0.35,0.25,-1.5));
#13454=CARTESIAN_POINT('',(2.6,0.25,-1.5));
#13455=CARTESIAN_POINT('',(0.15,0.25,-1.5));
#13456=CARTESIAN_POINT('',(0.15,0.25,-1.5));
#13457=CARTESIAN_POINT('',(0.15,0.25,-3.));
#13458=CARTESIAN_POINT('',(2.6,0.25,-3.));
#13459=CARTESIAN_POINT('',(-0.15,0.25,-3.));
#13460=CARTESIAN_POINT('',(-0.15,0.25,-1.5));
#13461=CARTESIAN_POINT('',(-0.15,0.25,-1.5));
#13462=CARTESIAN_POINT('',(2.6,0.25,-1.5));
#13463=CARTESIAN_POINT('',(-0.35,0.25,-1.5));
#13464=CARTESIAN_POINT('',(-0.35,0.25,-1.5));
#13465=CARTESIAN_POINT('',(-0.35,0.25,-3.));
#13466=CARTESIAN_POINT('',(2.6,0.25,-3.));
#13467=CARTESIAN_POINT('',(-0.65,0.25,-3.));
#13468=CARTESIAN_POINT('',(-0.65,0.25,-1.5));
#13469=CARTESIAN_POINT('',(-0.65,0.25,-1.5));
#13470=CARTESIAN_POINT('',(2.6,0.25,-1.5));
#13471=CARTESIAN_POINT('',(-0.85,0.25,-1.5));
#13472=CARTESIAN_POINT('',(-0.85,0.25,-1.5));
#13473=CARTESIAN_POINT('',(-0.85,0.25,-3.));
#13474=CARTESIAN_POINT('',(2.6,0.25,-3.));
#13475=CARTESIAN_POINT('',(-1.15,0.25,-3.));
#13476=CARTESIAN_POINT('',(-1.15,0.25,-1.5));
#13477=CARTESIAN_POINT('',(-1.15,0.25,-1.5));
#13478=CARTESIAN_POINT('',(2.6,0.25,-1.5));
#13479=CARTESIAN_POINT('',(-1.35,0.25,-1.5));
#13480=CARTESIAN_POINT('',(-1.35,0.25,-1.5));
#13481=CARTESIAN_POINT('',(-1.35,0.25,-3.));
#13482=CARTESIAN_POINT('',(2.6,0.25,-3.));
#13483=CARTESIAN_POINT('',(-1.65,0.25,-3.));
#13484=CARTESIAN_POINT('',(-1.65,0.25,-1.5));
#13485=CARTESIAN_POINT('',(-1.65,0.25,-1.5));
#13486=CARTESIAN_POINT('',(2.6,0.25,-1.5));
#13487=CARTESIAN_POINT('',(-1.85,0.25,-1.5));
#13488=CARTESIAN_POINT('',(-1.85,0.25,-1.5));
#13489=CARTESIAN_POINT('',(-1.85,0.25,-3.));
#13490=CARTESIAN_POINT('',(2.6,0.25,-3.));
#13491=CARTESIAN_POINT('',(-2.15,0.25,-3.));
#13492=CARTESIAN_POINT('',(-2.15,0.25,-1.5));
#13493=CARTESIAN_POINT('',(-2.15,0.25,-1.5));
#13494=CARTESIAN_POINT('',(2.6,0.25,-1.5));
#13495=CARTESIAN_POINT('',(-2.35,0.25,-1.5));
#13496=CARTESIAN_POINT('',(-2.35,0.25,-1.5));
#13497=CARTESIAN_POINT('',(-2.35,0.25,-3.));
#13498=CARTESIAN_POINT('',(2.6,0.25,-3.));
#13499=CARTESIAN_POINT('',(-2.6,0.25,-3.));
#13500=CARTESIAN_POINT('',(-2.6,0.25,-1.5));
#13501=CARTESIAN_POINT('',(-2.6,0.25,-3.6));
#13502=CARTESIAN_POINT('',(2.6,0.25,-3.6));
#13503=CARTESIAN_POINT('',(-2.35,0.25,-3.6));
#13504=CARTESIAN_POINT('',(-2.35,0.25,-1.5));
#13505=CARTESIAN_POINT('',(-2.35,0.25,-4.38));
#13506=CARTESIAN_POINT('',(2.6,0.25,-4.38));
#13507=CARTESIAN_POINT('',(-2.15,0.25,-4.38));
#13508=CARTESIAN_POINT('',(-2.15,0.25,-1.5));
#13509=CARTESIAN_POINT('',(-2.15,0.25,-3.6));
#13510=CARTESIAN_POINT('',(2.6,0.25,-3.6));
#13511=CARTESIAN_POINT('',(-1.85,0.25,-3.6));
#13512=CARTESIAN_POINT('',(-1.85,0.25,-1.5));
#13513=CARTESIAN_POINT('',(-1.85,0.25,-4.38));
#13514=CARTESIAN_POINT('',(2.6,0.25,-4.38));
#13515=CARTESIAN_POINT('',(-1.65,0.25,-4.38));
#13516=CARTESIAN_POINT('',(-1.65,0.25,-1.5));
#13517=CARTESIAN_POINT('',(-1.65,0.25,-3.6));
#13518=CARTESIAN_POINT('',(2.6,0.25,-3.6));
#13519=CARTESIAN_POINT('',(-1.35,0.25,-3.6));
#13520=CARTESIAN_POINT('',(-1.35,0.25,-1.5));
#13521=CARTESIAN_POINT('',(-1.35,0.25,-4.38));
#13522=CARTESIAN_POINT('',(2.6,0.25,-4.38));
#13523=CARTESIAN_POINT('',(-1.15,0.25,-4.38));
#13524=CARTESIAN_POINT('',(-1.15,0.25,-1.5));
#13525=CARTESIAN_POINT('',(-1.15,0.25,-3.6));
#13526=CARTESIAN_POINT('',(2.6,0.25,-3.6));
#13527=CARTESIAN_POINT('',(-0.85,0.25,-3.6));
#13528=CARTESIAN_POINT('',(-0.85,0.25,-1.5));
#13529=CARTESIAN_POINT('',(-0.85,0.25,-4.38));
#13530=CARTESIAN_POINT('',(2.6,0.25,-4.38));
#13531=CARTESIAN_POINT('',(-0.65,0.25,-4.38));
#13532=CARTESIAN_POINT('',(-0.65,0.25,-1.5));
#13533=CARTESIAN_POINT('',(-0.65,0.25,-3.6));
#13534=CARTESIAN_POINT('',(2.6,0.25,-3.6));
#13535=CARTESIAN_POINT('',(-0.35,0.25,-3.6));
#13536=CARTESIAN_POINT('',(-0.35,0.25,-1.5));
#13537=CARTESIAN_POINT('',(-0.35,0.25,-4.38));
#13538=CARTESIAN_POINT('',(2.6,0.25,-4.38));
#13539=CARTESIAN_POINT('',(-0.15,0.25,-4.38));
#13540=CARTESIAN_POINT('',(-0.15,0.25,-1.5));
#13541=CARTESIAN_POINT('',(-0.15,0.25,-3.6));
#13542=CARTESIAN_POINT('',(2.6,0.25,-3.6));
#13543=CARTESIAN_POINT('',(0.15,0.25,-3.6));
#13544=CARTESIAN_POINT('',(0.15,0.25,-1.5));
#13545=CARTESIAN_POINT('',(0.15,0.25,-4.38));
#13546=CARTESIAN_POINT('',(2.6,0.25,-4.38));
#13547=CARTESIAN_POINT('',(0.35,0.25,-4.38));
#13548=CARTESIAN_POINT('',(0.35,0.25,-1.5));
#13549=CARTESIAN_POINT('',(0.35,0.25,-3.6));
#13550=CARTESIAN_POINT('',(2.6,0.25,-3.6));
#13551=CARTESIAN_POINT('',(0.65,0.25,-3.6));
#13552=CARTESIAN_POINT('',(0.65,0.25,-1.5));
#13553=CARTESIAN_POINT('',(0.65,0.25,-4.38));
#13554=CARTESIAN_POINT('',(2.6,0.25,-4.38));
#13555=CARTESIAN_POINT('',(0.85,0.25,-4.38));
#13556=CARTESIAN_POINT('',(0.85,0.25,-1.5));
#13557=CARTESIAN_POINT('',(0.85,0.25,-3.6));
#13558=CARTESIAN_POINT('',(2.6,0.25,-3.6));
#13559=CARTESIAN_POINT('',(1.15,0.25,-3.6));
#13560=CARTESIAN_POINT('',(1.15,0.25,-1.5));
#13561=CARTESIAN_POINT('',(1.15,0.25,-4.38));
#13562=CARTESIAN_POINT('',(2.6,0.25,-4.38));
#13563=CARTESIAN_POINT('',(1.35,0.25,-4.38));
#13564=CARTESIAN_POINT('',(1.35,0.25,-1.5));
#13565=CARTESIAN_POINT('',(1.35,0.25,-3.6));
#13566=CARTESIAN_POINT('',(2.6,0.25,-3.6));
#13567=CARTESIAN_POINT('',(1.65,0.25,-3.6));
#13568=CARTESIAN_POINT('',(1.65,0.25,-1.5));
#13569=CARTESIAN_POINT('',(1.65,0.25,-4.38));
#13570=CARTESIAN_POINT('',(2.6,0.25,-4.38));
#13571=CARTESIAN_POINT('',(1.85,0.25,-4.38));
#13572=CARTESIAN_POINT('',(1.85,0.25,-1.5));
#13573=CARTESIAN_POINT('',(1.85,0.25,-3.6));
#13574=CARTESIAN_POINT('',(2.6,0.25,-3.6));
#13575=CARTESIAN_POINT('',(2.15,0.25,-3.6));
#13576=CARTESIAN_POINT('',(2.15,0.25,-1.5));
#13577=CARTESIAN_POINT('',(2.15,0.25,-4.38));
#13578=CARTESIAN_POINT('',(2.6,0.25,-4.38));
#13579=CARTESIAN_POINT('',(2.35,0.25,-4.38));
#13580=CARTESIAN_POINT('',(2.35,0.25,-1.5));
#13581=CARTESIAN_POINT('',(2.35,0.25,-3.6));
#13582=CARTESIAN_POINT('',(2.6,0.25,-3.6));
#13583=CARTESIAN_POINT('',(2.6,0.25,-3.6));
#13584=CARTESIAN_POINT('',(2.6,0.25,-1.5));
#13585=CARTESIAN_POINT('',(2.6,1.6,-4.57));
#13586=CARTESIAN_POINT('',(2.6,1.6,-3.));
#13587=CARTESIAN_POINT('',(2.6,1.6,-3.));
#13588=CARTESIAN_POINT('',(2.35,1.6,-3.));
#13589=CARTESIAN_POINT('',(2.6,1.6,-4.57));
#13590=CARTESIAN_POINT('',(2.6,1.6,-3.6));
#13591=CARTESIAN_POINT('',(2.6,1.6,-3.6));
#13592=CARTESIAN_POINT('',(2.35,1.6,-3.6));
#13593=CARTESIAN_POINT('',(2.35,1.6,-4.57));
#13594=CARTESIAN_POINT('',(2.35,1.6,-4.57));
#13595=CARTESIAN_POINT('',(2.6,1.6,-4.57));
#13596=CARTESIAN_POINT('',(2.15,1.6,-4.57));
#13597=CARTESIAN_POINT('',(2.15,1.6,-4.57));
#13598=CARTESIAN_POINT('',(2.15,1.6,-3.6));
#13599=CARTESIAN_POINT('',(2.6,1.6,-3.6));
#13600=CARTESIAN_POINT('',(1.85,1.6,-3.6));
#13601=CARTESIAN_POINT('',(1.85,1.6,-4.57));
#13602=CARTESIAN_POINT('',(1.85,1.6,-4.57));
#13603=CARTESIAN_POINT('',(2.6,1.6,-4.57));
#13604=CARTESIAN_POINT('',(1.65,1.6,-4.57));
#13605=CARTESIAN_POINT('',(1.65,1.6,-4.57));
#13606=CARTESIAN_POINT('',(1.65,1.6,-3.6));
#13607=CARTESIAN_POINT('',(2.6,1.6,-3.6));
#13608=CARTESIAN_POINT('',(1.35,1.6,-3.6));
#13609=CARTESIAN_POINT('',(1.35,1.6,-4.57));
#13610=CARTESIAN_POINT('',(1.35,1.6,-4.57));
#13611=CARTESIAN_POINT('',(2.6,1.6,-4.57));
#13612=CARTESIAN_POINT('',(1.15,1.6,-4.57));
#13613=CARTESIAN_POINT('',(1.15,1.6,-4.57));
#13614=CARTESIAN_POINT('',(1.15,1.6,-3.6));
#13615=CARTESIAN_POINT('',(2.6,1.6,-3.6));
#13616=CARTESIAN_POINT('',(0.85,1.6,-3.6));
#13617=CARTESIAN_POINT('',(0.85,1.6,-4.57));
#13618=CARTESIAN_POINT('',(0.85,1.6,-4.57));
#13619=CARTESIAN_POINT('',(2.6,1.6,-4.57));
#13620=CARTESIAN_POINT('',(0.65,1.6,-4.57));
#13621=CARTESIAN_POINT('',(0.65,1.6,-4.57));
#13622=CARTESIAN_POINT('',(0.65,1.6,-3.6));
#13623=CARTESIAN_POINT('',(2.6,1.6,-3.6));
#13624=CARTESIAN_POINT('',(0.35,1.6,-3.6));
#13625=CARTESIAN_POINT('',(0.35,1.6,-4.57));
#13626=CARTESIAN_POINT('',(0.35,1.6,-4.57));
#13627=CARTESIAN_POINT('',(2.6,1.6,-4.57));
#13628=CARTESIAN_POINT('',(0.15,1.6,-4.57));
#13629=CARTESIAN_POINT('',(0.15,1.6,-4.57));
#13630=CARTESIAN_POINT('',(0.15,1.6,-3.6));
#13631=CARTESIAN_POINT('',(2.6,1.6,-3.6));
#13632=CARTESIAN_POINT('',(-0.15,1.6,-3.6));
#13633=CARTESIAN_POINT('',(-0.15,1.6,-4.57));
#13634=CARTESIAN_POINT('',(-0.15,1.6,-4.57));
#13635=CARTESIAN_POINT('',(2.6,1.6,-4.57));
#13636=CARTESIAN_POINT('',(-0.35,1.6,-4.57));
#13637=CARTESIAN_POINT('',(-0.35,1.6,-4.57));
#13638=CARTESIAN_POINT('',(-0.35,1.6,-3.6));
#13639=CARTESIAN_POINT('',(2.6,1.6,-3.6));
#13640=CARTESIAN_POINT('',(-0.65,1.6,-3.6));
#13641=CARTESIAN_POINT('',(-0.65,1.6,-4.57));
#13642=CARTESIAN_POINT('',(-0.65,1.6,-4.57));
#13643=CARTESIAN_POINT('',(2.6,1.6,-4.57));
#13644=CARTESIAN_POINT('',(-0.85,1.6,-4.57));
#13645=CARTESIAN_POINT('',(-0.85,1.6,-4.57));
#13646=CARTESIAN_POINT('',(-0.85,1.6,-3.6));
#13647=CARTESIAN_POINT('',(2.6,1.6,-3.6));
#13648=CARTESIAN_POINT('',(-1.15,1.6,-3.6));
#13649=CARTESIAN_POINT('',(-1.15,1.6,-4.57));
#13650=CARTESIAN_POINT('',(-1.15,1.6,-4.57));
#13651=CARTESIAN_POINT('',(2.6,1.6,-4.57));
#13652=CARTESIAN_POINT('',(-1.35,1.6,-4.57));
#13653=CARTESIAN_POINT('',(-1.35,1.6,-4.57));
#13654=CARTESIAN_POINT('',(-1.35,1.6,-3.6));
#13655=CARTESIAN_POINT('',(2.6,1.6,-3.6));
#13656=CARTESIAN_POINT('',(-1.65,1.6,-3.6));
#13657=CARTESIAN_POINT('',(-1.65,1.6,-4.57));
#13658=CARTESIAN_POINT('',(-1.65,1.6,-4.57));
#13659=CARTESIAN_POINT('',(2.6,1.6,-4.57));
#13660=CARTESIAN_POINT('',(-1.85,1.6,-4.57));
#13661=CARTESIAN_POINT('',(-1.85,1.6,-4.57));
#13662=CARTESIAN_POINT('',(-1.85,1.6,-3.6));
#13663=CARTESIAN_POINT('',(2.6,1.6,-3.6));
#13664=CARTESIAN_POINT('',(-2.15,1.6,-3.6));
#13665=CARTESIAN_POINT('',(-2.15,1.6,-4.57));
#13666=CARTESIAN_POINT('',(-2.15,1.6,-4.57));
#13667=CARTESIAN_POINT('',(2.6,1.6,-4.57));
#13668=CARTESIAN_POINT('',(-2.35,1.6,-4.57));
#13669=CARTESIAN_POINT('',(-2.35,1.6,-4.57));
#13670=CARTESIAN_POINT('',(-2.35,1.6,-3.6));
#13671=CARTESIAN_POINT('',(2.6,1.6,-3.6));
#13672=CARTESIAN_POINT('',(-2.6,1.6,-3.6));
#13673=CARTESIAN_POINT('',(-2.6,1.6,-4.57));
#13674=CARTESIAN_POINT('',(-2.6,1.6,-3.));
#13675=CARTESIAN_POINT('',(2.6,1.6,-3.));
#13676=CARTESIAN_POINT('',(-2.35,1.6,-3.));
#13677=CARTESIAN_POINT('',(-2.35,1.6,-4.57));
#13678=CARTESIAN_POINT('',(-2.35,1.6,-1.5));
#13679=CARTESIAN_POINT('',(2.6,1.6,-1.5));
#13680=CARTESIAN_POINT('',(-2.15,1.6,-1.5));
#13681=CARTESIAN_POINT('',(-2.15,1.6,-4.57));
#13682=CARTESIAN_POINT('',(-2.15,1.6,-3.));
#13683=CARTESIAN_POINT('',(2.6,1.6,-3.));
#13684=CARTESIAN_POINT('',(-1.85,1.6,-3.));
#13685=CARTESIAN_POINT('',(-1.85,1.6,-4.57));
#13686=CARTESIAN_POINT('',(-1.85,1.6,-1.5));
#13687=CARTESIAN_POINT('',(2.6,1.6,-1.5));
#13688=CARTESIAN_POINT('',(-1.65,1.6,-1.5));
#13689=CARTESIAN_POINT('',(-1.65,1.6,-4.57));
#13690=CARTESIAN_POINT('',(-1.65,1.6,-3.));
#13691=CARTESIAN_POINT('',(2.6,1.6,-3.));
#13692=CARTESIAN_POINT('',(-1.35,1.6,-3.));
#13693=CARTESIAN_POINT('',(-1.35,1.6,-4.57));
#13694=CARTESIAN_POINT('',(-1.35,1.6,-1.5));
#13695=CARTESIAN_POINT('',(2.6,1.6,-1.5));
#13696=CARTESIAN_POINT('',(-1.15,1.6,-1.5));
#13697=CARTESIAN_POINT('',(-1.15,1.6,-4.57));
#13698=CARTESIAN_POINT('',(-1.15,1.6,-3.));
#13699=CARTESIAN_POINT('',(2.6,1.6,-3.));
#13700=CARTESIAN_POINT('',(-0.85,1.6,-3.));
#13701=CARTESIAN_POINT('',(-0.85,1.6,-4.57));
#13702=CARTESIAN_POINT('',(-0.85,1.6,-1.5));
#13703=CARTESIAN_POINT('',(2.6,1.6,-1.5));
#13704=CARTESIAN_POINT('',(-0.65,1.6,-1.5));
#13705=CARTESIAN_POINT('',(-0.65,1.6,-4.57));
#13706=CARTESIAN_POINT('',(-0.65,1.6,-3.));
#13707=CARTESIAN_POINT('',(2.6,1.6,-3.));
#13708=CARTESIAN_POINT('',(-0.35,1.6,-3.));
#13709=CARTESIAN_POINT('',(-0.35,1.6,-4.57));
#13710=CARTESIAN_POINT('',(-0.35,1.6,-1.5));
#13711=CARTESIAN_POINT('',(2.6,1.6,-1.5));
#13712=CARTESIAN_POINT('',(-0.15,1.6,-1.5));
#13713=CARTESIAN_POINT('',(-0.15,1.6,-4.57));
#13714=CARTESIAN_POINT('',(-0.15,1.6,-3.));
#13715=CARTESIAN_POINT('',(2.6,1.6,-3.));
#13716=CARTESIAN_POINT('',(0.15,1.6,-3.));
#13717=CARTESIAN_POINT('',(0.15,1.6,-4.57));
#13718=CARTESIAN_POINT('',(0.15,1.6,-1.5));
#13719=CARTESIAN_POINT('',(2.6,1.6,-1.5));
#13720=CARTESIAN_POINT('',(0.35,1.6,-1.5));
#13721=CARTESIAN_POINT('',(0.35,1.6,-4.57));
#13722=CARTESIAN_POINT('',(0.35,1.6,-3.));
#13723=CARTESIAN_POINT('',(2.6,1.6,-3.));
#13724=CARTESIAN_POINT('',(0.65,1.6,-3.));
#13725=CARTESIAN_POINT('',(0.65,1.6,-4.57));
#13726=CARTESIAN_POINT('',(0.65,1.6,-1.5));
#13727=CARTESIAN_POINT('',(2.6,1.6,-1.5));
#13728=CARTESIAN_POINT('',(0.85,1.6,-1.5));
#13729=CARTESIAN_POINT('',(0.85,1.6,-4.57));
#13730=CARTESIAN_POINT('',(0.85,1.6,-3.));
#13731=CARTESIAN_POINT('',(2.6,1.6,-3.));
#13732=CARTESIAN_POINT('',(1.15,1.6,-3.));
#13733=CARTESIAN_POINT('',(1.15,1.6,-4.57));
#13734=CARTESIAN_POINT('',(1.15,1.6,-1.5));
#13735=CARTESIAN_POINT('',(2.6,1.6,-1.5));
#13736=CARTESIAN_POINT('',(1.35,1.6,-1.5));
#13737=CARTESIAN_POINT('',(1.35,1.6,-4.57));
#13738=CARTESIAN_POINT('',(1.35,1.6,-3.));
#13739=CARTESIAN_POINT('',(2.6,1.6,-3.));
#13740=CARTESIAN_POINT('',(1.65,1.6,-3.));
#13741=CARTESIAN_POINT('',(1.65,1.6,-4.57));
#13742=CARTESIAN_POINT('',(1.65,1.6,-1.5));
#13743=CARTESIAN_POINT('',(2.6,1.6,-1.5));
#13744=CARTESIAN_POINT('',(1.85,1.6,-1.5));
#13745=CARTESIAN_POINT('',(1.85,1.6,-4.57));
#13746=CARTESIAN_POINT('',(1.85,1.6,-3.));
#13747=CARTESIAN_POINT('',(2.6,1.6,-3.));
#13748=CARTESIAN_POINT('',(2.15,1.6,-3.));
#13749=CARTESIAN_POINT('',(2.15,1.6,-4.57));
#13750=CARTESIAN_POINT('',(2.15,1.6,-1.5));
#13751=CARTESIAN_POINT('',(2.6,1.6,-1.5));
#13752=CARTESIAN_POINT('',(2.35,1.6,-1.5));
#13753=CARTESIAN_POINT('',(2.35,1.6,-4.57));
#13754=CARTESIAN_POINT('',(2.6,0.036292973919254,-5.57));
#13755=CARTESIAN_POINT('',(2.6,0.036292973919254,-3.));
#13756=CARTESIAN_POINT('',(2.6,1.4,-3.));
#13757=CARTESIAN_POINT('',(2.6,1.4,-1.5));
#13758=CARTESIAN_POINT('',(2.6,1.4,-3.5));
#13759=CARTESIAN_POINT('',(2.6,1.4,-3.5));
#13760=CARTESIAN_POINT('',(2.6,0.693968225382753,-3.5));
#13761=CARTESIAN_POINT('',(2.6,0.693968225382753,-3.5));
#13762=CARTESIAN_POINT('',(2.6,0.782131715736986,-3.));
#13763=CARTESIAN_POINT('',(2.6,0.036292973919254,-3.));
#13764=CARTESIAN_POINT('',(2.6,0.036292973919254,-3.6));
#13765=CARTESIAN_POINT('',(-2.6,0.036292973919254,-5.57));
#13766=CARTESIAN_POINT('',(-2.6,0.036292973919254,-3.));
#13767=CARTESIAN_POINT('',(-2.6,1.4,-3.));
#13768=CARTESIAN_POINT('',(-2.6,0.036292973919254,-3.6));
#13769=CARTESIAN_POINT('',(-2.6,0.036292973919254,-3.));
#13770=CARTESIAN_POINT('',(-2.6,0.782131715736986,-3.));
#13771=CARTESIAN_POINT('',(-2.6,0.693968225382753,-3.5));
#13772=CARTESIAN_POINT('',(-2.6,0.693968225382753,-3.5));
#13773=CARTESIAN_POINT('',(-2.6,1.4,-3.5));
#13774=CARTESIAN_POINT('',(-2.6,1.4,-3.5));
#13775=CARTESIAN_POINT('',(-2.6,1.4,-1.5));
#13776=CARTESIAN_POINT('',(2.6,0.597264973081038,-1.5));
#13777=CARTESIAN_POINT('',(2.35,0.597264973081038,-1.5));
#13778=CARTESIAN_POINT('',(2.35,0.597264973081038,-1.5));
#13779=CARTESIAN_POINT('',(2.6,0.597264973081038,-1.5));
#13780=CARTESIAN_POINT('',(2.15,0.597264973081038,-1.5));
#13781=CARTESIAN_POINT('',(2.15,0.597264973081038,-1.5));
#13782=CARTESIAN_POINT('',(2.6,0.597264973081038,-1.5));
#13783=CARTESIAN_POINT('',(1.85,0.597264973081038,-1.5));
#13784=CARTESIAN_POINT('',(1.85,0.597264973081038,-1.5));
#13785=CARTESIAN_POINT('',(2.6,0.597264973081038,-1.5));
#13786=CARTESIAN_POINT('',(1.65,0.597264973081038,-1.5));
#13787=CARTESIAN_POINT('',(1.65,0.597264973081038,-1.5));
#13788=CARTESIAN_POINT('',(2.6,0.597264973081038,-1.5));
#13789=CARTESIAN_POINT('',(1.35,0.597264973081038,-1.5));
#13790=CARTESIAN_POINT('',(1.35,0.597264973081038,-1.5));
#13791=CARTESIAN_POINT('',(2.6,0.597264973081038,-1.5));
#13792=CARTESIAN_POINT('',(1.15,0.597264973081038,-1.5));
#13793=CARTESIAN_POINT('',(1.15,0.597264973081038,-1.5));
#13794=CARTESIAN_POINT('',(2.6,0.597264973081038,-1.5));
#13795=CARTESIAN_POINT('',(0.85,0.597264973081038,-1.5));
#13796=CARTESIAN_POINT('',(0.85,0.597264973081038,-1.5));
#13797=CARTESIAN_POINT('',(2.6,0.597264973081038,-1.5));
#13798=CARTESIAN_POINT('',(0.65,0.597264973081038,-1.5));
#13799=CARTESIAN_POINT('',(0.65,0.597264973081038,-1.5));
#13800=CARTESIAN_POINT('',(2.6,0.597264973081038,-1.5));
#13801=CARTESIAN_POINT('',(0.35,0.597264973081038,-1.5));
#13802=CARTESIAN_POINT('',(0.35,0.597264973081038,-1.5));
#13803=CARTESIAN_POINT('',(2.6,0.597264973081038,-1.5));
#13804=CARTESIAN_POINT('',(0.15,0.597264973081038,-1.5));
#13805=CARTESIAN_POINT('',(0.15,0.597264973081038,-1.5));
#13806=CARTESIAN_POINT('',(2.6,0.597264973081038,-1.5));
#13807=CARTESIAN_POINT('',(-0.15,0.597264973081038,-1.5));
#13808=CARTESIAN_POINT('',(-0.15,0.597264973081038,-1.5));
#13809=CARTESIAN_POINT('',(2.6,0.597264973081038,-1.5));
#13810=CARTESIAN_POINT('',(-0.35,0.597264973081038,-1.5));
#13811=CARTESIAN_POINT('',(-0.35,0.597264973081038,-1.5));
#13812=CARTESIAN_POINT('',(2.6,0.597264973081038,-1.5));
#13813=CARTESIAN_POINT('',(-0.65,0.597264973081038,-1.5));
#13814=CARTESIAN_POINT('',(-0.65,0.597264973081038,-1.5));
#13815=CARTESIAN_POINT('',(2.6,0.597264973081038,-1.5));
#13816=CARTESIAN_POINT('',(-0.85,0.597264973081038,-1.5));
#13817=CARTESIAN_POINT('',(-0.85,0.597264973081038,-1.5));
#13818=CARTESIAN_POINT('',(2.6,0.597264973081038,-1.5));
#13819=CARTESIAN_POINT('',(-1.15,0.597264973081038,-1.5));
#13820=CARTESIAN_POINT('',(-1.15,0.597264973081038,-1.5));
#13821=CARTESIAN_POINT('',(2.6,0.597264973081038,-1.5));
#13822=CARTESIAN_POINT('',(-1.35,0.597264973081038,-1.5));
#13823=CARTESIAN_POINT('',(-1.35,0.597264973081038,-1.5));
#13824=CARTESIAN_POINT('',(2.6,0.597264973081038,-1.5));
#13825=CARTESIAN_POINT('',(-1.65,0.597264973081038,-1.5));
#13826=CARTESIAN_POINT('',(-1.65,0.597264973081038,-1.5));
#13827=CARTESIAN_POINT('',(2.6,0.597264973081038,-1.5));
#13828=CARTESIAN_POINT('',(-1.85,0.597264973081038,-1.5));
#13829=CARTESIAN_POINT('',(-1.85,0.597264973081038,-1.5));
#13830=CARTESIAN_POINT('',(2.6,0.597264973081038,-1.5));
#13831=CARTESIAN_POINT('',(-2.15,0.597264973081038,-1.5));
#13832=CARTESIAN_POINT('',(-2.15,0.597264973081038,-1.5));
#13833=CARTESIAN_POINT('',(2.6,0.597264973081038,-1.5));
#13834=CARTESIAN_POINT('',(-2.35,0.597264973081038,-1.5));
#13835=CARTESIAN_POINT('',(-2.35,0.597264973081038,-1.5));
#13836=CARTESIAN_POINT('',(2.6,1.6,-1.5));
#13837=CARTESIAN_POINT('',(2.35,1.6,-1.5));
#13838=CARTESIAN_POINT('',(2.35,1.4,-1.5));
#13839=CARTESIAN_POINT('',(2.15,1.6,-1.5));
#13840=CARTESIAN_POINT('',(2.15,1.4,-1.5));
#13841=CARTESIAN_POINT('',(2.6,1.4,-1.5));
#13842=CARTESIAN_POINT('',(2.6,1.6,-1.5));
#13843=CARTESIAN_POINT('',(1.85,1.6,-1.5));
#13844=CARTESIAN_POINT('',(1.85,1.4,-1.5));
#13845=CARTESIAN_POINT('',(1.65,1.6,-1.5));
#13846=CARTESIAN_POINT('',(1.65,1.4,-1.5));
#13847=CARTESIAN_POINT('',(2.6,1.4,-1.5));
#13848=CARTESIAN_POINT('',(2.6,1.6,-1.5));
#13849=CARTESIAN_POINT('',(1.35,1.6,-1.5));
#13850=CARTESIAN_POINT('',(1.35,1.4,-1.5));
#13851=CARTESIAN_POINT('',(1.15,1.6,-1.5));
#13852=CARTESIAN_POINT('',(1.15,1.4,-1.5));
#13853=CARTESIAN_POINT('',(2.6,1.4,-1.5));
#13854=CARTESIAN_POINT('',(2.6,1.6,-1.5));
#13855=CARTESIAN_POINT('',(0.85,1.6,-1.5));
#13856=CARTESIAN_POINT('',(0.85,1.4,-1.5));
#13857=CARTESIAN_POINT('',(0.65,1.6,-1.5));
#13858=CARTESIAN_POINT('',(0.65,1.4,-1.5));
#13859=CARTESIAN_POINT('',(2.6,1.4,-1.5));
#13860=CARTESIAN_POINT('',(2.6,1.6,-1.5));
#13861=CARTESIAN_POINT('',(0.35,1.6,-1.5));
#13862=CARTESIAN_POINT('',(0.35,1.4,-1.5));
#13863=CARTESIAN_POINT('',(0.15,1.6,-1.5));
#13864=CARTESIAN_POINT('',(0.15,1.4,-1.5));
#13865=CARTESIAN_POINT('',(2.6,1.4,-1.5));
#13866=CARTESIAN_POINT('',(2.6,1.6,-1.5));
#13867=CARTESIAN_POINT('',(-0.15,1.6,-1.5));
#13868=CARTESIAN_POINT('',(-0.15,1.4,-1.5));
#13869=CARTESIAN_POINT('',(-0.35,1.6,-1.5));
#13870=CARTESIAN_POINT('',(-0.35,1.4,-1.5));
#13871=CARTESIAN_POINT('',(2.6,1.4,-1.5));
#13872=CARTESIAN_POINT('',(2.6,1.6,-1.5));
#13873=CARTESIAN_POINT('',(-0.65,1.6,-1.5));
#13874=CARTESIAN_POINT('',(-0.65,1.4,-1.5));
#13875=CARTESIAN_POINT('',(-0.85,1.6,-1.5));
#13876=CARTESIAN_POINT('',(-0.85,1.4,-1.5));
#13877=CARTESIAN_POINT('',(2.6,1.4,-1.5));
#13878=CARTESIAN_POINT('',(2.6,1.6,-1.5));
#13879=CARTESIAN_POINT('',(-1.15,1.6,-1.5));
#13880=CARTESIAN_POINT('',(-1.15,1.4,-1.5));
#13881=CARTESIAN_POINT('',(-1.35,1.6,-1.5));
#13882=CARTESIAN_POINT('',(-1.35,1.4,-1.5));
#13883=CARTESIAN_POINT('',(2.6,1.4,-1.5));
#13884=CARTESIAN_POINT('',(2.6,1.6,-1.5));
#13885=CARTESIAN_POINT('',(-1.65,1.6,-1.5));
#13886=CARTESIAN_POINT('',(-1.65,1.4,-1.5));
#13887=CARTESIAN_POINT('',(-1.85,1.6,-1.5));
#13888=CARTESIAN_POINT('',(-1.85,1.4,-1.5));
#13889=CARTESIAN_POINT('',(2.6,1.4,-1.5));
#13890=CARTESIAN_POINT('',(2.6,1.6,-1.5));
#13891=CARTESIAN_POINT('',(-2.15,1.6,-1.5));
#13892=CARTESIAN_POINT('',(-2.15,1.4,-1.5));
#13893=CARTESIAN_POINT('',(-2.35,1.6,-1.5));
#13894=CARTESIAN_POINT('',(-2.35,1.4,-1.5));
#13895=CARTESIAN_POINT('',(2.6,1.4,-1.5));
#13896=CARTESIAN_POINT('',(2.6,1.4,-1.5));
#13897=CARTESIAN_POINT('',(2.6,1.4,-3.));
#13898=CARTESIAN_POINT('',(2.35,1.4,-3.));
#13899=CARTESIAN_POINT('',(2.35,1.4,-1.5));
#13900=CARTESIAN_POINT('',(2.15,1.4,-1.5));
#13901=CARTESIAN_POINT('',(2.15,1.4,-3.));
#13902=CARTESIAN_POINT('',(2.6,1.4,-3.));
#13903=CARTESIAN_POINT('',(1.85,1.4,-3.));
#13904=CARTESIAN_POINT('',(1.85,1.4,-1.5));
#13905=CARTESIAN_POINT('',(1.65,1.4,-1.5));
#13906=CARTESIAN_POINT('',(1.65,1.4,-3.));
#13907=CARTESIAN_POINT('',(2.6,1.4,-3.));
#13908=CARTESIAN_POINT('',(1.35,1.4,-3.));
#13909=CARTESIAN_POINT('',(1.35,1.4,-1.5));
#13910=CARTESIAN_POINT('',(1.15,1.4,-1.5));
#13911=CARTESIAN_POINT('',(1.15,1.4,-3.));
#13912=CARTESIAN_POINT('',(2.6,1.4,-3.));
#13913=CARTESIAN_POINT('',(0.85,1.4,-3.));
#13914=CARTESIAN_POINT('',(0.85,1.4,-1.5));
#13915=CARTESIAN_POINT('',(0.65,1.4,-1.5));
#13916=CARTESIAN_POINT('',(0.65,1.4,-3.));
#13917=CARTESIAN_POINT('',(2.6,1.4,-3.));
#13918=CARTESIAN_POINT('',(0.35,1.4,-3.));
#13919=CARTESIAN_POINT('',(0.35,1.4,-1.5));
#13920=CARTESIAN_POINT('',(0.15,1.4,-1.5));
#13921=CARTESIAN_POINT('',(0.15,1.4,-3.));
#13922=CARTESIAN_POINT('',(2.6,1.4,-3.));
#13923=CARTESIAN_POINT('',(-0.15,1.4,-3.));
#13924=CARTESIAN_POINT('',(-0.15,1.4,-1.5));
#13925=CARTESIAN_POINT('',(-0.35,1.4,-1.5));
#13926=CARTESIAN_POINT('',(-0.35,1.4,-3.));
#13927=CARTESIAN_POINT('',(2.6,1.4,-3.));
#13928=CARTESIAN_POINT('',(-0.65,1.4,-3.));
#13929=CARTESIAN_POINT('',(-0.65,1.4,-1.5));
#13930=CARTESIAN_POINT('',(-0.85,1.4,-1.5));
#13931=CARTESIAN_POINT('',(-0.85,1.4,-3.));
#13932=CARTESIAN_POINT('',(2.6,1.4,-3.));
#13933=CARTESIAN_POINT('',(-1.15,1.4,-3.));
#13934=CARTESIAN_POINT('',(-1.15,1.4,-1.5));
#13935=CARTESIAN_POINT('',(-1.35,1.4,-1.5));
#13936=CARTESIAN_POINT('',(-1.35,1.4,-3.));
#13937=CARTESIAN_POINT('',(2.6,1.4,-3.));
#13938=CARTESIAN_POINT('',(-1.65,1.4,-3.));
#13939=CARTESIAN_POINT('',(-1.65,1.4,-1.5));
#13940=CARTESIAN_POINT('',(-1.85,1.4,-1.5));
#13941=CARTESIAN_POINT('',(-1.85,1.4,-3.));
#13942=CARTESIAN_POINT('',(2.6,1.4,-3.));
#13943=CARTESIAN_POINT('',(-2.15,1.4,-3.));
#13944=CARTESIAN_POINT('',(-2.15,1.4,-1.5));
#13945=CARTESIAN_POINT('',(-2.35,1.4,-1.5));
#13946=CARTESIAN_POINT('',(-2.35,1.4,-3.));
#13947=CARTESIAN_POINT('',(2.6,1.4,-3.));
#13948=CARTESIAN_POINT('',(2.6,1.4,-3.5));
#13949=CARTESIAN_POINT('',(2.6,0.693968225382753,-3.5));
#13950=CARTESIAN_POINT('',(2.6,0.782131715736986,-3.));
#13951=CARTESIAN_POINT('',(2.35,0.782131715736986,-3.));
#13952=CARTESIAN_POINT('',(2.6,0.693968225382753,-3.5));
#13953=CARTESIAN_POINT('',(2.6,0.782131715736986,-3.));
#13954=CARTESIAN_POINT('',(-2.35,0.782131715736986,-3.));
#13955=CARTESIAN_POINT('',(-2.35,0.693968225382753,-3.5));
#13956=CARTESIAN_POINT('',(-2.35,0.955,-2.01961524227066));
#13957=CARTESIAN_POINT('',(2.6,0.955,-2.01961524227066));
#13958=CARTESIAN_POINT('',(-2.15,0.955,-2.01961524227066));
#13959=CARTESIAN_POINT('',(-2.15,0.693968225382753,-3.5));
#13960=CARTESIAN_POINT('',(-2.15,0.782131715736986,-3.));
#13961=CARTESIAN_POINT('',(2.6,0.782131715736986,-3.));
#13962=CARTESIAN_POINT('',(-1.85,0.782131715736986,-3.));
#13963=CARTESIAN_POINT('',(-1.85,0.693968225382753,-3.5));
#13964=CARTESIAN_POINT('',(-1.85,0.955,-2.01961524227066));
#13965=CARTESIAN_POINT('',(2.6,0.955,-2.01961524227066));
#13966=CARTESIAN_POINT('',(-1.65,0.955,-2.01961524227066));
#13967=CARTESIAN_POINT('',(-1.65,0.693968225382753,-3.5));
#13968=CARTESIAN_POINT('',(-1.65,0.782131715736986,-3.));
#13969=CARTESIAN_POINT('',(2.6,0.782131715736986,-3.));
#13970=CARTESIAN_POINT('',(-1.35,0.782131715736986,-3.));
#13971=CARTESIAN_POINT('',(-1.35,0.693968225382753,-3.5));
#13972=CARTESIAN_POINT('',(-1.35,0.955,-2.01961524227066));
#13973=CARTESIAN_POINT('',(2.6,0.955,-2.01961524227066));
#13974=CARTESIAN_POINT('',(-1.15,0.955,-2.01961524227066));
#13975=CARTESIAN_POINT('',(-1.15,0.693968225382753,-3.5));
#13976=CARTESIAN_POINT('',(-1.15,0.782131715736986,-3.));
#13977=CARTESIAN_POINT('',(2.6,0.782131715736986,-3.));
#13978=CARTESIAN_POINT('',(-0.85,0.782131715736986,-3.));
#13979=CARTESIAN_POINT('',(-0.85,0.693968225382753,-3.5));
#13980=CARTESIAN_POINT('',(-0.85,0.955,-2.01961524227066));
#13981=CARTESIAN_POINT('',(2.6,0.955,-2.01961524227066));
#13982=CARTESIAN_POINT('',(-0.65,0.955,-2.01961524227066));
#13983=CARTESIAN_POINT('',(-0.65,0.693968225382753,-3.5));
#13984=CARTESIAN_POINT('',(-0.65,0.782131715736986,-3.));
#13985=CARTESIAN_POINT('',(2.6,0.782131715736986,-3.));
#13986=CARTESIAN_POINT('',(-0.35,0.782131715736986,-3.));
#13987=CARTESIAN_POINT('',(-0.35,0.693968225382753,-3.5));
#13988=CARTESIAN_POINT('',(-0.35,0.955,-2.01961524227066));
#13989=CARTESIAN_POINT('',(2.6,0.955,-2.01961524227066));
#13990=CARTESIAN_POINT('',(-0.15,0.955,-2.01961524227066));
#13991=CARTESIAN_POINT('',(-0.15,0.693968225382753,-3.5));
#13992=CARTESIAN_POINT('',(-0.15,0.782131715736986,-3.));
#13993=CARTESIAN_POINT('',(2.6,0.782131715736986,-3.));
#13994=CARTESIAN_POINT('',(0.15,0.782131715736986,-3.));
#13995=CARTESIAN_POINT('',(0.15,0.693968225382753,-3.5));
#13996=CARTESIAN_POINT('',(0.15,0.955,-2.01961524227066));
#13997=CARTESIAN_POINT('',(2.6,0.955,-2.01961524227066));
#13998=CARTESIAN_POINT('',(0.35,0.955,-2.01961524227066));
#13999=CARTESIAN_POINT('',(0.35,0.693968225382753,-3.5));
#14000=CARTESIAN_POINT('',(0.35,0.782131715736986,-3.));
#14001=CARTESIAN_POINT('',(2.6,0.782131715736986,-3.));
#14002=CARTESIAN_POINT('',(0.65,0.782131715736986,-3.));
#14003=CARTESIAN_POINT('',(0.65,0.693968225382753,-3.5));
#14004=CARTESIAN_POINT('',(0.65,0.955,-2.01961524227066));
#14005=CARTESIAN_POINT('',(2.6,0.955,-2.01961524227066));
#14006=CARTESIAN_POINT('',(0.85,0.955,-2.01961524227066));
#14007=CARTESIAN_POINT('',(0.85,0.693968225382753,-3.5));
#14008=CARTESIAN_POINT('',(0.85,0.782131715736986,-3.));
#14009=CARTESIAN_POINT('',(2.6,0.782131715736986,-3.));
#14010=CARTESIAN_POINT('',(1.15,0.782131715736986,-3.));
#14011=CARTESIAN_POINT('',(1.15,0.693968225382753,-3.5));
#14012=CARTESIAN_POINT('',(1.15,0.955,-2.01961524227066));
#14013=CARTESIAN_POINT('',(2.6,0.955,-2.01961524227066));
#14014=CARTESIAN_POINT('',(1.35,0.955,-2.01961524227066));
#14015=CARTESIAN_POINT('',(1.35,0.693968225382753,-3.5));
#14016=CARTESIAN_POINT('',(1.35,0.782131715736986,-3.));
#14017=CARTESIAN_POINT('',(2.6,0.782131715736986,-3.));
#14018=CARTESIAN_POINT('',(1.65,0.782131715736986,-3.));
#14019=CARTESIAN_POINT('',(1.65,0.693968225382753,-3.5));
#14020=CARTESIAN_POINT('',(1.65,0.955,-2.01961524227066));
#14021=CARTESIAN_POINT('',(2.6,0.955,-2.01961524227066));
#14022=CARTESIAN_POINT('',(1.85,0.955,-2.01961524227066));
#14023=CARTESIAN_POINT('',(1.85,0.693968225382753,-3.5));
#14024=CARTESIAN_POINT('',(1.85,0.782131715736986,-3.));
#14025=CARTESIAN_POINT('',(2.6,0.782131715736986,-3.));
#14026=CARTESIAN_POINT('',(2.15,0.782131715736986,-3.));
#14027=CARTESIAN_POINT('',(2.15,0.693968225382753,-3.5));
#14028=CARTESIAN_POINT('',(2.15,0.955,-2.01961524227066));
#14029=CARTESIAN_POINT('',(2.6,0.955,-2.01961524227066));
#14030=CARTESIAN_POINT('',(2.35,0.955,-2.01961524227066));
#14031=CARTESIAN_POINT('',(2.35,0.693968225382753,-3.5));
#14032=CARTESIAN_POINT('',(2.6,0.955,-2.01961524227066));
#14033=CARTESIAN_POINT('',(2.35,0.955,-2.01961524227066));
#14034=CARTESIAN_POINT('',(2.35,0.683867513459481,-1.55));
#14035=CARTESIAN_POINT('',(2.15,0.955,-2.01961524227066));
#14036=CARTESIAN_POINT('',(2.15,0.683867513459481,-1.55));
#14037=CARTESIAN_POINT('',(2.6,0.683867513459481,-1.55));
#14038=CARTESIAN_POINT('',(2.6,0.955,-2.01961524227066));
#14039=CARTESIAN_POINT('',(1.85,0.955,-2.01961524227066));
#14040=CARTESIAN_POINT('',(1.85,0.683867513459481,-1.55));
#14041=CARTESIAN_POINT('',(1.65,0.955,-2.01961524227066));
#14042=CARTESIAN_POINT('',(1.65,0.683867513459481,-1.55));
#14043=CARTESIAN_POINT('',(2.6,0.683867513459481,-1.55));
#14044=CARTESIAN_POINT('',(2.6,0.955,-2.01961524227066));
#14045=CARTESIAN_POINT('',(1.35,0.955,-2.01961524227066));
#14046=CARTESIAN_POINT('',(1.35,0.683867513459481,-1.55));
#14047=CARTESIAN_POINT('',(1.15,0.955,-2.01961524227066));
#14048=CARTESIAN_POINT('',(1.15,0.683867513459481,-1.55));
#14049=CARTESIAN_POINT('',(2.6,0.683867513459481,-1.55));
#14050=CARTESIAN_POINT('',(2.6,0.955,-2.01961524227066));
#14051=CARTESIAN_POINT('',(0.85,0.955,-2.01961524227066));
#14052=CARTESIAN_POINT('',(0.85,0.683867513459481,-1.55));
#14053=CARTESIAN_POINT('',(0.65,0.955,-2.01961524227066));
#14054=CARTESIAN_POINT('',(0.65,0.683867513459481,-1.55));
#14055=CARTESIAN_POINT('',(2.6,0.683867513459481,-1.55));
#14056=CARTESIAN_POINT('',(2.6,0.955,-2.01961524227066));
#14057=CARTESIAN_POINT('',(0.35,0.955,-2.01961524227066));
#14058=CARTESIAN_POINT('',(0.35,0.683867513459481,-1.55));
#14059=CARTESIAN_POINT('',(0.15,0.955,-2.01961524227066));
#14060=CARTESIAN_POINT('',(0.15,0.683867513459481,-1.55));
#14061=CARTESIAN_POINT('',(2.6,0.683867513459481,-1.55));
#14062=CARTESIAN_POINT('',(2.6,0.955,-2.01961524227066));
#14063=CARTESIAN_POINT('',(-0.15,0.955,-2.01961524227066));
#14064=CARTESIAN_POINT('',(-0.15,0.683867513459481,-1.55));
#14065=CARTESIAN_POINT('',(-0.35,0.955,-2.01961524227066));
#14066=CARTESIAN_POINT('',(-0.35,0.683867513459481,-1.55));
#14067=CARTESIAN_POINT('',(2.6,0.683867513459481,-1.55));
#14068=CARTESIAN_POINT('',(2.6,0.955,-2.01961524227066));
#14069=CARTESIAN_POINT('',(-0.65,0.955,-2.01961524227066));
#14070=CARTESIAN_POINT('',(-0.65,0.683867513459481,-1.55));
#14071=CARTESIAN_POINT('',(-0.85,0.955,-2.01961524227066));
#14072=CARTESIAN_POINT('',(-0.85,0.683867513459481,-1.55));
#14073=CARTESIAN_POINT('',(2.6,0.683867513459481,-1.55));
#14074=CARTESIAN_POINT('',(2.6,0.955,-2.01961524227066));
#14075=CARTESIAN_POINT('',(-1.15,0.955,-2.01961524227066));
#14076=CARTESIAN_POINT('',(-1.15,0.683867513459481,-1.55));
#14077=CARTESIAN_POINT('',(-1.35,0.955,-2.01961524227066));
#14078=CARTESIAN_POINT('',(-1.35,0.683867513459481,-1.55));
#14079=CARTESIAN_POINT('',(2.6,0.683867513459481,-1.55));
#14080=CARTESIAN_POINT('',(2.6,0.955,-2.01961524227066));
#14081=CARTESIAN_POINT('',(-1.65,0.955,-2.01961524227066));
#14082=CARTESIAN_POINT('',(-1.65,0.683867513459481,-1.55));
#14083=CARTESIAN_POINT('',(-1.85,0.955,-2.01961524227066));
#14084=CARTESIAN_POINT('',(-1.85,0.683867513459481,-1.55));
#14085=CARTESIAN_POINT('',(2.6,0.683867513459481,-1.55));
#14086=CARTESIAN_POINT('',(2.6,0.955,-2.01961524227066));
#14087=CARTESIAN_POINT('',(-2.15,0.955,-2.01961524227066));
#14088=CARTESIAN_POINT('',(-2.15,0.683867513459481,-1.55));
#14089=CARTESIAN_POINT('',(-2.35,0.955,-2.01961524227066));
#14090=CARTESIAN_POINT('',(-2.35,0.683867513459481,-1.55));
#14091=CARTESIAN_POINT('',(2.6,0.683867513459481,-1.55));
#14092=CARTESIAN_POINT('',(2.6,0.597264973081038,-1.6));
#14093=CARTESIAN_POINT('',(2.35,0.597264973081038,-1.6));
#14094=CARTESIAN_POINT('',(2.15,0.597264973081038,-1.6));
#14095=CARTESIAN_POINT('',(2.6,0.597264973081038,-1.6));
#14096=CARTESIAN_POINT('',(1.85,0.597264973081038,-1.6));
#14097=CARTESIAN_POINT('',(1.65,0.597264973081038,-1.6));
#14098=CARTESIAN_POINT('',(2.6,0.597264973081038,-1.6));
#14099=CARTESIAN_POINT('',(1.35,0.597264973081038,-1.6));
#14100=CARTESIAN_POINT('',(1.15,0.597264973081038,-1.6));
#14101=CARTESIAN_POINT('',(2.6,0.597264973081038,-1.6));
#14102=CARTESIAN_POINT('',(0.85,0.597264973081038,-1.6));
#14103=CARTESIAN_POINT('',(0.65,0.597264973081038,-1.6));
#14104=CARTESIAN_POINT('',(2.6,0.597264973081038,-1.6));
#14105=CARTESIAN_POINT('',(0.35,0.597264973081038,-1.6));
#14106=CARTESIAN_POINT('',(0.15,0.597264973081038,-1.6));
#14107=CARTESIAN_POINT('',(2.6,0.597264973081038,-1.6));
#14108=CARTESIAN_POINT('',(-0.15,0.597264973081038,-1.6));
#14109=CARTESIAN_POINT('',(-0.35,0.597264973081038,-1.6));
#14110=CARTESIAN_POINT('',(2.6,0.597264973081038,-1.6));
#14111=CARTESIAN_POINT('',(-0.65,0.597264973081038,-1.6));
#14112=CARTESIAN_POINT('',(-0.85,0.597264973081038,-1.6));
#14113=CARTESIAN_POINT('',(2.6,0.597264973081038,-1.6));
#14114=CARTESIAN_POINT('',(-1.15,0.597264973081038,-1.6));
#14115=CARTESIAN_POINT('',(-1.35,0.597264973081038,-1.6));
#14116=CARTESIAN_POINT('',(2.6,0.597264973081038,-1.6));
#14117=CARTESIAN_POINT('',(-1.65,0.597264973081038,-1.6));
#14118=CARTESIAN_POINT('',(-1.85,0.597264973081038,-1.6));
#14119=CARTESIAN_POINT('',(2.6,0.597264973081038,-1.6));
#14120=CARTESIAN_POINT('',(-2.15,0.597264973081038,-1.6));
#14121=CARTESIAN_POINT('',(-2.35,0.597264973081038,-1.6));
#14122=CARTESIAN_POINT('',(2.6,0.25,-4.38));
#14123=CARTESIAN_POINT('',(-2.35,0.25,-4.38));
#14124=CARTESIAN_POINT('',(-2.35,-0.04,-4.67));
#14125=CARTESIAN_POINT('',(2.6,-0.0399999999999999,-4.67));
#14126=CARTESIAN_POINT('',(-2.15,-0.04,-4.67));
#14127=CARTESIAN_POINT('',(-2.15,0.25,-4.38));
#14128=CARTESIAN_POINT('',(2.6,0.25,-4.38));
#14129=CARTESIAN_POINT('',(-1.85,0.25,-4.38));
#14130=CARTESIAN_POINT('',(-1.85,-0.04,-4.67));
#14131=CARTESIAN_POINT('',(2.6,-0.0399999999999999,-4.67));
#14132=CARTESIAN_POINT('',(-1.65,-0.04,-4.67));
#14133=CARTESIAN_POINT('',(-1.65,0.25,-4.38));
#14134=CARTESIAN_POINT('',(2.6,0.25,-4.38));
#14135=CARTESIAN_POINT('',(-1.35,0.25,-4.38));
#14136=CARTESIAN_POINT('',(-1.35,-0.04,-4.67));
#14137=CARTESIAN_POINT('',(2.6,-0.0399999999999999,-4.67));
#14138=CARTESIAN_POINT('',(-1.15,-0.04,-4.67));
#14139=CARTESIAN_POINT('',(-1.15,0.25,-4.38));
#14140=CARTESIAN_POINT('',(2.6,0.25,-4.38));
#14141=CARTESIAN_POINT('',(-0.85,0.25,-4.38));
#14142=CARTESIAN_POINT('',(-0.85,-0.04,-4.67));
#14143=CARTESIAN_POINT('',(2.6,-0.0399999999999999,-4.67));
#14144=CARTESIAN_POINT('',(-0.65,-0.04,-4.67));
#14145=CARTESIAN_POINT('',(-0.65,0.25,-4.38));
#14146=CARTESIAN_POINT('',(2.6,0.25,-4.38));
#14147=CARTESIAN_POINT('',(-0.35,0.25,-4.38));
#14148=CARTESIAN_POINT('',(-0.35,-0.04,-4.67));
#14149=CARTESIAN_POINT('',(2.6,-0.0399999999999999,-4.67));
#14150=CARTESIAN_POINT('',(-0.15,-0.04,-4.67));
#14151=CARTESIAN_POINT('',(-0.15,0.25,-4.38));
#14152=CARTESIAN_POINT('',(2.6,0.25,-4.38));
#14153=CARTESIAN_POINT('',(0.15,0.25,-4.38));
#14154=CARTESIAN_POINT('',(0.15,-0.04,-4.67));
#14155=CARTESIAN_POINT('',(2.6,-0.0399999999999999,-4.67));
#14156=CARTESIAN_POINT('',(0.35,-0.04,-4.67));
#14157=CARTESIAN_POINT('',(0.35,0.25,-4.38));
#14158=CARTESIAN_POINT('',(2.6,0.25,-4.38));
#14159=CARTESIAN_POINT('',(0.65,0.25,-4.38));
#14160=CARTESIAN_POINT('',(0.65,-0.04,-4.67));
#14161=CARTESIAN_POINT('',(2.6,-0.0399999999999999,-4.67));
#14162=CARTESIAN_POINT('',(0.85,-0.04,-4.67));
#14163=CARTESIAN_POINT('',(0.85,0.25,-4.38));
#14164=CARTESIAN_POINT('',(2.6,0.25,-4.38));
#14165=CARTESIAN_POINT('',(1.15,0.25,-4.38));
#14166=CARTESIAN_POINT('',(1.15,-0.04,-4.67));
#14167=CARTESIAN_POINT('',(2.6,-0.0399999999999999,-4.67));
#14168=CARTESIAN_POINT('',(1.35,-0.04,-4.67));
#14169=CARTESIAN_POINT('',(1.35,0.25,-4.38));
#14170=CARTESIAN_POINT('',(2.6,0.25,-4.38));
#14171=CARTESIAN_POINT('',(1.65,0.25,-4.38));
#14172=CARTESIAN_POINT('',(1.65,-0.04,-4.67));
#14173=CARTESIAN_POINT('',(2.6,-0.0399999999999999,-4.67));
#14174=CARTESIAN_POINT('',(1.85,-0.04,-4.67));
#14175=CARTESIAN_POINT('',(1.85,0.25,-4.38));
#14176=CARTESIAN_POINT('',(2.6,0.25,-4.38));
#14177=CARTESIAN_POINT('',(2.15,0.25,-4.38));
#14178=CARTESIAN_POINT('',(2.15,-0.04,-4.67));
#14179=CARTESIAN_POINT('',(2.6,-0.0399999999999999,-4.67));
#14180=CARTESIAN_POINT('',(2.35,-0.04,-4.67));
#14181=CARTESIAN_POINT('',(2.35,0.25,-4.38));
#14182=CARTESIAN_POINT('',(2.6,-0.04,-4.67));
#14183=CARTESIAN_POINT('',(-2.35,-0.04,-3.6));
#14184=CARTESIAN_POINT('',(-2.35,-0.04,-5.67));
#14185=CARTESIAN_POINT('',(2.6,-0.04,-5.67));
#14186=CARTESIAN_POINT('',(-2.15,-0.04,-5.67));
#14187=CARTESIAN_POINT('',(-2.15,-0.04,-6.09));
#14188=CARTESIAN_POINT('',(2.6,-0.04,-4.67));
#14189=CARTESIAN_POINT('',(-1.85,-0.04,-3.6));
#14190=CARTESIAN_POINT('',(-1.85,-0.04,-5.67));
#14191=CARTESIAN_POINT('',(2.6,-0.04,-5.67));
#14192=CARTESIAN_POINT('',(-1.65,-0.04,-5.67));
#14193=CARTESIAN_POINT('',(-1.65,-0.04,-6.09));
#14194=CARTESIAN_POINT('',(2.6,-0.04,-4.67));
#14195=CARTESIAN_POINT('',(-1.35,-0.04,-3.6));
#14196=CARTESIAN_POINT('',(-1.35,-0.04,-5.67));
#14197=CARTESIAN_POINT('',(2.6,-0.04,-5.67));
#14198=CARTESIAN_POINT('',(-1.15,-0.04,-5.67));
#14199=CARTESIAN_POINT('',(-1.15,-0.04,-6.09));
#14200=CARTESIAN_POINT('',(2.6,-0.04,-4.67));
#14201=CARTESIAN_POINT('',(-0.85,-0.04,-3.6));
#14202=CARTESIAN_POINT('',(-0.85,-0.04,-5.67));
#14203=CARTESIAN_POINT('',(2.6,-0.04,-5.67));
#14204=CARTESIAN_POINT('',(-0.65,-0.04,-5.67));
#14205=CARTESIAN_POINT('',(-0.65,-0.04,-6.09));
#14206=CARTESIAN_POINT('',(2.6,-0.04,-4.67));
#14207=CARTESIAN_POINT('',(-0.35,-0.04,-3.6));
#14208=CARTESIAN_POINT('',(-0.35,-0.04,-5.67));
#14209=CARTESIAN_POINT('',(2.6,-0.04,-5.67));
#14210=CARTESIAN_POINT('',(-0.15,-0.04,-5.67));
#14211=CARTESIAN_POINT('',(-0.15,-0.04,-6.09));
#14212=CARTESIAN_POINT('',(2.6,-0.04,-4.67));
#14213=CARTESIAN_POINT('',(0.15,-0.04,-3.6));
#14214=CARTESIAN_POINT('',(0.15,-0.04,-5.67));
#14215=CARTESIAN_POINT('',(2.6,-0.04,-5.67));
#14216=CARTESIAN_POINT('',(0.35,-0.04,-5.67));
#14217=CARTESIAN_POINT('',(0.35,-0.04,-6.09));
#14218=CARTESIAN_POINT('',(2.6,-0.04,-4.67));
#14219=CARTESIAN_POINT('',(0.65,-0.04,-3.6));
#14220=CARTESIAN_POINT('',(0.65,-0.04,-5.67));
#14221=CARTESIAN_POINT('',(2.6,-0.04,-5.67));
#14222=CARTESIAN_POINT('',(0.85,-0.04,-5.67));
#14223=CARTESIAN_POINT('',(0.85,-0.04,-6.09));
#14224=CARTESIAN_POINT('',(2.6,-0.04,-4.67));
#14225=CARTESIAN_POINT('',(1.15,-0.04,-3.6));
#14226=CARTESIAN_POINT('',(1.15,-0.04,-5.67));
#14227=CARTESIAN_POINT('',(2.6,-0.04,-5.67));
#14228=CARTESIAN_POINT('',(1.35,-0.04,-5.67));
#14229=CARTESIAN_POINT('',(1.35,-0.04,-6.09));
#14230=CARTESIAN_POINT('',(2.6,-0.04,-4.67));
#14231=CARTESIAN_POINT('',(1.65,-0.04,-3.6));
#14232=CARTESIAN_POINT('',(1.65,-0.04,-5.67));
#14233=CARTESIAN_POINT('',(2.6,-0.04,-5.67));
#14234=CARTESIAN_POINT('',(1.85,-0.04,-5.67));
#14235=CARTESIAN_POINT('',(1.85,-0.04,-6.09));
#14236=CARTESIAN_POINT('',(2.6,-0.04,-4.67));
#14237=CARTESIAN_POINT('',(2.15,-0.04,-3.6));
#14238=CARTESIAN_POINT('',(2.15,-0.04,-5.67));
#14239=CARTESIAN_POINT('',(2.6,-0.04,-5.67));
#14240=CARTESIAN_POINT('',(2.35,-0.04,-5.67));
#14241=CARTESIAN_POINT('',(2.35,-0.04,-6.09));
#14242=CARTESIAN_POINT('',(2.6,-0.04,-5.67));
#14243=CARTESIAN_POINT('',(-2.35,-0.04,-5.67));
#14244=CARTESIAN_POINT('',(-2.35,0.0362929739192504,-5.67));
#14245=CARTESIAN_POINT('',(2.6,0.0362929739192504,-5.67));
#14246=CARTESIAN_POINT('',(-2.15,0.036292973919254,-5.67));
#14247=CARTESIAN_POINT('',(-2.15,-0.04,-5.67));
#14248=CARTESIAN_POINT('',(2.6,-0.04,-5.67));
#14249=CARTESIAN_POINT('',(-1.85,-0.04,-5.67));
#14250=CARTESIAN_POINT('',(-1.85,0.0362929739192504,-5.67));
#14251=CARTESIAN_POINT('',(2.6,0.0362929739192504,-5.67));
#14252=CARTESIAN_POINT('',(-1.65,0.036292973919254,-5.67));
#14253=CARTESIAN_POINT('',(-1.65,-0.04,-5.67));
#14254=CARTESIAN_POINT('',(2.6,-0.04,-5.67));
#14255=CARTESIAN_POINT('',(-1.35,-0.04,-5.67));
#14256=CARTESIAN_POINT('',(-1.35,0.0362929739192504,-5.67));
#14257=CARTESIAN_POINT('',(2.6,0.0362929739192504,-5.67));
#14258=CARTESIAN_POINT('',(-1.15,0.036292973919254,-5.67));
#14259=CARTESIAN_POINT('',(-1.15,-0.04,-5.67));
#14260=CARTESIAN_POINT('',(2.6,-0.04,-5.67));
#14261=CARTESIAN_POINT('',(-0.85,-0.04,-5.67));
#14262=CARTESIAN_POINT('',(-0.85,0.0362929739192504,-5.67));
#14263=CARTESIAN_POINT('',(2.6,0.0362929739192504,-5.67));
#14264=CARTESIAN_POINT('',(-0.65,0.036292973919254,-5.67));
#14265=CARTESIAN_POINT('',(-0.65,-0.04,-5.67));
#14266=CARTESIAN_POINT('',(2.6,-0.04,-5.67));
#14267=CARTESIAN_POINT('',(-0.35,-0.04,-5.67));
#14268=CARTESIAN_POINT('',(-0.35,0.0362929739192504,-5.67));
#14269=CARTESIAN_POINT('',(2.6,0.0362929739192504,-5.67));
#14270=CARTESIAN_POINT('',(-0.15,0.036292973919254,-5.67));
#14271=CARTESIAN_POINT('',(-0.15,-0.04,-5.67));
#14272=CARTESIAN_POINT('',(2.6,-0.04,-5.67));
#14273=CARTESIAN_POINT('',(0.15,-0.04,-5.67));
#14274=CARTESIAN_POINT('',(0.15,0.0362929739192504,-5.67));
#14275=CARTESIAN_POINT('',(2.6,0.0362929739192504,-5.67));
#14276=CARTESIAN_POINT('',(0.35,0.036292973919254,-5.67));
#14277=CARTESIAN_POINT('',(0.35,-0.04,-5.67));
#14278=CARTESIAN_POINT('',(2.6,-0.04,-5.67));
#14279=CARTESIAN_POINT('',(0.65,-0.04,-5.67));
#14280=CARTESIAN_POINT('',(0.65,0.0362929739192504,-5.67));
#14281=CARTESIAN_POINT('',(2.6,0.0362929739192504,-5.67));
#14282=CARTESIAN_POINT('',(0.85,0.036292973919254,-5.67));
#14283=CARTESIAN_POINT('',(0.85,-0.04,-5.67));
#14284=CARTESIAN_POINT('',(2.6,-0.04,-5.67));
#14285=CARTESIAN_POINT('',(1.15,-0.04,-5.67));
#14286=CARTESIAN_POINT('',(1.15,0.0362929739192504,-5.67));
#14287=CARTESIAN_POINT('',(2.6,0.0362929739192504,-5.67));
#14288=CARTESIAN_POINT('',(1.35,0.036292973919254,-5.67));
#14289=CARTESIAN_POINT('',(1.35,-0.04,-5.67));
#14290=CARTESIAN_POINT('',(2.6,-0.04,-5.67));
#14291=CARTESIAN_POINT('',(1.65,-0.04,-5.67));
#14292=CARTESIAN_POINT('',(1.65,0.0362929739192504,-5.67));
#14293=CARTESIAN_POINT('',(2.6,0.0362929739192504,-5.67));
#14294=CARTESIAN_POINT('',(1.85,0.036292973919254,-5.67));
#14295=CARTESIAN_POINT('',(1.85,-0.04,-5.67));
#14296=CARTESIAN_POINT('',(2.6,-0.04,-5.67));
#14297=CARTESIAN_POINT('',(2.15,-0.04,-5.67));
#14298=CARTESIAN_POINT('',(2.15,0.0362929739192504,-5.67));
#14299=CARTESIAN_POINT('',(2.6,0.0362929739192504,-5.67));
#14300=CARTESIAN_POINT('',(2.35,0.036292973919254,-5.67));
#14301=CARTESIAN_POINT('',(2.35,-0.04,-5.67));
#14302=CARTESIAN_POINT('',(2.6,0.036292973919254,-5.57));
#14303=CARTESIAN_POINT('',(-2.35,0.036292973919254,-5.57));
#14304=CARTESIAN_POINT('',(-2.35,0.126923752622916,-5.61226182617407));
#14305=CARTESIAN_POINT('',(2.6,0.126923752622916,-5.61226182617407));
#14306=CARTESIAN_POINT('',(-2.15,0.126923752622916,-5.61226182617407));
#14307=CARTESIAN_POINT('',(-2.15,0.036292973919254,-5.57));
#14308=CARTESIAN_POINT('',(2.6,0.036292973919254,-5.57));
#14309=CARTESIAN_POINT('',(-1.85,0.036292973919254,-5.57));
#14310=CARTESIAN_POINT('',(-1.85,0.126923752622916,-5.61226182617407));
#14311=CARTESIAN_POINT('',(2.6,0.126923752622916,-5.61226182617407));
#14312=CARTESIAN_POINT('',(-1.65,0.126923752622916,-5.61226182617407));
#14313=CARTESIAN_POINT('',(-1.65,0.036292973919254,-5.57));
#14314=CARTESIAN_POINT('',(2.6,0.036292973919254,-5.57));
#14315=CARTESIAN_POINT('',(-1.35,0.036292973919254,-5.57));
#14316=CARTESIAN_POINT('',(-1.35,0.126923752622916,-5.61226182617407));
#14317=CARTESIAN_POINT('',(2.6,0.126923752622916,-5.61226182617407));
#14318=CARTESIAN_POINT('',(-1.15,0.126923752622916,-5.61226182617407));
#14319=CARTESIAN_POINT('',(-1.15,0.036292973919254,-5.57));
#14320=CARTESIAN_POINT('',(2.6,0.036292973919254,-5.57));
#14321=CARTESIAN_POINT('',(-0.85,0.036292973919254,-5.57));
#14322=CARTESIAN_POINT('',(-0.85,0.126923752622916,-5.61226182617407));
#14323=CARTESIAN_POINT('',(2.6,0.126923752622916,-5.61226182617407));
#14324=CARTESIAN_POINT('',(-0.65,0.126923752622916,-5.61226182617407));
#14325=CARTESIAN_POINT('',(-0.65,0.036292973919254,-5.57));
#14326=CARTESIAN_POINT('',(2.6,0.036292973919254,-5.57));
#14327=CARTESIAN_POINT('',(-0.35,0.036292973919254,-5.57));
#14328=CARTESIAN_POINT('',(-0.35,0.126923752622916,-5.61226182617407));
#14329=CARTESIAN_POINT('',(2.6,0.126923752622916,-5.61226182617407));
#14330=CARTESIAN_POINT('',(-0.15,0.126923752622916,-5.61226182617407));
#14331=CARTESIAN_POINT('',(-0.15,0.036292973919254,-5.57));
#14332=CARTESIAN_POINT('',(2.6,0.036292973919254,-5.57));
#14333=CARTESIAN_POINT('',(0.15,0.036292973919254,-5.57));
#14334=CARTESIAN_POINT('',(0.15,0.126923752622916,-5.61226182617407));
#14335=CARTESIAN_POINT('',(2.6,0.126923752622916,-5.61226182617407));
#14336=CARTESIAN_POINT('',(0.35,0.126923752622916,-5.61226182617407));
#14337=CARTESIAN_POINT('',(0.35,0.036292973919254,-5.57));
#14338=CARTESIAN_POINT('',(2.6,0.036292973919254,-5.57));
#14339=CARTESIAN_POINT('',(0.65,0.036292973919254,-5.57));
#14340=CARTESIAN_POINT('',(0.65,0.126923752622916,-5.61226182617407));
#14341=CARTESIAN_POINT('',(2.6,0.126923752622916,-5.61226182617407));
#14342=CARTESIAN_POINT('',(0.85,0.126923752622916,-5.61226182617407));
#14343=CARTESIAN_POINT('',(0.85,0.036292973919254,-5.57));
#14344=CARTESIAN_POINT('',(2.6,0.036292973919254,-5.57));
#14345=CARTESIAN_POINT('',(1.15,0.036292973919254,-5.57));
#14346=CARTESIAN_POINT('',(1.15,0.126923752622916,-5.61226182617407));
#14347=CARTESIAN_POINT('',(2.6,0.126923752622916,-5.61226182617407));
#14348=CARTESIAN_POINT('',(1.35,0.126923752622916,-5.61226182617407));
#14349=CARTESIAN_POINT('',(1.35,0.036292973919254,-5.57));
#14350=CARTESIAN_POINT('',(2.6,0.036292973919254,-5.57));
#14351=CARTESIAN_POINT('',(1.65,0.036292973919254,-5.57));
#14352=CARTESIAN_POINT('',(1.65,0.126923752622916,-5.61226182617407));
#14353=CARTESIAN_POINT('',(2.6,0.126923752622916,-5.61226182617407));
#14354=CARTESIAN_POINT('',(1.85,0.126923752622916,-5.61226182617407));
#14355=CARTESIAN_POINT('',(1.85,0.036292973919254,-5.57));
#14356=CARTESIAN_POINT('',(2.6,0.036292973919254,-5.57));
#14357=CARTESIAN_POINT('',(2.15,0.036292973919254,-5.57));
#14358=CARTESIAN_POINT('',(2.15,0.126923752622916,-5.61226182617407));
#14359=CARTESIAN_POINT('',(2.6,0.126923752622916,-5.61226182617407));
#14360=CARTESIAN_POINT('',(2.35,0.126923752622916,-5.61226182617407));
#14361=CARTESIAN_POINT('',(2.35,0.036292973919254,-5.57));
#14362=CARTESIAN_POINT('',(2.6,0.126923752622916,-5.61226182617407));
#14363=CARTESIAN_POINT('',(-2.35,0.126923752622916,-5.61226182617407));
#14364=CARTESIAN_POINT('',(-2.35,0.566307658154999,-4.67));
#14365=CARTESIAN_POINT('',(2.6,0.566307658154999,-4.67));
#14366=CARTESIAN_POINT('',(-2.15,0.566307658154999,-4.67));
#14367=CARTESIAN_POINT('',(-2.15,0.126923752622916,-5.61226182617407));
#14368=CARTESIAN_POINT('',(2.6,0.126923752622916,-5.61226182617407));
#14369=CARTESIAN_POINT('',(-1.85,0.126923752622916,-5.61226182617407));
#14370=CARTESIAN_POINT('',(-1.85,0.566307658154999,-4.67));
#14371=CARTESIAN_POINT('',(2.6,0.566307658154999,-4.67));
#14372=CARTESIAN_POINT('',(-1.65,0.566307658154999,-4.67));
#14373=CARTESIAN_POINT('',(-1.65,0.126923752622916,-5.61226182617407));
#14374=CARTESIAN_POINT('',(2.6,0.126923752622916,-5.61226182617407));
#14375=CARTESIAN_POINT('',(-1.35,0.126923752622916,-5.61226182617407));
#14376=CARTESIAN_POINT('',(-1.35,0.566307658154999,-4.67));
#14377=CARTESIAN_POINT('',(2.6,0.566307658154999,-4.67));
#14378=CARTESIAN_POINT('',(-1.15,0.566307658154999,-4.67));
#14379=CARTESIAN_POINT('',(-1.15,0.126923752622916,-5.61226182617407));
#14380=CARTESIAN_POINT('',(2.6,0.126923752622916,-5.61226182617407));
#14381=CARTESIAN_POINT('',(-0.85,0.126923752622916,-5.61226182617407));
#14382=CARTESIAN_POINT('',(-0.85,0.566307658154999,-4.67));
#14383=CARTESIAN_POINT('',(2.6,0.566307658154999,-4.67));
#14384=CARTESIAN_POINT('',(-0.65,0.566307658154999,-4.67));
#14385=CARTESIAN_POINT('',(-0.65,0.126923752622916,-5.61226182617407));
#14386=CARTESIAN_POINT('',(2.6,0.126923752622916,-5.61226182617407));
#14387=CARTESIAN_POINT('',(-0.35,0.126923752622916,-5.61226182617407));
#14388=CARTESIAN_POINT('',(-0.35,0.566307658154999,-4.67));
#14389=CARTESIAN_POINT('',(2.6,0.566307658154999,-4.67));
#14390=CARTESIAN_POINT('',(-0.15,0.566307658154999,-4.67));
#14391=CARTESIAN_POINT('',(-0.15,0.126923752622916,-5.61226182617407));
#14392=CARTESIAN_POINT('',(2.6,0.126923752622916,-5.61226182617407));
#14393=CARTESIAN_POINT('',(0.15,0.126923752622916,-5.61226182617407));
#14394=CARTESIAN_POINT('',(0.15,0.566307658154999,-4.67));
#14395=CARTESIAN_POINT('',(2.6,0.566307658154999,-4.67));
#14396=CARTESIAN_POINT('',(0.35,0.566307658154999,-4.67));
#14397=CARTESIAN_POINT('',(0.35,0.126923752622916,-5.61226182617407));
#14398=CARTESIAN_POINT('',(2.6,0.126923752622916,-5.61226182617407));
#14399=CARTESIAN_POINT('',(0.65,0.126923752622916,-5.61226182617407));
#14400=CARTESIAN_POINT('',(0.65,0.566307658154999,-4.67));
#14401=CARTESIAN_POINT('',(2.6,0.566307658154999,-4.67));
#14402=CARTESIAN_POINT('',(0.85,0.566307658154999,-4.67));
#14403=CARTESIAN_POINT('',(0.85,0.126923752622916,-5.61226182617407));
#14404=CARTESIAN_POINT('',(2.6,0.126923752622916,-5.61226182617407));
#14405=CARTESIAN_POINT('',(1.15,0.126923752622916,-5.61226182617407));
#14406=CARTESIAN_POINT('',(1.15,0.566307658154999,-4.67));
#14407=CARTESIAN_POINT('',(2.6,0.566307658154999,-4.67));
#14408=CARTESIAN_POINT('',(1.35,0.566307658154999,-4.67));
#14409=CARTESIAN_POINT('',(1.35,0.126923752622916,-5.61226182617407));
#14410=CARTESIAN_POINT('',(2.6,0.126923752622916,-5.61226182617407));
#14411=CARTESIAN_POINT('',(1.65,0.126923752622916,-5.61226182617407));
#14412=CARTESIAN_POINT('',(1.65,0.566307658154999,-4.67));
#14413=CARTESIAN_POINT('',(2.6,0.566307658154999,-4.67));
#14414=CARTESIAN_POINT('',(1.85,0.566307658154999,-4.67));
#14415=CARTESIAN_POINT('',(1.85,0.126923752622916,-5.61226182617407));
#14416=CARTESIAN_POINT('',(2.6,0.126923752622916,-5.61226182617407));
#14417=CARTESIAN_POINT('',(2.15,0.126923752622916,-5.61226182617407));
#14418=CARTESIAN_POINT('',(2.15,0.566307658154999,-4.67));
#14419=CARTESIAN_POINT('',(2.6,0.566307658154999,-4.67));
#14420=CARTESIAN_POINT('',(2.35,0.566307658154999,-4.67));
#14421=CARTESIAN_POINT('',(2.35,0.126923752622916,-5.61226182617407));
#14422=CARTESIAN_POINT('',(2.6,0.566307658154999,-4.67));
#14423=CARTESIAN_POINT('',(-2.35,0.566307658154999,-4.67));
#14424=CARTESIAN_POINT('',(-2.35,1.5,-4.67));
#14425=CARTESIAN_POINT('',(2.6,1.5,-4.67));
#14426=CARTESIAN_POINT('',(-2.15,1.5,-4.67));
#14427=CARTESIAN_POINT('',(-2.15,0.566307658154999,-4.67));
#14428=CARTESIAN_POINT('',(2.6,0.566307658154999,-4.67));
#14429=CARTESIAN_POINT('',(-1.85,0.566307658154999,-4.67));
#14430=CARTESIAN_POINT('',(-1.85,1.5,-4.67));
#14431=CARTESIAN_POINT('',(2.6,1.5,-4.67));
#14432=CARTESIAN_POINT('',(-1.65,1.5,-4.67));
#14433=CARTESIAN_POINT('',(-1.65,0.566307658154999,-4.67));
#14434=CARTESIAN_POINT('',(2.6,0.566307658154999,-4.67));
#14435=CARTESIAN_POINT('',(-1.35,0.566307658154999,-4.67));
#14436=CARTESIAN_POINT('',(-1.35,1.5,-4.67));
#14437=CARTESIAN_POINT('',(2.6,1.5,-4.67));
#14438=CARTESIAN_POINT('',(-1.15,1.5,-4.67));
#14439=CARTESIAN_POINT('',(-1.15,0.566307658154999,-4.67));
#14440=CARTESIAN_POINT('',(2.6,0.566307658154999,-4.67));
#14441=CARTESIAN_POINT('',(-0.85,0.566307658154999,-4.67));
#14442=CARTESIAN_POINT('',(-0.85,1.5,-4.67));
#14443=CARTESIAN_POINT('',(2.6,1.5,-4.67));
#14444=CARTESIAN_POINT('',(-0.65,1.5,-4.67));
#14445=CARTESIAN_POINT('',(-0.65,0.566307658154999,-4.67));
#14446=CARTESIAN_POINT('',(2.6,0.566307658154999,-4.67));
#14447=CARTESIAN_POINT('',(-0.35,0.566307658154999,-4.67));
#14448=CARTESIAN_POINT('',(-0.35,1.5,-4.67));
#14449=CARTESIAN_POINT('',(2.6,1.5,-4.67));
#14450=CARTESIAN_POINT('',(-0.15,1.5,-4.67));
#14451=CARTESIAN_POINT('',(-0.15,0.566307658154999,-4.67));
#14452=CARTESIAN_POINT('',(2.6,0.566307658154999,-4.67));
#14453=CARTESIAN_POINT('',(0.15,0.566307658154999,-4.67));
#14454=CARTESIAN_POINT('',(0.15,1.5,-4.67));
#14455=CARTESIAN_POINT('',(2.6,1.5,-4.67));
#14456=CARTESIAN_POINT('',(0.35,1.5,-4.67));
#14457=CARTESIAN_POINT('',(0.35,0.566307658154999,-4.67));
#14458=CARTESIAN_POINT('',(2.6,0.566307658154999,-4.67));
#14459=CARTESIAN_POINT('',(0.65,0.566307658154999,-4.67));
#14460=CARTESIAN_POINT('',(0.65,1.5,-4.67));
#14461=CARTESIAN_POINT('',(2.6,1.5,-4.67));
#14462=CARTESIAN_POINT('',(0.85,1.5,-4.67));
#14463=CARTESIAN_POINT('',(0.85,0.566307658154999,-4.67));
#14464=CARTESIAN_POINT('',(2.6,0.566307658154999,-4.67));
#14465=CARTESIAN_POINT('',(1.15,0.566307658154999,-4.67));
#14466=CARTESIAN_POINT('',(1.15,1.5,-4.67));
#14467=CARTESIAN_POINT('',(2.6,1.5,-4.67));
#14468=CARTESIAN_POINT('',(1.35,1.5,-4.67));
#14469=CARTESIAN_POINT('',(1.35,0.566307658154999,-4.67));
#14470=CARTESIAN_POINT('',(2.6,0.566307658154999,-4.67));
#14471=CARTESIAN_POINT('',(1.65,0.566307658154999,-4.67));
#14472=CARTESIAN_POINT('',(1.65,1.5,-4.67));
#14473=CARTESIAN_POINT('',(2.6,1.5,-4.67));
#14474=CARTESIAN_POINT('',(1.85,1.5,-4.67));
#14475=CARTESIAN_POINT('',(1.85,0.566307658154999,-4.67));
#14476=CARTESIAN_POINT('',(2.6,0.566307658154999,-4.67));
#14477=CARTESIAN_POINT('',(2.15,0.566307658154999,-4.67));
#14478=CARTESIAN_POINT('',(2.15,1.5,-4.67));
#14479=CARTESIAN_POINT('',(2.6,1.5,-4.67));
#14480=CARTESIAN_POINT('',(2.35,1.5,-4.67));
#14481=CARTESIAN_POINT('',(2.35,0.566307658154999,-4.67));
#14482=CARTESIAN_POINT('',(2.6,1.5,-4.57));
#14483=CARTESIAN_POINT('',(-2.35,1.5,-4.57));
#14484=CARTESIAN_POINT('',(-2.15,1.5,-4.57));
#14485=CARTESIAN_POINT('',(2.6,1.5,-4.57));
#14486=CARTESIAN_POINT('',(-1.85,1.5,-4.57));
#14487=CARTESIAN_POINT('',(-1.65,1.5,-4.57));
#14488=CARTESIAN_POINT('',(2.6,1.5,-4.57));
#14489=CARTESIAN_POINT('',(-1.35,1.5,-4.57));
#14490=CARTESIAN_POINT('',(-1.15,1.5,-4.57));
#14491=CARTESIAN_POINT('',(2.6,1.5,-4.57));
#14492=CARTESIAN_POINT('',(-0.85,1.5,-4.57));
#14493=CARTESIAN_POINT('',(-0.65,1.5,-4.57));
#14494=CARTESIAN_POINT('',(2.6,1.5,-4.57));
#14495=CARTESIAN_POINT('',(-0.35,1.5,-4.57));
#14496=CARTESIAN_POINT('',(-0.15,1.5,-4.57));
#14497=CARTESIAN_POINT('',(2.6,1.5,-4.57));
#14498=CARTESIAN_POINT('',(0.15,1.5,-4.57));
#14499=CARTESIAN_POINT('',(0.35,1.5,-4.57));
#14500=CARTESIAN_POINT('',(2.6,1.5,-4.57));
#14501=CARTESIAN_POINT('',(0.65,1.5,-4.57));
#14502=CARTESIAN_POINT('',(0.85,1.5,-4.57));
#14503=CARTESIAN_POINT('',(2.6,1.5,-4.57));
#14504=CARTESIAN_POINT('',(1.15,1.5,-4.57));
#14505=CARTESIAN_POINT('',(1.35,1.5,-4.57));
#14506=CARTESIAN_POINT('',(2.6,1.5,-4.57));
#14507=CARTESIAN_POINT('',(1.65,1.5,-4.57));
#14508=CARTESIAN_POINT('',(1.85,1.5,-4.57));
#14509=CARTESIAN_POINT('',(2.6,1.5,-4.57));
#14510=CARTESIAN_POINT('',(2.15,1.5,-4.57));
#14511=CARTESIAN_POINT('',(2.35,1.5,-4.57));
#14512=CARTESIAN_POINT('',(2.6,1.4,-3.5));
#14513=CARTESIAN_POINT('',(-2.65,2.5,-3.6));
#14514=CARTESIAN_POINT('',(-2.35,2.5,-3.6));
#14515=CARTESIAN_POINT('',(-2.35,2.5,-3.6));
#14516=CARTESIAN_POINT('',(2.35,2.5,-3.6));
#14517=CARTESIAN_POINT('',(2.35,2.5,-3.6));
#14518=CARTESIAN_POINT('',(2.35,2.5,-6.09));
#14519=CARTESIAN_POINT('',(2.15,2.5,-3.6));
#14520=CARTESIAN_POINT('',(2.15,2.5,-3.6));
#14521=CARTESIAN_POINT('',(1.85,2.5,-3.6));
#14522=CARTESIAN_POINT('',(1.85,2.5,-3.6));
#14523=CARTESIAN_POINT('',(1.85,2.5,-6.09));
#14524=CARTESIAN_POINT('',(1.65,2.5,-3.6));
#14525=CARTESIAN_POINT('',(1.65,2.5,-3.6));
#14526=CARTESIAN_POINT('',(1.35,2.5,-3.6));
#14527=CARTESIAN_POINT('',(1.35,2.5,-3.6));
#14528=CARTESIAN_POINT('',(1.35,2.5,-6.09));
#14529=CARTESIAN_POINT('',(1.15,2.5,-3.6));
#14530=CARTESIAN_POINT('',(1.15,2.5,-3.6));
#14531=CARTESIAN_POINT('',(0.85,2.5,-3.6));
#14532=CARTESIAN_POINT('',(0.85,2.5,-3.6));
#14533=CARTESIAN_POINT('',(0.85,2.5,-6.09));
#14534=CARTESIAN_POINT('',(0.65,2.5,-3.6));
#14535=CARTESIAN_POINT('',(0.65,2.5,-3.6));
#14536=CARTESIAN_POINT('',(0.35,2.5,-3.6));
#14537=CARTESIAN_POINT('',(0.35,2.5,-3.6));
#14538=CARTESIAN_POINT('',(0.35,2.5,-6.09));
#14539=CARTESIAN_POINT('',(0.15,2.5,-3.6));
#14540=CARTESIAN_POINT('',(0.15,2.5,-3.6));
#14541=CARTESIAN_POINT('',(-0.15,2.5,-3.6));
#14542=CARTESIAN_POINT('',(-0.15,2.5,-3.6));
#14543=CARTESIAN_POINT('',(-0.15,2.5,-6.09));
#14544=CARTESIAN_POINT('',(-0.35,2.5,-3.6));
#14545=CARTESIAN_POINT('',(-0.35,2.5,-3.6));
#14546=CARTESIAN_POINT('',(-0.65,2.5,-3.6));
#14547=CARTESIAN_POINT('',(-0.65,2.5,-3.6));
#14548=CARTESIAN_POINT('',(-0.65,2.5,-6.09));
#14549=CARTESIAN_POINT('',(-0.85,2.5,-3.6));
#14550=CARTESIAN_POINT('',(-0.85,2.5,-3.6));
#14551=CARTESIAN_POINT('',(-1.15,2.5,-3.6));
#14552=CARTESIAN_POINT('',(-1.15,2.5,-3.6));
#14553=CARTESIAN_POINT('',(-1.15,2.5,-6.09));
#14554=CARTESIAN_POINT('',(-1.35,2.5,-3.6));
#14555=CARTESIAN_POINT('',(-1.35,2.5,-3.6));
#14556=CARTESIAN_POINT('',(-1.65,2.5,-3.6));
#14557=CARTESIAN_POINT('',(-1.65,2.5,-3.6));
#14558=CARTESIAN_POINT('',(-1.65,2.5,-6.09));
#14559=CARTESIAN_POINT('',(-2.15,2.5,-6.09));
#14560=CARTESIAN_POINT('',(-2.15,2.5,-3.6));
#14561=CARTESIAN_POINT('',(-2.15,2.5,-3.6));
#14562=CARTESIAN_POINT('',(-1.85,2.5,-3.6));
#14563=CARTESIAN_POINT('',(-1.85,2.5,-3.6));
#14564=CARTESIAN_POINT('',(-2.35,2.,-0.51));
#14565=CARTESIAN_POINT('',(-2.35,2.,-3.));
#14566=CARTESIAN_POINT('',(-2.35,2.,-3.));
#14567=CARTESIAN_POINT('',(-1.85,2.,-0.51));
#14568=CARTESIAN_POINT('',(-1.85,2.,-3.));
#14569=CARTESIAN_POINT('',(-2.15,2.,-3.));
#14570=CARTESIAN_POINT('',(-2.15,2.,-3.));
#14571=CARTESIAN_POINT('',(-1.85,2.,-3.));
#14572=CARTESIAN_POINT('',(-1.35,2.,-0.51));
#14573=CARTESIAN_POINT('',(-1.35,2.,-3.));
#14574=CARTESIAN_POINT('',(-1.65,2.,-3.));
#14575=CARTESIAN_POINT('',(-1.65,2.,-3.));
#14576=CARTESIAN_POINT('',(-1.35,2.,-3.));
#14577=CARTESIAN_POINT('',(-0.85,2.,-0.51));
#14578=CARTESIAN_POINT('',(-0.85,2.,-3.));
#14579=CARTESIAN_POINT('',(-1.15,2.,-3.));
#14580=CARTESIAN_POINT('',(-1.15,2.,-3.));
#14581=CARTESIAN_POINT('',(-0.85,2.,-3.));
#14582=CARTESIAN_POINT('',(-0.35,2.,-0.51));
#14583=CARTESIAN_POINT('',(-0.35,2.,-3.));
#14584=CARTESIAN_POINT('',(-0.65,2.,-3.));
#14585=CARTESIAN_POINT('',(-0.65,2.,-3.));
#14586=CARTESIAN_POINT('',(-0.35,2.,-3.));
#14587=CARTESIAN_POINT('',(0.15,2.,-0.51));
#14588=CARTESIAN_POINT('',(0.15,2.,-3.));
#14589=CARTESIAN_POINT('',(-0.15,2.,-3.));
#14590=CARTESIAN_POINT('',(-0.15,2.,-3.));
#14591=CARTESIAN_POINT('',(0.15,2.,-3.));
#14592=CARTESIAN_POINT('',(0.65,2.,-0.51));
#14593=CARTESIAN_POINT('',(0.65,2.,-3.));
#14594=CARTESIAN_POINT('',(0.35,2.,-3.));
#14595=CARTESIAN_POINT('',(0.35,2.,-3.));
#14596=CARTESIAN_POINT('',(0.65,2.,-3.));
#14597=CARTESIAN_POINT('',(1.15,2.,-0.51));
#14598=CARTESIAN_POINT('',(1.15,2.,-3.));
#14599=CARTESIAN_POINT('',(0.85,2.,-3.));
#14600=CARTESIAN_POINT('',(0.85,2.,-3.));
#14601=CARTESIAN_POINT('',(1.15,2.,-3.));
#14602=CARTESIAN_POINT('',(1.65,2.,-0.51));
#14603=CARTESIAN_POINT('',(1.65,2.,-3.));
#14604=CARTESIAN_POINT('',(1.35,2.,-3.));
#14605=CARTESIAN_POINT('',(1.35,2.,-3.));
#14606=CARTESIAN_POINT('',(1.65,2.,-3.));
#14607=CARTESIAN_POINT('',(2.15,2.,-0.51));
#14608=CARTESIAN_POINT('',(2.15,2.,-3.));
#14609=CARTESIAN_POINT('',(1.85,2.,-3.));
#14610=CARTESIAN_POINT('',(1.85,2.,-3.));
#14611=CARTESIAN_POINT('',(2.15,2.,-3.));
#14612=CARTESIAN_POINT('',(2.35,2.,-3.));
#14613=CARTESIAN_POINT('',(2.35,2.,-3.));
#14614=CARTESIAN_POINT('',(2.65,2.,-3.));
#14615=CARTESIAN_POINT('',(-2.35,2.,-3.));
#14616=CARTESIAN_POINT('',(-2.35,2.,-3.));
#14617=CARTESIAN_POINT('',(-2.35,2.,-0.51));
#14618=CARTESIAN_POINT('',(-2.15,2.,-3.));
#14619=CARTESIAN_POINT('',(-2.15,2.,-3.));
#14620=CARTESIAN_POINT('',(-1.85,2.,-3.));
#14621=CARTESIAN_POINT('',(-1.85,2.,-3.));
#14622=CARTESIAN_POINT('',(-1.85,2.,-0.51));
#14623=CARTESIAN_POINT('',(-1.65,2.,-3.));
#14624=CARTESIAN_POINT('',(-1.65,2.,-3.));
#14625=CARTESIAN_POINT('',(-1.35,2.,-3.));
#14626=CARTESIAN_POINT('',(-1.35,2.,-3.));
#14627=CARTESIAN_POINT('',(-1.35,2.,-0.51));
#14628=CARTESIAN_POINT('',(-1.15,2.,-3.));
#14629=CARTESIAN_POINT('',(-1.15,2.,-3.));
#14630=CARTESIAN_POINT('',(-0.85,2.,-3.));
#14631=CARTESIAN_POINT('',(-0.85,2.,-3.));
#14632=CARTESIAN_POINT('',(-0.85,2.,-0.51));
#14633=CARTESIAN_POINT('',(-0.65,2.,-3.));
#14634=CARTESIAN_POINT('',(-0.65,2.,-3.));
#14635=CARTESIAN_POINT('',(-0.35,2.,-3.));
#14636=CARTESIAN_POINT('',(-0.35,2.,-3.));
#14637=CARTESIAN_POINT('',(-0.35,2.,-0.51));
#14638=CARTESIAN_POINT('',(-0.15,2.,-3.));
#14639=CARTESIAN_POINT('',(-0.15,2.,-3.));
#14640=CARTESIAN_POINT('',(0.15,2.,-3.));
#14641=CARTESIAN_POINT('',(0.15,2.,-3.));
#14642=CARTESIAN_POINT('',(0.15,2.,-0.51));
#14643=CARTESIAN_POINT('',(0.35,2.,-3.));
#14644=CARTESIAN_POINT('',(0.35,2.,-3.));
#14645=CARTESIAN_POINT('',(0.65,2.,-3.));
#14646=CARTESIAN_POINT('',(0.65,2.,-3.));
#14647=CARTESIAN_POINT('',(0.65,2.,-0.51));
#14648=CARTESIAN_POINT('',(0.85,2.,-3.));
#14649=CARTESIAN_POINT('',(0.85,2.,-3.));
#14650=CARTESIAN_POINT('',(1.15,2.,-3.));
#14651=CARTESIAN_POINT('',(1.15,2.,-3.));
#14652=CARTESIAN_POINT('',(1.15,2.,-0.51));
#14653=CARTESIAN_POINT('',(1.35,2.,-3.));
#14654=CARTESIAN_POINT('',(1.35,2.,-3.));
#14655=CARTESIAN_POINT('',(1.65,2.,-3.));
#14656=CARTESIAN_POINT('',(1.65,2.,-3.));
#14657=CARTESIAN_POINT('',(1.65,2.,-0.51));
#14658=CARTESIAN_POINT('',(1.85,2.,-3.));
#14659=CARTESIAN_POINT('',(1.85,2.,-3.));
#14660=CARTESIAN_POINT('',(2.15,2.,-3.));
#14661=CARTESIAN_POINT('',(2.15,2.,-3.));
#14662=CARTESIAN_POINT('',(2.15,2.,-0.51));
#14663=CARTESIAN_POINT('',(2.65,2.,-3.));
#14664=CARTESIAN_POINT('',(2.35,2.,-3.));
#14665=CARTESIAN_POINT('',(2.35,2.,-3.));
#14666=CARTESIAN_POINT('',(0.,0.,0.));
#14667=MECHANICAL_DESIGN_GEOMETRIC_PRESENTATION_REPRESENTATION('',(#7938,
#7939,#7940,#7941,#7942,#7943,#7944,#7945,#7946,#7947,#7948,#7949,#7950,
#7951,#7952,#7953,#7954,#7955,#7956,#7957,#7958,#7959,#7960,#7961,#7962,
#7963,#7964,#7965,#7966,#7967,#7968,#7969,#7970,#7971,#7972,#7973,#7974,
#7975,#7976,#7977,#7978,#7979,#7980,#7981,#7982,#7983,#7984,#7985,#7986,
#7987,#7988,#7989,#7990,#7991,#7992,#7993,#7994,#7995,#7996,#7997,#7998,
#7999,#8000,#8001,#8002,#8003,#8004,#8005,#8006,#8007,#8008,#8009,#8010,
#8011,#8012,#8013,#8014,#8015,#8016,#8017,#8018,#8019,#8020,#8021,#8022,
#8023,#8024,#8025,#8026,#8027,#8028,#8029,#8030,#8031,#8032,#8033,#8034,
#8035,#8036,#8037,#8038,#8039,#8040,#8041,#8042,#8043,#8044,#8045,#8046,
#8047,#8048,#8049,#8050,#8051,#8052,#8053,#8054,#8055,#8056,#8057,#8058,
#8059,#8060,#8061,#8062,#8063,#8064,#8065,#8066,#8067,#8068,#8069,#8070,
#8071,#8072,#8073,#8074,#8075,#8076,#8077,#8078,#8079,#8080,#8081,#8082,
#8083,#8084,#8085,#8086,#8087,#8088,#8089,#8090,#8091,#8092,#8093,#8094,
#8095,#8096,#8097,#8098,#8099,#8100,#8101,#8102,#8103,#8104,#8105,#8106,
#8107,#8108,#8109,#8110,#8111,#8112,#8113,#8114,#8115,#8116,#8117,#8118,
#8119,#8120,#8121,#8122,#8123,#8124,#8125,#8126,#8127,#8128,#8129,#8130,
#8131,#8132,#8133),#14668);
#14668=(
GEOMETRIC_REPRESENTATION_CONTEXT(3)
GLOBAL_UNCERTAINTY_ASSIGNED_CONTEXT((#14671))
GLOBAL_UNIT_ASSIGNED_CONTEXT((#14676,#14675,#14674))
REPRESENTATION_CONTEXT('ZF5S-10-01-T-WT','TOP_LEVEL_ASSEMBLY_PART')
);
#14669=(
GEOMETRIC_REPRESENTATION_CONTEXT(3)
GLOBAL_UNCERTAINTY_ASSIGNED_CONTEXT((#14672))
GLOBAL_UNIT_ASSIGNED_CONTEXT((#14676,#14675,#14674))
REPRESENTATION_CONTEXT('ZF5S-10-01-WT_socket','COMPONENT_PART')
);
#14670=(
GEOMETRIC_REPRESENTATION_CONTEXT(3)
GLOBAL_UNCERTAINTY_ASSIGNED_CONTEXT((#14673))
GLOBAL_UNIT_ASSIGNED_CONTEXT((#14676,#14675,#14674))
REPRESENTATION_CONTEXT('C-297-10-01_pins','COMPONENT_PART')
);
#14671=UNCERTAINTY_MEASURE_WITH_UNIT(LENGTH_MEASURE(0.005),#14676,
'DISTANCE_ACCURACY_VALUE','Maximum Tolerance applied to model');
#14672=UNCERTAINTY_MEASURE_WITH_UNIT(LENGTH_MEASURE(0.005),#14676,
'DISTANCE_ACCURACY_VALUE','Maximum Tolerance applied to model');
#14673=UNCERTAINTY_MEASURE_WITH_UNIT(LENGTH_MEASURE(0.005),#14676,
'DISTANCE_ACCURACY_VALUE','Maximum Tolerance applied to model');
#14674=(
NAMED_UNIT(*)
SI_UNIT($,.STERADIAN.)
SOLID_ANGLE_UNIT()
);
#14675=(
NAMED_UNIT(*)
PLANE_ANGLE_UNIT()
SI_UNIT($,.RADIAN.)
);
#14676=(
LENGTH_UNIT()
NAMED_UNIT(*)
SI_UNIT(.MILLI.,.METRE.)
);
#14677=PRODUCT_DEFINITION_SHAPE('','',#14682);
#14678=PRODUCT_DEFINITION_SHAPE('','',#14683);
#14679=PRODUCT_DEFINITION_SHAPE(' ','NAUO PRDDFN',#20);
#14680=PRODUCT_DEFINITION_SHAPE('','',#14684);
#14681=PRODUCT_DEFINITION_SHAPE(' ','NAUO PRDDFN',#21);
#14682=PRODUCT_DEFINITION('','',#14688,#14685);
#14683=PRODUCT_DEFINITION('','',#14689,#14686);
#14684=PRODUCT_DEFINITION('','',#14690,#14687);
#14685=PRODUCT_DEFINITION_CONTEXT('',#14704,'design');
#14686=PRODUCT_DEFINITION_CONTEXT('',#14704,'design');
#14687=PRODUCT_DEFINITION_CONTEXT('',#14704,'design');
#14688=PRODUCT_DEFINITION_FORMATION_WITH_SPECIFIED_SOURCE('','',#14694,
 .NOT_KNOWN.);
#14689=PRODUCT_DEFINITION_FORMATION_WITH_SPECIFIED_SOURCE('','',#14695,
 .NOT_KNOWN.);
#14690=PRODUCT_DEFINITION_FORMATION_WITH_SPECIFIED_SOURCE('','',#14696,
 .NOT_KNOWN.);
#14691=PRODUCT_RELATED_PRODUCT_CATEGORY('','',(#14694));
#14692=PRODUCT_RELATED_PRODUCT_CATEGORY('','',(#14695));
#14693=PRODUCT_RELATED_PRODUCT_CATEGORY('','',(#14696));
#14694=PRODUCT('ZF5S-10-01-T-WT','ZF5S-10-01-T-WT','ZF5S-10-01-T-WT',(#14700));
#14695=PRODUCT('ZF5S-10-01-WT_socket','ZF5S-10-01-WT_socket',
'ZF5S-10-01-WT_socket',(#14701));
#14696=PRODUCT('C-297-10-01_pins','C-297-10-01_pins','C-297-10-01_pins',
(#14702));
#14697=PRODUCT_CATEGORY('','');
#14698=PRODUCT_CATEGORY('','');
#14699=PRODUCT_CATEGORY('','');
#14700=PRODUCT_CONTEXT('',#14704,'mechanical');
#14701=PRODUCT_CONTEXT('',#14704,'mechanical');
#14702=PRODUCT_CONTEXT('',#14704,'mechanical');
#14703=APPLICATION_PROTOCOL_DEFINITION('international standard',
'automotive_design',2010,#14704);
#14704=APPLICATION_CONTEXT(
'core data for automotive mechanical design processes');
ENDSEC;
END-ISO-10303-21;
